M,block_size,regime,method,grouping_mode,runs,exact_recovery_rate,ari_mean,ari_std,nmi_mean,pairwise_f1_mean,estimated_groups_mean,matrix_mae_mean,within_mean,between_mean,separation_margin_mean,active_fraction_mean,runtime_seconds_mean
3,1,active_fraction_q0,ORCA-current,fixed_K2,30,1.0,1.0,0.0,1.0,1.0,2.0,0.6666666666666666,0.0,0.0,0.0,0.0,0.0021940972333444127
3,1,active_fraction_q0,ORCA-current,unknown_K,30,0.0,0.0,0.0,0.7611702597222879,0.0,3.0,0.6666666666666666,0.0,0.0,0.0,0.0,0.0021940972333444127
3,1,active_fraction_q0,ORCA-joint,fixed_K2,30,1.0,1.0,0.0,1.0,1.0,2.0,0.6666666666666666,0.0,0.0,0.0,0.0,0.0021940972333444127
3,1,active_fraction_q0,ORCA-joint,unknown_K,30,0.0,0.0,0.0,0.7611702597222879,0.0,3.0,0.6666666666666666,0.0,0.0,0.0,0.0,0.0021940972333444127
3,1,active_fraction_q0,Pearson,fixed_K2,30,1.0,1.0,0.0,1.0,1.0,2.0,0.022532582133199402,1.0,-0.9493016902003013,1.9493016902003013,0.0,0.0021940972333444127
3,1,active_fraction_q0,Pearson,unknown_K,30,1.0,1.0,0.0,1.0,1.0,2.0,0.022532582133199402,1.0,-0.9493016902003013,1.9493016902003013,0.0,0.0021940972333444127
3,1,active_fraction_q0,Raw-Cosine,fixed_K2,30,1.0,1.0,0.0,1.0,1.0,2.0,0.6666666666666666,0.0,0.0,0.0,0.0,0.0021940972333444127
3,1,active_fraction_q0,Raw-Cosine,unknown_K,30,0.0,0.0,0.0,0.7611702597222879,0.0,3.0,0.6666666666666666,0.0,0.0,0.0,0.0,0.0021940972333444127
3,1,active_fraction_q0,Single-Constraint-Mean,fixed_K2,30,1.0,1.0,0.0,1.0,1.0,2.0,0.0,,,,0.0,0.0021940972333444127
3,1,active_fraction_q0,Single-Constraint-Mean,unknown_K,30,0.0,0.0,0.0,0.7611702597222879,0.0,3.0,0.0,,,,0.0,0.0021940972333444127
3,1,active_fraction_q0,Spearman,fixed_K2,30,1.0,1.0,0.0,1.0,1.0,2.0,0.004595928167273372,1.0,-0.9896591616236349,1.989659161623635,0.0,0.0021940972333444127
3,1,active_fraction_q0,Spearman,unknown_K,30,1.0,1.0,0.0,1.0,1.0,2.0,0.004595928167273372,1.0,-0.9896591616236349,1.989659161623635,0.0,0.0021940972333444127
3,1,active_fraction_q0.25,ORCA-current,fixed_K2,30,1.0,1.0,0.0,1.0,1.0,2.0,0.6666666666666666,0.0,0.0,0.0,0.0,0.0021045111000300193
3,1,active_fraction_q0.25,ORCA-current,unknown_K,30,0.0,0.0,0.0,0.7611702597222879,0.0,3.0,0.6666666666666666,0.0,0.0,0.0,0.0,0.0021045111000300193
3,1,active_fraction_q0.25,ORCA-joint,fixed_K2,30,1.0,1.0,0.0,1.0,1.0,2.0,0.6666666666666666,0.0,0.0,0.0,0.0,0.0021045111000300193
3,1,active_fraction_q0.25,ORCA-joint,unknown_K,30,0.0,0.0,0.0,0.7611702597222879,0.0,3.0,0.6666666666666666,0.0,0.0,0.0,0.0,0.0021045111000300193
3,1,active_fraction_q0.25,Pearson,fixed_K2,30,1.0,1.0,0.0,1.0,1.0,2.0,0.0239703096260007,1.0,-0.9460668033414985,1.9460668033414985,0.0,0.0021045111000300193
3,1,active_fraction_q0.25,Pearson,unknown_K,30,1.0,1.0,0.0,1.0,1.0,2.0,0.0239703096260007,1.0,-0.9460668033414985,1.9460668033414985,0.0,0.0021045111000300193
3,1,active_fraction_q0.25,Raw-Cosine,fixed_K2,30,1.0,1.0,0.0,1.0,1.0,2.0,0.6666666666666666,0.0,0.0,0.0,0.0,0.0021045111000300193
3,1,active_fraction_q0.25,Raw-Cosine,unknown_K,30,0.0,0.0,0.0,0.7611702597222879,0.0,3.0,0.6666666666666666,0.0,0.0,0.0,0.0,0.0021045111000300193
3,1,active_fraction_q0.25,Single-Constraint-Mean,fixed_K2,30,1.0,1.0,0.0,1.0,1.0,2.0,0.0,,,,0.0,0.0021045111000300193
3,1,active_fraction_q0.25,Single-Constraint-Mean,unknown_K,30,0.0,0.0,0.0,0.7611702597222879,0.0,3.0,0.0,,,,0.0,0.0021045111000300193
3,1,active_fraction_q0.25,Spearman,fixed_K2,30,1.0,1.0,0.0,1.0,1.0,2.0,0.0057645725364850724,1.0,-0.9870297117929087,1.9870297117929085,0.0,0.0021045111000300193
3,1,active_fraction_q0.25,Spearman,unknown_K,30,1.0,1.0,0.0,1.0,1.0,2.0,0.0057645725364850724,1.0,-0.9870297117929087,1.9870297117929085,0.0,0.0021045111000300193
3,1,active_fraction_q0.5,ORCA-current,fixed_K2,30,1.0,1.0,0.0,1.0,1.0,2.0,0.3829158191933308,0.0,-0.6384394068150058,0.5563782138980463,0.0,0.0030967055000777084
3,1,active_fraction_q0.5,ORCA-current,unknown_K,30,0.0,0.0,0.0,0.7611702597222879,0.0,3.0,0.3829158191933308,0.0,-0.6384394068150058,0.5563782138980463,0.0,0.0030967055000777084
3,1,active_fraction_q0.5,ORCA-joint,fixed_K2,30,1.0,1.0,0.0,1.0,1.0,2.0,0.3829158191933308,0.0,-0.6384394068150058,0.5563782138980464,0.0,0.0030967055000777084
3,1,active_fraction_q0.5,ORCA-joint,unknown_K,30,0.0,0.0,0.0,0.7611702597222879,0.0,3.0,0.3829158191933308,0.0,-0.6384394068150058,0.5563782138980464,0.0,0.0030967055000777084
3,1,active_fraction_q0.5,Pearson,fixed_K2,30,1.0,1.0,0.0,1.0,1.0,2.0,0.028723561100459823,0.9771223715010862,-0.9468108017734224,1.916873781774754,0.0,0.0030967055000777084
3,1,active_fraction_q0.5,Pearson,unknown_K,30,1.0,1.0,0.0,1.0,1.0,2.0,0.028723561100459823,0.9771223715010862,-0.9468108017734224,1.916873781774754,0.0,0.0030967055000777084
3,1,active_fraction_q0.5,Raw-Cosine,fixed_K2,30,1.0,1.0,0.0,1.0,1.0,2.0,0.6666666666666666,0.0,0.0,0.0,0.0,0.0030967055000777084
3,1,active_fraction_q0.5,Raw-Cosine,unknown_K,30,0.0,0.0,0.0,0.7611702597222879,0.0,3.0,0.6666666666666666,0.0,0.0,0.0,0.0,0.0030967055000777084
3,1,active_fraction_q0.5,Single-Constraint-Mean,fixed_K2,30,1.0,1.0,0.0,1.0,1.0,2.0,0.4444444444444444,0.0,-0.5,0.41111111111111115,0.0,0.0030967055000777084
3,1,active_fraction_q0.5,Single-Constraint-Mean,unknown_K,30,0.0,0.0,0.0,0.7611702597222879,0.0,3.0,0.4444444444444444,0.0,-0.5,0.41111111111111115,0.0,0.0030967055000777084
3,1,active_fraction_q0.5,Spearman,fixed_K2,30,1.0,1.0,0.0,1.0,1.0,2.0,0.028825565253509707,0.9282459822534682,-0.9710194870528691,1.8864960753452282,0.0,0.0030967055000777084
3,1,active_fraction_q0.5,Spearman,unknown_K,30,1.0,1.0,0.0,1.0,1.0,2.0,0.028825565253509707,0.9282459822534682,-0.9710194870528691,1.8864960753452282,0.0,0.0030967055000777084
3,1,active_fraction_q0.75,ORCA-current,fixed_K2,30,1.0,1.0,0.0,1.0,1.0,2.0,0.3799283154121864,0.0,-0.6451612903225806,0.6451612903225806,1.0,0.0035937027334512093
3,1,active_fraction_q0.75,ORCA-current,unknown_K,30,0.0,0.0,0.0,0.7611702597222879,0.0,3.0,0.3799283154121864,0.0,-0.6451612903225806,0.6451612903225806,1.0,0.0035937027334512093
3,1,active_fraction_q0.75,ORCA-joint,fixed_K2,30,1.0,1.0,0.0,1.0,1.0,2.0,1.2335811384723961e-17,1.0,-1.0,2.0,1.0,0.0035937027334512093
3,1,active_fraction_q0.75,ORCA-joint,unknown_K,30,1.0,1.0,0.0,1.0,1.0,2.0,1.2335811384723961e-17,1.0,-1.0,2.0,1.0,0.0035937027334512093
3,1,active_fraction_q0.75,Pearson,fixed_K2,30,1.0,1.0,0.0,1.0,1.0,2.0,0.02106078934348883,1.0,-0.9526132239771502,1.95261322397715,1.0,0.0035937027334512093
3,1,active_fraction_q0.75,Pearson,unknown_K,30,1.0,1.0,0.0,1.0,1.0,2.0,0.02106078934348883,1.0,-0.9526132239771502,1.95261322397715,1.0,0.0035937027334512093
3,1,active_fraction_q0.75,Raw-Cosine,fixed_K2,30,1.0,1.0,0.0,1.0,1.0,2.0,0.6666666666666666,0.0,0.0,0.0,1.0,0.0035937027334512093
3,1,active_fraction_q0.75,Raw-Cosine,unknown_K,30,0.0,0.0,0.0,0.7611702597222879,0.0,3.0,0.6666666666666666,0.0,0.0,0.0,1.0,0.0035937027334512093
3,1,active_fraction_q0.75,Single-Constraint-Mean,fixed_K2,30,1.0,1.0,0.0,1.0,1.0,2.0,0.4444444444444444,0.0,-0.5,0.5,1.0,0.0035937027334512093
3,1,active_fraction_q0.75,Single-Constraint-Mean,unknown_K,30,0.0,0.0,0.0,0.7611702597222879,0.0,3.0,0.4444444444444444,0.0,-0.5,0.5,1.0,0.0035937027334512093
3,1,active_fraction_q0.75,Spearman,fixed_K2,30,1.0,1.0,0.0,1.0,1.0,2.0,0.0,1.0,-1.0,2.0,1.0,0.0035937027334512093
3,1,active_fraction_q0.75,Spearman,unknown_K,30,1.0,1.0,0.0,1.0,1.0,2.0,0.0,1.0,-1.0,2.0,1.0,0.0035937027334512093
3,1,active_fraction_q1,ORCA-current,fixed_K2,30,1.0,1.0,0.0,1.0,1.0,2.0,0.3799283154121864,0.0,-0.6451612903225806,0.6451612903225806,1.0,0.003566102866413227
3,1,active_fraction_q1,ORCA-current,unknown_K,30,0.0,0.0,0.0,0.7611702597222879,0.0,3.0,0.3799283154121864,0.0,-0.6451612903225806,0.6451612903225806,1.0,0.003566102866413227
3,1,active_fraction_q1,ORCA-joint,fixed_K2,30,1.0,1.0,0.0,1.0,1.0,2.0,6.579099405186112e-18,1.0,-1.0,2.0,1.0,0.003566102866413227
3,1,active_fraction_q1,ORCA-joint,unknown_K,30,1.0,1.0,0.0,1.0,1.0,2.0,6.579099405186112e-18,1.0,-1.0,2.0,1.0,0.003566102866413227
3,1,active_fraction_q1,Pearson,fixed_K2,30,1.0,1.0,0.0,1.0,1.0,2.0,0.021470556843228746,1.0,-0.9516912471027353,1.9516912471027354,1.0,0.003566102866413227
3,1,active_fraction_q1,Pearson,unknown_K,30,1.0,1.0,0.0,1.0,1.0,2.0,0.021470556843228746,1.0,-0.9516912471027353,1.9516912471027354,1.0,0.003566102866413227
3,1,active_fraction_q1,Raw-Cosine,fixed_K2,30,1.0,1.0,0.0,1.0,1.0,2.0,0.6666666666666666,0.0,0.0,0.0,1.0,0.003566102866413227
3,1,active_fraction_q1,Raw-Cosine,unknown_K,30,0.0,0.0,0.0,0.7611702597222879,0.0,3.0,0.6666666666666666,0.0,0.0,0.0,1.0,0.003566102866413227
3,1,active_fraction_q1,Single-Constraint-Mean,fixed_K2,30,1.0,1.0,0.0,1.0,1.0,2.0,0.4444444444444444,0.0,-0.5,0.5,1.0,0.003566102866413227
3,1,active_fraction_q1,Single-Constraint-Mean,unknown_K,30,0.0,0.0,0.0,0.7611702597222879,0.0,3.0,0.4444444444444444,0.0,-0.5,0.5,1.0,0.003566102866413227
3,1,active_fraction_q1,Spearman,fixed_K2,30,1.0,1.0,0.0,1.0,1.0,2.0,0.0,1.0,-1.0,2.0,1.0,0.003566102866413227
3,1,active_fraction_q1,Spearman,unknown_K,30,1.0,1.0,0.0,1.0,1.0,2.0,0.0,1.0,-1.0,2.0,1.0,0.003566102866413227
3,1,exact_pf,ORCA-current,fixed_K2,1,1.0,1.0,0.0,1.0,1.0,2.0,0.3799283154121864,0.0,-0.6451612903225806,0.6451612903225806,1.0,0.007331958000577288
3,1,exact_pf,ORCA-current,unknown_K,1,0.0,0.0,0.0,0.7611702597222879,0.0,3.0,0.3799283154121864,0.0,-0.6451612903225806,0.6451612903225806,1.0,0.007331958000577288
3,1,exact_pf,ORCA-joint,fixed_K2,1,1.0,1.0,0.0,1.0,1.0,2.0,0.0,1.0,-1.0,2.0,1.0,0.007331958000577288
3,1,exact_pf,ORCA-joint,unknown_K,1,1.0,1.0,0.0,1.0,1.0,2.0,0.0,1.0,-1.0,2.0,1.0,0.007331958000577288
3,1,exact_pf,Pearson,fixed_K2,1,1.0,1.0,0.0,1.0,1.0,2.0,0.025687481355147066,1.0,-0.9422031669509191,1.942203166950919,1.0,0.007331958000577288
3,1,exact_pf,Pearson,unknown_K,1,1.0,1.0,0.0,1.0,1.0,2.0,0.025687481355147066,1.0,-0.9422031669509191,1.942203166950919,1.0,0.007331958000577288
3,1,exact_pf,Raw-Cosine,fixed_K2,1,1.0,1.0,0.0,1.0,1.0,2.0,0.6666666666666666,0.0,0.0,0.0,1.0,0.007331958000577288
3,1,exact_pf,Raw-Cosine,unknown_K,1,0.0,0.0,0.0,0.7611702597222879,0.0,3.0,0.6666666666666666,0.0,0.0,0.0,1.0,0.007331958000577288
3,1,exact_pf,Single-Constraint-Mean,fixed_K2,1,1.0,1.0,0.0,1.0,1.0,2.0,0.4444444444444444,0.0,-0.5,0.5,1.0,0.007331958000577288
3,1,exact_pf,Single-Constraint-Mean,unknown_K,1,0.0,0.0,0.0,0.7611702597222879,0.0,3.0,0.4444444444444444,0.0,-0.5,0.5,1.0,0.007331958000577288
3,1,exact_pf,Spearman,fixed_K2,1,1.0,1.0,0.0,1.0,1.0,2.0,0.0,1.0,-1.0,2.0,1.0,0.007331958000577288
3,1,exact_pf,Spearman,unknown_K,1,1.0,1.0,0.0,1.0,1.0,2.0,0.0,1.0,-1.0,2.0,1.0,0.007331958000577288
3,1,exact_pf_gradient_noise_0.01,ORCA-current,fixed_K2,30,1.0,1.0,0.0,1.0,1.0,2.0,0.46254075120559895,-0.16771630124174763,-0.5431414604082762,0.3406618258633939,1.0,0.003615177699975902
3,1,exact_pf_gradient_noise_0.01,ORCA-current,unknown_K,30,0.0,0.0,0.0,0.7611702597222879,0.0,3.0,0.46254075120559895,-0.16771630124174763,-0.5431414604082762,0.3406618258633939,1.0,0.003615177699975902
3,1,exact_pf_gradient_noise_0.01,ORCA-joint,fixed_K2,30,1.0,1.0,0.0,1.0,1.0,2.0,0.27247677820732846,-0.09731379731379736,-0.9355841476904097,0.8232934192326983,1.0,0.003615177699975902
3,1,exact_pf_gradient_noise_0.01,ORCA-joint,unknown_K,30,0.5,0.5,0.5085476277156078,0.880585129861144,0.5,2.5,0.27247677820732846,-0.09731379731379736,-0.9355841476904097,0.8232934192326983,1.0,0.003615177699975902
3,1,exact_pf_gradient_noise_0.01,Pearson,fixed_K2,30,1.0,1.0,0.0,1.0,1.0,2.0,0.02054777944978079,1.0,-0.9537674962379933,1.9537674962379932,1.0,0.003615177699975902
3,1,exact_pf_gradient_noise_0.01,Pearson,unknown_K,30,1.0,1.0,0.0,1.0,1.0,2.0,0.02054777944978079,1.0,-0.9537674962379933,1.9537674962379932,1.0,0.003615177699975902
3,1,exact_pf_gradient_noise_0.01,Raw-Cosine,fixed_K2,30,0.36666666666666664,0.050000000000000024,0.7351987767803414,0.5402111100101445,0.36666666666666664,2.0,0.6665968700190469,0.0005470871151391587,0.00011650110042487455,-0.0006103821084938844,1.0,0.003615177699975902
3,1,exact_pf_gradient_noise_0.01,Raw-Cosine,unknown_K,30,0.2,0.08333333333333333,0.5099583034566334,0.36542679445793724,0.4166666666666667,1.7,0.6665968700190469,0.0005470871151391587,0.00011650110042487455,-0.0006103821084938844,1.0,0.003615177699975902
3,1,exact_pf_gradient_noise_0.01,Single-Constraint-Mean,fixed_K2,30,0.9666666666666667,0.95,0.27386127875258315,0.9758005847373761,0.9666666666666667,2.0,0.5568512656108193,-0.007421693656568102,-0.2507954992039406,0.18588633364128426,1.0,0.003615177699975902
3,1,exact_pf_gradient_noise_0.01,Single-Constraint-Mean,unknown_K,30,0.4666666666666667,0.4666666666666667,0.5074162634049248,0.8726241385185536,0.4666666666666667,2.533333333333333,0.5568512656108193,-0.007421693656568102,-0.2507954992039406,0.18588633364128426,1.0,0.003615177699975902
3,1,exact_pf_gradient_noise_0.01,Spearman,fixed_K2,30,1.0,1.0,0.0,1.0,1.0,2.0,0.0,1.0,-1.0,2.0,1.0,0.003615177699975902
3,1,exact_pf_gradient_noise_0.01,Spearman,unknown_K,30,1.0,1.0,0.0,1.0,1.0,2.0,0.0,1.0,-1.0,2.0,1.0,0.003615177699975902
3,1,exact_pf_gradient_noise_0.05,ORCA-current,fixed_K2,30,0.9333333333333333,0.9,0.38056219755369364,0.9516011694747522,0.9333333333333333,2.0,0.4867541215731876,-0.20632038786735687,-0.5079634203940062,0.2631274839655522,1.0,0.0036063748998761487
3,1,exact_pf_gradient_noise_0.05,ORCA-current,unknown_K,30,0.0,0.0,0.0,0.7611702597222879,0.0,3.0,0.4867541215731876,-0.20632038786735687,-0.5079634203940062,0.2631274839655522,1.0,0.0036063748998761487
3,1,exact_pf_gradient_noise_0.05,ORCA-joint,fixed_K2,30,1.0,1.0,0.0,1.0,1.0,2.0,0.3093021748915753,-0.20402930402930405,-0.9060847585086076,0.6826343488103201,1.0,0.0036063748998761487
3,1,exact_pf_gradient_noise_0.05,ORCA-joint,unknown_K,30,0.43333333333333335,0.43333333333333335,0.5040069329937308,0.864663147175963,0.43333333333333335,2.566666666666667,0.3093021748915753,-0.20402930402930405,-0.9060847585086076,0.6826343488103201,1.0,0.0036063748998761487
3,1,exact_pf_gradient_noise_0.05,Pearson,fixed_K2,30,1.0,1.0,0.0,1.0,1.0,2.0,0.02054777944978079,1.0,-0.9537674962379933,1.9537674962379932,1.0,0.0036063748998761487
3,1,exact_pf_gradient_noise_0.05,Pearson,unknown_K,30,1.0,1.0,0.0,1.0,1.0,2.0,0.02054777944978079,1.0,-0.9537674962379933,1.9537674962379932,1.0,0.0036063748998761487
3,1,exact_pf_gradient_noise_0.05,Raw-Cosine,fixed_K2,30,0.36666666666666664,0.050000000000000024,0.7351987767803414,0.5402111100101445,0.36666666666666664,2.0,0.6663158064268981,0.002773227593152285,0.0005971782570971289,-0.0029859672928481437,1.0,0.0036063748998761487
3,1,exact_pf_gradient_noise_0.05,Raw-Cosine,unknown_K,30,0.2,0.1,0.4982728791224398,0.3562928763872279,0.43333333333333335,1.6666666666666667,0.6663158064268981,0.002773227593152285,0.0005971782570971289,-0.0029859672928481437,1.0,0.0036063748998761487
3,1,exact_pf_gradient_noise_0.05,Single-Constraint-Mean,fixed_K2,30,0.7333333333333333,0.6,0.6746646676632054,0.8064046778990083,0.7333333333333333,2.0,0.5884202659697257,-0.0006794138003620622,-0.1763941084682981,0.1048918413650312,1.0,0.0036063748998761487
3,1,exact_pf_gradient_noise_0.05,Single-Constraint-Mean,unknown_K,30,0.4,0.3333333333333333,0.5773502691896257,0.7663761181624956,0.4166666666666667,2.4,0.5884202659697257,-0.0006794138003620622,-0.1763941084682981,0.1048918413650312,1.0,0.0036063748998761487
3,1,exact_pf_gradient_noise_0.05,Spearman,fixed_K2,30,1.0,1.0,0.0,1.0,1.0,2.0,0.0,1.0,-1.0,2.0,1.0,0.0036063748998761487
3,1,exact_pf_gradient_noise_0.05,Spearman,unknown_K,30,1.0,1.0,0.0,1.0,1.0,2.0,0.0,1.0,-1.0,2.0,1.0,0.0036063748998761487
3,1,heterogeneous_contamination_q0.25,ORCA-current,fixed_K2,30,1.0,1.0,0.0,1.0,1.0,2.0,0.6666666666666666,0.0,0.0,0.0,0.0,0.002106697166649004
3,1,heterogeneous_contamination_q0.25,ORCA-current,unknown_K,30,0.0,0.0,0.0,0.7611702597222879,0.0,3.0,0.6666666666666666,0.0,0.0,0.0,0.0,0.002106697166649004
3,1,heterogeneous_contamination_q0.25,ORCA-joint,fixed_K2,30,1.0,1.0,0.0,1.0,1.0,2.0,0.6666666666666666,0.0,0.0,0.0,0.0,0.002106697166649004
3,1,heterogeneous_contamination_q0.25,ORCA-joint,unknown_K,30,0.0,0.0,0.0,0.7611702597222879,0.0,3.0,0.6666666666666666,0.0,0.0,0.0,0.0,0.002106697166649004
3,1,heterogeneous_contamination_q0.25,Pearson,fixed_K2,30,0.9666666666666667,0.95,0.27386127875258315,0.9758005847373761,0.9666666666666667,2.0,0.31672847283106204,0.40202634425227374,-0.5863477640039735,0.9003912544084666,0.0,0.002106697166649004
3,1,heterogeneous_contamination_q0.25,Pearson,unknown_K,30,0.9666666666666667,0.9666666666666667,0.18257418583505536,0.9920390086574096,0.9666666666666667,2.033333333333333,0.31672847283106204,0.40202634425227374,-0.5863477640039735,0.9003912544084666,0.0,0.002106697166649004
3,1,heterogeneous_contamination_q0.25,Raw-Cosine,fixed_K2,30,1.0,1.0,0.0,1.0,1.0,2.0,0.6666666666666666,0.0,0.0,0.0,0.0,0.002106697166649004
3,1,heterogeneous_contamination_q0.25,Raw-Cosine,unknown_K,30,0.0,0.0,0.0,0.7611702597222879,0.0,3.0,0.6666666666666666,0.0,0.0,0.0,0.0,0.002106697166649004
3,1,heterogeneous_contamination_q0.25,Single-Constraint-Mean,fixed_K2,30,1.0,1.0,0.0,1.0,1.0,2.0,0.0,,,,0.0,0.002106697166649004
3,1,heterogeneous_contamination_q0.25,Single-Constraint-Mean,unknown_K,30,0.0,0.0,0.0,0.7611702597222879,0.0,3.0,0.0,,,,0.0,0.002106697166649004
3,1,heterogeneous_contamination_q0.25,Spearman,fixed_K2,30,0.9666666666666667,0.95,0.27386127875258315,0.9758005847373761,0.9666666666666667,2.0,0.3254337402722688,0.38967444256150296,-0.5729368631066437,0.8447929957985647,0.0,0.002106697166649004
3,1,heterogeneous_contamination_q0.25,Spearman,unknown_K,30,0.9,0.9,0.30512857662936466,0.9507446839814858,0.9166666666666666,2.033333333333333,0.3254337402722688,0.38967444256150296,-0.5729368631066437,0.8447929957985647,0.0,0.002106697166649004
3,1,heterogeneous_contamination_q0.5,ORCA-current,fixed_K2,30,1.0,1.0,0.0,1.0,1.0,2.0,0.3869297650095043,0.0,-0.6294080287286152,0.5171949708458987,0.0,0.003133877799761346
3,1,heterogeneous_contamination_q0.5,ORCA-current,unknown_K,30,0.0,0.0,0.0,0.7611702597222879,0.0,3.0,0.3869297650095043,0.0,-0.6294080287286152,0.5171949708458987,0.0,0.003133877799761346
3,1,heterogeneous_contamination_q0.5,ORCA-joint,fixed_K2,30,1.0,1.0,0.0,1.0,1.0,2.0,0.3869297650095043,0.0,-0.6294080287286152,0.5171949708458988,0.0,0.003133877799761346
3,1,heterogeneous_contamination_q0.5,ORCA-joint,unknown_K,30,0.0,0.0,0.0,0.7611702597222879,0.0,3.0,0.3869297650095043,0.0,-0.6294080287286152,0.5171949708458988,0.0,0.003133877799761346
3,1,heterogeneous_contamination_q0.5,Pearson,fixed_K2,30,0.8666666666666667,0.8,0.5186188554626406,0.9032023389495041,0.8666666666666667,2.0,0.39048293184538796,0.015176067135321285,-0.6138253697802166,0.4997537684944498,0.0,0.003133877799761346
3,1,heterogeneous_contamination_q0.5,Pearson,unknown_K,30,0.5,0.4666666666666667,0.5560534167675355,0.8481082820210768,0.5,2.433333333333333,0.39048293184538796,0.015176067135321285,-0.6138253697802166,0.4997537684944498,0.0,0.003133877799761346
3,1,heterogeneous_contamination_q0.5,Raw-Cosine,fixed_K2,30,1.0,1.0,0.0,1.0,1.0,2.0,0.6666666666666666,0.0,0.0,0.0,0.0,0.003133877799761346
3,1,heterogeneous_contamination_q0.5,Raw-Cosine,unknown_K,30,0.0,0.0,0.0,0.7611702597222879,0.0,3.0,0.6666666666666666,0.0,0.0,0.0,0.0,0.003133877799761346
3,1,heterogeneous_contamination_q0.5,Single-Constraint-Mean,fixed_K2,30,1.0,1.0,0.0,1.0,1.0,2.0,0.4444444444444444,0.0,-0.5,0.38055555555555554,0.0,0.003133877799761346
3,1,heterogeneous_contamination_q0.5,Single-Constraint-Mean,unknown_K,30,0.0,0.0,0.0,0.7611702597222879,0.0,3.0,0.4444444444444444,0.0,-0.5,0.38055555555555554,0.0,0.003133877799761346
3,1,heterogeneous_contamination_q0.5,Spearman,fixed_K2,30,0.7666666666666667,0.65,0.6452746007281145,0.8306040931616322,0.7666666666666667,2.0,0.3967775355817777,0.010012022547520209,-0.6022445336672401,0.45510427930694475,0.0,0.003133877799761346
3,1,heterogeneous_contamination_q0.5,Spearman,unknown_K,30,0.5333333333333333,0.5,0.5570860145311556,0.8560692733636672,0.5333333333333333,2.4,0.3967775355817777,0.010012022547520209,-0.6022445336672401,0.45510427930694475,0.0,0.003133877799761346
3,1,heterogeneous_contamination_q0.75,ORCA-current,fixed_K2,30,1.0,1.0,0.0,1.0,1.0,2.0,0.3799283154121864,0.0,-0.6451612903225806,0.6451612903225806,1.0,0.00371490419984184
3,1,heterogeneous_contamination_q0.75,ORCA-current,unknown_K,30,0.0,0.0,0.0,0.7611702597222879,0.0,3.0,0.3799283154121864,0.0,-0.6451612903225806,0.6451612903225806,1.0,0.00371490419984184
3,1,heterogeneous_contamination_q0.75,ORCA-joint,fixed_K2,30,1.0,1.0,0.0,1.0,1.0,2.0,7.401486830834377e-18,1.0,-1.0,2.0,1.0,0.00371490419984184
3,1,heterogeneous_contamination_q0.75,ORCA-joint,unknown_K,30,1.0,1.0,0.0,1.0,1.0,2.0,7.401486830834377e-18,1.0,-1.0,2.0,1.0,0.00371490419984184
3,1,heterogeneous_contamination_q0.75,Pearson,fixed_K2,30,1.0,1.0,0.0,1.0,1.0,2.0,0.007065303730624639,1.0,-0.9841030666060946,1.9841030666060946,1.0,0.00371490419984184
3,1,heterogeneous_contamination_q0.75,Pearson,unknown_K,30,1.0,1.0,0.0,1.0,1.0,2.0,0.007065303730624639,1.0,-0.9841030666060946,1.9841030666060946,1.0,0.00371490419984184
3,1,heterogeneous_contamination_q0.75,Raw-Cosine,fixed_K2,30,1.0,1.0,0.0,1.0,1.0,2.0,0.6666666666666666,0.0,0.0,0.0,1.0,0.00371490419984184
3,1,heterogeneous_contamination_q0.75,Raw-Cosine,unknown_K,30,0.0,0.0,0.0,0.7611702597222879,0.0,3.0,0.6666666666666666,0.0,0.0,0.0,1.0,0.00371490419984184
3,1,heterogeneous_contamination_q0.75,Single-Constraint-Mean,fixed_K2,30,1.0,1.0,0.0,1.0,1.0,2.0,0.4444444444444444,0.0,-0.5,0.5,1.0,0.00371490419984184
3,1,heterogeneous_contamination_q0.75,Single-Constraint-Mean,unknown_K,30,0.0,0.0,0.0,0.7611702597222879,0.0,3.0,0.4444444444444444,0.0,-0.5,0.5,1.0,0.00371490419984184
3,1,heterogeneous_contamination_q0.75,Spearman,fixed_K2,30,1.0,1.0,0.0,1.0,1.0,2.0,0.0,1.0,-1.0,2.0,1.0,0.00371490419984184
3,1,heterogeneous_contamination_q0.75,Spearman,unknown_K,30,1.0,1.0,0.0,1.0,1.0,2.0,0.0,1.0,-1.0,2.0,1.0,0.00371490419984184
3,1,orca_selected_points,ORCA-current,fixed_K2,30,1.0,1.0,0.0,1.0,1.0,2.0,0.40211983892976877,0.0,-0.5952303624080204,0.3629483750626694,0.2375,0.002307045799958966
3,1,orca_selected_points,ORCA-current,unknown_K,30,0.0,0.0,0.0,0.7611702597222879,0.0,3.0,0.40211983892976877,0.0,-0.5952303624080204,0.3629483750626694,0.2375,0.002307045799958966
3,1,orca_selected_points,ORCA-joint,fixed_K2,30,1.0,1.0,0.0,1.0,1.0,2.0,0.34588636790823146,0.07042315847759642,-0.6865440929676809,0.5112351294148777,0.2375,0.002307045799958966
3,1,orca_selected_points,ORCA-joint,unknown_K,30,0.6333333333333333,0.6333333333333333,0.4901325178535609,0.9124290952315056,0.6333333333333333,2.3666666666666667,0.34588636790823146,0.07042315847759642,-0.6865440929676809,0.5112351294148777,0.2375,0.002307045799958966
3,1,orca_selected_points,Pearson,fixed_K2,30,0.9666666666666667,0.95,0.2738612787525831,0.9758005847373761,0.9666666666666667,2.0,0.025026465859785036,0.9437418317187728,-0.9718195359560973,1.8876432417518456,0.2375,0.002307045799958966
3,1,orca_selected_points,Pearson,unknown_K,30,0.9666666666666667,0.95,0.2738612787525831,0.9758005847373761,0.9666666666666667,2.0,0.025026465859785036,0.9437418317187728,-0.9718195359560973,1.8876432417518456,0.2375,0.002307045799958966
3,1,orca_selected_points,Raw-Cosine,fixed_K2,30,1.0,1.0,0.0,1.0,1.0,2.0,0.6666666666666666,0.0,0.0,0.0,0.2375,0.002307045799958966
3,1,orca_selected_points,Raw-Cosine,unknown_K,30,0.0,0.0,0.0,0.7611702597222879,0.0,3.0,0.6666666666666666,0.0,0.0,0.0,0.2375,0.002307045799958966
3,1,orca_selected_points,Single-Constraint-Mean,fixed_K2,30,1.0,1.0,0.0,1.0,1.0,2.0,0.4444444444444444,0.0,-0.5,0.25968660968660967,0.2375,0.002307045799958966
3,1,orca_selected_points,Single-Constraint-Mean,unknown_K,30,0.0,0.0,0.0,0.7611702597222879,0.0,3.0,0.4444444444444444,0.0,-0.5,0.25968660968660967,0.2375,0.002307045799958966
3,1,orca_selected_points,Spearman,fixed_K2,30,0.9666666666666667,0.95,0.2738612787525831,0.9758005847373761,0.9666666666666667,2.0,0.09756793864201933,0.7804721380554565,-0.8902360690277283,1.5720553872220242,0.2375,0.002307045799958966
3,1,orca_selected_points,Spearman,unknown_K,30,0.9666666666666667,0.95,0.2738612787525831,0.9758005847373761,0.9666666666666667,2.0,0.09756793864201933,0.7804721380554565,-0.8902360690277283,1.5720553872220242,0.2375,0.002307045799958966
3,10,active_fraction_q0,ORCA-current,fixed_K2,30,1.0,1.0,0.0,1.0,1.0,2.0,0.6666666666666666,0.0,0.0,0.0,0.0,0.002161074866429165
3,10,active_fraction_q0,ORCA-current,unknown_K,30,0.0,0.0,0.0,0.7611702597222879,0.0,3.0,0.6666666666666666,0.0,0.0,0.0,0.0,0.002161074866429165
3,10,active_fraction_q0,ORCA-joint,fixed_K2,30,1.0,1.0,0.0,1.0,1.0,2.0,0.6666666666666666,0.0,0.0,0.0,0.0,0.002161074866429165
3,10,active_fraction_q0,ORCA-joint,unknown_K,30,0.0,0.0,0.0,0.7611702597222879,0.0,3.0,0.6666666666666666,0.0,0.0,0.0,0.0,0.002161074866429165
3,10,active_fraction_q0,Pearson,fixed_K2,30,1.0,1.0,0.0,1.0,1.0,2.0,0.020260677669090652,1.0,-0.9544134752445461,1.9544134752445461,0.0,0.002161074866429165
3,10,active_fraction_q0,Pearson,unknown_K,30,1.0,1.0,0.0,1.0,1.0,2.0,0.020260677669090652,1.0,-0.9544134752445461,1.9544134752445461,0.0,0.002161074866429165
3,10,active_fraction_q0,Raw-Cosine,fixed_K2,30,1.0,1.0,0.0,1.0,1.0,2.0,0.6666666666666666,0.0,0.0,0.0,0.0,0.002161074866429165
3,10,active_fraction_q0,Raw-Cosine,unknown_K,30,0.0,0.0,0.0,0.7611702597222879,0.0,3.0,0.6666666666666666,0.0,0.0,0.0,0.0,0.002161074866429165
3,10,active_fraction_q0,Single-Constraint-Mean,fixed_K2,30,1.0,1.0,0.0,1.0,1.0,2.0,0.0,,,,0.0,0.002161074866429165
3,10,active_fraction_q0,Single-Constraint-Mean,unknown_K,30,0.0,0.0,0.0,0.7611702597222879,0.0,3.0,0.0,,,,0.0,0.002161074866429165
3,10,active_fraction_q0,Spearman,fixed_K2,30,1.0,1.0,0.0,1.0,1.0,2.0,0.0055944055944055545,1.0,-0.9874125874125875,1.9874125874125876,0.0,0.002161074866429165
3,10,active_fraction_q0,Spearman,unknown_K,30,1.0,1.0,0.0,1.0,1.0,2.0,0.0055944055944055545,1.0,-0.9874125874125875,1.9874125874125876,0.0,0.002161074866429165
3,10,active_fraction_q0.25,ORCA-current,fixed_K2,30,1.0,1.0,0.0,1.0,1.0,2.0,0.6666666666666666,0.0,0.0,0.0,0.0,0.0021699943664619543
3,10,active_fraction_q0.25,ORCA-current,unknown_K,30,0.0,0.0,0.0,0.7611702597222879,0.0,3.0,0.6666666666666666,0.0,0.0,0.0,0.0,0.0021699943664619543
3,10,active_fraction_q0.25,ORCA-joint,fixed_K2,30,1.0,1.0,0.0,1.0,1.0,2.0,0.6666666666666666,0.0,0.0,0.0,0.0,0.0021699943664619543
3,10,active_fraction_q0.25,ORCA-joint,unknown_K,30,0.0,0.0,0.0,0.7611702597222879,0.0,3.0,0.6666666666666666,0.0,0.0,0.0,0.0,0.0021699943664619543
3,10,active_fraction_q0.25,Pearson,fixed_K2,30,1.0,1.0,0.0,1.0,1.0,2.0,0.021171743178142577,1.0,-0.9523635778491794,1.9523635778491792,0.0,0.0021699943664619543
3,10,active_fraction_q0.25,Pearson,unknown_K,30,1.0,1.0,0.0,1.0,1.0,2.0,0.021171743178142577,1.0,-0.9523635778491794,1.9523635778491792,0.0,0.0021699943664619543
3,10,active_fraction_q0.25,Raw-Cosine,fixed_K2,30,1.0,1.0,0.0,1.0,1.0,2.0,0.6666666666666666,0.0,0.0,0.0,0.0,0.0021699943664619543
3,10,active_fraction_q0.25,Raw-Cosine,unknown_K,30,0.0,0.0,0.0,0.7611702597222879,0.0,3.0,0.6666666666666666,0.0,0.0,0.0,0.0,0.0021699943664619543
3,10,active_fraction_q0.25,Single-Constraint-Mean,fixed_K2,30,1.0,1.0,0.0,1.0,1.0,2.0,0.0,,,,0.0,0.0021699943664619543
3,10,active_fraction_q0.25,Single-Constraint-Mean,unknown_K,30,0.0,0.0,0.0,0.7611702597222879,0.0,3.0,0.0,,,,0.0,0.0021699943664619543
3,10,active_fraction_q0.25,Spearman,fixed_K2,30,1.0,1.0,0.0,1.0,1.0,2.0,0.004454804454804411,1.0,-0.9899766899766901,1.98997668997669,0.0,0.0021699943664619543
3,10,active_fraction_q0.25,Spearman,unknown_K,30,1.0,1.0,0.0,1.0,1.0,2.0,0.004454804454804411,1.0,-0.9899766899766901,1.98997668997669,0.0,0.0021699943664619543
3,10,active_fraction_q0.5,ORCA-current,fixed_K2,30,1.0,1.0,0.0,1.0,1.0,2.0,0.38202120305487625,0.0,-0.6404522931265285,0.5739453426714224,0.0,0.003281444533483106
3,10,active_fraction_q0.5,ORCA-current,unknown_K,30,0.0,0.0,0.0,0.7611702597222879,0.0,3.0,0.38202120305487625,0.0,-0.6404522931265285,0.5739453426714224,0.0,0.003281444533483106
3,10,active_fraction_q0.5,ORCA-joint,fixed_K2,30,1.0,1.0,0.0,1.0,1.0,2.0,0.38202120305487625,0.0,-0.6404522931265285,0.5739453426714224,0.0,0.003281444533483106
3,10,active_fraction_q0.5,ORCA-joint,unknown_K,30,0.0,0.0,0.0,0.7611702597222879,0.0,3.0,0.38202120305487625,0.0,-0.6404522931265285,0.5739453426714224,0.0,0.003281444533483106
3,10,active_fraction_q0.5,Pearson,fixed_K2,30,1.0,1.0,0.0,1.0,1.0,2.0,0.026188874584136625,0.9794655623869419,-0.9513422509922216,1.9239583971853118,0.0,0.003281444533483106
3,10,active_fraction_q0.5,Pearson,unknown_K,30,1.0,1.0,0.0,1.0,1.0,2.0,0.026188874584136625,0.9794655623869419,-0.9513422509922216,1.9239583971853118,0.0,0.003281444533483106
3,10,active_fraction_q0.5,Raw-Cosine,fixed_K2,30,1.0,1.0,0.0,1.0,1.0,2.0,0.6666666666666666,0.0,0.0,0.0,0.0,0.003281444533483106
3,10,active_fraction_q0.5,Raw-Cosine,unknown_K,30,0.0,0.0,0.0,0.7611702597222879,0.0,3.0,0.6666666666666666,0.0,0.0,0.0,0.0,0.003281444533483106
3,10,active_fraction_q0.5,Single-Constraint-Mean,fixed_K2,30,1.0,1.0,0.0,1.0,1.0,2.0,0.4444444444444444,0.0,-0.5,0.42777777777777776,0.0,0.003281444533483106
3,10,active_fraction_q0.5,Single-Constraint-Mean,unknown_K,30,0.0,0.0,0.0,0.7611702597222879,0.0,3.0,0.4444444444444444,0.0,-0.5,0.42777777777777776,0.0,0.003281444533483106
3,10,active_fraction_q0.5,Spearman,fixed_K2,30,1.0,1.0,0.0,1.0,1.0,2.0,0.02460502460502454,0.93986013986014,-0.9747086247086247,1.9025641025641027,0.0,0.003281444533483106
3,10,active_fraction_q0.5,Spearman,unknown_K,30,1.0,1.0,0.0,1.0,1.0,2.0,0.02460502460502454,0.93986013986014,-0.9747086247086247,1.9025641025641027,0.0,0.003281444533483106
3,10,active_fraction_q0.75,ORCA-current,fixed_K2,30,1.0,1.0,0.0,1.0,1.0,2.0,0.3799283154121864,0.0,-0.6451612903225806,0.6451612903225806,1.0,0.0037228277999626397
3,10,active_fraction_q0.75,ORCA-current,unknown_K,30,0.0,0.0,0.0,0.7611702597222879,0.0,3.0,0.3799283154121864,0.0,-0.6451612903225806,0.6451612903225806,1.0,0.0037228277999626397
3,10,active_fraction_q0.75,ORCA-joint,fixed_K2,30,1.0,1.0,0.0,1.0,1.0,2.0,3.289549702593057e-17,0.9999999999999999,-1.0,1.9999999999999998,1.0,0.0037228277999626397
3,10,active_fraction_q0.75,ORCA-joint,unknown_K,30,1.0,1.0,0.0,1.0,1.0,2.0,3.289549702593057e-17,0.9999999999999999,-1.0,1.9999999999999998,1.0,0.0037228277999626397
3,10,active_fraction_q0.75,Pearson,fixed_K2,30,1.0,1.0,0.0,1.0,1.0,2.0,0.019848341998092434,1.0,-0.9553412305042921,1.955341230504292,1.0,0.0037228277999626397
3,10,active_fraction_q0.75,Pearson,unknown_K,30,1.0,1.0,0.0,1.0,1.0,2.0,0.019848341998092434,1.0,-0.9553412305042921,1.955341230504292,1.0,0.0037228277999626397
3,10,active_fraction_q0.75,Raw-Cosine,fixed_K2,30,1.0,1.0,0.0,1.0,1.0,2.0,0.6666666666666666,0.0,0.0,0.0,1.0,0.0037228277999626397
3,10,active_fraction_q0.75,Raw-Cosine,unknown_K,30,0.0,0.0,0.0,0.7611702597222879,0.0,3.0,0.6666666666666666,0.0,0.0,0.0,1.0,0.0037228277999626397
3,10,active_fraction_q0.75,Single-Constraint-Mean,fixed_K2,30,1.0,1.0,0.0,1.0,1.0,2.0,0.4444444444444444,0.0,-0.5,0.5,1.0,0.0037228277999626397
3,10,active_fraction_q0.75,Single-Constraint-Mean,unknown_K,30,0.0,0.0,0.0,0.7611702597222879,0.0,3.0,0.4444444444444444,0.0,-0.5,0.5,1.0,0.0037228277999626397
3,10,active_fraction_q0.75,Spearman,fixed_K2,30,1.0,1.0,0.0,1.0,1.0,2.0,0.0,1.0,-1.0,2.0,1.0,0.0037228277999626397
3,10,active_fraction_q0.75,Spearman,unknown_K,30,1.0,1.0,0.0,1.0,1.0,2.0,0.0,1.0,-1.0,2.0,1.0,0.0037228277999626397
3,10,active_fraction_q1,ORCA-current,fixed_K2,30,1.0,1.0,0.0,1.0,1.0,2.0,0.3799283154121864,0.0,-0.6451612903225806,0.6451612903225806,1.0,0.003772544533361118
3,10,active_fraction_q1,ORCA-current,unknown_K,30,0.0,0.0,0.0,0.7611702597222879,0.0,3.0,0.3799283154121864,0.0,-0.6451612903225806,0.6451612903225806,1.0,0.003772544533361118
3,10,active_fraction_q1,ORCA-joint,fixed_K2,30,1.0,1.0,0.0,1.0,1.0,2.0,1.809252336426181e-17,1.0,-1.0,2.0,1.0,0.003772544533361118
3,10,active_fraction_q1,ORCA-joint,unknown_K,30,1.0,1.0,0.0,1.0,1.0,2.0,1.809252336426181e-17,1.0,-1.0,2.0,1.0,0.003772544533361118
3,10,active_fraction_q1,Pearson,fixed_K2,30,1.0,1.0,0.0,1.0,1.0,2.0,0.019615794525667755,1.0,-0.9558644623172476,1.9558644623172476,1.0,0.003772544533361118
3,10,active_fraction_q1,Pearson,unknown_K,30,1.0,1.0,0.0,1.0,1.0,2.0,0.019615794525667755,1.0,-0.9558644623172476,1.9558644623172476,1.0,0.003772544533361118
3,10,active_fraction_q1,Raw-Cosine,fixed_K2,30,1.0,1.0,0.0,1.0,1.0,2.0,0.6666666666666666,0.0,0.0,0.0,1.0,0.003772544533361118
3,10,active_fraction_q1,Raw-Cosine,unknown_K,30,0.0,0.0,0.0,0.7611702597222879,0.0,3.0,0.6666666666666666,0.0,0.0,0.0,1.0,0.003772544533361118
3,10,active_fraction_q1,Single-Constraint-Mean,fixed_K2,30,1.0,1.0,0.0,1.0,1.0,2.0,0.4444444444444444,0.0,-0.5,0.5,1.0,0.003772544533361118
3,10,active_fraction_q1,Single-Constraint-Mean,unknown_K,30,0.0,0.0,0.0,0.7611702597222879,0.0,3.0,0.4444444444444444,0.0,-0.5,0.5,1.0,0.003772544533361118
3,10,active_fraction_q1,Spearman,fixed_K2,30,1.0,1.0,0.0,1.0,1.0,2.0,0.0,1.0,-1.0,2.0,1.0,0.003772544533361118
3,10,active_fraction_q1,Spearman,unknown_K,30,1.0,1.0,0.0,1.0,1.0,2.0,0.0,1.0,-1.0,2.0,1.0,0.003772544533361118
3,10,exact_pf,ORCA-current,fixed_K2,1,1.0,1.0,0.0,1.0,1.0,2.0,0.3799283154121864,0.0,-0.6451612903225806,0.6451612903225806,1.0,0.007154708000598475
3,10,exact_pf,ORCA-current,unknown_K,1,0.0,0.0,0.0,0.7611702597222879,0.0,3.0,0.3799283154121864,0.0,-0.6451612903225806,0.6451612903225806,1.0,0.007154708000598475
3,10,exact_pf,ORCA-joint,fixed_K2,1,1.0,1.0,0.0,1.0,1.0,2.0,7.401486830834377e-17,0.9999999999999997,-1.0,1.9999999999999996,1.0,0.007154708000598475
3,10,exact_pf,ORCA-joint,unknown_K,1,1.0,1.0,0.0,1.0,1.0,2.0,7.401486830834377e-17,0.9999999999999997,-1.0,1.9999999999999996,1.0,0.007154708000598475
3,10,exact_pf,Pearson,fixed_K2,1,1.0,1.0,0.0,1.0,1.0,2.0,0.025687481355146966,1.0,-0.9422031669509193,1.9422031669509194,1.0,0.007154708000598475
3,10,exact_pf,Pearson,unknown_K,1,1.0,1.0,0.0,1.0,1.0,2.0,0.025687481355146966,1.0,-0.9422031669509193,1.9422031669509194,1.0,0.007154708000598475
3,10,exact_pf,Raw-Cosine,fixed_K2,1,1.0,1.0,0.0,1.0,1.0,2.0,0.6666666666666666,0.0,0.0,0.0,1.0,0.007154708000598475
3,10,exact_pf,Raw-Cosine,unknown_K,1,0.0,0.0,0.0,0.7611702597222879,0.0,3.0,0.6666666666666666,0.0,0.0,0.0,1.0,0.007154708000598475
3,10,exact_pf,Single-Constraint-Mean,fixed_K2,1,1.0,1.0,0.0,1.0,1.0,2.0,0.4444444444444444,0.0,-0.5,0.5,1.0,0.007154708000598475
3,10,exact_pf,Single-Constraint-Mean,unknown_K,1,0.0,0.0,0.0,0.7611702597222879,0.0,3.0,0.4444444444444444,0.0,-0.5,0.5,1.0,0.007154708000598475
3,10,exact_pf,Spearman,fixed_K2,1,1.0,1.0,0.0,1.0,1.0,2.0,0.0,1.0,-1.0,2.0,1.0,0.007154708000598475
3,10,exact_pf,Spearman,unknown_K,1,1.0,1.0,0.0,1.0,1.0,2.0,0.0,1.0,-1.0,2.0,1.0,0.007154708000598475
3,10,exact_pf_gradient_noise_0.01,ORCA-current,fixed_K2,30,1.0,1.0,0.0,1.0,1.0,2.0,0.5015794391082279,-0.04571200896498238,-0.39430226648897837,0.33114999956937086,1.0,0.0038582374999047413
3,10,exact_pf_gradient_noise_0.01,ORCA-current,unknown_K,30,0.03333333333333333,0.03333333333333333,0.18257418583505536,0.7691312510648783,0.03333333333333333,2.966666666666667,0.5015794391082279,-0.04571200896498238,-0.39430226648897837,0.33114999956937086,1.0,0.0038582374999047413
3,10,exact_pf_gradient_noise_0.01,ORCA-joint,fixed_K2,30,1.0,1.0,0.0,1.0,1.0,2.0,0.3251666764228757,0.2896258471717801,-0.6235620544626396,0.8883947378983591,1.0,0.0038582374999047413
3,10,exact_pf_gradient_noise_0.01,ORCA-joint,unknown_K,30,0.9666666666666667,0.9666666666666667,0.18257418583505536,0.9920390086574096,0.9666666666666667,2.033333333333333,0.3251666764228757,0.2896258471717801,-0.6235620544626396,0.8883947378983591,1.0,0.0038582374999047413
3,10,exact_pf_gradient_noise_0.01,Pearson,fixed_K2,30,1.0,1.0,0.0,1.0,1.0,2.0,0.02035104358779739,1.0,-0.9542101519274558,1.9542101519274557,1.0,0.0038582374999047413
3,10,exact_pf_gradient_noise_0.01,Pearson,unknown_K,30,1.0,1.0,0.0,1.0,1.0,2.0,0.02035104358779739,1.0,-0.9542101519274558,1.9542101519274557,1.0,0.0038582374999047413
3,10,exact_pf_gradient_noise_0.01,Raw-Cosine,fixed_K2,30,0.5666666666666667,0.35,0.7560103994905962,0.6854076015858884,0.5666666666666667,2.0,0.6665748042947411,7.106153634649694e-05,-0.0001711595686592934,-6.400969973516012e-05,1.0,0.0038582374999047413
3,10,exact_pf_gradient_noise_0.01,Raw-Cosine,unknown_K,30,0.3333333333333333,0.3,0.5186188554626405,0.4530905374377238,0.5666666666666667,1.6666666666666667,0.6665748042947411,7.106153634649694e-05,-0.0001711595686592934,-6.400969973516012e-05,1.0,0.0038582374999047413
3,10,exact_pf_gradient_noise_0.01,Single-Constraint-Mean,fixed_K2,30,1.0,1.0,0.0,1.0,1.0,2.0,0.5551092851546847,-0.005201189578355928,-0.2536047031911376,0.23477185722361602,1.0,0.0038582374999047413
3,10,exact_pf_gradient_noise_0.01,Single-Constraint-Mean,unknown_K,30,0.4666666666666667,0.4666666666666667,0.5074162634049248,0.8726241385185536,0.4666666666666667,2.533333333333333,0.5551092851546847,-0.005201189578355928,-0.2536047031911376,0.23477185722361602,1.0,0.0038582374999047413
3,10,exact_pf_gradient_noise_0.01,Spearman,fixed_K2,30,1.0,1.0,0.0,1.0,1.0,2.0,0.0,1.0,-1.0,2.0,1.0,0.0038582374999047413
3,10,exact_pf_gradient_noise_0.01,Spearman,unknown_K,30,1.0,1.0,0.0,1.0,1.0,2.0,0.0,1.0,-1.0,2.0,1.0,0.0038582374999047413
3,10,exact_pf_gradient_noise_0.05,ORCA-current,fixed_K2,30,1.0,1.0,0.0,1.0,1.0,2.0,0.5371555789667084,-0.05803292273317069,-0.32041640869149124,0.249912455358574,1.0,0.0037768860668317456
3,10,exact_pf_gradient_noise_0.05,ORCA-current,unknown_K,30,0.03333333333333333,0.03333333333333333,0.18257418583505536,0.7691312510648783,0.03333333333333333,2.966666666666667,0.5371555789667084,-0.05803292273317069,-0.32041640869149124,0.249912455358574,1.0,0.0037768860668317456
3,10,exact_pf_gradient_noise_0.05,ORCA-joint,fixed_K2,30,1.0,1.0,0.0,1.0,1.0,2.0,0.39547194065720986,0.20375003216910956,-0.508313117436723,0.6932222467969692,1.0,0.0037768860668317456
3,10,exact_pf_gradient_noise_0.05,ORCA-joint,unknown_K,30,0.8666666666666667,0.8666666666666667,0.3457459036417604,0.9681560346296384,0.8666666666666667,2.1333333333333333,0.39547194065720986,0.20375003216910956,-0.508313117436723,0.6932222467969692,1.0,0.0037768860668317456
3,10,exact_pf_gradient_noise_0.05,Pearson,fixed_K2,30,1.0,1.0,0.0,1.0,1.0,2.0,0.02035104358779739,1.0,-0.9542101519274558,1.9542101519274557,1.0,0.0037768860668317456
3,10,exact_pf_gradient_noise_0.05,Pearson,unknown_K,30,1.0,1.0,0.0,1.0,1.0,2.0,0.02035104358779739,1.0,-0.9542101519274558,1.9542101519274557,1.0,0.0037768860668317456
3,10,exact_pf_gradient_noise_0.05,Raw-Cosine,fixed_K2,30,0.5666666666666667,0.35,0.7560103994905962,0.6854076015858884,0.5666666666666667,2.0,0.6662191020297856,0.00034495563694013874,-0.00083454261451223,-0.0003452828026245795,1.0,0.0037768860668317456
3,10,exact_pf_gradient_noise_0.05,Raw-Cosine,unknown_K,30,0.36666666666666664,0.3333333333333333,0.5306686305052324,0.4610515287803142,0.6,1.6333333333333333,0.6662191020297856,0.00034495563694013874,-0.00083454261451223,-0.0003452828026245795,1.0,0.0037768860668317456
3,10,exact_pf_gradient_noise_0.05,Single-Constraint-Mean,fixed_K2,30,1.0,1.0,0.0,1.0,1.0,2.0,0.5846396161016721,-0.004787699995169817,-0.1869547137688226,0.16937666627024323,1.0,0.0037768860668317456
3,10,exact_pf_gradient_noise_0.05,Single-Constraint-Mean,unknown_K,30,0.43333333333333335,0.43333333333333335,0.5040069329937309,0.8646631471759633,0.43333333333333335,2.566666666666667,0.5846396161016721,-0.004787699995169817,-0.1869547137688226,0.16937666627024323,1.0,0.0037768860668317456
3,10,exact_pf_gradient_noise_0.05,Spearman,fixed_K2,30,1.0,1.0,0.0,1.0,1.0,2.0,0.0,1.0,-1.0,2.0,1.0,0.0037768860668317456
3,10,exact_pf_gradient_noise_0.05,Spearman,unknown_K,30,1.0,1.0,0.0,1.0,1.0,2.0,0.0,1.0,-1.0,2.0,1.0,0.0037768860668317456
3,10,heterogeneous_contamination_q0.25,ORCA-current,fixed_K2,30,1.0,1.0,0.0,1.0,1.0,2.0,0.6666666666666666,0.0,0.0,0.0,0.0,0.002151170833106638
3,10,heterogeneous_contamination_q0.25,ORCA-current,unknown_K,30,0.0,0.0,0.0,0.7611702597222879,0.0,3.0,0.6666666666666666,0.0,0.0,0.0,0.0,0.002151170833106638
3,10,heterogeneous_contamination_q0.25,ORCA-joint,fixed_K2,30,1.0,1.0,0.0,1.0,1.0,2.0,0.6666666666666666,0.0,0.0,0.0,0.0,0.002151170833106638
3,10,heterogeneous_contamination_q0.25,ORCA-joint,unknown_K,30,0.0,0.0,0.0,0.7611702597222879,0.0,3.0,0.6666666666666666,0.0,0.0,0.0,0.0,0.002151170833106638
3,10,heterogeneous_contamination_q0.25,Pearson,fixed_K2,30,1.0,1.0,0.0,1.0,1.0,2.0,0.26173938715147543,0.4852650897457122,-0.6684538340363242,1.068402323160597,0.0,0.002151170833106638
3,10,heterogeneous_contamination_q0.25,Pearson,unknown_K,30,0.9666666666666667,0.9666666666666667,0.18257418583505536,0.9666666666666667,0.9833333333333333,1.9666666666666666,0.26173938715147543,0.4852650897457122,-0.6684538340363242,1.068402323160597,0.0,0.002151170833106638
3,10,heterogeneous_contamination_q0.25,Raw-Cosine,fixed_K2,30,1.0,1.0,0.0,1.0,1.0,2.0,0.6666666666666666,0.0,0.0,0.0,0.0,0.002151170833106638
3,10,heterogeneous_contamination_q0.25,Raw-Cosine,unknown_K,30,0.0,0.0,0.0,0.7611702597222879,0.0,3.0,0.6666666666666666,0.0,0.0,0.0,0.0,0.002151170833106638
3,10,heterogeneous_contamination_q0.25,Single-Constraint-Mean,fixed_K2,30,1.0,1.0,0.0,1.0,1.0,2.0,0.0,,,,0.0,0.002151170833106638
3,10,heterogeneous_contamination_q0.25,Single-Constraint-Mean,unknown_K,30,0.0,0.0,0.0,0.7611702597222879,0.0,3.0,0.0,,,,0.0,0.002151170833106638
3,10,heterogeneous_contamination_q0.25,Spearman,fixed_K2,30,1.0,1.0,0.0,1.0,1.0,2.0,0.28231028231028227,0.4578088578088578,-0.635897435897436,0.9930069930069931,0.0,0.002151170833106638
3,10,heterogeneous_contamination_q0.25,Spearman,unknown_K,30,0.9666666666666667,0.9666666666666667,0.18257418583505536,0.9666666666666667,0.9833333333333333,1.9666666666666666,0.28231028231028227,0.4578088578088578,-0.635897435897436,0.9930069930069931,0.0,0.002151170833106638
3,10,heterogeneous_contamination_q0.5,ORCA-current,fixed_K2,30,1.0,1.0,0.0,1.0,1.0,2.0,0.3847243969211401,0.0,-0.6343701069274348,0.5413733318203231,0.0,0.0032874651666134013
3,10,heterogeneous_contamination_q0.5,ORCA-current,unknown_K,30,0.0,0.0,0.0,0.7611702597222879,0.0,3.0,0.3847243969211401,0.0,-0.6343701069274348,0.5413733318203231,0.0,0.0032874651666134013
3,10,heterogeneous_contamination_q0.5,ORCA-joint,fixed_K2,30,1.0,1.0,0.0,1.0,1.0,2.0,0.3847243969211401,0.0,-0.6343701069274348,0.5413733318203231,0.0,0.0032874651666134013
3,10,heterogeneous_contamination_q0.5,ORCA-joint,unknown_K,30,0.0,0.0,0.0,0.7611702597222879,0.0,3.0,0.3847243969211401,0.0,-0.6343701069274348,0.5413733318203231,0.0,0.0032874651666134013
3,10,heterogeneous_contamination_q0.5,Pearson,fixed_K2,30,0.8333333333333334,0.75,0.5685735326841775,0.8790029236868802,0.8333333333333334,2.0,0.41068627242848726,-0.02193592572160309,-0.5869238498967052,0.44833795096681933,0.0,0.0032874651666134013
3,10,heterogeneous_contamination_q0.5,Pearson,unknown_K,30,0.5333333333333333,0.5166666666666667,0.5330998051949096,0.8723076972837007,0.5333333333333333,2.433333333333333,0.41068627242848726,-0.02193592572160309,-0.5869238498967052,0.44833795096681933,0.0,0.0032874651666134013
3,10,heterogeneous_contamination_q0.5,Raw-Cosine,fixed_K2,30,1.0,1.0,0.0,1.0,1.0,2.0,0.6666666666666666,0.0,0.0,0.0,0.0,0.0032874651666134013
3,10,heterogeneous_contamination_q0.5,Raw-Cosine,unknown_K,30,0.0,0.0,0.0,0.7611702597222879,0.0,3.0,0.6666666666666666,0.0,0.0,0.0,0.0,0.0032874651666134013
3,10,heterogeneous_contamination_q0.5,Single-Constraint-Mean,fixed_K2,30,1.0,1.0,0.0,1.0,1.0,2.0,0.4444444444444444,0.0,-0.5,0.4,0.0,0.0032874651666134013
3,10,heterogeneous_contamination_q0.5,Single-Constraint-Mean,unknown_K,30,0.0,0.0,0.0,0.7611702597222879,0.0,3.0,0.4444444444444444,0.0,-0.5,0.4,0.0,0.0032874651666134013
3,10,heterogeneous_contamination_q0.5,Spearman,fixed_K2,30,0.8333333333333334,0.75,0.5685735326841775,0.8790029236868802,0.8333333333333334,2.0,0.40269360269360266,-0.003962703962703964,-0.595920745920746,0.4424242424242425,0.0,0.0032874651666134013
3,10,heterogeneous_contamination_q0.5,Spearman,unknown_K,30,0.5333333333333333,0.5166666666666667,0.5330998051949096,0.8723076972837007,0.5333333333333333,2.433333333333333,0.40269360269360266,-0.003962703962703964,-0.595920745920746,0.4424242424242425,0.0,0.0032874651666134013
3,10,heterogeneous_contamination_q0.75,ORCA-current,fixed_K2,30,1.0,1.0,0.0,1.0,1.0,2.0,0.3799283154121864,0.0,-0.6451612903225806,0.6451612903225806,1.0,0.0037507193667503697
3,10,heterogeneous_contamination_q0.75,ORCA-current,unknown_K,30,0.0,0.0,0.0,0.7611702597222879,0.0,3.0,0.3799283154121864,0.0,-0.6451612903225806,0.6451612903225806,1.0,0.0037507193667503697
3,10,heterogeneous_contamination_q0.75,ORCA-joint,fixed_K2,30,1.0,1.0,0.0,1.0,1.0,2.0,2.2204460492503132e-17,0.9999999999999999,-1.0,2.0,1.0,0.0037507193667503697
3,10,heterogeneous_contamination_q0.75,ORCA-joint,unknown_K,30,1.0,1.0,0.0,1.0,1.0,2.0,2.2204460492503132e-17,0.9999999999999999,-1.0,2.0,1.0,0.0037507193667503697
3,10,heterogeneous_contamination_q0.75,Pearson,fixed_K2,30,1.0,1.0,0.0,1.0,1.0,2.0,0.007220512359786334,1.0,-0.9837538471904809,1.9837538471904808,1.0,0.0037507193667503697
3,10,heterogeneous_contamination_q0.75,Pearson,unknown_K,30,1.0,1.0,0.0,1.0,1.0,2.0,0.007220512359786334,1.0,-0.9837538471904809,1.9837538471904808,1.0,0.0037507193667503697
3,10,heterogeneous_contamination_q0.75,Raw-Cosine,fixed_K2,30,1.0,1.0,0.0,1.0,1.0,2.0,0.6666666666666666,0.0,0.0,0.0,1.0,0.0037507193667503697
3,10,heterogeneous_contamination_q0.75,Raw-Cosine,unknown_K,30,0.0,0.0,0.0,0.7611702597222879,0.0,3.0,0.6666666666666666,0.0,0.0,0.0,1.0,0.0037507193667503697
3,10,heterogeneous_contamination_q0.75,Single-Constraint-Mean,fixed_K2,30,1.0,1.0,0.0,1.0,1.0,2.0,0.4444444444444444,0.0,-0.5,0.5,1.0,0.0037507193667503697
3,10,heterogeneous_contamination_q0.75,Single-Constraint-Mean,unknown_K,30,0.0,0.0,0.0,0.7611702597222879,0.0,3.0,0.4444444444444444,0.0,-0.5,0.5,1.0,0.0037507193667503697
3,10,heterogeneous_contamination_q0.75,Spearman,fixed_K2,30,1.0,1.0,0.0,1.0,1.0,2.0,0.0,1.0,-1.0,2.0,1.0,0.0037507193667503697
3,10,heterogeneous_contamination_q0.75,Spearman,unknown_K,30,1.0,1.0,0.0,1.0,1.0,2.0,0.0,1.0,-1.0,2.0,1.0,0.0037507193667503697
3,10,orca_selected_points,ORCA-current,fixed_K2,30,1.0,1.0,0.0,1.0,1.0,2.0,0.5038391320776187,0.0,-0.36636195282535816,0.0,0.0,0.0011535402334629907
3,10,orca_selected_points,ORCA-current,unknown_K,30,0.0,0.0,0.0,0.7611702597222879,0.0,3.0,0.5038391320776187,0.0,-0.36636195282535816,0.0,0.0,0.0011535402334629907
3,10,orca_selected_points,ORCA-joint,fixed_K2,30,1.0,1.0,0.0,1.0,1.0,2.0,0.4964904124835326,0.0,-0.3828965719120517,0.24730612742087446,0.0,0.0011535402334629907
3,10,orca_selected_points,ORCA-joint,unknown_K,30,0.0,0.0,0.0,0.7611702597222879,0.0,3.0,0.4964904124835326,0.0,-0.3828965719120517,0.24730612742087446,0.0,0.0011535402334629907
3,10,orca_selected_points,Pearson,fixed_K2,30,1.0,1.0,0.0,1.0,1.0,2.0,0.08901664722988485,0.8422945835324305,-0.8785652519665439,1.660410084527322,0.0,0.0011535402334629907
3,10,orca_selected_points,Pearson,unknown_K,30,0.9666666666666667,0.9666666666666667,0.18257418583505536,0.9920390086574096,0.9666666666666667,2.033333333333333,0.08901664722988485,0.8422945835324305,-0.8785652519665439,1.660410084527322,0.0,0.0011535402334629907
3,10,orca_selected_points,Raw-Cosine,fixed_K2,30,1.0,1.0,0.0,1.0,1.0,2.0,0.6666666666666666,0.0,0.0,0.0,0.0,0.0011535402334629907
3,10,orca_selected_points,Raw-Cosine,unknown_K,30,0.0,0.0,0.0,0.7611702597222879,0.0,3.0,0.6666666666666666,0.0,0.0,0.0,0.0,0.0011535402334629907
3,10,orca_selected_points,Single-Constraint-Mean,fixed_K2,30,1.0,1.0,0.0,1.0,1.0,2.0,0.5238271604938272,0.0,-0.32138888888888884,0.0,0.0,0.0011535402334629907
3,10,orca_selected_points,Single-Constraint-Mean,unknown_K,30,0.0,0.0,0.0,0.7611702597222879,0.0,3.0,0.5238271604938272,0.0,-0.32138888888888884,0.0,0.0,0.0011535402334629907
3,10,orca_selected_points,Spearman,fixed_K2,30,1.0,1.0,0.0,1.0,1.0,2.0,0.04847151416334811,0.9550917316957764,-0.9133932272845785,1.856728696866525,0.0,0.0011535402334629907
3,10,orca_selected_points,Spearman,unknown_K,30,1.0,1.0,0.0,1.0,1.0,2.0,0.04847151416334811,0.9550917316957764,-0.9133932272845785,1.856728696866525,0.0,0.0011535402334629907
5,1,active_fraction_q0,ORCA-current,fixed_K2,30,1.0,1.0,0.0,1.0,1.0,2.0,0.8,0.0,0.0,0.0,0.0,0.0037367098333561445
5,1,active_fraction_q0,ORCA-current,unknown_K,30,0.0,0.0,0.0,0.5575997732088591,0.0,5.0,0.8,0.0,0.0,0.0,0.0,0.0037367098333561445
5,1,active_fraction_q0,ORCA-joint,fixed_K2,30,1.0,1.0,0.0,1.0,1.0,2.0,0.8,0.0,0.0,0.0,0.0,0.0037367098333561445
5,1,active_fraction_q0,ORCA-joint,unknown_K,30,0.0,0.0,0.0,0.5575997732088591,0.0,5.0,0.8,0.0,0.0,0.0,0.0,0.0037367098333561445
5,1,active_fraction_q0,Pearson,fixed_K2,30,1.0,1.0,0.0,1.0,1.0,2.0,0.018647093952699628,1.0,-0.9417278313978138,1.9417278313978137,0.0,0.0037367098333561445
5,1,active_fraction_q0,Pearson,unknown_K,30,1.0,1.0,0.0,1.0,1.0,2.0,0.018647093952699628,1.0,-0.9417278313978138,1.9417278313978137,0.0,0.0037367098333561445
5,1,active_fraction_q0,Raw-Cosine,fixed_K2,30,1.0,1.0,0.0,1.0,1.0,2.0,0.8,0.0,0.0,0.0,0.0,0.0037367098333561445
5,1,active_fraction_q0,Raw-Cosine,unknown_K,30,0.0,0.0,0.0,0.5575997732088591,0.0,5.0,0.8,0.0,0.0,0.0,0.0,0.0037367098333561445
5,1,active_fraction_q0,Single-Constraint-Mean,fixed_K2,30,1.0,1.0,0.0,1.0,1.0,2.0,0.0,,,,0.0,0.0037367098333561445
5,1,active_fraction_q0,Single-Constraint-Mean,unknown_K,30,0.0,0.0,0.0,0.5575997732088591,0.0,5.0,0.0,,,,0.0,0.0037367098333561445
5,1,active_fraction_q0,Spearman,fixed_K2,30,1.0,1.0,0.0,1.0,1.0,2.0,0.0028412715164189166,1.0,-0.9911210265111909,1.991121026511191,0.0,0.0037367098333561445
5,1,active_fraction_q0,Spearman,unknown_K,30,1.0,1.0,0.0,1.0,1.0,2.0,0.0028412715164189166,1.0,-0.9911210265111909,1.991121026511191,0.0,0.0037367098333561445
5,1,active_fraction_q0.25,ORCA-current,fixed_K2,30,1.0,1.0,0.0,1.0,1.0,2.0,0.6836442358750447,0.0,-0.3636117628904854,0.20151478656496719,0.0,0.005001140099860398
5,1,active_fraction_q0.25,ORCA-current,unknown_K,30,0.0,0.0,0.0,0.5575997732088591,0.0,5.0,0.6836442358750447,0.0,-0.3636117628904854,0.20151478656496719,0.0,0.005001140099860398
5,1,active_fraction_q0.25,ORCA-joint,fixed_K2,30,1.0,1.0,0.0,1.0,1.0,2.0,0.6836442358750447,0.0,-0.36361176289048547,0.20151478656496724,0.0,0.005001140099860398
5,1,active_fraction_q0.25,ORCA-joint,unknown_K,30,0.0,0.0,0.0,0.5575997732088591,0.0,5.0,0.6836442358750447,0.0,-0.36361176289048547,0.20151478656496724,0.0,0.005001140099860398
5,1,active_fraction_q0.25,Pearson,fixed_K2,30,1.0,1.0,0.0,1.0,1.0,2.0,0.02070213616162416,0.9912978239796804,-0.948359088525404,1.925296100769164,0.0,0.005001140099860398
5,1,active_fraction_q0.25,Pearson,unknown_K,30,1.0,1.0,0.0,1.0,1.0,2.0,0.02070213616162416,0.9912978239796804,-0.948359088525404,1.925296100769164,0.0,0.005001140099860398
5,1,active_fraction_q0.25,Raw-Cosine,fixed_K2,30,1.0,1.0,0.0,1.0,1.0,2.0,0.8,0.0,0.0,0.0,0.0,0.005001140099860398
5,1,active_fraction_q0.25,Raw-Cosine,unknown_K,30,0.0,0.0,0.0,0.5575997732088591,0.0,5.0,0.8,0.0,0.0,0.0,0.0,0.005001140099860398
5,1,active_fraction_q0.25,Single-Constraint-Mean,fixed_K2,30,1.0,1.0,0.0,1.0,1.0,2.0,0.72,0.0,-0.25,0.125,0.0,0.005001140099860398
5,1,active_fraction_q0.25,Single-Constraint-Mean,unknown_K,30,0.0,0.0,0.0,0.5575997732088591,0.0,5.0,0.72,0.0,-0.25,0.125,0.0,0.005001140099860398
5,1,active_fraction_q0.25,Spearman,fixed_K2,30,1.0,1.0,0.0,1.0,1.0,2.0,0.019589952227565557,0.9716420042925727,-0.9813183928499984,1.9134396377832197,0.0,0.005001140099860398
5,1,active_fraction_q0.25,Spearman,unknown_K,30,1.0,1.0,0.0,1.0,1.0,2.0,0.019589952227565557,0.9716420042925727,-0.9813183928499984,1.9134396377832197,0.0,0.005001140099860398
5,1,active_fraction_q0.5,ORCA-current,fixed_K2,30,1.0,1.0,0.0,1.0,1.0,2.0,0.6806109344546302,0.0,-0.3730908298292809,0.2724856817364273,0.0,0.0058900236334617755
5,1,active_fraction_q0.5,ORCA-current,unknown_K,30,0.0,0.0,0.0,0.5575997732088591,0.0,5.0,0.6806109344546302,0.0,-0.3730908298292809,0.2724856817364273,0.0,0.0058900236334617755
5,1,active_fraction_q0.5,ORCA-joint,fixed_K2,30,1.0,1.0,0.0,1.0,1.0,2.0,0.5788320439687095,0.03783792739682301,-0.6343929715025485,0.4911346376103037,0.0,0.0058900236334617755
5,1,active_fraction_q0.5,ORCA-joint,unknown_K,30,1.0,1.0,0.0,1.0,1.0,2.0,0.5788320439687095,0.03783792739682301,-0.6343929715025485,0.4911346376103037,0.0,0.0058900236334617755
5,1,active_fraction_q0.5,Pearson,fixed_K2,30,1.0,1.0,0.0,1.0,1.0,2.0,0.02424141740694507,0.9874336435377186,-0.9430951052967188,1.9158885225457105,0.0,0.0058900236334617755
5,1,active_fraction_q0.5,Pearson,unknown_K,30,1.0,1.0,0.0,1.0,1.0,2.0,0.02424141740694507,0.9874336435377186,-0.9430951052967188,1.9158885225457105,0.0,0.0058900236334617755
5,1,active_fraction_q0.5,Raw-Cosine,fixed_K2,30,1.0,1.0,0.0,1.0,1.0,2.0,0.8,0.0,0.0,0.0,0.0,0.0058900236334617755
5,1,active_fraction_q0.5,Raw-Cosine,unknown_K,30,0.0,0.0,0.0,0.5575997732088591,0.0,5.0,0.8,0.0,0.0,0.0,0.0,0.0058900236334617755
5,1,active_fraction_q0.5,Single-Constraint-Mean,fixed_K2,30,1.0,1.0,0.0,1.0,1.0,2.0,0.72,0.0,-0.25,0.17222222222222222,0.0,0.0058900236334617755
5,1,active_fraction_q0.5,Single-Constraint-Mean,unknown_K,30,0.0,0.0,0.0,0.5575997732088591,0.0,5.0,0.72,0.0,-0.25,0.17222222222222222,0.0,0.0058900236334617755
5,1,active_fraction_q0.5,Spearman,fixed_K2,30,1.0,1.0,0.0,1.0,1.0,2.0,0.03158479832591994,0.9521922154311185,-0.9730091820848223,1.876644501488463,0.0,0.0058900236334617755
5,1,active_fraction_q0.5,Spearman,unknown_K,30,1.0,1.0,0.0,1.0,1.0,2.0,0.03158479832591994,0.9521922154311185,-0.9730091820848223,1.876644501488463,0.0,0.0058900236334617755
5,1,active_fraction_q0.75,ORCA-current,fixed_K2,30,1.0,1.0,0.0,1.0,1.0,2.0,0.6797765540886987,0.0,-0.37569826847281634,0.30524116285228264,0.0,0.006373173566559368
5,1,active_fraction_q0.75,ORCA-current,unknown_K,30,0.0,0.0,0.0,0.5575997732088591,0.0,5.0,0.6797765540886987,0.0,-0.37569826847281634,0.30524116285228264,0.0,0.006373173566559368
5,1,active_fraction_q0.75,ORCA-joint,fixed_K2,30,1.0,1.0,0.0,1.0,1.0,2.0,0.44874369705668854,0.17267737373802156,-0.8386598860908159,0.7942494173334343,0.0,0.006373173566559368
5,1,active_fraction_q0.75,ORCA-joint,unknown_K,30,1.0,1.0,0.0,1.0,1.0,2.0,0.44874369705668854,0.17267737373802156,-0.8386598860908159,0.7942494173334343,0.0,0.006373173566559368
5,1,active_fraction_q0.75,Pearson,fixed_K2,30,1.0,1.0,0.0,1.0,1.0,2.0,0.02193877802683807,0.990183563948936,-0.9461659727427271,1.9205728674974025,0.0,0.006373173566559368
5,1,active_fraction_q0.75,Pearson,unknown_K,30,1.0,1.0,0.0,1.0,1.0,2.0,0.02193877802683807,0.990183563948936,-0.9461659727427271,1.9205728674974025,0.0,0.006373173566559368
5,1,active_fraction_q0.75,Raw-Cosine,fixed_K2,30,1.0,1.0,0.0,1.0,1.0,2.0,0.8,0.0,0.0,0.0,0.0,0.006373173566559368
5,1,active_fraction_q0.75,Raw-Cosine,unknown_K,30,0.0,0.0,0.0,0.5575997732088591,0.0,5.0,0.8,0.0,0.0,0.0,0.0,0.006373173566559368
5,1,active_fraction_q0.75,Single-Constraint-Mean,fixed_K2,30,1.0,1.0,0.0,1.0,1.0,2.0,0.72,0.0,-0.25,0.19537037037037036,0.0,0.006373173566559368
5,1,active_fraction_q0.75,Single-Constraint-Mean,unknown_K,30,0.0,0.0,0.0,0.5575997732088591,0.0,5.0,0.72,0.0,-0.25,0.19537037037037036,0.0,0.006373173566559368
5,1,active_fraction_q0.75,Spearman,fixed_K2,30,1.0,1.0,0.0,1.0,1.0,2.0,0.022229665222649565,0.9647733218784574,-0.9833723133615339,1.9036918670848542,0.0,0.006373173566559368
5,1,active_fraction_q0.75,Spearman,unknown_K,30,1.0,1.0,0.0,1.0,1.0,2.0,0.022229665222649565,0.9647733218784574,-0.9833723133615339,1.9036918670848542,0.0,0.006373173566559368
5,1,active_fraction_q1,ORCA-current,fixed_K2,30,1.0,1.0,0.0,1.0,1.0,2.0,0.679245283018868,0.0,-0.37735849056603765,0.37735849056603765,1.0,0.007093840333315408
5,1,active_fraction_q1,ORCA-current,unknown_K,30,0.0,0.0,0.0,0.5575997732088591,0.0,5.0,0.679245283018868,0.0,-0.37735849056603765,0.37735849056603765,1.0,0.007093840333315408
5,1,active_fraction_q1,ORCA-joint,fixed_K2,30,1.0,1.0,0.0,1.0,1.0,2.0,3.0642155479654317e-17,1.0,-1.0,1.9999999999999998,1.0,0.007093840333315408
5,1,active_fraction_q1,ORCA-joint,unknown_K,30,1.0,1.0,0.0,1.0,1.0,2.0,3.0642155479654317e-17,1.0,-1.0,1.9999999999999998,1.0,0.007093840333315408
5,1,active_fraction_q1,Pearson,fixed_K2,30,1.0,1.0,0.0,1.0,1.0,2.0,0.01431821038831131,1.0,-0.9552555925365273,1.9552555925365271,1.0,0.007093840333315408
5,1,active_fraction_q1,Pearson,unknown_K,30,1.0,1.0,0.0,1.0,1.0,2.0,0.01431821038831131,1.0,-0.9552555925365273,1.9552555925365271,1.0,0.007093840333315408
5,1,active_fraction_q1,Raw-Cosine,fixed_K2,30,1.0,1.0,0.0,1.0,1.0,2.0,0.8,0.0,0.0,0.0,1.0,0.007093840333315408
5,1,active_fraction_q1,Raw-Cosine,unknown_K,30,0.0,0.0,0.0,0.5575997732088591,0.0,5.0,0.8,0.0,0.0,0.0,1.0,0.007093840333315408
5,1,active_fraction_q1,Single-Constraint-Mean,fixed_K2,30,1.0,1.0,0.0,1.0,1.0,2.0,0.72,0.0,-0.25,0.25,1.0,0.007093840333315408
5,1,active_fraction_q1,Single-Constraint-Mean,unknown_K,30,0.0,0.0,0.0,0.5575997732088591,0.0,5.0,0.72,0.0,-0.25,0.25,1.0,0.007093840333315408
5,1,active_fraction_q1,Spearman,fixed_K2,30,1.0,1.0,0.0,1.0,1.0,2.0,0.0,1.0,-1.0,2.0,1.0,0.007093840333315408
5,1,active_fraction_q1,Spearman,unknown_K,30,1.0,1.0,0.0,1.0,1.0,2.0,0.0,1.0,-1.0,2.0,1.0,0.007093840333315408
5,1,exact_pf,ORCA-current,fixed_K2,1,1.0,1.0,0.0,1.0,1.0,2.0,0.679245283018868,0.0,-0.3773584905660379,0.3773584905660379,1.0,0.01384979199974623
5,1,exact_pf,ORCA-current,unknown_K,1,0.0,0.0,0.0,0.5575997732088591,0.0,5.0,0.679245283018868,0.0,-0.3773584905660379,0.3773584905660379,1.0,0.01384979199974623
5,1,exact_pf,ORCA-joint,fixed_K2,1,1.0,1.0,0.0,1.0,1.0,2.0,1.509903313490213e-16,0.9999999999999996,-1.0,1.9999999999999996,1.0,0.01384979199974623
5,1,exact_pf,ORCA-joint,unknown_K,1,1.0,1.0,0.0,1.0,1.0,2.0,1.509903313490213e-16,0.9999999999999996,-1.0,1.9999999999999996,1.0,0.01384979199974623
5,1,exact_pf,Pearson,fixed_K2,1,1.0,1.0,0.0,1.0,1.0,2.0,0.018494986575705887,1.0,-0.9422031669509191,1.942203166950919,1.0,0.01384979199974623
5,1,exact_pf,Pearson,unknown_K,1,1.0,1.0,0.0,1.0,1.0,2.0,0.018494986575705887,1.0,-0.9422031669509191,1.942203166950919,1.0,0.01384979199974623
5,1,exact_pf,Raw-Cosine,fixed_K2,1,1.0,1.0,0.0,1.0,1.0,2.0,0.8,0.0,0.0,0.0,1.0,0.01384979199974623
5,1,exact_pf,Raw-Cosine,unknown_K,1,0.0,0.0,0.0,0.5575997732088591,0.0,5.0,0.8,0.0,0.0,0.0,1.0,0.01384979199974623
5,1,exact_pf,Single-Constraint-Mean,fixed_K2,1,1.0,1.0,0.0,1.0,1.0,2.0,0.72,0.0,-0.25,0.25,1.0,0.01384979199974623
5,1,exact_pf,Single-Constraint-Mean,unknown_K,1,0.0,0.0,0.0,0.5575997732088591,0.0,5.0,0.72,0.0,-0.25,0.25,1.0,0.01384979199974623
5,1,exact_pf,Spearman,fixed_K2,1,1.0,1.0,0.0,1.0,1.0,2.0,0.0,1.0,-1.0,2.0,1.0,0.01384979199974623
5,1,exact_pf,Spearman,unknown_K,1,1.0,1.0,0.0,1.0,1.0,2.0,0.0,1.0,-1.0,2.0,1.0,0.01384979199974623
5,1,exact_pf_gradient_noise_0.01,ORCA-current,fixed_K2,30,1.0,1.0,0.0,1.0,1.0,2.0,0.7294485718680453,-0.0548910844118188,-0.3028098395300867,0.16415754606243346,1.0,0.0073280306334102836
5,1,exact_pf_gradient_noise_0.01,ORCA-current,unknown_K,30,0.0,0.01839080459770115,0.04768909015748419,0.5649710260674597,0.03809523809523809,4.866666666666666,0.7294485718680453,-0.0548910844118188,-0.3028098395300867,0.16415754606243346,1.0,0.0073280306334102836
5,1,exact_pf_gradient_noise_0.01,ORCA-joint,fixed_K2,30,1.0,1.0,0.0,1.0,1.0,2.0,0.553193525579344,-0.1049032838506523,-0.9286251583405285,0.4665586307491832,1.0,0.0073280306334102836
5,1,exact_pf_gradient_noise_0.01,ORCA-joint,unknown_K,30,0.43333333333333335,0.5638934501003466,0.4089941455758524,0.8021728536471705,0.6492063492063491,2.966666666666667,0.553193525579344,-0.1049032838506523,-0.9286251583405285,0.4665586307491832,1.0,0.0073280306334102836
5,1,exact_pf_gradient_noise_0.01,Pearson,fixed_K2,30,1.0,1.0,0.0,1.0,1.0,2.0,0.015342710467644707,1.0,-0.9520540297886105,1.9520540297886104,1.0,0.0073280306334102836
5,1,exact_pf_gradient_noise_0.01,Pearson,unknown_K,30,1.0,1.0,0.0,1.0,1.0,2.0,0.015342710467644707,1.0,-0.9520540297886105,1.9520540297886104,1.0,0.0073280306334102836
5,1,exact_pf_gradient_noise_0.01,Raw-Cosine,fixed_K2,30,0.03333333333333333,-0.041666666666666664,0.27670947283015335,0.24784111446915344,0.5033333333333333,2.0,0.8000678530156925,-6.4149912719706e-05,0.00011581580495959654,-0.004365831180660065,1.0,0.0073280306334102836
5,1,exact_pf_gradient_noise_0.01,Raw-Cosine,unknown_K,30,0.03333333333333333,-0.02333808167141501,0.2203148337054473,0.06269859023412115,0.6874074074074074,1.3,0.8000678530156925,-6.4149912719706e-05,0.00011581580495959654,-0.004365831180660065,1.0,0.0073280306334102836
5,1,exact_pf_gradient_noise_0.01,Single-Constraint-Mean,fixed_K2,30,0.8666666666666667,0.8846153846153847,0.3055295341960711,0.9119243577298407,0.94,2.0,0.761505255974312,0.00014854744086834106,-0.12007325391897261,0.006983881080262611,1.0,0.0073280306334102836
5,1,exact_pf_gradient_noise_0.01,Single-Constraint-Mean,unknown_K,30,0.5,0.6008058140242049,0.45291275844170403,0.7481270298482692,0.7891534391534392,2.3333333333333335,0.761505255974312,0.00014854744086834106,-0.12007325391897261,0.006983881080262611,1.0,0.0073280306334102836
5,1,exact_pf_gradient_noise_0.01,Spearman,fixed_K2,30,1.0,1.0,0.0,1.0,1.0,2.0,0.0,1.0,-1.0,2.0,1.0,0.0073280306334102836
5,1,exact_pf_gradient_noise_0.01,Spearman,unknown_K,30,1.0,1.0,0.0,1.0,1.0,2.0,0.0,1.0,-1.0,2.0,1.0,0.0073280306334102836
5,1,exact_pf_gradient_noise_0.05,ORCA-current,fixed_K2,30,1.0,1.0,0.0,1.0,1.0,2.0,0.7450577927487766,-0.0767312476810693,-0.28679126918167713,0.11413009039470792,1.0,0.007282051333398461
5,1,exact_pf_gradient_noise_0.05,ORCA-current,unknown_K,30,0.0,0.0,0.0,0.5575997732088591,0.0,5.0,0.7450577927487766,-0.0767312476810693,-0.28679126918167713,0.11413009039470792,1.0,0.007282051333398461
5,1,exact_pf_gradient_noise_0.05,ORCA-joint,fixed_K2,30,1.0,1.0,0.0,1.0,1.0,2.0,0.6219245248047005,-0.22752715121136174,-0.8977765868023534,0.34348901783436897,1.0,0.007282051333398461
5,1,exact_pf_gradient_noise_0.05,ORCA-joint,unknown_K,30,0.3,0.42001459587666484,0.4100390387387877,0.7387413727890557,0.5055555555555555,3.4,0.6219245248047005,-0.22752715121136174,-0.8977765868023534,0.34348901783436897,1.0,0.007282051333398461
5,1,exact_pf_gradient_noise_0.05,Pearson,fixed_K2,30,1.0,1.0,0.0,1.0,1.0,2.0,0.015342710467644707,1.0,-0.9520540297886105,1.9520540297886104,1.0,0.007282051333398461
5,1,exact_pf_gradient_noise_0.05,Pearson,unknown_K,30,1.0,1.0,0.0,1.0,1.0,2.0,0.015342710467644707,1.0,-0.9520540297886105,1.9520540297886104,1.0,0.007282051333398461
5,1,exact_pf_gradient_noise_0.05,Raw-Cosine,fixed_K2,30,0.03333333333333333,-0.0673076923076923,0.2676512019112064,0.23581915016137703,0.49,2.0,0.800353844503695,-0.00034664691214822,0.0005857937058244283,-0.021837119373678347,1.0,0.007282051333398461
5,1,exact_pf_gradient_noise_0.05,Raw-Cosine,unknown_K,30,0.03333333333333333,-0.04000474833808168,0.22750132531363568,0.06943107932238056,0.6707407407407406,1.3666666666666667,0.800353844503695,-0.00034664691214822,0.0005857937058244283,-0.021837119373678347,1.0,0.007282051333398461
5,1,exact_pf_gradient_noise_0.05,Single-Constraint-Mean,fixed_K2,30,0.6,0.6346153846153847,0.47402430424192216,0.7228822078231386,0.8200000000000001,2.0,0.7732925350509156,-0.0007940309052911408,-0.08465187432382562,-0.049128653412863196,1.0,0.007282051333398461
5,1,exact_pf_gradient_noise_0.05,Single-Constraint-Mean,unknown_K,30,0.4,0.3818022866873442,0.5347633680731687,0.4993679360745118,0.7465608465608465,1.9333333333333333,0.7732925350509156,-0.0007940309052911408,-0.08465187432382562,-0.049128653412863196,1.0,0.007282051333398461
5,1,exact_pf_gradient_noise_0.05,Spearman,fixed_K2,30,1.0,1.0,0.0,1.0,1.0,2.0,0.0,1.0,-1.0,2.0,1.0,0.007282051333398461
5,1,exact_pf_gradient_noise_0.05,Spearman,unknown_K,30,1.0,1.0,0.0,1.0,1.0,2.0,0.0,1.0,-1.0,2.0,1.0,0.007282051333398461
5,1,heterogeneous_contamination_q0.25,ORCA-current,fixed_K2,30,1.0,1.0,0.0,1.0,1.0,2.0,0.6827356239995691,0.0,-0.36645117500134666,0.19792140595030996,0.0,0.00496530133344398
5,1,heterogeneous_contamination_q0.25,ORCA-current,unknown_K,30,0.0,0.0,0.0,0.5575997732088591,0.0,5.0,0.6827356239995691,0.0,-0.36645117500134666,0.19792140595030996,0.0,0.00496530133344398
5,1,heterogeneous_contamination_q0.25,ORCA-joint,fixed_K2,30,1.0,1.0,0.0,1.0,1.0,2.0,0.6827356239995691,0.0,-0.3664511750013467,0.19792140595031002,0.0,0.00496530133344398
5,1,heterogeneous_contamination_q0.25,ORCA-joint,unknown_K,30,0.0,0.0,0.0,0.5575997732088591,0.0,5.0,0.6827356239995691,0.0,-0.3664511750013467,0.19792140595031002,0.0,0.00496530133344398
5,1,heterogeneous_contamination_q0.25,Pearson,fixed_K2,30,0.9666666666666667,0.9743589743589743,0.14044168141158106,0.9794838349709322,0.9866666666666667,2.0,0.5252793075151844,0.2009480310449419,-0.5570801174476361,0.20348685935389713,0.0,0.00496530133344398
5,1,heterogeneous_contamination_q0.25,Pearson,unknown_K,30,0.9,0.9444444444444444,0.1695158759052026,0.9725664820725769,0.9666666666666667,2.1,0.5252793075151844,0.2009480310449419,-0.5570801174476361,0.20348685935389713,0.0,0.00496530133344398
5,1,heterogeneous_contamination_q0.25,Raw-Cosine,fixed_K2,30,1.0,1.0,0.0,1.0,1.0,2.0,0.8,0.0,0.0,0.0,0.0,0.00496530133344398
5,1,heterogeneous_contamination_q0.25,Raw-Cosine,unknown_K,30,0.0,0.0,0.0,0.5575997732088591,0.0,5.0,0.8,0.0,0.0,0.0,0.0,0.00496530133344398
5,1,heterogeneous_contamination_q0.25,Single-Constraint-Mean,fixed_K2,30,1.0,1.0,0.0,1.0,1.0,2.0,0.72,0.0,-0.25,0.12222222222222222,0.0,0.00496530133344398
5,1,heterogeneous_contamination_q0.25,Single-Constraint-Mean,unknown_K,30,0.0,0.0,0.0,0.5575997732088591,0.0,5.0,0.72,0.0,-0.25,0.12222222222222222,0.0,0.00496530133344398
5,1,heterogeneous_contamination_q0.25,Spearman,fixed_K2,30,0.8666666666666667,0.8974358974358975,0.2659583874167388,0.9179353398837289,0.9466666666666667,2.0,0.5429195351976284,0.17968181454599225,-0.5338537306884228,0.139994699133627,0.0,0.00496530133344398
5,1,heterogeneous_contamination_q0.25,Spearman,unknown_K,30,0.9333333333333333,0.9558404558404558,0.17038050635508514,0.9703393289951244,0.9755555555555555,2.033333333333333,0.5429195351976284,0.17968181454599225,-0.5338537306884228,0.139994699133627,0.0,0.00496530133344398
5,1,heterogeneous_contamination_q0.5,ORCA-current,fixed_K2,30,1.0,1.0,0.0,1.0,1.0,2.0,0.6807623006178218,0.0,-0.3726178105693067,0.2596790444733593,0.0,0.005698694499975924
5,1,heterogeneous_contamination_q0.5,ORCA-current,unknown_K,30,0.0,0.0,0.0,0.5575997732088591,0.0,5.0,0.6807623006178218,0.0,-0.3726178105693067,0.2596790444733593,0.0,0.005698694499975924
5,1,heterogeneous_contamination_q0.5,ORCA-joint,fixed_K2,30,1.0,1.0,0.0,1.0,1.0,2.0,0.5791030565954924,0.038009166724362636,-0.6332891980525422,0.4712151640681323,0.0,0.005698694499975924
5,1,heterogeneous_contamination_q0.5,ORCA-joint,unknown_K,30,1.0,1.0,0.0,1.0,1.0,2.0,0.5791030565954924,0.038009166724362636,-0.6332891980525422,0.4712151640681323,0.0,0.005698694499975924
5,1,heterogeneous_contamination_q0.5,Pearson,fixed_K2,30,0.9333333333333333,0.9487179487179487,0.19516010130958647,0.9589676699418644,0.9733333333333333,2.0,0.46219881407751795,0.28473155340676665,-0.6285313758976065,0.3246988198779202,0.0,0.005698694499975924
5,1,heterogeneous_contamination_q0.5,Pearson,unknown_K,30,0.9333333333333333,0.962962962962963,0.1409489620569236,0.9817109880483845,0.9777777777777777,2.066666666666667,0.46219881407751795,0.28473155340676665,-0.6285313758976065,0.3246988198779202,0.0,0.005698694499975924
5,1,heterogeneous_contamination_q0.5,Raw-Cosine,fixed_K2,30,1.0,1.0,0.0,1.0,1.0,2.0,0.8,0.0,0.0,0.0,0.0,0.005698694499975924
5,1,heterogeneous_contamination_q0.5,Raw-Cosine,unknown_K,30,0.0,0.0,0.0,0.5575997732088591,0.0,5.0,0.8,0.0,0.0,0.0,0.0,0.005698694499975924
5,1,heterogeneous_contamination_q0.5,Single-Constraint-Mean,fixed_K2,30,1.0,1.0,0.0,1.0,1.0,2.0,0.72,0.0,-0.25,0.1625,0.0,0.005698694499975924
5,1,heterogeneous_contamination_q0.5,Single-Constraint-Mean,unknown_K,30,0.0,0.0,0.0,0.5575997732088591,0.0,5.0,0.72,0.0,-0.25,0.1625,0.0,0.005698694499975924
5,1,heterogeneous_contamination_q0.5,Spearman,fixed_K2,30,0.9,0.9230769230769231,0.23471428971489589,0.9384515049127966,0.9600000000000001,2.0,0.5135360007889918,0.2115368417384808,-0.5778947349266795,0.17282186814824776,0.0,0.005698694499975924
5,1,heterogeneous_contamination_q0.5,Spearman,unknown_K,30,0.8666666666666667,0.9082214082214082,0.23983232775387825,0.9495880912344141,0.9422222222222222,2.1,0.5135360007889918,0.2115368417384808,-0.5778947349266795,0.17282186814824776,0.0,0.005698694499975924
5,1,heterogeneous_contamination_q0.75,ORCA-current,fixed_K2,30,1.0,1.0,0.0,1.0,1.0,2.0,0.6797461205528996,0.0,-0.37579337327218865,0.3068207567927455,0.0,0.006322569466707743
5,1,heterogeneous_contamination_q0.75,ORCA-current,unknown_K,30,0.0,0.0,0.0,0.5575997732088591,0.0,5.0,0.6797461205528996,0.0,-0.37579337327218865,0.3068207567927455,0.0,0.006322569466707743
5,1,heterogeneous_contamination_q0.75,ORCA-joint,fixed_K2,30,1.0,1.0,0.0,1.0,1.0,2.0,0.4492589165915803,0.17133213281428225,-0.8390676864298882,0.7950506143204774,0.0,0.006322569466707743
5,1,heterogeneous_contamination_q0.75,ORCA-joint,unknown_K,30,1.0,1.0,0.0,1.0,1.0,2.0,0.4492589165915803,0.17133213281428225,-0.8390676864298882,0.7950506143204774,0.0,0.006322569466707743
5,1,heterogeneous_contamination_q0.75,Pearson,fixed_K2,30,0.9666666666666667,0.9743589743589743,0.14044168141158106,0.9794838349709322,0.9866666666666667,2.0,0.32905145450829226,0.48135986839648603,-0.7496744020668575,0.6401139549510916,0.0,0.006322569466707743
5,1,heterogeneous_contamination_q0.75,Pearson,unknown_K,30,1.0,1.0,0.0,1.0,1.0,2.0,0.32905145450829226,0.48135986839648603,-0.7496744020668575,0.6401139549510916,0.0,0.006322569466707743
5,1,heterogeneous_contamination_q0.75,Raw-Cosine,fixed_K2,30,1.0,1.0,0.0,1.0,1.0,2.0,0.8,0.0,0.0,0.0,0.0,0.006322569466707743
5,1,heterogeneous_contamination_q0.75,Raw-Cosine,unknown_K,30,0.0,0.0,0.0,0.5575997732088591,0.0,5.0,0.8,0.0,0.0,0.0,0.0,0.006322569466707743
5,1,heterogeneous_contamination_q0.75,Single-Constraint-Mean,fixed_K2,30,1.0,1.0,0.0,1.0,1.0,2.0,0.72,0.0,-0.25,0.19629629629629627,0.0,0.006322569466707743
5,1,heterogeneous_contamination_q0.75,Single-Constraint-Mean,unknown_K,30,0.0,0.0,0.0,0.5575997732088591,0.0,5.0,0.72,0.0,-0.25,0.19629629629629627,0.0,0.006322569466707743
5,1,heterogeneous_contamination_q0.75,Spearman,fixed_K2,30,0.9666666666666667,0.9743589743589743,0.1404416814115811,0.9794838349709322,0.9866666666666667,2.0,0.3396348438540287,0.4593827526473934,-0.7495669839850702,0.5450426310092479,0.0,0.006322569466707743
5,1,heterogeneous_contamination_q0.75,Spearman,unknown_K,30,0.9666666666666667,0.9743589743589743,0.1404416814115811,0.9794838349709322,0.9866666666666667,2.0,0.3396348438540287,0.4593827526473934,-0.7495669839850702,0.5450426310092479,0.0,0.006322569466707743
5,1,orca_selected_points,ORCA-current,fixed_K2,30,1.0,1.0,0.0,1.0,1.0,2.0,0.683162784115775,0.0,-0.3651162996382028,0.20437699850106147,0.25416666666666665,0.004228505533198283
5,1,orca_selected_points,ORCA-current,unknown_K,30,0.0,0.0,0.0,0.5575997732088591,0.0,5.0,0.683162784115775,0.0,-0.3651162996382028,0.20437699850106147,0.25416666666666665,0.004228505533198283
5,1,orca_selected_points,ORCA-joint,fixed_K2,30,0.9666666666666667,0.9615384615384616,0.21066252211737152,0.9734728528170441,0.98,2.0,0.4961971520390935,0.16185466763234502,-0.7066018984293154,0.5244324902341121,0.25416666666666665,0.004228505533198283
5,1,orca_selected_points,ORCA-joint,unknown_K,30,0.7666666666666667,0.8495712461229703,0.28279849448569905,0.9297668773243376,0.8984126984126984,2.2666666666666666,0.4961971520390935,0.16185466763234502,-0.7066018984293154,0.5244324902341121,0.25416666666666665,0.004228505533198283
5,1,orca_selected_points,Pearson,fixed_K2,30,0.9,0.8974358974358975,0.31833922569025663,0.9264295406050204,0.9466666666666667,2.0,0.11202509657888311,0.8428077636375743,-0.885709927734629,1.5053187170558047,0.25416666666666665,0.004228505533198283
5,1,orca_selected_points,Pearson,unknown_K,30,0.9,0.9025641025641026,0.30162001098680674,0.9196233544546429,0.9583333333333334,1.9666666666666666,0.11202509657888311,0.8428077636375743,-0.885709927734629,1.5053187170558047,0.25416666666666665,0.004228505533198283
5,1,orca_selected_points,Raw-Cosine,fixed_K2,30,1.0,1.0,0.0,1.0,1.0,2.0,0.8,0.0,0.0,0.0,0.25416666666666665,0.004228505533198283
5,1,orca_selected_points,Raw-Cosine,unknown_K,30,0.0,0.0,0.0,0.5575997732088591,0.0,5.0,0.8,0.0,0.0,0.0,0.25416666666666665,0.004228505533198283
5,1,orca_selected_points,Single-Constraint-Mean,fixed_K2,30,1.0,1.0,0.0,1.0,1.0,2.0,0.72,0.0,-0.25,0.12786822839992848,0.25416666666666665,0.004228505533198283
5,1,orca_selected_points,Single-Constraint-Mean,unknown_K,30,0.0,0.0,0.0,0.5575997732088591,0.0,5.0,0.72,0.0,-0.25,0.12786822839992848,0.25416666666666665,0.004228505533198283
5,1,orca_selected_points,Spearman,fixed_K2,30,0.9,0.8974358974358975,0.31833922569025663,0.9264295406050204,0.9466666666666667,2.0,0.17041803942303846,0.7601772358898377,-0.8271777729682483,1.278538061571389,0.25416666666666665,0.004228505533198283
5,1,orca_selected_points,Spearman,unknown_K,30,0.9,0.8974358974358975,0.31833922569025663,0.9264295406050204,0.9466666666666667,2.0,0.17041803942303846,0.7601772358898377,-0.8271777729682483,1.278538061571389,0.25416666666666665,0.004228505533198283
5,10,active_fraction_q0,ORCA-current,fixed_K2,30,1.0,1.0,0.0,1.0,1.0,2.0,0.8,0.0,0.0,0.0,0.0,0.0038599596665638575
5,10,active_fraction_q0,ORCA-current,unknown_K,30,0.0,0.0,0.0,0.5575997732088591,0.0,5.0,0.8,0.0,0.0,0.0,0.0,0.0038599596665638575
5,10,active_fraction_q0,ORCA-joint,fixed_K2,30,1.0,1.0,0.0,1.0,1.0,2.0,0.8,0.0,0.0,0.0,0.0,0.0038599596665638575
5,10,active_fraction_q0,ORCA-joint,unknown_K,30,0.0,0.0,0.0,0.5575997732088591,0.0,5.0,0.8,0.0,0.0,0.0,0.0,0.0038599596665638575
5,10,active_fraction_q0,Pearson,fixed_K2,30,1.0,1.0,0.0,1.0,1.0,2.0,0.01588867923845171,1.0,-0.9503478773798385,1.9503478773798384,0.0,0.0038599596665638575
5,10,active_fraction_q0,Pearson,unknown_K,30,1.0,1.0,0.0,1.0,1.0,2.0,0.01588867923845171,1.0,-0.9503478773798385,1.9503478773798384,0.0,0.0038599596665638575
5,10,active_fraction_q0,Raw-Cosine,fixed_K2,30,1.0,1.0,0.0,1.0,1.0,2.0,0.8,0.0,0.0,0.0,0.0,0.0038599596665638575
5,10,active_fraction_q0,Raw-Cosine,unknown_K,30,0.0,0.0,0.0,0.5575997732088591,0.0,5.0,0.8,0.0,0.0,0.0,0.0,0.0038599596665638575
5,10,active_fraction_q0,Single-Constraint-Mean,fixed_K2,30,1.0,1.0,0.0,1.0,1.0,2.0,0.0,,,,0.0,0.0038599596665638575
5,10,active_fraction_q0,Single-Constraint-Mean,unknown_K,30,0.0,0.0,0.0,0.5575997732088591,0.0,5.0,0.0,,,,0.0,0.0038599596665638575
5,10,active_fraction_q0,Spearman,fixed_K2,30,1.0,1.0,0.0,1.0,1.0,2.0,0.004773892773892743,1.0,-0.9850815850815853,1.985081585081585,0.0,0.0038599596665638575
5,10,active_fraction_q0,Spearman,unknown_K,30,1.0,1.0,0.0,1.0,1.0,2.0,0.004773892773892743,1.0,-0.9850815850815853,1.985081585081585,0.0,0.0038599596665638575
5,10,active_fraction_q0.25,ORCA-current,fixed_K2,30,1.0,1.0,0.0,1.0,1.0,2.0,0.6840158011888919,0.0,-0.36245062128471284,0.16822873455551093,0.0,0.005282701333332322
5,10,active_fraction_q0.25,ORCA-current,unknown_K,30,0.0,0.0,0.0,0.5575997732088591,0.0,5.0,0.6840158011888919,0.0,-0.36245062128471284,0.16822873455551093,0.0,0.005282701333332322
5,10,active_fraction_q0.25,ORCA-joint,fixed_K2,30,1.0,1.0,0.0,1.0,1.0,2.0,0.6840158011888919,0.0,-0.36245062128471284,0.16822873455551096,0.0,0.005282701333332322
5,10,active_fraction_q0.25,ORCA-joint,unknown_K,30,0.0,0.0,0.0,0.5575997732088591,0.0,5.0,0.6840158011888919,0.0,-0.36245062128471284,0.16822873455551096,0.0,0.005282701333332322
5,10,active_fraction_q0.25,Pearson,fixed_K2,30,1.0,1.0,0.0,1.0,1.0,2.0,0.01924052172568251,0.9899082882803975,-0.955010937186646,1.928973757115775,0.0,0.005282701333332322
5,10,active_fraction_q0.25,Pearson,unknown_K,30,1.0,1.0,0.0,1.0,1.0,2.0,0.01924052172568251,0.9899082882803975,-0.955010937186646,1.928973757115775,0.0,0.005282701333332322
5,10,active_fraction_q0.25,Raw-Cosine,fixed_K2,30,1.0,1.0,0.0,1.0,1.0,2.0,0.8,0.0,0.0,0.0,0.0,0.005282701333332322
5,10,active_fraction_q0.25,Raw-Cosine,unknown_K,30,0.0,0.0,0.0,0.5575997732088591,0.0,5.0,0.8,0.0,0.0,0.0,0.0,0.005282701333332322
5,10,active_fraction_q0.25,Single-Constraint-Mean,fixed_K2,30,1.0,1.0,0.0,1.0,1.0,2.0,0.72,0.0,-0.25,0.10277777777777777,0.0,0.005282701333332322
5,10,active_fraction_q0.25,Single-Constraint-Mean,unknown_K,30,0.0,0.0,0.0,0.5575997732088591,0.0,5.0,0.72,0.0,-0.25,0.10277777777777777,0.0,0.005282701333332322
5,10,active_fraction_q0.25,Spearman,fixed_K2,30,1.0,1.0,0.0,1.0,1.0,2.0,0.022750582750582667,0.9677933177933179,-0.9772144522144524,1.9046620046620049,0.0,0.005282701333332322
5,10,active_fraction_q0.25,Spearman,unknown_K,30,1.0,1.0,0.0,1.0,1.0,2.0,0.022750582750582667,0.9677933177933179,-0.9772144522144524,1.9046620046620049,0.0,0.005282701333332322
5,10,active_fraction_q0.5,ORCA-current,fixed_K2,30,1.0,1.0,0.0,1.0,1.0,2.0,0.6808917734482599,0.0,-0.3722132079741876,0.26044049896121013,0.0,0.006019698733386273
5,10,active_fraction_q0.5,ORCA-current,unknown_K,30,0.0,0.0,0.0,0.5575997732088591,0.0,5.0,0.6808917734482599,0.0,-0.3722132079741876,0.26044049896121013,0.0,0.006019698733386273
5,10,active_fraction_q0.5,ORCA-joint,fixed_K2,30,1.0,1.0,0.0,1.0,1.0,2.0,0.5793293242912857,0.03829067247769653,-0.6321598528731872,0.47017979469823934,0.0,0.006019698733386273
5,10,active_fraction_q0.5,ORCA-joint,unknown_K,30,1.0,1.0,0.0,1.0,1.0,2.0,0.5793293242912857,0.03829067247769653,-0.6321598528731872,0.47017979469823934,0.0,0.006019698733386273
5,10,active_fraction_q0.5,Pearson,fixed_K2,30,1.0,1.0,0.0,1.0,1.0,2.0,0.022492016123360832,0.9856725823195648,-0.9512035761351502,1.9200962716858945,0.0,0.006019698733386273
5,10,active_fraction_q0.5,Pearson,unknown_K,30,1.0,1.0,0.0,1.0,1.0,2.0,0.022492016123360832,0.9856725823195648,-0.9512035761351502,1.9200962716858945,0.0,0.006019698733386273
5,10,active_fraction_q0.5,Raw-Cosine,fixed_K2,30,1.0,1.0,0.0,1.0,1.0,2.0,0.8,0.0,0.0,0.0,0.0,0.006019698733386273
5,10,active_fraction_q0.5,Raw-Cosine,unknown_K,30,0.0,0.0,0.0,0.5575997732088591,0.0,5.0,0.8,0.0,0.0,0.0,0.0,0.006019698733386273
5,10,active_fraction_q0.5,Single-Constraint-Mean,fixed_K2,30,1.0,1.0,0.0,1.0,1.0,2.0,0.72,0.0,-0.25,0.1638888888888889,0.0,0.006019698733386273
5,10,active_fraction_q0.5,Single-Constraint-Mean,unknown_K,30,0.0,0.0,0.0,0.5575997732088591,0.0,5.0,0.72,0.0,-0.25,0.1638888888888889,0.0,0.006019698733386273
5,10,active_fraction_q0.5,Spearman,fixed_K2,30,1.0,1.0,0.0,1.0,1.0,2.0,0.028773892773892695,0.9558275058275059,-0.9763403263403264,1.8846153846153848,0.0,0.006019698733386273
5,10,active_fraction_q0.5,Spearman,unknown_K,30,1.0,1.0,0.0,1.0,1.0,2.0,0.028773892773892695,0.9558275058275059,-0.9763403263403264,1.8846153846153848,0.0,0.006019698733386273
5,10,active_fraction_q0.75,ORCA-current,fixed_K2,30,1.0,1.0,0.0,1.0,1.0,2.0,0.6796574495014488,0.0,-0.37607047030797236,0.3170519033824355,0.0,0.006787079066937925
5,10,active_fraction_q0.75,ORCA-current,unknown_K,30,0.0,0.0,0.0,0.5575997732088591,0.0,5.0,0.6796574495014488,0.0,-0.37607047030797236,0.3170519033824355,0.0,0.006787079066937925
5,10,active_fraction_q0.75,ORCA-joint,fixed_K2,30,1.0,1.0,0.0,1.0,1.0,2.0,0.45010434295318524,0.16882347557200778,-0.8401887149132844,0.8189431184404923,0.0,0.006787079066937925
5,10,active_fraction_q0.75,ORCA-joint,unknown_K,30,1.0,1.0,0.0,1.0,1.0,2.0,0.45010434295318524,0.16882347557200778,-0.8401887149132844,0.8189431184404923,0.0,0.006787079066937925
5,10,active_fraction_q0.75,Pearson,fixed_K2,30,1.0,1.0,0.0,1.0,1.0,2.0,0.0218480406418809,0.9893287818148084,-0.9477317002719097,1.9191171589162292,0.0,0.006787079066937925
5,10,active_fraction_q0.75,Pearson,unknown_K,30,1.0,1.0,0.0,1.0,1.0,2.0,0.0218480406418809,0.9893287818148084,-0.9477317002719097,1.9191171589162292,0.0,0.006787079066937925
5,10,active_fraction_q0.75,Raw-Cosine,fixed_K2,30,1.0,1.0,0.0,1.0,1.0,2.0,0.8,0.0,0.0,0.0,0.0,0.006787079066937925
5,10,active_fraction_q0.75,Raw-Cosine,unknown_K,30,0.0,0.0,0.0,0.5575997732088591,0.0,5.0,0.8,0.0,0.0,0.0,0.0,0.006787079066937925
5,10,active_fraction_q0.75,Single-Constraint-Mean,fixed_K2,30,1.0,1.0,0.0,1.0,1.0,2.0,0.72,0.0,-0.25,0.2037037037037037,0.0,0.006787079066937925
5,10,active_fraction_q0.75,Single-Constraint-Mean,unknown_K,30,0.0,0.0,0.0,0.5575997732088591,0.0,5.0,0.72,0.0,-0.25,0.2037037037037037,0.0,0.006787079066937925
5,10,active_fraction_q0.75,Spearman,fixed_K2,30,1.0,1.0,0.0,1.0,1.0,2.0,0.02312354312354305,0.9631701631701632,-0.9829836829836831,1.893006993006993,0.0,0.006787079066937925
5,10,active_fraction_q0.75,Spearman,unknown_K,30,1.0,1.0,0.0,1.0,1.0,2.0,0.02312354312354305,0.9631701631701632,-0.9829836829836831,1.893006993006993,0.0,0.006787079066937925
5,10,active_fraction_q1,ORCA-current,fixed_K2,30,1.0,1.0,0.0,1.0,1.0,2.0,0.679245283018868,0.0,-0.37735849056603765,0.37735849056603765,1.0,0.007443595899894717
5,10,active_fraction_q1,ORCA-current,unknown_K,30,0.0,0.0,0.0,0.5575997732088591,0.0,5.0,0.679245283018868,0.0,-0.37735849056603765,0.37735849056603765,1.0,0.007443595899894717
5,10,active_fraction_q1,ORCA-joint,fixed_K2,30,1.0,1.0,0.0,1.0,1.0,2.0,3.5823196261238383e-17,1.0,-1.0,1.9999999999999998,1.0,0.007443595899894717
5,10,active_fraction_q1,ORCA-joint,unknown_K,30,1.0,1.0,0.0,1.0,1.0,2.0,3.5823196261238383e-17,1.0,-1.0,1.9999999999999998,1.0,0.007443595899894717
5,10,active_fraction_q1,Pearson,fixed_K2,30,1.0,1.0,0.0,1.0,1.0,2.0,0.013847395221259651,1.0,-0.9567268899335637,1.9567268899335637,1.0,0.007443595899894717
5,10,active_fraction_q1,Pearson,unknown_K,30,1.0,1.0,0.0,1.0,1.0,2.0,0.013847395221259651,1.0,-0.9567268899335637,1.9567268899335637,1.0,0.007443595899894717
5,10,active_fraction_q1,Raw-Cosine,fixed_K2,30,1.0,1.0,0.0,1.0,1.0,2.0,0.8,0.0,0.0,0.0,1.0,0.007443595899894717
5,10,active_fraction_q1,Raw-Cosine,unknown_K,30,0.0,0.0,0.0,0.5575997732088591,0.0,5.0,0.8,0.0,0.0,0.0,1.0,0.007443595899894717
5,10,active_fraction_q1,Single-Constraint-Mean,fixed_K2,30,1.0,1.0,0.0,1.0,1.0,2.0,0.72,0.0,-0.25,0.25,1.0,0.007443595899894717
5,10,active_fraction_q1,Single-Constraint-Mean,unknown_K,30,0.0,0.0,0.0,0.5575997732088591,0.0,5.0,0.72,0.0,-0.25,0.25,1.0,0.007443595899894717
5,10,active_fraction_q1,Spearman,fixed_K2,30,1.0,1.0,0.0,1.0,1.0,2.0,0.0,1.0,-1.0,2.0,1.0,0.007443595899894717
5,10,active_fraction_q1,Spearman,unknown_K,30,1.0,1.0,0.0,1.0,1.0,2.0,0.0,1.0,-1.0,2.0,1.0,0.007443595899894717
5,10,exact_pf,ORCA-current,fixed_K2,1,1.0,1.0,0.0,1.0,1.0,2.0,0.679245283018868,0.0,-0.3773584905660379,0.3773584905660379,1.0,0.015470999998797197
5,10,exact_pf,ORCA-current,unknown_K,1,0.0,0.0,0.0,0.5575997732088591,0.0,5.0,0.679245283018868,0.0,-0.3773584905660379,0.3773584905660379,1.0,0.015470999998797197
5,10,exact_pf,ORCA-joint,fixed_K2,1,1.0,1.0,0.0,1.0,1.0,2.0,1.687538997430238e-16,0.9999999999999996,-1.0,1.9999999999999996,1.0,0.015470999998797197
5,10,exact_pf,ORCA-joint,unknown_K,1,1.0,1.0,0.0,1.0,1.0,2.0,1.687538997430238e-16,0.9999999999999996,-1.0,1.9999999999999996,1.0,0.015470999998797197
5,10,exact_pf,Pearson,fixed_K2,1,1.0,1.0,0.0,1.0,1.0,2.0,0.018494986575705818,1.0,-0.9422031669509193,1.9422031669509194,1.0,0.015470999998797197
5,10,exact_pf,Pearson,unknown_K,1,1.0,1.0,0.0,1.0,1.0,2.0,0.018494986575705818,1.0,-0.9422031669509193,1.9422031669509194,1.0,0.015470999998797197
5,10,exact_pf,Raw-Cosine,fixed_K2,1,1.0,1.0,0.0,1.0,1.0,2.0,0.8,0.0,0.0,0.0,1.0,0.015470999998797197
5,10,exact_pf,Raw-Cosine,unknown_K,1,0.0,0.0,0.0,0.5575997732088591,0.0,5.0,0.8,0.0,0.0,0.0,1.0,0.015470999998797197
5,10,exact_pf,Single-Constraint-Mean,fixed_K2,1,1.0,1.0,0.0,1.0,1.0,2.0,0.72,0.0,-0.25,0.25,1.0,0.015470999998797197
5,10,exact_pf,Single-Constraint-Mean,unknown_K,1,0.0,0.0,0.0,0.5575997732088591,0.0,5.0,0.72,0.0,-0.25,0.25,1.0,0.015470999998797197
5,10,exact_pf,Spearman,fixed_K2,1,1.0,1.0,0.0,1.0,1.0,2.0,0.0,1.0,-1.0,2.0,1.0,0.015470999998797197
5,10,exact_pf,Spearman,unknown_K,1,1.0,1.0,0.0,1.0,1.0,2.0,0.0,1.0,-1.0,2.0,1.0,0.015470999998797197
5,10,exact_pf_gradient_noise_0.01,ORCA-current,fixed_K2,30,1.0,1.0,0.0,1.0,1.0,2.0,0.7363087079236339,-0.014476846396617466,-0.22075055733357002,0.18181380461322816,1.0,0.007690166699770392
5,10,exact_pf_gradient_noise_0.01,ORCA-current,unknown_K,30,0.0,0.02298850574712644,0.05228262369509678,0.5668138392821099,0.04761904761904761,4.833333333333333,0.7363087079236339,-0.014476846396617466,-0.22075055733357002,0.18181380461322816,1.0,0.007690166699770392
5,10,exact_pf_gradient_noise_0.01,ORCA-joint,fixed_K2,30,1.0,1.0,0.0,1.0,1.0,2.0,0.443544143977527,0.35555532084362074,-0.580591568804797,0.7372239423455856,1.0,0.007690166699770392
5,10,exact_pf_gradient_noise_0.01,ORCA-joint,unknown_K,30,1.0,1.0,0.0,1.0,1.0,2.0,0.443544143977527,0.35555532084362074,-0.580591568804797,0.7372239423455856,1.0,0.007690166699770392
5,10,exact_pf_gradient_noise_0.01,Pearson,fixed_K2,30,1.0,1.0,0.0,1.0,1.0,2.0,0.01572316732334166,1.0,-0.9508651021145573,1.9508651021145573,1.0,0.007690166699770392
5,10,exact_pf_gradient_noise_0.01,Pearson,unknown_K,30,1.0,1.0,0.0,1.0,1.0,2.0,0.01572316732334166,1.0,-0.9508651021145573,1.9508651021145573,1.0,0.007690166699770392
5,10,exact_pf_gradient_noise_0.01,Raw-Cosine,fixed_K2,30,0.1,0.022435897435897436,0.37967931159125784,0.2948844266811772,0.5366666666666667,2.0,0.8000117572955169,-2.8900199339076212e-05,-6.60875051840057e-06,-0.001361466129152458,1.0,0.007690166699770392
5,10,exact_pf_gradient_noise_0.01,Raw-Cosine,unknown_K,30,0.0,-0.027382355830631703,0.13521766248626177,0.06825570855016366,0.6784126984126984,1.3666666666666667,0.8000117572955169,-2.8900199339076212e-05,-6.60875051840057e-06,-0.001361466129152458,1.0,0.007690166699770392
5,10,exact_pf_gradient_noise_0.01,Single-Constraint-Mean,fixed_K2,30,1.0,1.0,0.0,1.0,1.0,2.0,0.7601133757777758,0.00016590728820463919,-0.12439683976214339,0.09779157915883545,1.0,0.007690166699770392
5,10,exact_pf_gradient_noise_0.01,Single-Constraint-Mean,unknown_K,30,0.5666666666666667,0.7078087940156905,0.3519542765180371,0.8636217763617509,0.7936507936507937,2.566666666666667,0.7601133757777758,0.00016590728820463919,-0.12439683976214339,0.09779157915883545,1.0,0.007690166699770392
5,10,exact_pf_gradient_noise_0.01,Spearman,fixed_K2,30,1.0,1.0,0.0,1.0,1.0,2.0,0.0,1.0,-1.0,2.0,1.0,0.007690166699770392
5,10,exact_pf_gradient_noise_0.01,Spearman,unknown_K,30,1.0,1.0,0.0,1.0,1.0,2.0,0.0,1.0,-1.0,2.0,1.0,0.007690166699770392
5,10,exact_pf_gradient_noise_0.05,ORCA-current,fixed_K2,30,1.0,1.0,0.0,1.0,1.0,2.0,0.7532690338360981,-0.01983959696850529,-0.17579366471495142,0.12939343080348603,1.0,0.0077965487333131024
5,10,exact_pf_gradient_noise_0.05,ORCA-current,unknown_K,30,0.0,0.009195402298850575,0.03499422506240862,0.5612853996381594,0.019047619047619046,4.933333333333334,0.7532690338360981,-0.01983959696850529,-0.17579366471495142,0.12939343080348603,1.0,0.0077965487333131024
5,10,exact_pf_gradient_noise_0.05,ORCA-joint,fixed_K2,30,1.0,1.0,0.0,1.0,1.0,2.0,0.5355798512139294,0.25497362764321224,-0.4438525234916523,0.5301725449335877,1.0,0.0077965487333131024
5,10,exact_pf_gradient_noise_0.05,ORCA-joint,unknown_K,30,1.0,1.0,0.0,1.0,1.0,2.0,0.5355798512139294,0.25497362764321224,-0.4438525234916523,0.5301725449335877,1.0,0.0077965487333131024
5,10,exact_pf_gradient_noise_0.05,Pearson,fixed_K2,30,1.0,1.0,0.0,1.0,1.0,2.0,0.01572316732334166,1.0,-0.9508651021145573,1.9508651021145573,1.0,0.0077965487333131024
5,10,exact_pf_gradient_noise_0.05,Pearson,unknown_K,30,1.0,1.0,0.0,1.0,1.0,2.0,0.01572316732334166,1.0,-0.9508651021145573,1.9508651021145573,1.0,0.0077965487333131024
5,10,exact_pf_gradient_noise_0.05,Raw-Cosine,fixed_K2,30,0.06666666666666667,-0.01923076923076923,0.3346146223961562,0.2649173378919735,0.52,2.0,0.8000613957918544,-0.00015087193415920538,-3.444605169369182e-05,-0.006813300113843509,1.0,0.0077965487333131024
5,10,exact_pf_gradient_noise_0.05,Raw-Cosine,unknown_K,30,0.0,-0.02892556570717491,0.13807985173239545,0.07061731203579588,0.6691534391534391,1.4,0.8000613957918544,-0.00015087193415920538,-3.444605169369182e-05,-0.006813300113843509,1.0,0.0077965487333131024
5,10,exact_pf_gradient_noise_0.05,Single-Constraint-Mean,fixed_K2,30,0.9666666666666667,0.9743589743589743,0.14044168141158106,0.9794838349709322,0.9866666666666667,2.0,0.7715702516958554,0.00029446902596085326,-0.08840125991151075,0.05451148675845012,1.0,0.0077965487333131024
5,10,exact_pf_gradient_noise_0.05,Single-Constraint-Mean,unknown_K,30,0.5666666666666667,0.6984477846546812,0.37348019367954854,0.8487013609636977,0.7958730158730158,2.533333333333333,0.7715702516958554,0.00029446902596085326,-0.08840125991151075,0.05451148675845012,1.0,0.0077965487333131024
5,10,exact_pf_gradient_noise_0.05,Spearman,fixed_K2,30,1.0,1.0,0.0,1.0,1.0,2.0,0.0,1.0,-1.0,2.0,1.0,0.0077965487333131024
5,10,exact_pf_gradient_noise_0.05,Spearman,unknown_K,30,1.0,1.0,0.0,1.0,1.0,2.0,0.0,1.0,-1.0,2.0,1.0,0.0077965487333131024
5,10,heterogeneous_contamination_q0.25,ORCA-current,fixed_K2,30,1.0,1.0,0.0,1.0,1.0,2.0,0.6825274899994324,0.0,-0.3671015937517738,0.20264953833801683,0.0,0.005341518099946067
5,10,heterogeneous_contamination_q0.25,ORCA-current,unknown_K,30,0.0,0.0,0.0,0.5575997732088591,0.0,5.0,0.6825274899994324,0.0,-0.3671015937517738,0.20264953833801683,0.0,0.005341518099946067
5,10,heterogeneous_contamination_q0.25,ORCA-joint,fixed_K2,30,1.0,1.0,0.0,1.0,1.0,2.0,0.6825274899994324,0.0,-0.36710159375177387,0.20264953833801688,0.0,0.005341518099946067
5,10,heterogeneous_contamination_q0.25,ORCA-joint,unknown_K,30,0.0,0.0,0.0,0.5575997732088591,0.0,5.0,0.6825274899994324,0.0,-0.36710159375177387,0.20264953833801688,0.0,0.005341518099946067
5,10,heterogeneous_contamination_q0.25,Pearson,fixed_K2,30,0.9333333333333333,0.9487179487179487,0.1951601013095865,0.9589676699418644,0.9733333333333333,2.0,0.4750408738987121,0.275090894605289,-0.6028609271585914,0.3448743266428781,0.0,0.005341518099946067
5,10,heterogeneous_contamination_q0.25,Pearson,unknown_K,30,0.9333333333333333,0.9481481481481481,0.20577720954658962,0.9575221606908589,0.9805555555555556,2.0,0.4750408738987121,0.275090894605289,-0.6028609271585914,0.3448743266428781,0.0,0.005341518099946067
5,10,heterogeneous_contamination_q0.25,Raw-Cosine,fixed_K2,30,1.0,1.0,0.0,1.0,1.0,2.0,0.8,0.0,0.0,0.0,0.0,0.005341518099946067
5,10,heterogeneous_contamination_q0.25,Raw-Cosine,unknown_K,30,0.0,0.0,0.0,0.5575997732088591,0.0,5.0,0.8,0.0,0.0,0.0,0.0,0.005341518099946067
5,10,heterogeneous_contamination_q0.25,Single-Constraint-Mean,fixed_K2,30,1.0,1.0,0.0,1.0,1.0,2.0,0.72,0.0,-0.25,0.12499999999999999,0.0,0.005341518099946067
5,10,heterogeneous_contamination_q0.25,Single-Constraint-Mean,unknown_K,30,0.0,0.0,0.0,0.5575997732088591,0.0,5.0,0.72,0.0,-0.25,0.12499999999999999,0.0,0.005341518099946067
5,10,heterogeneous_contamination_q0.25,Spearman,fixed_K2,30,0.9666666666666667,0.9743589743589743,0.14044168141158103,0.9794838349709322,0.9866666666666667,2.0,0.49158041958041954,0.25765345765345765,-0.5773310023310024,0.26993006993006996,0.0,0.005341518099946067
5,10,heterogeneous_contamination_q0.25,Spearman,unknown_K,30,0.9333333333333333,0.9527458492975734,0.18428016843348918,0.9779516330124711,0.9650793650793651,2.1,0.49158041958041954,0.25765345765345765,-0.5773310023310024,0.26993006993006996,0.0,0.005341518099946067
5,10,heterogeneous_contamination_q0.5,ORCA-current,fixed_K2,30,1.0,1.0,0.0,1.0,1.0,2.0,0.6807566451602831,0.0,-0.3726354838741153,0.2592929949010847,0.0,0.006036670833297345
5,10,heterogeneous_contamination_q0.5,ORCA-current,unknown_K,30,0.0,0.0,0.0,0.5575997732088591,0.0,5.0,0.6807566451602831,0.0,-0.3726354838741153,0.2592929949010847,0.0,0.006036670833297345
5,10,heterogeneous_contamination_q0.5,ORCA-joint,fixed_K2,30,1.0,1.0,0.0,1.0,1.0,2.0,0.5792129540750977,0.037817602599152775,-0.6332331146165907,0.46786115856041965,0.0,0.006036670833297345
5,10,heterogeneous_contamination_q0.5,ORCA-joint,unknown_K,30,1.0,1.0,0.0,1.0,1.0,2.0,0.5792129540750977,0.037817602599152775,-0.6332331146165907,0.46786115856041965,0.0,0.006036670833297345
5,10,heterogeneous_contamination_q0.5,Pearson,fixed_K2,30,1.0,1.0,0.0,1.0,1.0,2.0,0.4549754504278194,0.2937553994400072,-0.6375686182530537,0.46146110084055103,0.0,0.006036670833297345
5,10,heterogeneous_contamination_q0.5,Pearson,unknown_K,30,0.9666666666666667,0.9814814814814814,0.10143010324169745,0.9908554940241923,0.9888888888888889,2.033333333333333,0.4549754504278194,0.2937553994400072,-0.6375686182530537,0.46146110084055103,0.0,0.006036670833297345
5,10,heterogeneous_contamination_q0.5,Raw-Cosine,fixed_K2,30,1.0,1.0,0.0,1.0,1.0,2.0,0.8,0.0,0.0,0.0,0.0,0.006036670833297345
5,10,heterogeneous_contamination_q0.5,Raw-Cosine,unknown_K,30,0.0,0.0,0.0,0.5575997732088591,0.0,5.0,0.8,0.0,0.0,0.0,0.0,0.006036670833297345
5,10,heterogeneous_contamination_q0.5,Single-Constraint-Mean,fixed_K2,30,1.0,1.0,0.0,1.0,1.0,2.0,0.72,0.0,-0.25,0.1625,0.0,0.006036670833297345
5,10,heterogeneous_contamination_q0.5,Single-Constraint-Mean,unknown_K,30,0.0,0.0,0.0,0.5575997732088591,0.0,5.0,0.72,0.0,-0.25,0.1625,0.0,0.006036670833297345
5,10,heterogeneous_contamination_q0.5,Spearman,fixed_K2,30,0.9666666666666667,0.9743589743589743,0.14044168141158106,0.9794838349709322,0.9866666666666667,2.0,0.4629370629370629,0.281973581973582,-0.6303613053613054,0.3620046620046621,0.0,0.006036670833297345
5,10,heterogeneous_contamination_q0.5,Spearman,unknown_K,30,0.9666666666666667,0.9814814814814814,0.10143010324169743,0.9908554940241923,0.9888888888888889,2.033333333333333,0.4629370629370629,0.281973581973582,-0.6303613053613054,0.3620046620046621,0.0,0.006036670833297345
5,10,heterogeneous_contamination_q0.75,ORCA-current,fixed_K2,30,1.0,1.0,0.0,1.0,1.0,2.0,0.6797274662464029,0.0,-0.3758516679799909,0.30692509482425445,0.0,0.006715740300084387
5,10,heterogeneous_contamination_q0.75,ORCA-current,unknown_K,30,0.0,0.0,0.0,0.5575997732088591,0.0,5.0,0.6797274662464029,0.0,-0.3758516679799909,0.30692509482425445,0.0,0.006715740300084387
5,10,heterogeneous_contamination_q0.75,ORCA-joint,fixed_K2,30,1.0,1.0,0.0,1.0,1.0,2.0,0.44945949008895353,0.17075360070562934,-0.8393086924135763,0.7969589762002717,0.0,0.006715740300084387
5,10,heterogeneous_contamination_q0.75,ORCA-joint,unknown_K,30,1.0,1.0,0.0,1.0,1.0,2.0,0.44945949008895353,0.17075360070562934,-0.8393086924135763,0.7969589762002717,0.0,0.006715740300084387
5,10,heterogeneous_contamination_q0.75,Pearson,fixed_K2,30,1.0,1.0,0.0,1.0,1.0,2.0,0.3729882355862329,0.41513452492467684,-0.7117099764060071,0.6355201167353416,0.0,0.006715740300084387
5,10,heterogeneous_contamination_q0.75,Pearson,unknown_K,30,1.0,1.0,0.0,1.0,1.0,2.0,0.3729882355862329,0.41513452492467684,-0.7117099764060071,0.6355201167353416,0.0,0.006715740300084387
5,10,heterogeneous_contamination_q0.75,Raw-Cosine,fixed_K2,30,1.0,1.0,0.0,1.0,1.0,2.0,0.8,0.0,0.0,0.0,0.0,0.006715740300084387
5,10,heterogeneous_contamination_q0.75,Raw-Cosine,unknown_K,30,0.0,0.0,0.0,0.5575997732088591,0.0,5.0,0.8,0.0,0.0,0.0,0.0,0.006715740300084387
5,10,heterogeneous_contamination_q0.75,Single-Constraint-Mean,fixed_K2,30,1.0,1.0,0.0,1.0,1.0,2.0,0.72,0.0,-0.25,0.19629629629629627,0.0,0.006715740300084387
5,10,heterogeneous_contamination_q0.75,Single-Constraint-Mean,unknown_K,30,0.0,0.0,0.0,0.5575997732088591,0.0,5.0,0.72,0.0,-0.25,0.19629629629629627,0.0,0.006715740300084387
5,10,heterogeneous_contamination_q0.75,Spearman,fixed_K2,30,0.9333333333333333,0.9487179487179487,0.19516010130958647,0.9589676699418644,0.9733333333333333,2.0,0.32300233100233094,0.4861305361305362,-0.7614219114219115,0.7254079254079254,0.0,0.006715740300084387
5,10,heterogeneous_contamination_q0.75,Spearman,unknown_K,30,0.9333333333333333,0.9558404558404558,0.17038050635508514,0.9703393289951244,0.9755555555555555,2.033333333333333,0.32300233100233094,0.4861305361305362,-0.7614219114219115,0.7254079254079254,0.0,0.006715740300084387
5,10,orca_selected_points,ORCA-current,fixed_K2,30,1.0,1.0,0.0,1.0,1.0,2.0,0.7392080094454735,0.0,-0.18997497048289536,0.0,0.0,0.0020720875997843296
5,10,orca_selected_points,ORCA-current,unknown_K,30,0.0,0.0,0.0,0.5575997732088591,0.0,5.0,0.7392080094454735,0.0,-0.18997497048289536,0.0,0.0,0.0020720875997843296
5,10,orca_selected_points,ORCA-joint,fixed_K2,30,0.8333333333333334,0.8461538461538463,0.3585319997687685,0.8853972105468847,0.92,2.0,0.7161383097236734,0.01308848347177866,-0.2424350569058525,0.027658810370258732,0.0,0.0020720875997843296
5,10,orca_selected_points,ORCA-joint,unknown_K,30,0.0,0.11699507389162563,0.06388159855540886,0.5823082294349767,0.28214285714285714,3.9,0.7161383097236734,0.01308848347177866,-0.2424350569058525,0.027658810370258732,0.0,0.0020720875997843296
5,10,orca_selected_points,Pearson,fixed_K2,30,1.0,1.0,0.0,1.0,1.0,2.0,0.10515542251967563,0.8562685684083152,-0.886986452013541,1.4137289166080989,0.0,0.0020720875997843296
5,10,orca_selected_points,Pearson,unknown_K,30,1.0,1.0,0.0,1.0,1.0,2.0,0.10515542251967563,0.8562685684083152,-0.886986452013541,1.4137289166080989,0.0,0.0020720875997843296
5,10,orca_selected_points,Raw-Cosine,fixed_K2,30,1.0,1.0,0.0,1.0,1.0,2.0,0.8,0.0,0.0,0.0,0.0,0.0020720875997843296
5,10,orca_selected_points,Raw-Cosine,unknown_K,30,0.0,0.0,0.0,0.5575997732088591,0.0,5.0,0.8,0.0,0.0,0.0,0.0,0.0020720875997843296
5,10,orca_selected_points,Single-Constraint-Mean,fixed_K2,30,1.0,1.0,0.0,1.0,1.0,2.0,0.7568204736440031,0.0,-0.13493601986249046,0.0,0.0,0.0020720875997843296
5,10,orca_selected_points,Single-Constraint-Mean,unknown_K,30,0.0,0.0,0.0,0.5575997732088591,0.0,5.0,0.7568204736440031,0.0,-0.13493601986249046,0.0,0.0,0.0020720875997843296
5,10,orca_selected_points,Spearman,fixed_K2,30,1.0,1.0,0.0,1.0,1.0,2.0,0.054148380010528234,0.9395768345427216,-0.921421060653017,1.7267092001621773,0.0,0.0020720875997843296
5,10,orca_selected_points,Spearman,unknown_K,30,1.0,1.0,0.0,1.0,1.0,2.0,0.054148380010528234,0.9395768345427216,-0.921421060653017,1.7267092001621773,0.0,0.0020720875997843296
10,1,active_fraction_q0,ORCA-current,fixed_K2,30,1.0,1.0,0.0,1.0000000000000004,1.0,2.0,0.9,0.0,0.0,0.0,0.0,0.011028266733471051
10,1,active_fraction_q0,ORCA-current,unknown_K,30,0.0,0.0,0.0,0.37574158873434244,0.0,10.0,0.9,0.0,0.0,0.0,0.0,0.011028266733471051
10,1,active_fraction_q0,ORCA-joint,fixed_K2,30,1.0,1.0,0.0,1.0000000000000004,1.0,2.0,0.9,0.0,0.0,0.0,0.0,0.011028266733471051
10,1,active_fraction_q0,ORCA-joint,unknown_K,30,0.0,0.0,0.0,0.37574158873434244,0.0,10.0,0.9,0.0,0.0,0.0,0.0,0.011028266733471051
10,1,active_fraction_q0,Pearson,fixed_K2,30,1.0,1.0,0.0,1.0000000000000004,1.0,2.0,0.00892310353661145,1.0,-0.950427202574381,1.950427202574381,0.0,0.011028266733471051
10,1,active_fraction_q0,Pearson,unknown_K,30,1.0,1.0,0.0,1.0000000000000004,1.0,2.0,0.00892310353661145,1.0,-0.950427202574381,1.950427202574381,0.0,0.011028266733471051
10,1,active_fraction_q0,Raw-Cosine,fixed_K2,30,1.0,1.0,0.0,1.0000000000000004,1.0,2.0,0.9,0.0,0.0,0.0,0.0,0.011028266733471051
10,1,active_fraction_q0,Raw-Cosine,unknown_K,30,0.0,0.0,0.0,0.37574158873434244,0.0,10.0,0.9,0.0,0.0,0.0,0.0,0.011028266733471051
10,1,active_fraction_q0,Single-Constraint-Mean,fixed_K2,30,1.0,1.0,0.0,1.0000000000000004,1.0,2.0,0.0,,,,0.0,0.011028266733471051
10,1,active_fraction_q0,Single-Constraint-Mean,unknown_K,30,0.0,0.0,0.0,0.37574158873434244,0.0,10.0,0.0,,,,0.0,0.011028266733471051
10,1,active_fraction_q0,Spearman,fixed_K2,30,1.0,1.0,0.0,1.0000000000000004,1.0,2.0,0.0024752329281371365,1.0,-0.9862487059547936,1.9862487059547937,0.0,0.011028266733471051
10,1,active_fraction_q0,Spearman,unknown_K,30,1.0,1.0,0.0,1.0000000000000004,1.0,2.0,0.0024752329281371365,1.0,-0.9862487059547936,1.9862487059547937,0.0,0.011028266733471051
10,1,active_fraction_q0.25,ORCA-current,fixed_K2,30,1.0,1.0,0.0,1.0000000000000004,1.0,2.0,0.8673359441669596,0.0,-0.1814669768502254,0.05356818122775567,0.0,0.014468933366576191
10,1,active_fraction_q0.25,ORCA-current,unknown_K,30,0.0,0.0,0.0,0.37574158873434244,0.0,10.0,0.8673359441669596,0.0,-0.1814669768502254,0.05356818122775567,0.0,0.014468933366576191
10,1,active_fraction_q0.25,ORCA-joint,fixed_K2,30,0.9666666666666667,0.9838709677419355,0.08834234798470421,0.98207630898976,0.9953846153846154,2.0,0.8365776463005085,0.005537760390167795,-0.33019536788094844,0.10345153663856929,0.0,0.014468933366576191
10,1,active_fraction_q0.25,ORCA-joint,unknown_K,30,0.6666666666666666,0.8437118437118437,0.23321051678948498,0.8965182237013699,0.9467836257309942,2.3666666666666667,0.8365776463005085,0.005537760390167795,-0.33019536788094844,0.10345153663856929,0.0,0.014468933366576191
10,1,active_fraction_q0.25,Pearson,fixed_K2,30,1.0,1.0,0.0,1.0000000000000004,1.0,2.0,0.016865797603261814,0.992079823117604,-0.9379818319559075,1.9110629477265826,0.0,0.014468933366576191
10,1,active_fraction_q0.25,Pearson,unknown_K,30,1.0,1.0,0.0,1.0000000000000004,1.0,2.0,0.016865797603261814,0.992079823117604,-0.9379818319559075,1.9110629477265826,0.0,0.014468933366576191
10,1,active_fraction_q0.25,Raw-Cosine,fixed_K2,30,1.0,1.0,0.0,1.0000000000000004,1.0,2.0,0.9,0.0,0.0,0.0,0.0,0.014468933366576191
10,1,active_fraction_q0.25,Raw-Cosine,unknown_K,30,0.0,0.0,0.0,0.37574158873434244,0.0,10.0,0.9,0.0,0.0,0.0,0.0,0.014468933366576191
10,1,active_fraction_q0.25,Single-Constraint-Mean,fixed_K2,30,1.0,1.0,0.0,1.0000000000000004,1.0,2.0,0.8800000000000001,0.0,-0.1111111111111111,0.030555555555555555,0.0,0.014468933366576191
10,1,active_fraction_q0.25,Single-Constraint-Mean,unknown_K,30,0.0,0.0,0.0,0.37574158873434244,0.0,10.0,0.8800000000000001,0.0,-0.1111111111111111,0.030555555555555555,0.0,0.014468933366576191
10,1,active_fraction_q0.25,Spearman,fixed_K2,30,1.0,1.0,0.0,1.0000000000000004,1.0,2.0,0.026543312640688786,0.9693269737014193,-0.9752292571904966,1.877518043961335,0.0,0.014468933366576191
10,1,active_fraction_q0.25,Spearman,unknown_K,30,1.0,1.0,0.0,1.0000000000000004,1.0,2.0,0.026543312640688786,0.9693269737014193,-0.9752292571904966,1.877518043961335,0.0,0.014468933366576191
10,1,active_fraction_q0.5,ORCA-current,fixed_K2,30,1.0,1.0,0.0,1.0000000000000004,1.0,2.0,0.8669568411484213,0.0,-0.18357310473099359,0.08448845824336135,0.0,0.016875801433585972
10,1,active_fraction_q0.5,ORCA-current,unknown_K,30,0.0,0.0,0.0,0.37574158873434244,0.0,10.0,0.8669568411484213,0.0,-0.18357310473099359,0.08448845824336135,0.0,0.016875801433585972
10,1,active_fraction_q0.5,ORCA-joint,fixed_K2,30,1.0,1.0,0.0,1.0000000000000004,1.0,2.0,0.7683866270973703,0.03805211652054151,-0.578976938932444,0.29890870626417454,0.0,0.016875801433585972
10,1,active_fraction_q0.5,ORCA-joint,unknown_K,30,0.9666666666666667,0.986111111111111,0.07607257743127303,0.9904413423603259,0.9958333333333333,2.033333333333333,0.7683866270973703,0.03805211652054151,-0.578976938932444,0.29890870626417454,0.0,0.016875801433585972
10,1,active_fraction_q0.5,Pearson,fixed_K2,30,1.0,1.0,0.0,1.0000000000000004,1.0,2.0,0.017642118717742288,0.9898676314520433,-0.9425177035377033,1.9128548120175008,0.0,0.016875801433585972
10,1,active_fraction_q0.5,Pearson,unknown_K,30,1.0,1.0,0.0,1.0000000000000004,1.0,2.0,0.017642118717742288,0.9898676314520433,-0.9425177035377033,1.9128548120175008,0.0,0.016875801433585972
10,1,active_fraction_q0.5,Raw-Cosine,fixed_K2,30,1.0,1.0,0.0,1.0000000000000004,1.0,2.0,0.9,0.0,0.0,0.0,0.0,0.016875801433585972
10,1,active_fraction_q0.5,Raw-Cosine,unknown_K,30,0.0,0.0,0.0,0.37574158873434244,0.0,10.0,0.9,0.0,0.0,0.0,0.0,0.016875801433585972
10,1,active_fraction_q0.5,Single-Constraint-Mean,fixed_K2,30,1.0,1.0,0.0,1.0000000000000004,1.0,2.0,0.88,0.0,-0.1111111111111111,0.04861111111111111,0.0,0.016875801433585972
10,1,active_fraction_q0.5,Single-Constraint-Mean,unknown_K,30,0.0,0.0,0.0,0.37574158873434244,0.0,10.0,0.88,0.0,-0.1111111111111111,0.04861111111111111,0.0,0.016875801433585972
10,1,active_fraction_q0.5,Spearman,fixed_K2,30,1.0,1.0,0.0,1.0000000000000004,1.0,2.0,0.02540578534945655,0.9695605174251922,-0.9806146783578061,1.894321425289461,0.0,0.016875801433585972
10,1,active_fraction_q0.5,Spearman,unknown_K,30,1.0,1.0,0.0,1.0000000000000004,1.0,2.0,0.02540578534945655,0.9695605174251922,-0.9806146783578061,1.894321425289461,0.0,0.016875801433585972
10,1,active_fraction_q0.75,ORCA-current,fixed_K2,30,1.0,1.0,0.0,1.0000000000000004,1.0,2.0,0.8667286337567954,0.0,-0.18484092357335832,0.13983692870786324,0.0,0.020144394199996897
10,1,active_fraction_q0.75,ORCA-current,unknown_K,30,0.0,0.0,0.0,0.37574158873434244,0.0,10.0,0.8667286337567954,0.0,-0.18484092357335832,0.13983692870786324,0.0,0.020144394199996897
10,1,active_fraction_q0.75,ORCA-joint,fixed_K2,30,1.0,1.0,0.0,1.0000000000000004,1.0,2.0,0.581059942204551,0.22820200060947737,-0.8590812075368072,0.7807551116213536,0.0,0.020144394199996897
10,1,active_fraction_q0.75,ORCA-joint,unknown_K,30,1.0,1.0,0.0,1.0000000000000004,1.0,2.0,0.581059942204551,0.22820200060947737,-0.8590812075368072,0.7807551116213536,0.0,0.020144394199996897
10,1,active_fraction_q0.75,Pearson,fixed_K2,30,1.0,1.0,0.0,1.0000000000000004,1.0,2.0,0.01417616689275816,0.9931011557776527,-0.9488388941518439,1.922384028968053,0.0,0.020144394199996897
10,1,active_fraction_q0.75,Pearson,unknown_K,30,1.0,1.0,0.0,1.0000000000000004,1.0,2.0,0.01417616689275816,0.9931011557776527,-0.9488388941518439,1.922384028968053,0.0,0.020144394199996897
10,1,active_fraction_q0.75,Raw-Cosine,fixed_K2,30,1.0,1.0,0.0,1.0000000000000004,1.0,2.0,0.9,0.0,0.0,0.0,0.0,0.020144394199996897
10,1,active_fraction_q0.75,Raw-Cosine,unknown_K,30,0.0,0.0,0.0,0.37574158873434244,0.0,10.0,0.9,0.0,0.0,0.0,0.0,0.020144394199996897
10,1,active_fraction_q0.75,Single-Constraint-Mean,fixed_K2,30,1.0,1.0,0.0,1.0000000000000004,1.0,2.0,0.88,0.0,-0.1111111111111111,0.08214285714285713,0.0,0.020144394199996897
10,1,active_fraction_q0.75,Single-Constraint-Mean,unknown_K,30,0.0,0.0,0.0,0.37574158873434244,0.0,10.0,0.88,0.0,-0.1111111111111111,0.08214285714285713,0.0,0.020144394199996897
10,1,active_fraction_q0.75,Spearman,fixed_K2,30,1.0,1.0,0.0,1.0000000000000004,1.0,2.0,0.02367567716134737,0.9709869001478111,-0.9845208596234927,1.8831137170963244,0.0,0.020144394199996897
10,1,active_fraction_q0.75,Spearman,unknown_K,30,1.0,1.0,0.0,1.0000000000000004,1.0,2.0,0.02367567716134737,0.9709869001478111,-0.9845208596234927,1.8831137170963244,0.0,0.020144394199996897
10,1,active_fraction_q1,ORCA-current,fixed_K2,30,1.0,1.0,0.0,1.0000000000000004,1.0,2.0,0.8666666666666666,0.0,-0.18518518518518523,0.18518518518518523,1.0,0.022799116633541415
10,1,active_fraction_q1,ORCA-current,unknown_K,30,0.0,0.0,0.0,0.37574158873434244,0.0,10.0,0.8666666666666666,0.0,-0.18518518518518523,0.18518518518518523,1.0,0.022799116633541415
10,1,active_fraction_q1,ORCA-joint,fixed_K2,30,1.0,1.0,0.0,1.0000000000000004,1.0,2.0,4.796163466380677e-17,1.0,-1.0,1.9999999999999998,1.0,0.022799116633541415
10,1,active_fraction_q1,ORCA-joint,unknown_K,30,1.0,1.0,0.0,1.0000000000000004,1.0,2.0,4.796163466380677e-17,1.0,-1.0,1.9999999999999998,1.0,0.022799116633541415
10,1,active_fraction_q1,Pearson,fixed_K2,30,1.0,1.0,0.0,1.0000000000000004,1.0,2.0,0.008172708339772218,0.9999999999999999,-0.9545960647790435,1.9545960647790435,1.0,0.022799116633541415
10,1,active_fraction_q1,Pearson,unknown_K,30,1.0,1.0,0.0,1.0000000000000004,1.0,2.0,0.008172708339772218,0.9999999999999999,-0.9545960647790435,1.9545960647790435,1.0,0.022799116633541415
10,1,active_fraction_q1,Raw-Cosine,fixed_K2,30,1.0,1.0,0.0,1.0000000000000004,1.0,2.0,0.9,0.0,0.0,0.0,1.0,0.022799116633541415
10,1,active_fraction_q1,Raw-Cosine,unknown_K,30,0.0,0.0,0.0,0.37574158873434244,0.0,10.0,0.9,0.0,0.0,0.0,1.0,0.022799116633541415
10,1,active_fraction_q1,Single-Constraint-Mean,fixed_K2,30,1.0,1.0,0.0,1.0000000000000004,1.0,2.0,0.88,0.0,-0.1111111111111111,0.1111111111111111,1.0,0.022799116633541415
10,1,active_fraction_q1,Single-Constraint-Mean,unknown_K,30,0.0,0.0,0.0,0.37574158873434244,0.0,10.0,0.88,0.0,-0.1111111111111111,0.1111111111111111,1.0,0.022799116633541415
10,1,active_fraction_q1,Spearman,fixed_K2,30,1.0,1.0,0.0,1.0000000000000004,1.0,2.0,0.0,1.0,-1.0,2.0,1.0,0.022799116633541415
10,1,active_fraction_q1,Spearman,unknown_K,30,1.0,1.0,0.0,1.0000000000000004,1.0,2.0,0.0,1.0,-1.0,2.0,1.0,0.022799116633541415
10,1,exact_pf,ORCA-current,fixed_K2,1,1.0,1.0,0.0,1.0000000000000004,1.0,2.0,0.8666666666666666,0.0,-0.18518518518518512,0.18518518518518512,1.0,0.044473207999544684
10,1,exact_pf,ORCA-current,unknown_K,1,0.0,0.0,0.0,0.37574158873434244,0.0,10.0,0.8666666666666666,0.0,-0.18518518518518512,0.18518518518518512,1.0,0.044473207999544684
10,1,exact_pf,ORCA-joint,fixed_K2,1,1.0,1.0,0.0,1.0000000000000004,1.0,2.0,2.0650148258027913e-16,0.9999999999999998,-1.0,1.9999999999999996,1.0,0.044473207999544684
10,1,exact_pf,ORCA-joint,unknown_K,1,1.0,1.0,0.0,1.0000000000000004,1.0,2.0,2.0650148258027913e-16,0.9999999999999998,-1.0,1.9999999999999996,1.0,0.044473207999544684
10,1,exact_pf,Pearson,fixed_K2,1,1.0,1.0,0.0,1.0000000000000004,1.0,2.0,0.010403429948834562,1.0,-0.9422031669509191,1.942203166950919,1.0,0.044473207999544684
10,1,exact_pf,Pearson,unknown_K,1,1.0,1.0,0.0,1.0000000000000004,1.0,2.0,0.010403429948834562,1.0,-0.9422031669509191,1.942203166950919,1.0,0.044473207999544684
10,1,exact_pf,Raw-Cosine,fixed_K2,1,1.0,1.0,0.0,1.0000000000000004,1.0,2.0,0.9,0.0,0.0,0.0,1.0,0.044473207999544684
10,1,exact_pf,Raw-Cosine,unknown_K,1,0.0,0.0,0.0,0.37574158873434244,0.0,10.0,0.9,0.0,0.0,0.0,1.0,0.044473207999544684
10,1,exact_pf,Single-Constraint-Mean,fixed_K2,1,1.0,1.0,0.0,1.0000000000000004,1.0,2.0,0.88,0.0,-0.1111111111111111,0.1111111111111111,1.0,0.044473207999544684
10,1,exact_pf,Single-Constraint-Mean,unknown_K,1,0.0,0.0,0.0,0.37574158873434244,0.0,10.0,0.88,0.0,-0.1111111111111111,0.1111111111111111,1.0,0.044473207999544684
10,1,exact_pf,Spearman,fixed_K2,1,1.0,1.0,0.0,1.0000000000000004,1.0,2.0,0.0,1.0,-1.0,2.0,1.0,0.044473207999544684
10,1,exact_pf,Spearman,unknown_K,1,1.0,1.0,0.0,1.0000000000000004,1.0,2.0,0.0,1.0,-1.0,2.0,1.0,0.044473207999544684
10,1,exact_pf_gradient_noise_0.01,ORCA-current,fixed_K2,30,1.0,1.0,0.0,1.0000000000000004,1.0,2.0,0.8842289195611355,-0.017364243182628167,-0.15707408627975986,0.06780785208383824,1.0,0.02474550420010928
10,1,exact_pf_gradient_noise_0.01,ORCA-current,unknown_K,30,0.0,0.015129961938538024,0.04119956894038568,0.38853177421985685,0.054392919514115616,9.2,0.8842289195611355,-0.017364243182628167,-0.15707408627975986,0.06780785208383824,1.0,0.02474550420010928
10,1,exact_pf_gradient_noise_0.01,ORCA-joint,fixed_K2,30,1.0,1.0,0.0,1.0000000000000004,1.0,2.0,0.7467505509343121,-0.019738059211743438,-0.9303380649896845,0.4150312901736052,1.0,0.02474550420010928
10,1,exact_pf_gradient_noise_0.01,ORCA-joint,unknown_K,30,0.6666666666666666,0.7442271904904277,0.3857561280581154,0.843389382768886,0.8344984389951452,2.966666666666667,0.7467505509343121,-0.019738059211743438,-0.9303380649896845,0.4150312901736052,1.0,0.02474550420010928
10,1,exact_pf_gradient_noise_0.01,Pearson,fixed_K2,30,1.0,1.0,0.0,1.0000000000000004,1.0,2.0,0.008213405155889298,0.9999999999999999,-0.9543699713561709,1.9543699713561709,1.0,0.02474550420010928
10,1,exact_pf_gradient_noise_0.01,Pearson,unknown_K,30,1.0,1.0,0.0,1.0000000000000004,1.0,2.0,0.008213405155889298,0.9999999999999999,-0.9543699713561709,1.9543699713561709,1.0,0.02474550420010928
10,1,exact_pf_gradient_noise_0.01,Raw-Cosine,fixed_K2,30,0.0,-0.04718622675611921,0.1480456654761659,0.11223252003006141,0.6595210247841827,2.0,0.9000715287534411,-5.96442283171214e-05,0.00015880505029323814,-0.005010893912328202,1.0,0.02474550420010928
10,1,exact_pf_gradient_noise_0.01,Raw-Cosine,unknown_K,30,0.0,0.0,0.0,0.0,0.888888888888889,1.0,0.9000715287534411,-5.96442283171214e-05,0.00015880505029323814,-0.005010893912328202,1.0,0.02474550420010928
10,1,exact_pf_gradient_noise_0.01,Single-Constraint-Mean,fixed_K2,30,0.43333333333333335,0.6310970192690623,0.3623648885543594,0.6374230175792704,0.8741173446436604,2.0,0.8908195739548009,-0.0006662912217482981,-0.053667531804765606,-0.03463680140660111,1.0,0.02474550420010928
10,1,exact_pf_gradient_noise_0.01,Single-Constraint-Mean,unknown_K,30,0.26666666666666666,0.2801672640382318,0.4519659730017807,0.28321797517388936,0.9139031339031339,1.3333333333333333,0.8908195739548009,-0.0006662912217482981,-0.053667531804765606,-0.03463680140660111,1.0,0.02474550420010928
10,1,exact_pf_gradient_noise_0.01,Spearman,fixed_K2,30,1.0,1.0,0.0,1.0000000000000004,1.0,2.0,0.0,1.0,-1.0,2.0,1.0,0.02474550420010928
10,1,exact_pf_gradient_noise_0.01,Spearman,unknown_K,30,1.0,1.0,0.0,1.0000000000000004,1.0,2.0,0.0,1.0,-1.0,2.0,1.0,0.02474550420010928
10,1,exact_pf_gradient_noise_0.05,ORCA-current,fixed_K2,30,1.0,1.0,0.0,1.0000000000000004,1.0,2.0,0.8939907516206042,-0.030071471501724907,-0.15367059922576579,0.03649818100744781,1.0,0.02492353886646015
10,1,exact_pf_gradient_noise_0.05,ORCA-current,unknown_K,30,0.0,0.001896227027729073,0.005264169005179855,0.3777562657296427,0.008914177335229968,9.833333333333334,0.8939907516206042,-0.030071471501724907,-0.15367059922576579,0.03649818100744781,1.0,0.02492353886646015
10,1,exact_pf_gradient_noise_0.05,ORCA-joint,fixed_K2,30,1.0,1.0,0.0,1.0000000000000004,1.0,2.0,0.8530399000751943,-0.161592312820383,-0.907258695308231,0.24445765892285423,1.0,0.02492353886646015
10,1,exact_pf_gradient_noise_0.05,ORCA-joint,unknown_K,30,0.5333333333333333,0.6495446916439761,0.4061498800009789,0.7858625446980334,0.7741873766549979,3.4,0.8530399000751943,-0.161592312820383,-0.907258695308231,0.24445765892285423,1.0,0.02492353886646015
10,1,exact_pf_gradient_noise_0.05,Pearson,fixed_K2,30,1.0,1.0,0.0,1.0000000000000004,1.0,2.0,0.008213405155889298,0.9999999999999999,-0.9543699713561709,1.9543699713561709,1.0,0.02492353886646015
10,1,exact_pf_gradient_noise_0.05,Pearson,unknown_K,30,1.0,1.0,0.0,1.0000000000000004,1.0,2.0,0.008213405155889298,0.9999999999999999,-0.9543699713561709,1.9543699713561709,1.0,0.02492353886646015
10,1,exact_pf_gradient_noise_0.05,Raw-Cosine,fixed_K2,30,0.0,-0.04718622675611921,0.1480456654761659,0.11223252003006141,0.6595210247841827,2.0,0.9003579651104882,-0.0002999135237967052,0.0007890409630805865,-0.02493369245342786,1.0,0.02492353886646015
10,1,exact_pf_gradient_noise_0.05,Raw-Cosine,unknown_K,30,0.0,0.0,0.0,0.0,0.888888888888889,1.0,0.9003579651104882,-0.0002999135237967052,0.0007890409630805865,-0.02493369245342786,1.0,0.02492353886646015
10,1,exact_pf_gradient_noise_0.05,Single-Constraint-Mean,fixed_K2,30,0.2,0.42750359954661027,0.3611959185931062,0.4516664843819564,0.8202789023841656,2.0,0.8937436054546886,-0.0008055631806476452,-0.037980000196543,-0.06822934012208194,1.0,0.02492353886646015
10,1,exact_pf_gradient_noise_0.05,Single-Constraint-Mean,unknown_K,30,0.1,0.1,0.30512857662936466,0.10000000000000005,0.9,1.1,0.8937436054546886,-0.0008055631806476452,-0.037980000196543,-0.06822934012208194,1.0,0.02492353886646015
10,1,exact_pf_gradient_noise_0.05,Spearman,fixed_K2,30,1.0,1.0,0.0,1.0000000000000004,1.0,2.0,0.0,1.0,-1.0,2.0,1.0,0.02492353886646015
10,1,exact_pf_gradient_noise_0.05,Spearman,unknown_K,30,1.0,1.0,0.0,1.0000000000000004,1.0,2.0,0.0,1.0,-1.0,2.0,1.0,0.02492353886646015
10,1,heterogeneous_contamination_q0.25,ORCA-current,fixed_K2,30,1.0,1.0,0.0,1.0000000000000004,1.0,2.0,0.8673976340880661,0.0,-0.18112425506629967,0.04608630140545032,0.0,0.014333631933368451
10,1,heterogeneous_contamination_q0.25,ORCA-current,unknown_K,30,0.0,0.0,0.0,0.37574158873434244,0.0,10.0,0.8673976340880661,0.0,-0.18112425506629967,0.04608630140545032,0.0,0.014333631933368451
10,1,heterogeneous_contamination_q0.25,ORCA-joint,fixed_K2,30,1.0,1.0,0.0,1.0000000000000004,1.0,2.0,0.8367785803627653,0.005542514823644552,-0.32906004980116954,0.08869976359337906,0.0,0.014333631933368451
10,1,heterogeneous_contamination_q0.25,ORCA-joint,unknown_K,30,0.5666666666666667,0.7817599067599068,0.26930995172940225,0.8562604827086874,0.9193151147098516,2.566666666666667,0.8367785803627653,0.005542514823644552,-0.32906004980116954,0.08869976359337906,0.0,0.014333631933368451
10,1,heterogeneous_contamination_q0.25,Pearson,fixed_K2,30,0.9666666666666667,0.9838709677419355,0.08834234798470422,0.98207630898976,0.9953846153846154,2.0,0.5768952669727336,0.3086938874906531,-0.5602507446333124,-0.0066996082978386775,0.0,0.014333631933368451
10,1,heterogeneous_contamination_q0.25,Pearson,unknown_K,30,0.9333333333333333,0.9333333333333333,0.2537081317024624,0.9333333333333338,0.9925925925925926,1.9333333333333333,0.5768952669727336,0.3086938874906531,-0.5602507446333124,-0.0066996082978386775,0.0,0.014333631933368451
10,1,heterogeneous_contamination_q0.25,Raw-Cosine,fixed_K2,30,1.0,1.0,0.0,1.0000000000000004,1.0,2.0,0.9,0.0,0.0,0.0,0.0,0.014333631933368451
10,1,heterogeneous_contamination_q0.25,Raw-Cosine,unknown_K,30,0.0,0.0,0.0,0.37574158873434244,0.0,10.0,0.9,0.0,0.0,0.0,0.0,0.014333631933368451
10,1,heterogeneous_contamination_q0.25,Single-Constraint-Mean,fixed_K2,30,1.0,1.0,0.0,1.0000000000000004,1.0,2.0,0.88,0.0,-0.1111111111111111,0.02638888888888889,0.0,0.014333631933368451
10,1,heterogeneous_contamination_q0.25,Single-Constraint-Mean,unknown_K,30,0.0,0.0,0.0,0.37574158873434244,0.0,10.0,0.88,0.0,-0.1111111111111111,0.02638888888888889,0.0,0.014333631933368451
10,1,heterogeneous_contamination_q0.25,Spearman,fixed_K2,30,0.9,0.9430505774591796,0.1780799868722488,0.9408522901361677,0.9818803418803419,2.0,0.5933842576104956,0.2908985394661513,-0.5398266331881966,-0.06001895230317127,0.0,0.014333631933368451
10,1,heterogeneous_contamination_q0.25,Spearman,unknown_K,30,0.8666666666666667,0.8666666666666667,0.3457459036417604,0.866666666666667,0.9851851851851853,1.8666666666666667,0.5933842576104956,0.2908985394661513,-0.5398266331881966,-0.06001895230317127,0.0,0.014333631933368451
10,1,heterogeneous_contamination_q0.5,ORCA-current,fixed_K2,30,1.0,1.0,0.0,1.0000000000000004,1.0,2.0,0.8669415110875003,0.0,-0.18365827173610974,0.09738859908834946,0.0,0.01685083186663784
10,1,heterogeneous_contamination_q0.5,ORCA-current,unknown_K,30,0.0,0.0,0.0,0.37574158873434244,0.0,10.0,0.8669415110875003,0.0,-0.18365827173610974,0.09738859908834946,0.0,0.01685083186663784
10,1,heterogeneous_contamination_q0.5,ORCA-joint,fixed_K2,30,1.0,1.0,0.0,1.0000000000000004,1.0,2.0,0.7680892048869389,0.03821102379922233,-0.5799936554312279,0.34115654451262867,0.0,0.01685083186663784
10,1,heterogeneous_contamination_q0.5,ORCA-joint,unknown_K,30,1.0,1.0,0.0,1.0000000000000004,1.0,2.0,0.7680892048869389,0.03821102379922233,-0.5799936554312279,0.34115654451262867,0.0,0.01685083186663784
10,1,heterogeneous_contamination_q0.5,Pearson,fixed_K2,30,0.9,0.9344882516925528,0.20365379077559717,0.9354756533030563,0.9776068376068375,2.0,0.5592386525579822,0.32484556966474465,-0.59373631824112,-0.011191925593425436,0.0,0.01685083186663784
10,1,heterogeneous_contamination_q0.5,Pearson,unknown_K,30,0.9,0.9,0.30512857662936466,0.9000000000000004,0.9888888888888889,1.9,0.5592386525579822,0.32484556966474465,-0.59373631824112,-0.011191925593425436,0.0,0.01685083186663784
10,1,heterogeneous_contamination_q0.5,Raw-Cosine,fixed_K2,30,1.0,1.0,0.0,1.0000000000000004,1.0,2.0,0.9,0.0,0.0,0.0,0.0,0.01685083186663784
10,1,heterogeneous_contamination_q0.5,Raw-Cosine,unknown_K,30,0.0,0.0,0.0,0.37574158873434244,0.0,10.0,0.9,0.0,0.0,0.0,0.0,0.01685083186663784
10,1,heterogeneous_contamination_q0.5,Single-Constraint-Mean,fixed_K2,30,1.0,1.0,0.0,1.0000000000000004,1.0,2.0,0.88,0.0,-0.1111111111111111,0.05625,0.0,0.01685083186663784
10,1,heterogeneous_contamination_q0.5,Single-Constraint-Mean,unknown_K,30,0.0,0.0,0.0,0.37574158873434244,0.0,10.0,0.88,0.0,-0.1111111111111111,0.05625,0.0,0.01685083186663784
10,1,heterogeneous_contamination_q0.5,Spearman,fixed_K2,30,0.9,0.9430505774591796,0.17807998687224877,0.9408522901361677,0.9818803418803419,2.0,0.5884892121528424,0.2900229516791136,-0.5705236813233092,-0.08346439399605904,0.0,0.01685083186663784
10,1,heterogeneous_contamination_q0.5,Spearman,unknown_K,30,0.8333333333333334,0.8333333333333334,0.3790490217894517,0.8333333333333337,0.9814814814814815,1.8333333333333333,0.5884892121528424,0.2900229516791136,-0.5705236813233092,-0.08346439399605904,0.0,0.01685083186663784
10,1,heterogeneous_contamination_q0.75,ORCA-current,fixed_K2,30,1.0,1.0,0.0,1.0000000000000004,1.0,2.0,0.8667229927604826,0.0,-0.18487226244176344,0.14357357116159938,0.0,0.020415697066406818
10,1,heterogeneous_contamination_q0.75,ORCA-current,unknown_K,30,0.0,0.0,0.0,0.37574158873434244,0.0,10.0,0.8667229927604826,0.0,-0.18487226244176344,0.14357357116159938,0.0,0.020415697066406818
10,1,heterogeneous_contamination_q0.75,ORCA-joint,fixed_K2,30,1.0,1.0,0.0,1.0000000000000004,1.0,2.0,0.5829202483742851,0.2255031440493855,-0.8595415995008739,0.7991612340229636,0.0,0.020415697066406818
10,1,heterogeneous_contamination_q0.75,ORCA-joint,unknown_K,30,1.0,1.0,0.0,1.0000000000000004,1.0,2.0,0.5829202483742851,0.2255031440493855,-0.8595415995008739,0.7991612340229636,0.0,0.020415697066406818
10,1,heterogeneous_contamination_q0.75,Pearson,fixed_K2,30,1.0,1.0,0.0,1.0000000000000004,1.0,2.0,0.35210860836266616,0.5703958430463564,-0.7622576924664294,0.4767306486335005,0.0,0.020415697066406818
10,1,heterogeneous_contamination_q0.75,Pearson,unknown_K,30,1.0,1.0,0.0,1.0000000000000004,1.0,2.0,0.35210860836266616,0.5703958430463564,-0.7622576924664294,0.4767306486335005,0.0,0.020415697066406818
10,1,heterogeneous_contamination_q0.75,Raw-Cosine,fixed_K2,30,1.0,1.0,0.0,1.0000000000000004,1.0,2.0,0.9,0.0,0.0,0.0,0.0,0.020415697066406818
10,1,heterogeneous_contamination_q0.75,Raw-Cosine,unknown_K,30,0.0,0.0,0.0,0.37574158873434244,0.0,10.0,0.9,0.0,0.0,0.0,0.0,0.020415697066406818
10,1,heterogeneous_contamination_q0.75,Single-Constraint-Mean,fixed_K2,30,1.0,1.0,0.0,1.0000000000000004,1.0,2.0,0.88,0.0,-0.1111111111111111,0.08452380952380951,0.0,0.020415697066406818
10,1,heterogeneous_contamination_q0.75,Single-Constraint-Mean,unknown_K,30,0.0,0.0,0.0,0.37574158873434244,0.0,10.0,0.88,0.0,-0.1111111111111111,0.08452380952380951,0.0,0.020415697066406818
10,1,heterogeneous_contamination_q0.75,Spearman,fixed_K2,30,0.9333333333333333,0.9677419354838709,0.12276199921086893,0.9641526179795197,0.9907692307692308,2.0,0.3686447699800843,0.5473501973730811,-0.7625727106183187,0.3523174079686791,0.0,0.020415697066406818
10,1,heterogeneous_contamination_q0.75,Spearman,unknown_K,30,0.9333333333333333,0.9333333333333333,0.2537081317024624,0.9333333333333338,0.9925925925925926,1.9333333333333333,0.3686447699800843,0.5473501973730811,-0.7625727106183187,0.3523174079686791,0.0,0.020415697066406818
10,1,orca_selected_points,ORCA-current,fixed_K2,30,1.0,1.0,0.0,1.0000000000000004,1.0,2.0,0.8675532151856333,0.0,-0.1802599156353706,0.0652926853961197,0.225,0.014092970800144636
10,1,orca_selected_points,ORCA-current,unknown_K,30,0.0,0.0,0.0,0.37574158873434244,0.0,10.0,0.8675532151856333,0.0,-0.1802599156353706,0.0652926853961197,0.225,0.014092970800144636
10,1,orca_selected_points,ORCA-joint,fixed_K2,30,0.9666666666666667,0.9838709677419355,0.08834234798470421,0.98207630898976,0.9953846153846154,2.0,0.6770173808542533,0.14772066497556277,-0.6479096686852308,0.37502661816323635,0.225,0.014092970800144636
10,1,orca_selected_points,ORCA-joint,unknown_K,30,0.6,0.7070797720797721,0.37194680479046477,0.8157294926095882,0.8496449724054381,3.1,0.6770173808542533,0.14772066497556277,-0.6479096686852308,0.37502661816323635,0.225,0.014092970800144636
10,1,orca_selected_points,Pearson,fixed_K2,30,0.8333333333333334,0.8547008547008548,0.3371068659576035,0.871235225594701,0.944093567251462,2.0,0.15617030783550503,0.821137217579769,-0.8478383083725628,1.268398903976198,0.225,0.014092970800144636
10,1,orca_selected_points,Pearson,unknown_K,30,0.8333333333333334,0.8374169040835707,0.3731761994673251,0.8511692146147382,0.9544639376218325,1.9333333333333333,0.15617030783550503,0.821137217579769,-0.8478383083725628,1.268398903976198,0.225,0.014092970800144636
10,1,orca_selected_points,Raw-Cosine,fixed_K2,30,1.0,1.0,0.0,1.0000000000000004,1.0,2.0,0.9,0.0,0.0,0.0,0.225,0.014092970800144636
10,1,orca_selected_points,Raw-Cosine,unknown_K,30,0.0,0.0,0.0,0.37574158873434244,0.0,10.0,0.9,0.0,0.0,0.0,0.225,0.014092970800144636
10,1,orca_selected_points,Single-Constraint-Mean,fixed_K2,30,1.0,1.0,0.0,1.0000000000000004,1.0,2.0,0.88,0.0,-0.1111111111111111,0.037891404988510985,0.225,0.014092970800144636
10,1,orca_selected_points,Single-Constraint-Mean,unknown_K,30,0.0,0.0,0.0,0.37574158873434244,0.0,10.0,0.88,0.0,-0.1111111111111111,0.037891404988510985,0.225,0.014092970800144636
10,1,orca_selected_points,Spearman,fixed_K2,30,0.8333333333333334,0.8437796771130105,0.36148793474094526,0.865103658000431,0.9383625730994152,2.0,0.20890508240620026,0.7634096249386932,-0.7857777090996704,1.0603174603174605,0.225,0.014092970800144636
10,1,orca_selected_points,Spearman,unknown_K,30,0.8333333333333334,0.8374169040835707,0.3731761994673251,0.8511692146147382,0.9544639376218325,1.9333333333333333,0.20890508240620026,0.7634096249386932,-0.7857777090996704,1.0603174603174605,0.225,0.014092970800144636
10,10,active_fraction_q0,ORCA-current,fixed_K2,30,1.0,1.0,0.0,1.0000000000000004,1.0,2.0,0.9,0.0,0.0,0.0,0.0,0.01110280839996752
10,10,active_fraction_q0,ORCA-current,unknown_K,30,0.0,0.0,0.0,0.37574158873434244,0.0,10.0,0.9,0.0,0.0,0.0,0.0,0.01110280839996752
10,10,active_fraction_q0,ORCA-joint,fixed_K2,30,1.0,1.0,0.0,1.0000000000000004,1.0,2.0,0.9,0.0,0.0,0.0,0.0,0.01110280839996752
10,10,active_fraction_q0,ORCA-joint,unknown_K,30,0.0,0.0,0.0,0.37574158873434244,0.0,10.0,0.9,0.0,0.0,0.0,0.0,0.01110280839996752
10,10,active_fraction_q0,Pearson,fixed_K2,30,1.0,1.0,0.0,1.0000000000000004,1.0,2.0,0.008282818851744705,1.0,-0.9539843397125296,1.9539843397125296,0.0,0.01110280839996752
10,10,active_fraction_q0,Pearson,unknown_K,30,1.0,1.0,0.0,1.0000000000000004,1.0,2.0,0.008282818851744705,1.0,-0.9539843397125296,1.9539843397125296,0.0,0.01110280839996752
10,10,active_fraction_q0,Raw-Cosine,fixed_K2,30,1.0,1.0,0.0,1.0000000000000004,1.0,2.0,0.9,0.0,0.0,0.0,0.0,0.01110280839996752
10,10,active_fraction_q0,Raw-Cosine,unknown_K,30,0.0,0.0,0.0,0.37574158873434244,0.0,10.0,0.9,0.0,0.0,0.0,0.0,0.01110280839996752
10,10,active_fraction_q0,Single-Constraint-Mean,fixed_K2,30,1.0,1.0,0.0,1.0000000000000004,1.0,2.0,0.0,,,,0.0,0.01110280839996752
10,10,active_fraction_q0,Single-Constraint-Mean,unknown_K,30,0.0,0.0,0.0,0.37574158873434244,0.0,10.0,0.0,,,,0.0,0.01110280839996752
10,10,active_fraction_q0,Spearman,fixed_K2,30,1.0,1.0,0.0,1.0000000000000004,1.0,2.0,0.0025174825174824997,1.0,-0.9860139860139862,1.9860139860139863,0.0,0.01110280839996752
10,10,active_fraction_q0,Spearman,unknown_K,30,1.0,1.0,0.0,1.0000000000000004,1.0,2.0,0.0025174825174824997,1.0,-0.9860139860139862,1.9860139860139863,0.0,0.01110280839996752
10,10,active_fraction_q0.25,ORCA-current,fixed_K2,30,1.0,1.0,0.0,1.0000000000000004,1.0,2.0,0.867264034459891,0.0,-0.1818664752228283,0.05616605616605614,0.0,0.015440461100054866
10,10,active_fraction_q0.25,ORCA-current,unknown_K,30,0.0,0.0,0.0,0.37574158873434244,0.0,10.0,0.867264034459891,0.0,-0.1818664752228283,0.05616605616605614,0.0,0.015440461100054866
10,10,active_fraction_q0.25,ORCA-joint,fixed_K2,30,1.0,1.0,0.0,1.0000000000000004,1.0,2.0,0.8363488039248087,0.005553246259296084,-0.33140477093610066,0.10874704491538986,0.0,0.015440461100054866
10,10,active_fraction_q0.25,ORCA-joint,unknown_K,30,0.7333333333333333,0.8748313090418354,0.21652455400971166,0.9168037556959597,0.9581820931639444,2.3,0.8363488039248087,0.005553246259296084,-0.33140477093610066,0.10874704491538986,0.0,0.015440461100054866
10,10,active_fraction_q0.25,Pearson,fixed_K2,30,1.0,1.0,0.0,1.0000000000000004,1.0,2.0,0.015199162760679664,0.990733880125027,-0.9526246863850047,1.9214605213539169,0.0,0.015440461100054866
10,10,active_fraction_q0.25,Pearson,unknown_K,30,1.0,1.0,0.0,1.0000000000000004,1.0,2.0,0.015199162760679664,0.990733880125027,-0.9526246863850047,1.9214605213539169,0.0,0.015440461100054866
10,10,active_fraction_q0.25,Raw-Cosine,fixed_K2,30,1.0,1.0,0.0,1.0000000000000004,1.0,2.0,0.9,0.0,0.0,0.0,0.0,0.015440461100054866
10,10,active_fraction_q0.25,Raw-Cosine,unknown_K,30,0.0,0.0,0.0,0.37574158873434244,0.0,10.0,0.9,0.0,0.0,0.0,0.0,0.015440461100054866
10,10,active_fraction_q0.25,Single-Constraint-Mean,fixed_K2,30,1.0,1.0,0.0,1.0000000000000004,1.0,2.0,0.88,0.0,-0.1111111111111111,0.03194444444444444,0.0,0.015440461100054866
10,10,active_fraction_q0.25,Single-Constraint-Mean,unknown_K,30,0.0,0.0,0.0,0.37574158873434244,0.0,10.0,0.88,0.0,-0.1111111111111111,0.03194444444444444,0.0,0.015440461100054866
10,10,active_fraction_q0.25,Spearman,fixed_K2,30,1.0,1.0,0.0,1.0000000000000004,1.0,2.0,0.022843822843822754,0.9730056980056981,-0.9810670810670812,1.8941724941724944,0.0,0.015440461100054866
10,10,active_fraction_q0.25,Spearman,unknown_K,30,1.0,1.0,0.0,1.0000000000000004,1.0,2.0,0.022843822843822754,0.9730056980056981,-0.9810670810670812,1.8941724941724944,0.0,0.015440461100054866
10,10,active_fraction_q0.5,ORCA-current,fixed_K2,30,1.0,1.0,0.0,1.0000000000000004,1.0,2.0,0.8669281242045612,0.0,-0.18373264330799316,0.09746833576620809,0.0,0.018206177899992328
10,10,active_fraction_q0.5,ORCA-current,unknown_K,30,0.0,0.0,0.0,0.37574158873434244,0.0,10.0,0.8669281242045612,0.0,-0.18373264330799316,0.09746833576620809,0.0,0.018206177899992328
10,10,active_fraction_q0.5,ORCA-joint,fixed_K2,30,1.0,1.0,0.0,1.0000000000000004,1.0,2.0,0.7681419387638986,0.03799453695599877,-0.5805666368210127,0.3427163091043864,0.0,0.018206177899992328
10,10,active_fraction_q0.5,ORCA-joint,unknown_K,30,1.0,1.0,0.0,1.0000000000000004,1.0,2.0,0.7681419387638986,0.03799453695599877,-0.5805666368210127,0.3427163091043864,0.0,0.018206177899992328
10,10,active_fraction_q0.5,Pearson,fixed_K2,30,1.0,1.0,0.0,1.0000000000000004,1.0,2.0,0.016531022229878064,0.9900660357924781,-0.9478968444418765,1.9167726212939133,0.0,0.018206177899992328
10,10,active_fraction_q0.5,Pearson,unknown_K,30,1.0,1.0,0.0,1.0000000000000004,1.0,2.0,0.016531022229878064,0.9900660357924781,-0.9478968444418765,1.9167726212939133,0.0,0.018206177899992328
10,10,active_fraction_q0.5,Raw-Cosine,fixed_K2,30,1.0,1.0,0.0,1.0000000000000004,1.0,2.0,0.9,0.0,0.0,0.0,0.0,0.018206177899992328
10,10,active_fraction_q0.5,Raw-Cosine,unknown_K,30,0.0,0.0,0.0,0.37574158873434244,0.0,10.0,0.9,0.0,0.0,0.0,0.0,0.018206177899992328
10,10,active_fraction_q0.5,Single-Constraint-Mean,fixed_K2,30,1.0,1.0,0.0,1.0000000000000004,1.0,2.0,0.88,0.0,-0.1111111111111111,0.05625,0.0,0.018206177899992328
10,10,active_fraction_q0.5,Single-Constraint-Mean,unknown_K,30,0.0,0.0,0.0,0.37574158873434244,0.0,10.0,0.88,0.0,-0.1111111111111111,0.05625,0.0,0.018206177899992328
10,10,active_fraction_q0.5,Spearman,fixed_K2,30,1.0,1.0,0.0,1.0000000000000004,1.0,2.0,0.030130536130536033,0.9639406889406891,-0.976845376845377,1.8773892773892775,0.0,0.018206177899992328
10,10,active_fraction_q0.5,Spearman,unknown_K,30,1.0,1.0,0.0,1.0000000000000004,1.0,2.0,0.030130536130536033,0.9639406889406891,-0.976845376845377,1.8773892773892775,0.0,0.018206177899992328
10,10,active_fraction_q0.75,ORCA-current,fixed_K2,30,1.0,1.0,0.0,1.0000000000000004,1.0,2.0,0.8667230724998499,0.0,-0.18487181944527808,0.14104273963813524,0.0,0.022569536166459632
10,10,active_fraction_q0.75,ORCA-current,unknown_K,30,0.0,0.0,0.0,0.37574158873434244,0.0,10.0,0.8667230724998499,0.0,-0.18487181944527808,0.14104273963813524,0.0,0.022569536166459632
10,10,active_fraction_q0.75,ORCA-joint,fixed_K2,30,1.0,1.0,0.0,1.0000000000000004,1.0,2.0,0.5831034186622844,0.22525824057389435,-0.8595036006917315,0.787827928385142,0.0,0.022569536166459632
10,10,active_fraction_q0.75,ORCA-joint,unknown_K,30,1.0,1.0,0.0,1.0000000000000004,1.0,2.0,0.5831034186622844,0.22525824057389435,-0.8595036006917315,0.787827928385142,0.0,0.022569536166459632
10,10,active_fraction_q0.75,Pearson,fixed_K2,30,1.0,1.0,0.0,1.0000000000000004,1.0,2.0,0.014599235444194615,0.9922898182840492,-0.9497338632849444,1.921559883912553,0.0,0.022569536166459632
10,10,active_fraction_q0.75,Pearson,unknown_K,30,1.0,1.0,0.0,1.0000000000000004,1.0,2.0,0.014599235444194615,0.9922898182840492,-0.9497338632849444,1.921559883912553,0.0,0.022569536166459632
10,10,active_fraction_q0.75,Raw-Cosine,fixed_K2,30,1.0,1.0,0.0,1.0000000000000004,1.0,2.0,0.9,0.0,0.0,0.0,0.0,0.022569536166459632
10,10,active_fraction_q0.75,Raw-Cosine,unknown_K,30,0.0,0.0,0.0,0.37574158873434244,0.0,10.0,0.9,0.0,0.0,0.0,0.0,0.022569536166459632
10,10,active_fraction_q0.75,Single-Constraint-Mean,fixed_K2,30,1.0,1.0,0.0,1.0000000000000004,1.0,2.0,0.88,0.0,-0.1111111111111111,0.08293650793650793,0.0,0.022569536166459632
10,10,active_fraction_q0.75,Single-Constraint-Mean,unknown_K,30,0.0,0.0,0.0,0.37574158873434244,0.0,10.0,0.88,0.0,-0.1111111111111111,0.08293650793650793,0.0,0.022569536166459632
10,10,active_fraction_q0.75,Spearman,fixed_K2,30,1.0,1.0,0.0,1.0000000000000004,1.0,2.0,0.025655011655011568,0.9685444185444186,-0.9832944832944833,1.8762237762237766,0.0,0.022569536166459632
10,10,active_fraction_q0.75,Spearman,unknown_K,30,1.0,1.0,0.0,1.0000000000000004,1.0,2.0,0.025655011655011568,0.9685444185444186,-0.9832944832944833,1.8762237762237766,0.0,0.022569536166459632
10,10,active_fraction_q1,ORCA-current,fixed_K2,30,1.0,1.0,0.0,1.0000000000000004,1.0,2.0,0.8666666666666666,0.0,-0.18518518518518523,0.18518518518518523,1.0,0.025621905533444077
10,10,active_fraction_q1,ORCA-current,unknown_K,30,0.0,0.0,0.0,0.37574158873434244,0.0,10.0,0.8666666666666666,0.0,-0.18518518518518523,0.18518518518518523,1.0,0.025621905533444077
10,10,active_fraction_q1,ORCA-joint,fixed_K2,30,1.0,1.0,0.0,1.0000000000000004,1.0,2.0,6.010007306637515e-17,1.0,-1.0,1.9999999999999998,1.0,0.025621905533444077
10,10,active_fraction_q1,ORCA-joint,unknown_K,30,1.0,1.0,0.0,1.0000000000000004,1.0,2.0,6.010007306637515e-17,1.0,-1.0,1.9999999999999998,1.0,0.025621905533444077
10,10,active_fraction_q1,Pearson,fixed_K2,30,1.0,1.0,0.0,1.0000000000000004,1.0,2.0,0.008105219205924566,1.0,-0.9549710044115304,1.9549710044115303,1.0,0.025621905533444077
10,10,active_fraction_q1,Pearson,unknown_K,30,1.0,1.0,0.0,1.0000000000000004,1.0,2.0,0.008105219205924566,1.0,-0.9549710044115304,1.9549710044115303,1.0,0.025621905533444077
10,10,active_fraction_q1,Raw-Cosine,fixed_K2,30,1.0,1.0,0.0,1.0000000000000004,1.0,2.0,0.9,0.0,0.0,0.0,1.0,0.025621905533444077
10,10,active_fraction_q1,Raw-Cosine,unknown_K,30,0.0,0.0,0.0,0.37574158873434244,0.0,10.0,0.9,0.0,0.0,0.0,1.0,0.025621905533444077
10,10,active_fraction_q1,Single-Constraint-Mean,fixed_K2,30,1.0,1.0,0.0,1.0000000000000004,1.0,2.0,0.88,0.0,-0.1111111111111111,0.1111111111111111,1.0,0.025621905533444077
10,10,active_fraction_q1,Single-Constraint-Mean,unknown_K,30,0.0,0.0,0.0,0.37574158873434244,0.0,10.0,0.88,0.0,-0.1111111111111111,0.1111111111111111,1.0,0.025621905533444077
10,10,active_fraction_q1,Spearman,fixed_K2,30,1.0,1.0,0.0,1.0000000000000004,1.0,2.0,0.0,1.0,-1.0,2.0,1.0,0.025621905533444077
10,10,active_fraction_q1,Spearman,unknown_K,30,1.0,1.0,0.0,1.0000000000000004,1.0,2.0,0.0,1.0,-1.0,2.0,1.0,0.025621905533444077
10,10,exact_pf,ORCA-current,fixed_K2,1,1.0,1.0,0.0,1.0000000000000004,1.0,2.0,0.8666666666666666,0.0,-0.18518518518518512,0.18518518518518512,1.0,0.04982104199916648
10,10,exact_pf,ORCA-current,unknown_K,1,0.0,0.0,0.0,0.37574158873434244,0.0,10.0,0.8666666666666666,0.0,-0.18518518518518512,0.18518518518518512,1.0,0.04982104199916648
10,10,exact_pf,ORCA-joint,fixed_K2,1,1.0,1.0,0.0,1.0000000000000004,1.0,2.0,2.19824158875781e-16,0.9999999999999998,-1.0,1.9999999999999991,1.0,0.04982104199916648
10,10,exact_pf,ORCA-joint,unknown_K,1,1.0,1.0,0.0,1.0000000000000004,1.0,2.0,2.19824158875781e-16,0.9999999999999998,-1.0,1.9999999999999991,1.0,0.04982104199916648
10,10,exact_pf,Pearson,fixed_K2,1,1.0,1.0,0.0,1.0000000000000004,1.0,2.0,0.010403429948834522,1.0,-0.9422031669509193,1.9422031669509194,1.0,0.04982104199916648
10,10,exact_pf,Pearson,unknown_K,1,1.0,1.0,0.0,1.0000000000000004,1.0,2.0,0.010403429948834522,1.0,-0.9422031669509193,1.9422031669509194,1.0,0.04982104199916648
10,10,exact_pf,Raw-Cosine,fixed_K2,1,1.0,1.0,0.0,1.0000000000000004,1.0,2.0,0.9,0.0,0.0,0.0,1.0,0.04982104199916648
10,10,exact_pf,Raw-Cosine,unknown_K,1,0.0,0.0,0.0,0.37574158873434244,0.0,10.0,0.9,0.0,0.0,0.0,1.0,0.04982104199916648
10,10,exact_pf,Single-Constraint-Mean,fixed_K2,1,1.0,1.0,0.0,1.0000000000000004,1.0,2.0,0.88,0.0,-0.1111111111111111,0.1111111111111111,1.0,0.04982104199916648
10,10,exact_pf,Single-Constraint-Mean,unknown_K,1,0.0,0.0,0.0,0.37574158873434244,0.0,10.0,0.88,0.0,-0.1111111111111111,0.1111111111111111,1.0,0.04982104199916648
10,10,exact_pf,Spearman,fixed_K2,1,1.0,1.0,0.0,1.0000000000000004,1.0,2.0,0.0,1.0,-1.0,2.0,1.0,0.04982104199916648
10,10,exact_pf,Spearman,unknown_K,1,1.0,1.0,0.0,1.0000000000000004,1.0,2.0,0.0,1.0,-1.0,2.0,1.0,0.04982104199916648
10,10,exact_pf_gradient_noise_0.01,ORCA-current,fixed_K2,30,1.0,1.0,0.0,1.0000000000000004,1.0,2.0,0.8838293345674229,-0.004656322379604444,-0.10846231969940198,0.08431946123054758,1.0,0.027019987533337068
10,10,exact_pf_gradient_noise_0.01,ORCA-current,unknown_K,30,0.0,0.061716210401753895,0.12727007228443027,0.41877770083732785,0.16166462970106427,8.2,0.8838293345674229,-0.004656322379604444,-0.10846231969940198,0.08431946123054758,1.0,0.027019987533337068
10,10,exact_pf_gradient_noise_0.01,ORCA-joint,fixed_K2,30,1.0,1.0,0.0,1.0000000000000004,1.0,2.0,0.5442445535033322,0.3627894916036603,-0.5252611807890687,0.6383280971517648,1.0,0.027019987533337068
10,10,exact_pf_gradient_noise_0.01,ORCA-joint,unknown_K,30,1.0,1.0,0.0,1.0000000000000004,1.0,2.0,0.5442445535033322,0.3627894916036603,-0.5252611807890687,0.6383280971517648,1.0,0.027019987533337068
10,10,exact_pf_gradient_noise_0.01,Pearson,fixed_K2,30,1.0,1.0,0.0,1.0000000000000004,1.0,2.0,0.008611853679989092,1.0,-0.9521563684445052,1.9521563684445051,1.0,0.027019987533337068
10,10,exact_pf_gradient_noise_0.01,Pearson,unknown_K,30,1.0,1.0,0.0,1.0000000000000004,1.0,2.0,0.008611853679989092,1.0,-0.9521563684445052,1.9521563684445051,1.0,0.027019987533337068
10,10,exact_pf_gradient_noise_0.01,Raw-Cosine,fixed_K2,30,0.0,-0.014067334497442055,0.17252879212361924,0.13068365195216533,0.6694822526401474,2.0,0.8999881908204749,1.6885961512671263e-05,1.9372931333205825e-06,-0.0014021622849173035,1.0,0.027019987533337068
10,10,exact_pf_gradient_noise_0.01,Raw-Cosine,unknown_K,30,0.0,0.0,0.0,0.0,0.888888888888889,1.0,0.8999881908204749,1.6885961512671263e-05,1.9372931333205825e-06,-0.0014021622849173035,1.0,0.027019987533337068
10,10,exact_pf_gradient_noise_0.01,Single-Constraint-Mean,fixed_K2,30,0.9666666666666667,0.9838709677419355,0.08834234798470421,0.98207630898976,0.9953846153846154,2.0,0.8902567390273858,0.00015459482749554664,-0.05351084831565237,0.027125638384583078,1.0,0.027019987533337068
10,10,exact_pf_gradient_noise_0.01,Single-Constraint-Mean,unknown_K,30,0.9333333333333333,0.9527777777777777,0.1953522868159984,0.9571080090269926,0.9921296296296297,2.0,0.8902567390273858,0.00015459482749554664,-0.05351084831565237,0.027125638384583078,1.0,0.027019987533337068
10,10,exact_pf_gradient_noise_0.01,Spearman,fixed_K2,30,1.0,1.0,0.0,1.0000000000000004,1.0,2.0,0.0,1.0,-1.0,2.0,1.0,0.027019987533337068
10,10,exact_pf_gradient_noise_0.01,Spearman,unknown_K,30,1.0,1.0,0.0,1.0000000000000004,1.0,2.0,0.0,1.0,-1.0,2.0,1.0,0.027019987533337068
10,10,exact_pf_gradient_noise_0.05,ORCA-current,fixed_K2,30,1.0,1.0,0.0,1.0000000000000004,1.0,2.0,0.8890419747217663,-0.006937990450999471,-0.08862988001640752,0.058367364766895385,1.0,0.027758361133601285
10,10,exact_pf_gradient_noise_0.05,ORCA-current,unknown_K,30,0.0,0.0322592750465032,0.044378271404736595,0.4024499794298609,0.12120831999550535,8.433333333333334,0.8890419747217663,-0.006937990450999471,-0.08862988001640752,0.058367364766895385,1.0,0.027758361133601285
10,10,exact_pf_gradient_noise_0.05,ORCA-joint,fixed_K2,30,1.0,1.0,0.0,1.0000000000000004,1.0,2.0,0.633522521950756,0.2756437849959641,-0.3778552936230551,0.4410637542470718,1.0,0.027758361133601285
10,10,exact_pf_gradient_noise_0.05,ORCA-joint,unknown_K,30,1.0,1.0,0.0,1.0000000000000004,1.0,2.0,0.633522521950756,0.2756437849959641,-0.3778552936230551,0.4410637542470718,1.0,0.027758361133601285
10,10,exact_pf_gradient_noise_0.05,Pearson,fixed_K2,30,1.0,1.0,0.0,1.0000000000000004,1.0,2.0,0.008611853679989092,1.0,-0.9521563684445052,1.9521563684445051,1.0,0.027758361133601285
10,10,exact_pf_gradient_noise_0.05,Pearson,unknown_K,30,1.0,1.0,0.0,1.0000000000000004,1.0,2.0,0.008611853679989092,1.0,-0.9521563684445052,1.9521563684445051,1.0,0.027758361133601285
10,10,exact_pf_gradient_noise_0.05,Raw-Cosine,fixed_K2,30,0.0,-0.021232729834880396,0.15301011791511504,0.12524026720214923,0.6710644131696762,2.0,0.8999417141547468,8.512547256271018e-05,1.669163884448454e-05,-0.006983599233957648,1.0,0.027758361133601285
10,10,exact_pf_gradient_noise_0.05,Raw-Cosine,unknown_K,30,0.0,0.0,0.0,0.0,0.888888888888889,1.0,0.8999417141547468,8.512547256271018e-05,1.669163884448454e-05,-0.006983599233957648,1.0,0.027758361133601285
10,10,exact_pf_gradient_noise_0.05,Single-Constraint-Mean,fixed_K2,30,0.8666666666666667,0.926921545201115,0.1939495462822753,0.9229285991259274,0.9772649572649572,2.0,0.8930417274866222,0.00022536101828634275,-0.037755625445619875,0.0059778953835030015,1.0,0.027758361133601285
10,10,exact_pf_gradient_noise_0.05,Single-Constraint-Mean,unknown_K,30,0.8,0.8,0.40683810217248617,0.8000000000000004,0.9777777777777777,1.8,0.8930417274866222,0.00022536101828634275,-0.037755625445619875,0.0059778953835030015,1.0,0.027758361133601285
10,10,exact_pf_gradient_noise_0.05,Spearman,fixed_K2,30,1.0,1.0,0.0,1.0000000000000004,1.0,2.0,0.0,1.0,-1.0,2.0,1.0,0.027758361133601285
10,10,exact_pf_gradient_noise_0.05,Spearman,unknown_K,30,1.0,1.0,0.0,1.0000000000000004,1.0,2.0,0.0,1.0,-1.0,2.0,1.0,0.027758361133601285
10,10,heterogeneous_contamination_q0.25,ORCA-current,fixed_K2,30,1.0,1.0,0.0,1.0000000000000004,1.0,2.0,0.8673507751208228,0.0,-0.18138458266209573,0.05356818122775567,0.0,0.015235404166681595
10,10,heterogeneous_contamination_q0.25,ORCA-current,unknown_K,30,0.0,0.0,0.0,0.37574158873434244,0.0,10.0,0.8673507751208228,0.0,-0.18138458266209573,0.05356818122775567,0.0,0.015235404166681595
10,10,heterogeneous_contamination_q0.25,ORCA-joint,fixed_K2,30,1.0,1.0,0.0,1.0000000000000004,1.0,2.0,0.836606529992241,0.005559155340926842,-0.3299493231238423,0.1034515366430258,0.0,0.015235404166681595
10,10,heterogeneous_contamination_q0.25,ORCA-joint,unknown_K,30,0.6333333333333333,0.8307226399331662,0.23416015972327092,0.8885862309496614,0.9433429118773946,2.3666666666666667,0.836606529992241,0.005559155340926842,-0.3299493231238423,0.1034515366430258,0.0,0.015235404166681595
10,10,heterogeneous_contamination_q0.25,Pearson,fixed_K2,30,0.9666666666666667,0.9753086419753086,0.1352401376555966,0.9766996721566485,0.9911111111111112,2.0,0.520259770596858,0.37194192734300274,-0.6219002317565552,0.23229834933452642,0.0,0.015235404166681595
10,10,heterogeneous_contamination_q0.25,Pearson,unknown_K,30,0.9666666666666667,0.9666666666666667,0.18257418583505536,0.9666666666666671,0.9962962962962963,1.9666666666666666,0.520259770596858,0.37194192734300274,-0.6219002317565552,0.23229834933452642,0.0,0.015235404166681595
10,10,heterogeneous_contamination_q0.25,Raw-Cosine,fixed_K2,30,1.0,1.0,0.0,1.0000000000000004,1.0,2.0,0.9,0.0,0.0,0.0,0.0,0.015235404166681595
10,10,heterogeneous_contamination_q0.25,Raw-Cosine,unknown_K,30,0.0,0.0,0.0,0.37574158873434244,0.0,10.0,0.9,0.0,0.0,0.0,0.0,0.015235404166681595
10,10,heterogeneous_contamination_q0.25,Single-Constraint-Mean,fixed_K2,30,1.0,1.0,0.0,1.0000000000000004,1.0,2.0,0.88,0.0,-0.1111111111111111,0.03055555555555555,0.0,0.015235404166681595
10,10,heterogeneous_contamination_q0.25,Single-Constraint-Mean,unknown_K,30,0.0,0.0,0.0,0.37574158873434244,0.0,10.0,0.88,0.0,-0.1111111111111111,0.03055555555555555,0.0,0.015235404166681595
10,10,heterogeneous_contamination_q0.25,Spearman,fixed_K2,30,0.9666666666666667,0.9753086419753086,0.1352401376555966,0.9766996721566485,0.9911111111111112,2.0,0.5448158508158508,0.3458236208236209,-0.58995078995079,0.09696969696969698,0.0,0.015235404166681595
10,10,heterogeneous_contamination_q0.25,Spearman,unknown_K,30,0.9666666666666667,0.9666666666666667,0.18257418583505536,0.9666666666666671,0.9962962962962963,1.9666666666666666,0.5448158508158508,0.3458236208236209,-0.58995078995079,0.09696969696969698,0.0,0.015235404166681595
10,10,heterogeneous_contamination_q0.5,ORCA-current,fixed_K2,30,1.0,1.0,0.0,1.0000000000000004,1.0,2.0,0.8669506863341764,0.0,-0.18360729814346494,0.09274219444194481,0.0,0.017998162433408047
10,10,heterogeneous_contamination_q0.5,ORCA-current,unknown_K,30,0.0,0.0,0.0,0.37574158873434244,0.0,10.0,0.8669506863341764,0.0,-0.18360729814346494,0.09274219444194481,0.0,0.017998162433408047
10,10,heterogeneous_contamination_q0.5,ORCA-joint,fixed_K2,30,1.0,1.0,0.0,1.0000000000000004,1.0,2.0,0.7681989823371052,0.038209779475255515,-0.5793887580039494,0.32639763465937793,0.0,0.017998162433408047
10,10,heterogeneous_contamination_q0.5,ORCA-joint,unknown_K,30,1.0,1.0,0.0,1.0000000000000004,1.0,2.0,0.7681989823371052,0.038209779475255515,-0.5793887580039494,0.32639763465937793,0.0,0.017998162433408047
10,10,heterogeneous_contamination_q0.5,Pearson,fixed_K2,30,0.9666666666666667,0.9838709677419355,0.08834234798470421,0.98207630898976,0.9953846153846154,2.0,0.5513600064842937,0.33369152131046614,-0.60212276762317,0.11515526885575061,0.0,0.017998162433408047
10,10,heterogeneous_contamination_q0.5,Pearson,unknown_K,30,1.0,1.0,0.0,1.0000000000000004,1.0,2.0,0.5513600064842937,0.33369152131046614,-0.60212276762317,0.11515526885575061,0.0,0.017998162433408047
10,10,heterogeneous_contamination_q0.5,Raw-Cosine,fixed_K2,30,1.0,1.0,0.0,1.0000000000000004,1.0,2.0,0.9,0.0,0.0,0.0,0.0,0.017998162433408047
10,10,heterogeneous_contamination_q0.5,Raw-Cosine,unknown_K,30,0.0,0.0,0.0,0.37574158873434244,0.0,10.0,0.9,0.0,0.0,0.0,0.0,0.017998162433408047
10,10,heterogeneous_contamination_q0.5,Single-Constraint-Mean,fixed_K2,30,1.0,1.0,0.0,1.0000000000000004,1.0,2.0,0.88,0.0,-0.1111111111111111,0.05347222222222222,0.0,0.017998162433408047
10,10,heterogeneous_contamination_q0.5,Single-Constraint-Mean,unknown_K,30,0.0,0.0,0.0,0.37574158873434244,0.0,10.0,0.88,0.0,-0.1111111111111111,0.05347222222222222,0.0,0.017998162433408047
10,10,heterogeneous_contamination_q0.5,Spearman,fixed_K2,30,0.9666666666666667,0.9838709677419355,0.08834234798470422,0.98207630898976,0.9953846153846154,2.0,0.5628857808857808,0.3204804454804455,-0.590934990934991,0.00606060606060607,0.0,0.017998162433408047
10,10,heterogeneous_contamination_q0.5,Spearman,unknown_K,30,0.9333333333333333,0.9333333333333333,0.2537081317024624,0.9333333333333338,0.9925925925925926,1.9333333333333333,0.5628857808857808,0.3204804454804455,-0.590934990934991,0.00606060606060607,0.0,0.017998162433408047
10,10,heterogeneous_contamination_q0.75,ORCA-current,fixed_K2,30,1.0,1.0,0.0,1.0000000000000004,1.0,2.0,0.8667221760764812,0.0,-0.18487679957510383,0.14172800010579223,0.0,0.022546295800020745
10,10,heterogeneous_contamination_q0.75,ORCA-current,unknown_K,30,0.0,0.0,0.0,0.37574158873434244,0.0,10.0,0.8667221760764812,0.0,-0.18487679957510383,0.14172800010579223,0.0,0.022546295800020745
10,10,heterogeneous_contamination_q0.75,ORCA-joint,fixed_K2,30,1.0,1.0,0.0,1.0000000000000004,1.0,2.0,0.583378231635351,0.2248539585830305,-0.8595939899159284,0.7952400490300686,0.0,0.022546295800020745
10,10,heterogeneous_contamination_q0.75,ORCA-joint,unknown_K,30,1.0,1.0,0.0,1.0000000000000004,1.0,2.0,0.583378231635351,0.2248539585830305,-0.8595939899159284,0.7952400490300686,0.0,0.022546295800020745
10,10,heterogeneous_contamination_q0.75,Pearson,fixed_K2,30,0.9666666666666667,0.9838709677419355,0.08834234798470421,0.98207630898976,0.9953846153846154,2.0,0.42549537834819173,0.4812984316854759,-0.7109430602125866,0.38750732509985375,0.0,0.022546295800020745
10,10,heterogeneous_contamination_q0.75,Pearson,unknown_K,30,0.9666666666666667,0.9838709677419355,0.08834234798470421,0.98207630898976,0.9953846153846154,2.0,0.42549537834819173,0.4812984316854759,-0.7109430602125866,0.38750732509985375,0.0,0.022546295800020745
10,10,heterogeneous_contamination_q0.75,Raw-Cosine,fixed_K2,30,1.0,1.0,0.0,1.0000000000000004,1.0,2.0,0.9,0.0,0.0,0.0,0.0,0.022546295800020745
10,10,heterogeneous_contamination_q0.75,Raw-Cosine,unknown_K,30,0.0,0.0,0.0,0.37574158873434244,0.0,10.0,0.9,0.0,0.0,0.0,0.0,0.022546295800020745
10,10,heterogeneous_contamination_q0.75,Single-Constraint-Mean,fixed_K2,30,1.0,1.0,0.0,1.0000000000000004,1.0,2.0,0.88,0.0,-0.1111111111111111,0.08333333333333333,0.0,0.022546295800020745
10,10,heterogeneous_contamination_q0.75,Single-Constraint-Mean,unknown_K,30,0.0,0.0,0.0,0.37574158873434244,0.0,10.0,0.88,0.0,-0.1111111111111111,0.08333333333333333,0.0,0.022546295800020745
10,10,heterogeneous_contamination_q0.75,Spearman,fixed_K2,30,0.9666666666666667,0.9838709677419355,0.08834234798470421,0.98207630898976,0.9953846153846154,2.0,0.35642890442890435,0.561991711991712,-0.771872571872572,0.4321678321678322,0.0,0.022546295800020745
10,10,heterogeneous_contamination_q0.75,Spearman,unknown_K,30,0.9666666666666667,0.9666666666666667,0.18257418583505536,0.9666666666666671,0.9962962962962963,1.9666666666666666,0.35642890442890435,0.561991711991712,-0.771872571872572,0.4321678321678322,0.0,0.022546295800020745
10,10,orca_selected_points,ORCA-current,fixed_K2,30,1.0,1.0,0.0,1.0000000000000004,1.0,2.0,0.8847283325397881,0.0,-0.08484259700117693,0.0,0.0,0.007388825099951646
10,10,orca_selected_points,ORCA-current,unknown_K,30,0.0,0.0,0.0,0.37574158873434244,0.0,10.0,0.8847283325397881,0.0,-0.08484259700117693,0.0,0.0,0.007388825099951646
10,10,orca_selected_points,ORCA-joint,fixed_K2,30,0.8666666666666667,0.8965168642587997,0.28946170566328777,0.9052888271042758,0.9615294646873594,2.0,0.8530192402162756,0.014702049158570893,-0.20219602438640744,0.009561211640984866,0.0,0.007388825099951646
10,10,orca_selected_points,ORCA-joint,unknown_K,30,0.0,0.07081295131609598,0.01241060043268509,0.4196745603711642,0.28527131782945736,6.933333333333334,0.8530192402162756,0.014702049158570893,-0.20219602438640744,0.009561211640984866,0.0,0.007388825099951646
10,10,orca_selected_points,Pearson,fixed_K2,30,0.9333333333333333,0.9333333333333333,0.2537081317024624,0.9438499235435702,0.9714285714285714,2.0,0.09639630429996617,0.8910592220902738,-0.9002280877502039,1.4137852581521835,0.0,0.007388825099951646
10,10,orca_selected_points,Pearson,unknown_K,30,0.9333333333333333,0.9333333333333333,0.2537081317024624,0.9438499235435702,0.9714285714285714,2.0,0.09639630429996617,0.8910592220902738,-0.9002280877502039,1.4137852581521835,0.0,0.007388825099951646
10,10,orca_selected_points,Raw-Cosine,fixed_K2,30,1.0,1.0,0.0,1.0000000000000004,1.0,2.0,0.9,0.0,0.0,0.0,0.0,0.007388825099951646
10,10,orca_selected_points,Raw-Cosine,unknown_K,30,0.0,0.0,0.0,0.37574158873434244,0.0,10.0,0.9,0.0,0.0,0.0,0.0,0.007388825099951646
10,10,orca_selected_points,Single-Constraint-Mean,fixed_K2,30,1.0,1.0,0.0,1.0000000000000004,1.0,2.0,0.8903873015873016,0.0,-0.05340388007054674,0.0,0.0,0.007388825099951646
10,10,orca_selected_points,Single-Constraint-Mean,unknown_K,30,0.0,0.0,0.0,0.37574158873434244,0.0,10.0,0.8903873015873016,0.0,-0.05340388007054674,0.0,0.0,0.007388825099951646
10,10,orca_selected_points,Spearman,fixed_K2,30,0.9333333333333333,0.9287749287749288,0.2710556962633146,0.9411362091247567,0.9707602339181286,2.0,0.09974298989769387,0.895132519620364,-0.8653421998646894,1.51419700383441,0.0,0.007388825099951646
10,10,orca_selected_points,Spearman,unknown_K,30,0.9333333333333333,0.929033929033929,0.2700719662980125,0.9417421248282368,0.9674313990103464,2.033333333333333,0.09974298989769387,0.895132519620364,-0.8653421998646894,1.51419700383441,0.0,0.007388825099951646
20,1,active_fraction_q0,ORCA-current,fixed_K2,30,1.0,1.0,0.0,0.9999999999999996,1.0,2.0,0.95,0.0,0.0,0.0,0.0,0.03661447369989522
20,1,active_fraction_q0,ORCA-current,unknown_K,30,0.0,0.0,0.0,0.2574218642459922,0.0,20.0,0.95,0.0,0.0,0.0,0.0,0.03661447369989522
20,1,active_fraction_q0,ORCA-joint,fixed_K2,30,1.0,1.0,0.0,0.9999999999999996,1.0,2.0,0.95,0.0,0.0,0.0,0.0,0.03661447369989522
20,1,active_fraction_q0,ORCA-joint,unknown_K,30,0.0,0.0,0.0,0.2574218642459922,0.0,20.0,0.95,0.0,0.0,0.0,0.0,0.03661447369989522
20,1,active_fraction_q0,Pearson,fixed_K2,30,1.0,1.0,0.0,0.9999999999999996,1.0,2.0,0.005370879797802832,1.0,-0.9434644231810232,1.9434644231810232,0.0,0.03661447369989522
20,1,active_fraction_q0,Pearson,unknown_K,30,1.0,1.0,0.0,0.9999999999999996,1.0,2.0,0.005370879797802832,1.0,-0.9434644231810232,1.9434644231810232,0.0,0.03661447369989522
20,1,active_fraction_q0,Raw-Cosine,fixed_K2,30,1.0,1.0,0.0,0.9999999999999996,1.0,2.0,0.95,0.0,0.0,0.0,0.0,0.03661447369989522
20,1,active_fraction_q0,Raw-Cosine,unknown_K,30,0.0,0.0,0.0,0.2574218642459922,0.0,20.0,0.95,0.0,0.0,0.0,0.0,0.03661447369989522
20,1,active_fraction_q0,Single-Constraint-Mean,fixed_K2,30,1.0,1.0,0.0,0.9999999999999996,1.0,2.0,0.0,,,,0.0,0.03661447369989522
20,1,active_fraction_q0,Single-Constraint-Mean,unknown_K,30,0.0,0.0,0.0,0.2574218642459922,0.0,20.0,0.0,,,,0.0,0.03661447369989522
20,1,active_fraction_q0,Spearman,fixed_K2,30,1.0,1.0,0.0,0.9999999999999996,1.0,2.0,0.0015143786957566732,1.0,-0.9840591716236139,1.984059171623614,0.0,0.03661447369989522
20,1,active_fraction_q0,Spearman,unknown_K,30,1.0,1.0,0.0,0.9999999999999996,1.0,2.0,0.0015143786957566732,1.0,-0.9840591716236139,1.984059171623614,0.0,0.03661447369989522
20,1,active_fraction_q0.25,ORCA-current,fixed_K2,30,1.0,1.0,0.0,0.9999999999999996,1.0,2.0,0.9413653817409654,0.0,-0.09089071851615377,0.01694070752366717,0.0,0.050363015300051
20,1,active_fraction_q0.25,ORCA-current,unknown_K,30,0.0,0.0,0.0,0.2574218642459922,0.0,20.0,0.9413653817409654,0.0,-0.09089071851615377,0.01694070752366717,0.0,0.050363015300051
20,1,active_fraction_q0.25,ORCA-joint,fixed_K2,30,0.9333333333333333,0.9735006973500698,0.10084632850097876,0.9672395223219934,0.9961025641025641,2.0,0.9036140127445624,0.012008024268351427,-0.3802013316420743,0.0803782505869672,0.0,0.050363015300051
20,1,active_fraction_q0.25,ORCA-joint,unknown_K,30,0.5666666666666667,0.8202731134135207,0.21596508549301352,0.8612833048379276,0.9700808300156835,2.533333333333333,0.9036140127445624,0.012008024268351427,-0.3802013316420743,0.0803782505869672,0.0,0.050363015300051
20,1,active_fraction_q0.25,Pearson,fixed_K2,30,1.0,1.0,0.0,0.9999999999999996,1.0,2.0,0.01171708123801955,0.9923295309101788,-0.9456965245660798,1.9144211048133053,0.0,0.050363015300051
20,1,active_fraction_q0.25,Pearson,unknown_K,30,1.0,1.0,0.0,0.9999999999999996,1.0,2.0,0.01171708123801955,0.9923295309101788,-0.9456965245660798,1.9144211048133053,0.0,0.050363015300051
20,1,active_fraction_q0.25,Raw-Cosine,fixed_K2,30,1.0,1.0,0.0,0.9999999999999996,1.0,2.0,0.95,0.0,0.0,0.0,0.0,0.050363015300051
20,1,active_fraction_q0.25,Raw-Cosine,unknown_K,30,0.0,0.0,0.0,0.2574218642459922,0.0,20.0,0.95,0.0,0.0,0.0,0.0,0.050363015300051
20,1,active_fraction_q0.25,Single-Constraint-Mean,fixed_K2,30,1.0,1.0,0.0,0.9999999999999996,1.0,2.0,0.945,0.0,-0.052631578947368425,0.009444444444444445,0.0,0.050363015300051
20,1,active_fraction_q0.25,Single-Constraint-Mean,unknown_K,30,0.0,0.0,0.0,0.2574218642459922,0.0,20.0,0.945,0.0,-0.052631578947368425,0.009444444444444445,0.0,0.050363015300051
20,1,active_fraction_q0.25,Spearman,fixed_K2,30,1.0,1.0,0.0,0.9999999999999996,1.0,2.0,0.024768193681684775,0.9734151365521124,-0.978545942802728,1.8808613227389919,0.0,0.050363015300051
20,1,active_fraction_q0.25,Spearman,unknown_K,30,1.0,1.0,0.0,0.9999999999999996,1.0,2.0,0.024768193681684775,0.9734151365521124,-0.978545942802728,1.8808613227389919,0.0,0.050363015300051
20,1,active_fraction_q0.5,ORCA-current,fixed_K2,30,1.0,1.0,0.0,0.9999999999999996,1.0,2.0,0.941310413071137,0.0,-0.09146933609329523,0.045422610607923214,0.0,0.0628305513332331
20,1,active_fraction_q0.5,ORCA-current,unknown_K,30,0.0,0.0,0.0,0.2574218642459922,0.0,20.0,0.941310413071137,0.0,-0.09146933609329523,0.045422610607923214,0.0,0.0628305513332331
20,1,active_fraction_q0.5,ORCA-joint,fixed_K2,30,1.0,1.0,0.0,0.9999999999999996,1.0,2.0,0.8306142693793231,0.06651530719710945,-0.6580541364962982,0.3792589338469085,0.0,0.0628305513332331
20,1,active_fraction_q0.5,ORCA-joint,unknown_K,30,1.0,1.0,0.0,0.9999999999999996,1.0,2.0,0.8306142693793231,0.06651530719710945,-0.6580541364962982,0.3792589338469085,0.0,0.0628305513332331
20,1,active_fraction_q0.5,Pearson,fixed_K2,30,1.0,1.0,0.0,0.9999999999999996,1.0,2.0,0.013209279637358455,0.9906877488845983,-0.9447652112243156,1.9109882752629737,0.0,0.0628305513332331
20,1,active_fraction_q0.5,Pearson,unknown_K,30,1.0,1.0,0.0,0.9999999999999996,1.0,2.0,0.013209279637358455,0.9906877488845983,-0.9447652112243156,1.9109882752629737,0.0,0.0628305513332331
20,1,active_fraction_q0.5,Raw-Cosine,fixed_K2,30,1.0,1.0,0.0,0.9999999999999996,1.0,2.0,0.95,0.0,0.0,0.0,0.0,0.0628305513332331
20,1,active_fraction_q0.5,Raw-Cosine,unknown_K,30,0.0,0.0,0.0,0.2574218642459922,0.0,20.0,0.95,0.0,0.0,0.0,0.0,0.0628305513332331
20,1,active_fraction_q0.5,Single-Constraint-Mean,fixed_K2,30,1.0,1.0,0.0,0.9999999999999996,1.0,2.0,0.945,0.0,-0.052631578947368425,0.025555555555555557,0.0,0.0628305513332331
20,1,active_fraction_q0.5,Single-Constraint-Mean,unknown_K,30,0.0,0.0,0.0,0.2574218642459922,0.0,20.0,0.945,0.0,-0.052631578947368425,0.025555555555555557,0.0,0.0628305513332331
20,1,active_fraction_q0.5,Spearman,fixed_K2,30,1.0,1.0,0.0,0.9999999999999996,1.0,2.0,0.030509710713412724,0.9668315981077203,-0.9773607674156465,1.873768962804195,0.0,0.0628305513332331
20,1,active_fraction_q0.5,Spearman,unknown_K,30,1.0,1.0,0.0,0.9999999999999996,1.0,2.0,0.030509710713412724,0.9668315981077203,-0.9773607674156465,1.873768962804195,0.0,0.0628305513332331
20,1,active_fraction_q0.75,ORCA-current,fixed_K2,30,1.0,1.0,0.0,0.9999999999999996,1.0,2.0,0.9412950294729256,0.0,-0.09163126870604507,0.061348280047163355,0.0,0.07213002093321848
20,1,active_fraction_q0.75,ORCA-current,unknown_K,30,0.0,0.0,0.0,0.2574218642459922,0.0,20.0,0.9412950294729256,0.0,-0.09163126870604507,0.061348280047163355,0.0,0.07213002093321848
20,1,active_fraction_q0.75,ORCA-joint,fixed_K2,30,1.0,1.0,0.0,0.9999999999999996,1.0,2.0,0.7070686630997116,0.1919520387047897,-0.8296036190283499,0.669617375954554,0.0,0.07213002093321848
20,1,active_fraction_q0.75,ORCA-joint,unknown_K,30,1.0,1.0,0.0,0.9999999999999996,1.0,2.0,0.7070686630997116,0.1919520387047897,-0.8296036190283499,0.669617375954554,0.0,0.07213002093321848
20,1,active_fraction_q0.75,Pearson,fixed_K2,30,1.0,1.0,0.0,0.9999999999999996,1.0,2.0,0.010863748443255487,0.9927328920418662,-0.9510487248520941,1.9196085852721658,0.0,0.07213002093321848
20,1,active_fraction_q0.75,Pearson,unknown_K,30,1.0,1.0,0.0,0.9999999999999996,1.0,2.0,0.010863748443255487,0.9927328920418662,-0.9510487248520941,1.9196085852721658,0.0,0.07213002093321848
20,1,active_fraction_q0.75,Raw-Cosine,fixed_K2,30,1.0,1.0,0.0,0.9999999999999996,1.0,2.0,0.95,0.0,0.0,0.0,0.0,0.07213002093321848
20,1,active_fraction_q0.75,Raw-Cosine,unknown_K,30,0.0,0.0,0.0,0.2574218642459922,0.0,20.0,0.95,0.0,0.0,0.0,0.0,0.07213002093321848
20,1,active_fraction_q0.75,Single-Constraint-Mean,fixed_K2,30,1.0,1.0,0.0,0.9999999999999996,1.0,2.0,0.945,0.0,-0.05263157894736841,0.03472222222222222,0.0,0.07213002093321848
20,1,active_fraction_q0.75,Single-Constraint-Mean,unknown_K,30,0.0,0.0,0.0,0.2574218642459922,0.0,20.0,0.945,0.0,-0.05263157894736841,0.03472222222222222,0.0,0.07213002093321848
20,1,active_fraction_q0.75,Spearman,fixed_K2,30,1.0,1.0,0.0,0.9999999999999996,1.0,2.0,0.027289582886134204,0.9699955928792716,-0.9827808968640905,1.8641091018952163,0.0,0.07213002093321848
20,1,active_fraction_q0.75,Spearman,unknown_K,30,1.0,1.0,0.0,0.9999999999999996,1.0,2.0,0.027289582886134204,0.9699955928792716,-0.9827808968640905,1.8641091018952163,0.0,0.07213002093321848
20,1,active_fraction_q1,ORCA-current,fixed_K2,30,1.0,1.0,0.0,0.9999999999999996,1.0,2.0,0.9412844036697247,0.0,-0.09174311926605504,0.09174311926605506,1.0,0.08647156946644827
20,1,active_fraction_q1,ORCA-current,unknown_K,30,0.0,0.0,0.0,0.2574218642459922,0.0,20.0,0.9412844036697247,0.0,-0.09174311926605504,0.09174311926605506,1.0,0.08647156946644827
20,1,active_fraction_q1,ORCA-joint,fixed_K2,30,1.0,1.0,0.0,0.9999999999999996,1.0,2.0,5.995204332975844e-17,1.0,-1.0,1.9999999999999998,1.0,0.08647156946644827
20,1,active_fraction_q1,ORCA-joint,unknown_K,30,1.0,1.0,0.0,0.9999999999999996,1.0,2.0,5.995204332975844e-17,1.0,-1.0,1.9999999999999998,1.0,0.08647156946644827
20,1,active_fraction_q1,Pearson,fixed_K2,30,1.0,1.0,0.0,0.9999999999999996,1.0,2.0,0.004985478410576381,1.0,-0.94752127988867,1.9475212798886699,1.0,0.08647156946644827
20,1,active_fraction_q1,Pearson,unknown_K,30,1.0,1.0,0.0,0.9999999999999996,1.0,2.0,0.004985478410576381,1.0,-0.94752127988867,1.9475212798886699,1.0,0.08647156946644827
20,1,active_fraction_q1,Raw-Cosine,fixed_K2,30,1.0,1.0,0.0,0.9999999999999996,1.0,2.0,0.95,0.0,0.0,0.0,1.0,0.08647156946644827
20,1,active_fraction_q1,Raw-Cosine,unknown_K,30,0.0,0.0,0.0,0.2574218642459922,0.0,20.0,0.95,0.0,0.0,0.0,1.0,0.08647156946644827
20,1,active_fraction_q1,Single-Constraint-Mean,fixed_K2,30,1.0,1.0,0.0,0.9999999999999996,1.0,2.0,0.945,0.0,-0.05263157894736841,0.05263157894736841,1.0,0.08647156946644827
20,1,active_fraction_q1,Single-Constraint-Mean,unknown_K,30,0.0,0.0,0.0,0.2574218642459922,0.0,20.0,0.945,0.0,-0.05263157894736841,0.05263157894736841,1.0,0.08647156946644827
20,1,active_fraction_q1,Spearman,fixed_K2,30,1.0,1.0,0.0,0.9999999999999996,1.0,2.0,0.0,1.0,-1.0,2.0,1.0,0.08647156946644827
20,1,active_fraction_q1,Spearman,unknown_K,30,1.0,1.0,0.0,0.9999999999999996,1.0,2.0,0.0,1.0,-1.0,2.0,1.0,0.08647156946644827
20,1,exact_pf,ORCA-current,fixed_K2,1,1.0,1.0,0.0,0.9999999999999996,1.0,2.0,0.9412844036697247,0.0,-0.09174311926605504,0.09174311926605505,1.0,0.17507712500082562
20,1,exact_pf,ORCA-current,unknown_K,1,0.0,0.0,0.0,0.2574218642459922,0.0,20.0,0.9412844036697247,0.0,-0.09174311926605504,0.09174311926605505,1.0,0.17507712500082562
20,1,exact_pf,ORCA-joint,fixed_K2,1,1.0,1.0,0.0,0.9999999999999996,1.0,2.0,2.559064071760986e-16,0.9999999999999997,-1.0,1.9999999999999993,1.0,0.17507712500082562
20,1,exact_pf,ORCA-joint,unknown_K,1,1.0,1.0,0.0,0.9999999999999996,1.0,2.0,2.559064071760986e-16,0.9999999999999997,-1.0,1.9999999999999993,1.0,0.17507712500082562
20,1,exact_pf,Pearson,fixed_K2,1,1.0,1.0,0.0,0.9999999999999996,1.0,2.0,0.005490699139662685,1.0,-0.942203166950919,1.942203166950919,1.0,0.17507712500082562
20,1,exact_pf,Pearson,unknown_K,1,1.0,1.0,0.0,0.9999999999999996,1.0,2.0,0.005490699139662685,1.0,-0.942203166950919,1.942203166950919,1.0,0.17507712500082562
20,1,exact_pf,Raw-Cosine,fixed_K2,1,1.0,1.0,0.0,0.9999999999999996,1.0,2.0,0.95,0.0,0.0,0.0,1.0,0.17507712500082562
20,1,exact_pf,Raw-Cosine,unknown_K,1,0.0,0.0,0.0,0.2574218642459922,0.0,20.0,0.95,0.0,0.0,0.0,1.0,0.17507712500082562
20,1,exact_pf,Single-Constraint-Mean,fixed_K2,1,1.0,1.0,0.0,0.9999999999999996,1.0,2.0,0.945,0.0,-0.05263157894736841,0.05263157894736842,1.0,0.17507712500082562
20,1,exact_pf,Single-Constraint-Mean,unknown_K,1,0.0,0.0,0.0,0.2574218642459922,0.0,20.0,0.945,0.0,-0.05263157894736841,0.05263157894736842,1.0,0.17507712500082562
20,1,exact_pf,Spearman,fixed_K2,1,1.0,1.0,0.0,0.9999999999999996,1.0,2.0,0.0,1.0,-1.0,2.0,1.0,0.17507712500082562
20,1,exact_pf,Spearman,unknown_K,1,1.0,1.0,0.0,0.9999999999999996,1.0,2.0,0.0,1.0,-1.0,2.0,1.0,0.17507712500082562
20,1,exact_pf_gradient_noise_0.01,ORCA-current,fixed_K2,30,0.9666666666666667,0.9867503486750349,0.07257132909761613,0.9836197611609965,0.998051282051282,2.0,0.9469858548616259,-0.005998038209181556,-0.08571018744446635,0.026872633052486924,1.0,0.09407941536665021
20,1,exact_pf_gradient_noise_0.01,ORCA-current,unknown_K,30,0.0,0.07314505568537619,0.14990907003802953,0.3259242268101355,0.2296403760100534,13.5,0.9469858548616259,-0.005998038209181556,-0.08571018744446635,0.026872633052486924,1.0,0.09407941536665021
20,1,exact_pf_gradient_noise_0.01,ORCA-joint,fixed_K2,30,1.0,1.0,0.0,0.9999999999999996,1.0,2.0,0.8785661966735172,-0.019754890299673318,-0.9297287845547739,0.34395555729821176,1.0,0.09407941536665021
20,1,exact_pf_gradient_noise_0.01,ORCA-joint,unknown_K,30,0.7666666666666667,0.8128256520093037,0.3479935560358601,0.8730534914742117,0.92484141246241,2.7,0.8785661966735172,-0.019754890299673318,-0.9297287845547739,0.34395555729821176,1.0,0.09407941536665021
20,1,exact_pf_gradient_noise_0.01,Pearson,fixed_K2,30,1.0,1.0,0.0,0.9999999999999996,1.0,2.0,0.0040846601126827,1.0,-0.9570035777612351,1.9570035777612351,1.0,0.09407941536665021
20,1,exact_pf_gradient_noise_0.01,Pearson,unknown_K,30,1.0,1.0,0.0,0.9999999999999996,1.0,2.0,0.0040846601126827,1.0,-0.9570035777612351,1.9570035777612351,1.0,0.09407941536665021
20,1,exact_pf_gradient_noise_0.01,Raw-Cosine,fixed_K2,30,0.0,0.017505804615210396,0.12116376912018262,0.09395559612105757,0.7486795718417176,2.0,0.95000588809929,-8.431110717057444e-06,-1.3900003926827737e-05,-0.004135485035608155,1.0,0.09407941536665021
20,1,exact_pf_gradient_noise_0.01,Raw-Cosine,unknown_K,30,0.0,0.0,0.0,0.0,0.9473684210526316,1.0,0.95000588809929,-8.431110717057444e-06,-1.3900003926827737e-05,-0.004135485035608155,1.0,0.09407941536665021
20,1,exact_pf_gradient_noise_0.01,Single-Constraint-Mean,fixed_K2,30,0.1,0.3415845771510985,0.2711758130579097,0.34595768481967354,0.8253596195878733,2.0,0.9479047220123843,-5.2942730473886005e-05,-0.022532042338640222,-0.05007792415781168,1.0,0.09407941536665021
20,1,exact_pf_gradient_noise_0.01,Single-Constraint-Mean,unknown_K,30,0.03333333333333333,0.03333333333333333,0.18257418583505536,0.03333333333333332,0.9491228070175439,1.0333333333333334,0.9479047220123843,-5.2942730473886005e-05,-0.022532042338640222,-0.05007792415781168,1.0,0.09407941536665021
20,1,exact_pf_gradient_noise_0.01,Spearman,fixed_K2,30,1.0,1.0,0.0,0.9999999999999996,1.0,2.0,0.0,1.0,-1.0,2.0,1.0,0.09407941536665021
20,1,exact_pf_gradient_noise_0.01,Spearman,unknown_K,30,1.0,1.0,0.0,0.9999999999999996,1.0,2.0,0.0,1.0,-1.0,2.0,1.0,0.09407941536665021
20,1,exact_pf_gradient_noise_0.05,ORCA-current,fixed_K2,30,0.9,0.9602510460251047,0.12128541748865954,0.9508592834829902,0.9941538461538462,2.0,0.952578114488507,-0.01280299695302492,-0.08808892532978105,0.005237307121696973,1.0,0.0952783069667324
20,1,exact_pf_gradient_noise_0.05,ORCA-current,unknown_K,30,0.0,0.009624866593314992,0.01757859486665588,0.27378692255172127,0.07484471415339523,16.466666666666665,0.952578114488507,-0.01280299695302492,-0.08808892532978105,0.005237307121696973,1.0,0.0952783069667324
20,1,exact_pf_gradient_noise_0.05,ORCA-joint,fixed_K2,30,0.9666666666666667,0.9683368128044537,0.17342641869509434,0.971026437230321,0.9885534591194969,2.0,1.0238575078115975,-0.18661691716170017,-0.9021048038069069,0.19444881449874948,1.0,0.0952783069667324
20,1,exact_pf_gradient_noise_0.05,ORCA-joint,unknown_K,30,0.7,0.7361925796669141,0.41616900538529794,0.8132501471610489,0.8366073346456065,3.8666666666666667,1.0238575078115975,-0.18661691716170017,-0.9021048038069069,0.19444881449874948,1.0,0.0952783069667324
20,1,exact_pf_gradient_noise_0.05,Pearson,fixed_K2,30,1.0,1.0,0.0,0.9999999999999996,1.0,2.0,0.0040846601126827,1.0,-0.9570035777612351,1.9570035777612351,1.0,0.0952783069667324
20,1,exact_pf_gradient_noise_0.05,Pearson,unknown_K,30,1.0,1.0,0.0,0.9999999999999996,1.0,2.0,0.0040846601126827,1.0,-0.9570035777612351,1.9570035777612351,1.0,0.0952783069667324
20,1,exact_pf_gradient_noise_0.05,Raw-Cosine,fixed_K2,30,0.0,0.020425496735080696,0.12916318854279263,0.09556215724279185,0.7540303013457663,2.0,0.9500298871594383,-4.279964716952213e-05,-7.05951462287112e-05,-0.020653155350395566,1.0,0.0952783069667324
20,1,exact_pf_gradient_noise_0.05,Raw-Cosine,unknown_K,30,0.0,0.0,0.0,0.0,0.9473684210526316,1.0,0.9500298871594383,-4.279964716952213e-05,-7.05951462287112e-05,-0.020653155350395566,1.0,0.0952783069667324
20,1,exact_pf_gradient_noise_0.05,Single-Constraint-Mean,fixed_K2,30,0.0,0.20376137371176312,0.18418165138418324,0.2304239887025385,0.7649637972803317,2.0,0.948558926522708,-6.101267065117208e-05,-0.015718308533670334,-0.07737341659414707,1.0,0.0952783069667324
20,1,exact_pf_gradient_noise_0.05,Single-Constraint-Mean,unknown_K,30,0.0,0.0,0.0,0.0,0.9473684210526316,1.0,0.948558926522708,-6.101267065117208e-05,-0.015718308533670334,-0.07737341659414707,1.0,0.0952783069667324
20,1,exact_pf_gradient_noise_0.05,Spearman,fixed_K2,30,1.0,1.0,0.0,0.9999999999999996,1.0,2.0,0.0,1.0,-1.0,2.0,1.0,0.0952783069667324
20,1,exact_pf_gradient_noise_0.05,Spearman,unknown_K,30,1.0,1.0,0.0,0.9999999999999996,1.0,2.0,0.0,1.0,-1.0,2.0,1.0,0.0952783069667324
20,1,heterogeneous_contamination_q0.25,ORCA-current,fixed_K2,30,1.0,1.0,0.0,0.9999999999999996,1.0,2.0,0.9413636206162538,0.0,-0.09090925667101327,0.019877331992892145,0.0,0.05044593886692989
20,1,heterogeneous_contamination_q0.25,ORCA-current,unknown_K,30,0.0,0.0,0.0,0.2574218642459922,0.0,20.0,0.9413636206162538,0.0,-0.09090925667101327,0.019877331992892145,0.0,0.05044593886692989
20,1,heterogeneous_contamination_q0.25,ORCA-joint,fixed_K2,30,0.9666666666666667,0.9867503486750349,0.07257132909761613,0.9836197611609965,0.998051282051282,2.0,0.9035785026288795,0.012006127857083939,-0.3805921900348826,0.09342789598108361,0.0,0.05044593886692989
20,1,heterogeneous_contamination_q0.25,ORCA-joint,unknown_K,30,0.6,0.8326187924258664,0.2152761633386664,0.870967871661201,0.9719326818675353,2.5,0.9035785026288795,0.012006127857083939,-0.3805921900348826,0.09342789598108361,0.0,0.05044593886692989
20,1,heterogeneous_contamination_q0.25,Pearson,fixed_K2,30,0.8666666666666667,0.9401841563929977,0.1585568321686572,0.9293825166296107,0.9902828784119106,2.0,0.6062632246854057,0.33873113821039963,-0.5697016015231855,-0.2635427429105864,0.0,0.05044593886692989
20,1,heterogeneous_contamination_q0.25,Pearson,unknown_K,30,0.8666666666666667,0.8666666666666667,0.34574590364176044,0.8666666666666664,0.992982456140351,1.8666666666666667,0.6062632246854057,0.33873113821039963,-0.5697016015231855,-0.2635427429105864,0.0,0.05044593886692989
20,1,heterogeneous_contamination_q0.25,Raw-Cosine,fixed_K2,30,1.0,1.0,0.0,0.9999999999999996,1.0,2.0,0.95,0.0,0.0,0.0,0.0,0.05044593886692989
20,1,heterogeneous_contamination_q0.25,Raw-Cosine,unknown_K,30,0.0,0.0,0.0,0.2574218642459922,0.0,20.0,0.95,0.0,0.0,0.0,0.0,0.05044593886692989
20,1,heterogeneous_contamination_q0.25,Single-Constraint-Mean,fixed_K2,30,1.0,1.0,0.0,0.9999999999999996,1.0,2.0,0.945,0.0,-0.052631578947368425,0.01111111111111111,0.0,0.05044593886692989
20,1,heterogeneous_contamination_q0.25,Single-Constraint-Mean,unknown_K,30,0.0,0.0,0.0,0.2574218642459922,0.0,20.0,0.945,0.0,-0.052631578947368425,0.01111111111111111,0.0,0.05044593886692989
20,1,heterogeneous_contamination_q0.25,Spearman,fixed_K2,30,0.8666666666666667,0.9189870436261047,0.23114680733718712,0.9148382124434982,0.9797787661719494,2.0,0.6367392394858123,0.3057572989128619,-0.5456659994072713,-0.424412331101592,0.0,0.05044593886692989
20,1,heterogeneous_contamination_q0.25,Spearman,unknown_K,30,0.6666666666666666,0.6666666666666666,0.47946330148538413,0.6666666666666664,0.9824561403508771,1.6666666666666667,0.6367392394858123,0.3057572989128619,-0.5456659994072713,-0.424412331101592,0.0,0.05044593886692989
20,1,heterogeneous_contamination_q0.5,ORCA-current,fixed_K2,30,1.0,1.0,0.0,0.9999999999999996,1.0,2.0,0.9413093503780777,0.0,-0.09148052233602401,0.04543570517328124,0.0,0.06333530553353436
20,1,heterogeneous_contamination_q0.5,ORCA-current,unknown_K,30,0.0,0.0,0.0,0.2574218642459922,0.0,20.0,0.9413093503780777,0.0,-0.09148052233602401,0.04543570517328124,0.0,0.06333530553353436
20,1,heterogeneous_contamination_q0.5,ORCA-joint,fixed_K2,30,1.0,1.0,0.0,0.9999999999999996,1.0,2.0,0.8308136590209521,0.06624256571357759,-0.6584099715151491,0.38012529082728796,0.0,0.06333530553353436
20,1,heterogeneous_contamination_q0.5,ORCA-joint,unknown_K,30,1.0,1.0,0.0,0.9999999999999996,1.0,2.0,0.8308136590209521,0.06624256571357759,-0.6584099715151491,0.38012529082728796,0.0,0.06333530553353436
20,1,heterogeneous_contamination_q0.5,Pearson,fixed_K2,30,0.9333333333333333,0.9735006973500698,0.10084632850097874,0.9672395223219934,0.9961025641025641,2.0,0.5250189685132665,0.42496799085991294,-0.6487726242264003,-0.09004402259876815,0.0,0.06333530553353436
20,1,heterogeneous_contamination_q0.5,Pearson,unknown_K,30,0.9666666666666667,0.9666666666666667,0.18257418583505536,0.9666666666666662,0.9982456140350877,1.9666666666666666,0.5250189685132665,0.42496799085991294,-0.6487726242264003,-0.09004402259876815,0.0,0.06333530553353436
20,1,heterogeneous_contamination_q0.5,Raw-Cosine,fixed_K2,30,1.0,1.0,0.0,0.9999999999999996,1.0,2.0,0.95,0.0,0.0,0.0,0.0,0.06333530553353436
20,1,heterogeneous_contamination_q0.5,Raw-Cosine,unknown_K,30,0.0,0.0,0.0,0.2574218642459922,0.0,20.0,0.95,0.0,0.0,0.0,0.0,0.06333530553353436
20,1,heterogeneous_contamination_q0.5,Single-Constraint-Mean,fixed_K2,30,1.0,1.0,0.0,0.9999999999999996,1.0,2.0,0.945,0.0,-0.052631578947368425,0.025555555555555557,0.0,0.06333530553353436
20,1,heterogeneous_contamination_q0.5,Single-Constraint-Mean,unknown_K,30,0.0,0.0,0.0,0.2574218642459922,0.0,20.0,0.945,0.0,-0.052631578947368425,0.025555555555555557,0.0,0.06333530553353436
20,1,heterogeneous_contamination_q0.5,Spearman,fixed_K2,30,0.9333333333333333,0.9666834590429279,0.12960287229761364,0.9621429943076169,0.9941803143093466,2.0,0.5738562184302175,0.3713078509202461,-0.6176375687681268,-0.19054082340729925,0.0,0.06333530553353436
20,1,heterogeneous_contamination_q0.5,Spearman,unknown_K,30,0.8666666666666667,0.8666666666666667,0.3457459036417604,0.8666666666666664,0.992982456140351,1.8666666666666667,0.5738562184302175,0.3713078509202461,-0.6176375687681268,-0.19054082340729925,0.0,0.06333530553353436
20,1,heterogeneous_contamination_q0.75,ORCA-current,fixed_K2,30,1.0,1.0,0.0,0.9999999999999996,1.0,2.0,0.9412947002759614,0.0,-0.09163473393724772,0.06135140978922671,0.0,0.07241045269996296
20,1,heterogeneous_contamination_q0.75,ORCA-current,unknown_K,30,0.0,0.0,0.0,0.2574218642459922,0.0,20.0,0.9412947002759614,0.0,-0.09163473393724772,0.06135140978922671,0.0,0.07241045269996296
20,1,heterogeneous_contamination_q0.75,ORCA-joint,fixed_K2,30,1.0,1.0,0.0,0.9999999999999996,1.0,2.0,0.707437196943071,0.19149797435181826,-0.8298108945907834,0.6694228096366166,0.0,0.07241045269996296
20,1,heterogeneous_contamination_q0.75,ORCA-joint,unknown_K,30,1.0,1.0,0.0,0.9999999999999996,1.0,2.0,0.707437196943071,0.19149797435181826,-0.8298108945907834,0.6694228096366166,0.0,0.07241045269996296
20,1,heterogeneous_contamination_q0.75,Pearson,fixed_K2,30,1.0,1.0,0.0,0.9999999999999996,1.0,2.0,0.422634748923618,0.5357144378103669,-0.729783228931771,0.06880236372403412,0.0,0.07241045269996296
20,1,heterogeneous_contamination_q0.75,Pearson,unknown_K,30,0.9666666666666667,0.9666666666666667,0.18257418583505536,0.9666666666666662,0.9982456140350877,1.9666666666666666,0.422634748923618,0.5357144378103669,-0.729783228931771,0.06880236372403412,0.0,0.07241045269996296
20,1,heterogeneous_contamination_q0.75,Raw-Cosine,fixed_K2,30,1.0,1.0,0.0,0.9999999999999996,1.0,2.0,0.95,0.0,0.0,0.0,0.0,0.07241045269996296
20,1,heterogeneous_contamination_q0.75,Raw-Cosine,unknown_K,30,0.0,0.0,0.0,0.2574218642459922,0.0,20.0,0.95,0.0,0.0,0.0,0.0,0.07241045269996296
20,1,heterogeneous_contamination_q0.75,Single-Constraint-Mean,fixed_K2,30,1.0,1.0,0.0,0.9999999999999996,1.0,2.0,0.945,0.0,-0.052631578947368425,0.03472222222222222,0.0,0.07241045269996296
20,1,heterogeneous_contamination_q0.75,Single-Constraint-Mean,unknown_K,30,0.0,0.0,0.0,0.2574218642459922,0.0,20.0,0.945,0.0,-0.052631578947368425,0.03472222222222222,0.0,0.07241045269996296
20,1,heterogeneous_contamination_q0.75,Spearman,fixed_K2,30,0.9666666666666667,0.9867503486750349,0.07257132909761613,0.9836197611609965,0.998051282051282,2.0,0.44314124944445743,0.5120635667547088,-0.7267831682133331,0.007877553761115404,0.0,0.07241045269996296
20,1,heterogeneous_contamination_q0.75,Spearman,unknown_K,30,0.9333333333333333,0.9333333333333333,0.2537081317024624,0.9333333333333329,0.9964912280701754,1.9333333333333333,0.44314124944445743,0.5120635667547088,-0.7267831682133331,0.007877553761115404,0.0,0.07241045269996296
20,10,active_fraction_q0,ORCA-current,fixed_K2,30,1.0,1.0,0.0,0.9999999999999996,1.0,2.0,0.95,0.0,0.0,0.0,0.0,0.03786375143348172
20,10,active_fraction_q0,ORCA-current,unknown_K,30,0.0,0.0,0.0,0.2574218642459922,0.0,20.0,0.95,0.0,0.0,0.0,0.0,0.03786375143348172
20,10,active_fraction_q0,ORCA-joint,fixed_K2,30,1.0,1.0,0.0,0.9999999999999996,1.0,2.0,0.95,0.0,0.0,0.0,0.0,0.03786375143348172
20,10,active_fraction_q0,ORCA-joint,unknown_K,30,0.0,0.0,0.0,0.2574218642459922,0.0,20.0,0.95,0.0,0.0,0.0,0.0,0.03786375143348172
20,10,active_fraction_q0,Pearson,fixed_K2,30,1.0,1.0,0.0,0.9999999999999996,1.0,2.0,0.004274418877648336,1.0,-0.9550061170773866,1.9550061170773865,0.0,0.03786375143348172
20,10,active_fraction_q0,Pearson,unknown_K,30,1.0,1.0,0.0,0.9999999999999996,1.0,2.0,0.004274418877648336,1.0,-0.9550061170773866,1.9550061170773865,0.0,0.03786375143348172
20,10,active_fraction_q0,Raw-Cosine,fixed_K2,30,1.0,1.0,0.0,0.9999999999999996,1.0,2.0,0.95,0.0,0.0,0.0,0.0,0.03786375143348172
20,10,active_fraction_q0,Raw-Cosine,unknown_K,30,0.0,0.0,0.0,0.2574218642459922,0.0,20.0,0.95,0.0,0.0,0.0,0.0,0.03786375143348172
20,10,active_fraction_q0,Single-Constraint-Mean,fixed_K2,30,1.0,1.0,0.0,0.9999999999999996,1.0,2.0,0.0,,,,0.0,0.03786375143348172
20,10,active_fraction_q0,Single-Constraint-Mean,unknown_K,30,0.0,0.0,0.0,0.2574218642459922,0.0,20.0,0.0,,,,0.0,0.03786375143348172
20,10,active_fraction_q0,Spearman,fixed_K2,30,1.0,1.0,0.0,0.9999999999999996,1.0,2.0,0.0014836829836829752,1.0,-0.9843822843822846,1.9843822843822845,0.0,0.03786375143348172
20,10,active_fraction_q0,Spearman,unknown_K,30,1.0,1.0,0.0,0.9999999999999996,1.0,2.0,0.0014836829836829752,1.0,-0.9843822843822846,1.9843822843822845,0.0,0.03786375143348172
20,10,active_fraction_q0.25,ORCA-current,fixed_K2,30,1.0,1.0,0.0,0.9999999999999996,1.0,2.0,0.9413665497987532,0.0,-0.090878423171018,0.021896812483740546,0.0,0.06071441389995016
20,10,active_fraction_q0.25,ORCA-current,unknown_K,30,0.0,0.0,0.0,0.2574218642459922,0.0,20.0,0.9413665497987532,0.0,-0.090878423171018,0.021896812483740546,0.0,0.06071441389995016
20,10,active_fraction_q0.25,ORCA-joint,fixed_K2,30,0.9666666666666667,0.9757834757834758,0.13263936577760438,0.9757671398785329,0.9942760942760942,2.0,0.9036009384731923,0.012041842996434604,-0.3800345869984845,0.10345153664079568,0.0,0.06071441389995016
20,10,active_fraction_q0.25,ORCA-joint,unknown_K,30,0.7,0.8593348418085824,0.22777541730747886,0.8932142925741591,0.9734981648763174,2.466666666666667,0.9036009384731923,0.012041842996434604,-0.3800345869984845,0.10345153664079568,0.0,0.06071441389995016
20,10,active_fraction_q0.25,Pearson,fixed_K2,30,1.0,1.0,0.0,0.9999999999999996,1.0,2.0,0.01377597293631494,0.990058040691719,-0.9444673923396356,1.9041730135642325,0.0,0.06071441389995016
20,10,active_fraction_q0.25,Pearson,unknown_K,30,1.0,1.0,0.0,0.9999999999999996,1.0,2.0,0.01377597293631494,0.990058040691719,-0.9444673923396356,1.9041730135642325,0.0,0.06071441389995016
20,10,active_fraction_q0.25,Raw-Cosine,fixed_K2,30,1.0,1.0,0.0,0.9999999999999996,1.0,2.0,0.95,0.0,0.0,0.0,0.0,0.06071441389995016
20,10,active_fraction_q0.25,Raw-Cosine,unknown_K,30,0.0,0.0,0.0,0.2574218642459922,0.0,20.0,0.95,0.0,0.0,0.0,0.0,0.06071441389995016
20,10,active_fraction_q0.25,Single-Constraint-Mean,fixed_K2,30,1.0,1.0,0.0,0.9999999999999996,1.0,2.0,0.945,0.0,-0.052631578947368425,0.012222222222222221,0.0,0.06071441389995016
20,10,active_fraction_q0.25,Single-Constraint-Mean,unknown_K,30,0.0,0.0,0.0,0.2574218642459922,0.0,20.0,0.945,0.0,-0.052631578947368425,0.012222222222222221,0.0,0.06071441389995016
20,10,active_fraction_q0.25,Spearman,fixed_K2,30,1.0,1.0,0.0,0.9999999999999996,1.0,2.0,0.029250582750582656,0.9684415000204474,-0.9761256287572079,1.8592074592074594,0.0,0.06071441389995016
20,10,active_fraction_q0.25,Spearman,unknown_K,30,1.0,1.0,0.0,0.9999999999999996,1.0,2.0,0.029250582750582656,0.9684415000204474,-0.9761256287572079,1.8592074592074594,0.0,0.06071441389995016
20,10,active_fraction_q0.5,ORCA-current,fixed_K2,30,1.0,1.0,0.0,0.9999999999999996,1.0,2.0,0.9413058732971343,0.0,-0.09151712318805925,0.048853590158787444,0.0,0.0780187818664975
20,10,active_fraction_q0.5,ORCA-current,unknown_K,30,0.0,0.0,0.0,0.2574218642459922,0.0,20.0,0.9413058732971343,0.0,-0.09151712318805925,0.048853590158787444,0.0,0.0780187818664975
20,10,active_fraction_q0.5,ORCA-joint,fixed_K2,30,1.0,1.0,0.0,0.9999999999999996,1.0,2.0,0.8310652046867294,0.06577080058156488,-0.6600080085898168,0.4059687798954172,0.0,0.0780187818664975
20,10,active_fraction_q0.5,ORCA-joint,unknown_K,30,1.0,1.0,0.0,0.9999999999999996,1.0,2.0,0.8310652046867294,0.06577080058156488,-0.6600080085898168,0.4059687798954172,0.0,0.0780187818664975
20,10,active_fraction_q0.5,Pearson,fixed_K2,30,1.0,1.0,0.0,0.9999999999999996,1.0,2.0,0.015848170464034826,0.9872064886611595,-0.9483187550597248,1.9056867885278794,0.0,0.0780187818664975
20,10,active_fraction_q0.5,Pearson,unknown_K,30,1.0,1.0,0.0,0.9999999999999996,1.0,2.0,0.015848170464034826,0.9872064886611595,-0.9483187550597248,1.9056867885278794,0.0,0.0780187818664975
20,10,active_fraction_q0.5,Raw-Cosine,fixed_K2,30,1.0,1.0,0.0,0.9999999999999996,1.0,2.0,0.95,0.0,0.0,0.0,0.0,0.0780187818664975
20,10,active_fraction_q0.5,Raw-Cosine,unknown_K,30,0.0,0.0,0.0,0.2574218642459922,0.0,20.0,0.95,0.0,0.0,0.0,0.0,0.0780187818664975
20,10,active_fraction_q0.5,Single-Constraint-Mean,fixed_K2,30,1.0,1.0,0.0,0.9999999999999996,1.0,2.0,0.945,0.0,-0.052631578947368425,0.0275,0.0,0.0780187818664975
20,10,active_fraction_q0.5,Single-Constraint-Mean,unknown_K,30,0.0,0.0,0.0,0.2574218642459922,0.0,20.0,0.945,0.0,-0.052631578947368425,0.0275,0.0,0.0780187818664975
20,10,active_fraction_q0.5,Spearman,fixed_K2,30,1.0,1.0,0.0,0.9999999999999996,1.0,2.0,0.037907925407925314,0.9586703744598482,-0.9729358360937309,1.8466200466200469,0.0,0.0780187818664975
20,10,active_fraction_q0.5,Spearman,unknown_K,30,1.0,1.0,0.0,0.9999999999999996,1.0,2.0,0.037907925407925314,0.9586703744598482,-0.9729358360937309,1.8466200466200469,0.0,0.0780187818664975
20,10,active_fraction_q0.75,ORCA-current,fixed_K2,30,1.0,1.0,0.0,0.9999999999999996,1.0,2.0,0.9412942018179906,0.0,-0.09163998086325731,0.06441174926270203,0.0,0.09809977223309639
20,10,active_fraction_q0.75,ORCA-current,unknown_K,30,0.0,0.0,0.0,0.2574218642459922,0.0,20.0,0.9412942018179906,0.0,-0.09163998086325731,0.06441174926270203,0.0,0.09809977223309639
20,10,active_fraction_q0.75,ORCA-joint,fixed_K2,30,1.0,1.0,0.0,0.9999999999999996,1.0,2.0,0.7086036876655422,0.19009934491184585,-0.830119709840312,0.6930378790280697,0.0,0.09809977223309639
20,10,active_fraction_q0.75,ORCA-joint,unknown_K,30,1.0,1.0,0.0,0.9999999999999996,1.0,2.0,0.7086036876655422,0.19009934491184585,-0.830119709840312,0.6930378790280697,0.0,0.09809977223309639
20,10,active_fraction_q0.75,Pearson,fixed_K2,30,1.0,1.0,0.0,0.9999999999999996,1.0,2.0,0.011260279831550615,0.9923301763302737,-0.9504991516427939,1.9174101538569954,0.0,0.09809977223309639
20,10,active_fraction_q0.75,Pearson,unknown_K,30,1.0,1.0,0.0,0.9999999999999996,1.0,2.0,0.011260279831550615,0.9923301763302737,-0.9504991516427939,1.9174101538569954,0.0,0.09809977223309639
20,10,active_fraction_q0.75,Raw-Cosine,fixed_K2,30,1.0,1.0,0.0,0.9999999999999996,1.0,2.0,0.95,0.0,0.0,0.0,0.0,0.09809977223309639
20,10,active_fraction_q0.75,Raw-Cosine,unknown_K,30,0.0,0.0,0.0,0.2574218642459922,0.0,20.0,0.95,0.0,0.0,0.0,0.0,0.09809977223309639
20,10,active_fraction_q0.75,Single-Constraint-Mean,fixed_K2,30,1.0,1.0,0.0,0.9999999999999996,1.0,2.0,0.945,0.0,-0.05263157894736841,0.0365079365079365,0.0,0.09809977223309639
20,10,active_fraction_q0.75,Single-Constraint-Mean,unknown_K,30,0.0,0.0,0.0,0.2574218642459922,0.0,20.0,0.945,0.0,-0.05263157894736841,0.0365079365079365,0.0,0.09809977223309639
20,10,active_fraction_q0.75,Spearman,fixed_K2,30,1.0,1.0,0.0,0.9999999999999996,1.0,2.0,0.027203962703962616,0.970100464837307,-0.9827383143172618,1.8659673659673663,0.0,0.09809977223309639
20,10,active_fraction_q0.75,Spearman,unknown_K,30,1.0,1.0,0.0,0.9999999999999996,1.0,2.0,0.027203962703962616,0.970100464837307,-0.9827383143172618,1.8659673659673663,0.0,0.09809977223309639
20,10,active_fraction_q1,ORCA-current,fixed_K2,30,1.0,1.0,0.0,0.9999999999999996,1.0,2.0,0.9412844036697247,0.0,-0.09174311926605504,0.09174311926605506,1.0,0.12242605556663572
20,10,active_fraction_q1,ORCA-current,unknown_K,30,0.0,0.0,0.0,0.2574218642459922,0.0,20.0,0.9412844036697247,0.0,-0.09174311926605504,0.09174311926605506,1.0,0.12242605556663572
20,10,active_fraction_q1,ORCA-joint,fixed_K2,30,1.0,1.0,0.0,0.9999999999999996,1.0,2.0,6.076620688115024e-17,1.0,-1.0,1.9999999999999996,1.0,0.12242605556663572
20,10,active_fraction_q1,ORCA-joint,unknown_K,30,1.0,1.0,0.0,0.9999999999999996,1.0,2.0,6.076620688115024e-17,1.0,-1.0,1.9999999999999996,1.0,0.12242605556663572
20,10,active_fraction_q1,Pearson,fixed_K2,30,1.0,1.0,0.0,0.9999999999999996,1.0,2.0,0.004400276968638141,1.0,-0.9536812950669673,1.9536812950669673,1.0,0.12242605556663572
20,10,active_fraction_q1,Pearson,unknown_K,30,1.0,1.0,0.0,0.9999999999999996,1.0,2.0,0.004400276968638141,1.0,-0.9536812950669673,1.9536812950669673,1.0,0.12242605556663572
20,10,active_fraction_q1,Raw-Cosine,fixed_K2,30,1.0,1.0,0.0,0.9999999999999996,1.0,2.0,0.95,0.0,0.0,0.0,1.0,0.12242605556663572
20,10,active_fraction_q1,Raw-Cosine,unknown_K,30,0.0,0.0,0.0,0.2574218642459922,0.0,20.0,0.95,0.0,0.0,0.0,1.0,0.12242605556663572
20,10,active_fraction_q1,Single-Constraint-Mean,fixed_K2,30,1.0,1.0,0.0,0.9999999999999996,1.0,2.0,0.945,0.0,-0.05263157894736841,0.052631578947368425,1.0,0.12242605556663572
20,10,active_fraction_q1,Single-Constraint-Mean,unknown_K,30,0.0,0.0,0.0,0.2574218642459922,0.0,20.0,0.945,0.0,-0.05263157894736841,0.052631578947368425,1.0,0.12242605556663572
20,10,active_fraction_q1,Spearman,fixed_K2,30,1.0,1.0,0.0,0.9999999999999996,1.0,2.0,0.0,1.0,-1.0,2.0,1.0,0.12242605556663572
20,10,active_fraction_q1,Spearman,unknown_K,30,1.0,1.0,0.0,0.9999999999999996,1.0,2.0,0.0,1.0,-1.0,2.0,1.0,0.12242605556663572
20,10,exact_pf,ORCA-current,fixed_K2,1,1.0,1.0,0.0,0.9999999999999996,1.0,2.0,0.9412844036697247,0.0,-0.09174311926605504,0.09174311926605505,1.0,0.2549032500010071
20,10,exact_pf,ORCA-current,unknown_K,1,0.0,0.0,0.0,0.2574218642459922,0.0,20.0,0.9412844036697247,0.0,-0.09174311926605504,0.09174311926605505,1.0,0.2549032500010071
20,10,exact_pf,ORCA-joint,fixed_K2,1,1.0,1.0,0.0,0.9999999999999996,1.0,2.0,3.2363001167823314e-16,0.9999999999999997,-1.0,1.9999999999999993,1.0,0.2549032500010071
20,10,exact_pf,ORCA-joint,unknown_K,1,1.0,1.0,0.0,0.9999999999999996,1.0,2.0,3.2363001167823314e-16,0.9999999999999997,-1.0,1.9999999999999993,1.0,0.2549032500010071
20,10,exact_pf,Pearson,fixed_K2,1,1.0,1.0,0.0,0.9999999999999996,1.0,2.0,0.005490699139662665,1.0,-0.9422031669509192,1.9422031669509194,1.0,0.2549032500010071
20,10,exact_pf,Pearson,unknown_K,1,1.0,1.0,0.0,0.9999999999999996,1.0,2.0,0.005490699139662665,1.0,-0.9422031669509192,1.9422031669509194,1.0,0.2549032500010071
20,10,exact_pf,Raw-Cosine,fixed_K2,1,1.0,1.0,0.0,0.9999999999999996,1.0,2.0,0.95,0.0,0.0,0.0,1.0,0.2549032500010071
20,10,exact_pf,Raw-Cosine,unknown_K,1,0.0,0.0,0.0,0.2574218642459922,0.0,20.0,0.95,0.0,0.0,0.0,1.0,0.2549032500010071
20,10,exact_pf,Single-Constraint-Mean,fixed_K2,1,1.0,1.0,0.0,0.9999999999999996,1.0,2.0,0.945,0.0,-0.05263157894736841,0.05263157894736842,1.0,0.2549032500010071
20,10,exact_pf,Single-Constraint-Mean,unknown_K,1,0.0,0.0,0.0,0.2574218642459922,0.0,20.0,0.945,0.0,-0.05263157894736841,0.05263157894736842,1.0,0.2549032500010071
20,10,exact_pf,Spearman,fixed_K2,1,1.0,1.0,0.0,0.9999999999999996,1.0,2.0,0.0,1.0,-1.0,2.0,1.0,0.2549032500010071
20,10,exact_pf,Spearman,unknown_K,1,1.0,1.0,0.0,0.9999999999999996,1.0,2.0,0.0,1.0,-1.0,2.0,1.0,0.2549032500010071
20,10,exact_pf_gradient_noise_0.01,ORCA-current,fixed_K2,30,1.0,1.0,0.0,0.9999999999999996,1.0,2.0,0.9457290884881993,-0.0014828671394738367,-0.05830276753737862,0.043410824242435246,1.0,0.13424209999999828
20,10,exact_pf_gradient_noise_0.01,ORCA-current,unknown_K,30,0.1,0.22786093529756618,0.3094728429674132,0.4424306092061553,0.4871522967421449,8.9,0.9457290884881993,-0.0014828671394738367,-0.05830276753737862,0.043410824242435246,1.0,0.13424209999999828
20,10,exact_pf_gradient_noise_0.01,ORCA-joint,fixed_K2,30,1.0,1.0,0.0,0.9999999999999996,1.0,2.0,0.5612936534666773,0.3950440269074902,-0.536249510814933,0.6724238312341317,1.0,0.13424209999999828
20,10,exact_pf_gradient_noise_0.01,ORCA-joint,unknown_K,30,1.0,1.0,0.0,0.9999999999999996,1.0,2.0,0.5612936534666773,0.3950440269074902,-0.536249510814933,0.6724238312341317,1.0,0.13424209999999828
20,10,exact_pf_gradient_noise_0.01,Pearson,fixed_K2,30,1.0,1.0,0.0,0.9999999999999996,1.0,2.0,0.004116625529975793,1.0,-0.9566670996844657,1.9566670996844657,1.0,0.13424209999999828
20,10,exact_pf_gradient_noise_0.01,Pearson,unknown_K,30,1.0,1.0,0.0,0.9999999999999996,1.0,2.0,0.004116625529975793,1.0,-0.9566670996844657,1.9566670996844657,1.0,0.13424209999999828
20,10,exact_pf_gradient_noise_0.01,Raw-Cosine,fixed_K2,30,0.0,-0.005104905179296079,0.07425667669726516,0.08263043131331813,0.7182589931053723,2.0,0.9500000397497496,-7.024613177778406e-08,-2.1379676948450872e-07,-0.0012907266375677404,1.0,0.13424209999999828
20,10,exact_pf_gradient_noise_0.01,Raw-Cosine,unknown_K,30,0.0,0.0,0.0,0.0,0.9473684210526316,1.0,0.9500000397497496,-7.024613177778406e-08,-2.1379676948450872e-07,-0.0012907266375677404,1.0,0.13424209999999828
20,10,exact_pf_gradient_noise_0.01,Single-Constraint-Mean,fixed_K2,30,0.7333333333333333,0.8556468718101186,0.2570242303978679,0.8412836298893958,0.971280079538144,2.0,0.9474363051571334,1.636524318487081e-05,-0.02683897431519454,0.006630012632724151,1.0,0.13424209999999828
20,10,exact_pf_gradient_noise_0.01,Single-Constraint-Mean,unknown_K,30,0.6666666666666666,0.6666666666666666,0.47946330148538413,0.6666666666666664,0.9824561403508771,1.6666666666666667,0.9474363051571334,1.636524318487081e-05,-0.02683897431519454,0.006630012632724151,1.0,0.13424209999999828
20,10,exact_pf_gradient_noise_0.01,Spearman,fixed_K2,30,1.0,1.0,0.0,0.9999999999999996,1.0,2.0,0.0,1.0,-1.0,2.0,1.0,0.13424209999999828
20,10,exact_pf_gradient_noise_0.01,Spearman,unknown_K,30,1.0,1.0,0.0,0.9999999999999996,1.0,2.0,0.0,1.0,-1.0,2.0,1.0,0.13424209999999828
20,10,exact_pf_gradient_noise_0.05,ORCA-current,fixed_K2,30,1.0,1.0,0.0,0.9999999999999996,1.0,2.0,0.9476072252446045,-0.00266181336110002,-0.04914342293827422,0.028252876766944046,1.0,0.13237228893352343
20,10,exact_pf_gradient_noise_0.05,ORCA-current,unknown_K,30,0.1,0.2820610262256334,0.3037792965778805,0.4890174535701917,0.6292929763299214,6.4,0.9476072252446045,-0.00266181336110002,-0.04914342293827422,0.028252876766944046,1.0,0.13237228893352343
20,10,exact_pf_gradient_noise_0.05,ORCA-joint,fixed_K2,30,1.0,1.0,0.0,0.9999999999999996,1.0,2.0,0.6659521469490082,0.2889262284287827,-0.38964134467771155,0.45544893063509595,1.0,0.13237228893352343
20,10,exact_pf_gradient_noise_0.05,ORCA-joint,unknown_K,30,1.0,1.0,0.0,0.9999999999999996,1.0,2.0,0.6659521469490082,0.2889262284287827,-0.38964134467771155,0.45544893063509595,1.0,0.13237228893352343
20,10,exact_pf_gradient_noise_0.05,Pearson,fixed_K2,30,1.0,1.0,0.0,0.9999999999999996,1.0,2.0,0.004116625529975793,1.0,-0.9566670996844657,1.9566670996844657,1.0,0.13237228893352343
20,10,exact_pf_gradient_noise_0.05,Pearson,unknown_K,30,1.0,1.0,0.0,0.9999999999999996,1.0,2.0,0.004116625529975793,1.0,-0.9566670996844657,1.9566670996844657,1.0,0.13237228893352343
20,10,exact_pf_gradient_noise_0.05,Raw-Cosine,fixed_K2,30,0.0,-0.009090811367360384,0.07553530357866671,0.0773174071947015,0.7348068082666175,2.0,0.9499998921740579,6.869866055915356e-08,-5.167219719933757e-07,-0.00643434850006777,1.0,0.13237228893352343
20,10,exact_pf_gradient_noise_0.05,Raw-Cosine,unknown_K,30,0.0,0.0,0.0,0.0,0.9473684210526316,1.0,0.9499998921740579,6.869866055915356e-08,-5.167219719933757e-07,-0.00643434850006777,1.0,0.13237228893352343
20,10,exact_pf_gradient_noise_0.05,Single-Constraint-Mean,fixed_K2,30,0.5666666666666667,0.7762968117700565,0.2842725759648181,0.7502968520811871,0.9549677753548721,2.0,0.948115073806891,2.092777501228532e-05,-0.01965297837340518,-0.006621340426654513,1.0,0.13237228893352343
20,10,exact_pf_gradient_noise_0.05,Single-Constraint-Mean,unknown_K,30,0.43333333333333335,0.43333333333333335,0.5040069329937309,0.4333333333333332,0.9701754385964912,1.4333333333333333,0.948115073806891,2.092777501228532e-05,-0.01965297837340518,-0.006621340426654513,1.0,0.13237228893352343
20,10,exact_pf_gradient_noise_0.05,Spearman,fixed_K2,30,1.0,1.0,0.0,0.9999999999999996,1.0,2.0,0.0,1.0,-1.0,2.0,1.0,0.13237228893352343
20,10,exact_pf_gradient_noise_0.05,Spearman,unknown_K,30,1.0,1.0,0.0,0.9999999999999996,1.0,2.0,0.0,1.0,-1.0,2.0,1.0,0.13237228893352343
20,10,heterogeneous_contamination_q0.25,ORCA-current,fixed_K2,30,1.0,1.0,0.0,0.9999999999999996,1.0,2.0,0.9413608900206433,0.0,-0.09093799978270259,0.01694070752366717,0.0,0.0627135513332784
20,10,heterogeneous_contamination_q0.25,ORCA-current,unknown_K,30,0.0,0.0,0.0,0.2574218642459922,0.0,20.0,0.9413608900206433,0.0,-0.09093799978270259,0.01694070752366717,0.0,0.0627135513332784
20,10,heterogeneous_contamination_q0.25,ORCA-joint,fixed_K2,30,0.9666666666666667,0.9867503486750349,0.07257132909761613,0.9836197611609965,0.998051282051282,2.0,0.9035516655120667,0.012001362637654688,-0.3809175729761961,0.08037825059101568,0.0,0.0627135513332784
20,10,heterogeneous_contamination_q0.25,ORCA-joint,unknown_K,30,0.5666666666666667,0.8395061728395062,0.18666923444212247,0.8741006312974442,0.975925925925926,2.433333333333333,0.9035516655120667,0.012001362637654688,-0.3809175729761961,0.08037825059101568,0.0,0.0627135513332784
20,10,heterogeneous_contamination_q0.25,Pearson,fixed_K2,30,0.9666666666666667,0.9867503486750349,0.07257132909761611,0.9836197611609965,0.998051282051282,2.0,0.5932347576164432,0.35167227656801364,-0.5903731149253175,-0.1121565828124821,0.0,0.0627135513332784
20,10,heterogeneous_contamination_q0.25,Pearson,unknown_K,30,0.8666666666666667,0.8666666666666667,0.34574590364176044,0.8666666666666664,0.992982456140351,1.8666666666666667,0.5932347576164432,0.35167227656801364,-0.5903731149253175,-0.1121565828124821,0.0,0.0627135513332784
20,10,heterogeneous_contamination_q0.25,Raw-Cosine,fixed_K2,30,1.0,1.0,0.0,0.9999999999999996,1.0,2.0,0.95,0.0,0.0,0.0,0.0,0.0627135513332784
20,10,heterogeneous_contamination_q0.25,Raw-Cosine,unknown_K,30,0.0,0.0,0.0,0.2574218642459922,0.0,20.0,0.95,0.0,0.0,0.0,0.0,0.0627135513332784
20,10,heterogeneous_contamination_q0.25,Single-Constraint-Mean,fixed_K2,30,1.0,1.0,0.0,0.9999999999999996,1.0,2.0,0.945,0.0,-0.052631578947368425,0.009444444444444445,0.0,0.0627135513332784
20,10,heterogeneous_contamination_q0.25,Single-Constraint-Mean,unknown_K,30,0.0,0.0,0.0,0.2574218642459922,0.0,20.0,0.945,0.0,-0.052631578947368425,0.009444444444444445,0.0,0.0627135513332784
20,10,heterogeneous_contamination_q0.25,Spearman,fixed_K2,30,0.8666666666666667,0.9332468266158219,0.1853811820638179,0.9248502625566246,0.9866946386946387,2.0,0.6189230769230769,0.3245314140050983,-0.5642375168690958,-0.2426573426573427,0.0,0.0627135513332784
20,10,heterogeneous_contamination_q0.25,Spearman,unknown_K,30,0.8,0.8,0.4068381021724862,0.7999999999999996,0.9894736842105264,1.8,0.6189230769230769,0.3245314140050983,-0.5642375168690958,-0.2426573426573427,0.0,0.0627135513332784
20,10,heterogeneous_contamination_q0.5,ORCA-current,fixed_K2,30,1.0,1.0,0.0,0.9999999999999996,1.0,2.0,0.9413085081989426,0.0,-0.09148938737955072,0.047870699344036184,0.0,0.083037236100184
20,10,heterogeneous_contamination_q0.5,ORCA-current,unknown_K,30,0.0,0.0,0.0,0.2574218642459922,0.0,20.0,0.9413085081989426,0.0,-0.09148938737955072,0.047870699344036184,0.0,0.083037236100184
20,10,heterogeneous_contamination_q0.5,ORCA-joint,fixed_K2,30,1.0,1.0,0.0,0.9999999999999996,1.0,2.0,0.8308030142285278,0.06619812384436391,-0.6589219987846434,0.3982543012967258,0.0,0.083037236100184
20,10,heterogeneous_contamination_q0.5,ORCA-joint,unknown_K,30,1.0,1.0,0.0,0.9999999999999996,1.0,2.0,0.8308030142285278,0.06619812384436391,-0.6589219987846434,0.3982543012967258,0.0,0.083037236100184
20,10,heterogeneous_contamination_q0.5,Pearson,fixed_K2,30,0.9,0.9534338077179627,0.1454310612919623,0.9457627554686138,0.9922315963606286,2.0,0.583835629852261,0.3613733355878616,-0.6020017707380776,-0.13229615901034633,0.0,0.083037236100184
20,10,heterogeneous_contamination_q0.5,Pearson,unknown_K,30,0.8666666666666667,0.8666666666666667,0.3457459036417604,0.8666666666666664,0.992982456140351,1.8666666666666667,0.583835629852261,0.3613733355878616,-0.6020017707380776,-0.13229615901034633,0.0,0.083037236100184
20,10,heterogeneous_contamination_q0.5,Raw-Cosine,fixed_K2,30,1.0,1.0,0.0,0.9999999999999996,1.0,2.0,0.95,0.0,0.0,0.0,0.0,0.083037236100184
20,10,heterogeneous_contamination_q0.5,Raw-Cosine,unknown_K,30,0.0,0.0,0.0,0.2574218642459922,0.0,20.0,0.95,0.0,0.0,0.0,0.0,0.083037236100184
20,10,heterogeneous_contamination_q0.5,Single-Constraint-Mean,fixed_K2,30,1.0,1.0,0.0,0.9999999999999996,1.0,2.0,0.945,0.0,-0.052631578947368425,0.026944444444444444,0.0,0.083037236100184
20,10,heterogeneous_contamination_q0.5,Single-Constraint-Mean,unknown_K,30,0.0,0.0,0.0,0.2574218642459922,0.0,20.0,0.945,0.0,-0.052631578947368425,0.026944444444444444,0.0,0.083037236100184
20,10,heterogeneous_contamination_q0.5,Spearman,fixed_K2,30,0.9,0.9534338077179627,0.14543106129196226,0.9457627554686138,0.9922315963606286,2.0,0.5797715617715617,0.36482231219073324,-0.6137406453195928,-0.26083916083916087,0.0,0.083037236100184
20,10,heterogeneous_contamination_q0.5,Spearman,unknown_K,30,0.8333333333333334,0.8333333333333334,0.3790490217894517,0.8333333333333329,0.9912280701754386,1.8333333333333333,0.5797715617715617,0.36482231219073324,-0.6137406453195928,-0.26083916083916087,0.0,0.083037236100184
20,10,heterogeneous_contamination_q0.75,ORCA-current,fixed_K2,30,1.0,1.0,0.0,0.9999999999999996,1.0,2.0,0.9412940479660603,0.0,-0.0916416003572599,0.062039124309921596,0.0,0.10542406393336326
20,10,heterogeneous_contamination_q0.75,ORCA-current,unknown_K,30,0.0,0.0,0.0,0.2574218642459922,0.0,20.0,0.9412940479660603,0.0,-0.0916416003572599,0.062039124309921596,0.0,0.10542406393336326
20,10,heterogeneous_contamination_q0.75,ORCA-joint,fixed_K2,30,1.0,1.0,0.0,0.9999999999999996,1.0,2.0,0.7087124120514087,0.1899627885163337,-0.8302042501802732,0.6745681363301106,0.0,0.10542406393336326
20,10,heterogeneous_contamination_q0.75,ORCA-joint,unknown_K,30,1.0,1.0,0.0,0.9999999999999996,1.0,2.0,0.7087124120514087,0.1899627885163337,-0.8302042501802732,0.6745681363301106,0.0,0.10542406393336326
20,10,heterogeneous_contamination_q0.75,Pearson,fixed_K2,30,0.9333333333333333,0.9735006973500698,0.10084632850097877,0.9672395223219934,0.9961025641025641,2.0,0.49026999140322725,0.46190641050186787,-0.6821055538702708,0.0830727514073971,0.0,0.10542406393336326
20,10,heterogeneous_contamination_q0.75,Pearson,unknown_K,30,0.9333333333333333,0.9333333333333333,0.2537081317024624,0.9333333333333329,0.9964912280701754,1.9333333333333333,0.49026999140322725,0.46190641050186787,-0.6821055538702708,0.0830727514073971,0.0,0.10542406393336326
20,10,heterogeneous_contamination_q0.75,Raw-Cosine,fixed_K2,30,1.0,1.0,0.0,0.9999999999999996,1.0,2.0,0.95,0.0,0.0,0.0,0.0,0.10542406393336326
20,10,heterogeneous_contamination_q0.75,Raw-Cosine,unknown_K,30,0.0,0.0,0.0,0.2574218642459922,0.0,20.0,0.95,0.0,0.0,0.0,0.0,0.10542406393336326
20,10,heterogeneous_contamination_q0.75,Single-Constraint-Mean,fixed_K2,30,1.0,1.0,0.0,0.9999999999999996,1.0,2.0,0.945,0.0,-0.052631578947368425,0.03511904761904762,0.0,0.10542406393336326
20,10,heterogeneous_contamination_q0.75,Single-Constraint-Mean,unknown_K,30,0.0,0.0,0.0,0.2574218642459922,0.0,20.0,0.945,0.0,-0.052631578947368425,0.03511904761904762,0.0,0.10542406393336326
20,10,heterogeneous_contamination_q0.75,Spearman,fixed_K2,30,0.9666666666666667,0.9867503486750349,0.07257132909761613,0.9836197611609965,0.998051282051282,2.0,0.43270396270396266,0.5234095339358498,-0.7345356397987978,0.04685314685314687,0.0,0.10542406393336326
20,10,heterogeneous_contamination_q0.75,Spearman,unknown_K,30,0.9666666666666667,0.9666666666666667,0.18257418583505536,0.9666666666666662,0.9982456140350877,1.9666666666666666,0.43270396270396266,0.5234095339358498,-0.7345356397987978,0.04685314685314687,0.0,0.10542406393336326
