grouping,orientation,mode,primary,swept,retained,retained_index,retained_fraction,retained_target,epsilon_index,epsilon_fraction,swept_target,swept_min_bound,retained_active,retained_normalized_error,swept_normalized_slack,attempts,successful_starts,termination,raw_status,solve_time_s,scalarized_objective,TAC,TotEmiss,ISI,NetCapture,max_abs_equality,max_abs_source_carbon_diagnostic,max_inequality_violation,epsilon_violation,TAC_normalized,TotEmiss_normalized,ISI_normalized,z1,z2,z3,z4,z5,z6,z7,z8,z9,z10,z11,z12,z13,z14,z15,z16,z17,z18,z19,z20,z21,z22,z23,z24,z25,z26,z27,z28,z29,z30,z31,z32,z33,z34,z35,z36,z37,z38,z39,z40,z41,z42,z43,z44,z45,z46,z47,z48,z49,z50,z51,z52,z53,z54,z55,z56,z57,z58,z59,z60,z61,z62,z63,z64,z65,z66,z67,z68,z69,z70,z71,z72,z73,z74,z75,z76,z77,z78,z79,z80,z81,z82
TAC + total emissions,TAC_primary,full_TAC,TAC,TotEmiss,ISI,1,0.0,4.169098759633046,1,1.0,125.4509461836066,124.46116998169904,true,9.978048874028407e-9,0.010648132140197506,3,3,LOCALLY_SOLVED,Solve_Succeeded,0.015449458,0.9425324505642989,3.324288586411521e7,124.46119446825017,4.16909892115278,503.57998744093067,2.436146522606058e-16,1.5922526291542861e-16,9.975828567920832e-9,9.978048874028407e-9,0.941543098686461,0.9893518678598023,9.978048874028407e-9,1.0000000098050748,0.47767485976288815,-9.421443279092002e-9,-9.969354067315818e-9,-9.778148272601688e-9,-6.517311259522462e-9,-3.088056645338688e-9,-6.670569822740301e-10,-9.776686410508163e-9,-6.517008650427518e-9,-3.0873159667182644e-9,-6.670457161258858e-10,-9.777090586483251e-9,-6.516938655484848e-9,-3.0871532299076306e-9,-6.670382426792457e-10,-9.77853330990535e-9,-6.517304868261624e-9,-3.087880031606919e-9,-6.670542072781972e-10,-9.777115423279907e-9,-6.5170745417375984e-9,-3.0873546916945817e-9,-6.670445598465359e-10,-9.779122107168715e-9,-6.517412852260991e-9,-3.088105019592166e-9,-6.670590914118476e-10,2.7622958752934924e-8,3.4262619803487686e-9,1.1781801073068184e-8,-1.0682299665113573e-9,0.9999996684633883,0.4776749716514556,4.287632206333004e-8,7.268810592063735e-8,1.826196983050331e-7,-9.708420647256552e-9,-9.303923580821775e-9,-9.935191442765027e-9,1.905604585400656e-8,1.6370812426221853e-9,1.4613226884621959e-8,1.2257947081161997e-10,1.6570105352960424e-7,-8.891252704478799e-9,-7.388673982676192e-9,-9.746021324321226e-9,1.1527147707966082e-8,2.940954060039764e-10,1.4161696112247453e-8,1.4344270973110198e-9,-1.0864609191779648e-9,-9.924087599727384e-9,-9.607287341053695e-9,-9.910560879499873e-9,-1.0862984900564619e-9,-9.923626808605539e-9,-9.604983007567934e-9,-9.910393496727446e-9,-1.0863433984981387e-9,-9.923520225397379e-9,-9.604476715268183e-9,-9.910282462663077e-9,-1.0865037011005939e-9,-9.924077867580201e-9,-9.606737876110414e-9,-9.910519650990357e-9,-1.0863461581422114e-9,-9.923727143100434e-9,-9.605103485272032e-9,-9.91037631771996e-9,-1.0865691230187455e-9,-9.924242297761053e-9,-9.60743783873118e-9,-9.910592215261736e-9,-1.3793671818545277e-12,0.6849075691718008,-4.5859398178420225e-12,-1.3725772862837564e-10,-4.005272873897295e-9,-1.8616561732656867e-10
TAC + total emissions,TAC_primary,full_TAC,TAC,TotEmiss,ISI,1,0.0,4.169098759633046,2,0.9,125.35196856341585,124.46116998169904,true,9.776496405757374e-9,0.009583262643506308,3,3,LOCALLY_SOLVED,Solve_Succeeded,0.012862625,0.9425330422409163,3.3242905156574823e7,124.46119725111078,4.169098917890148,503.57998769378196,1.5922526291542861e-16,1.5922526291542861e-16,9.774985568849718e-9,9.776496405757374e-9,0.9415436903333408,0.9893518977988941,9.776496405757374e-9,1.000000008292345,0.47767486702210127,-4.106418818674499e-9,-9.731794490066254e-9,-8.090505533619718e-9,-6.101453898003976e-9,-2.1456678810170055e-9,-6.211148319225895e-10,-7.995437429544552e-9,-6.081480318381061e-9,-2.1117222503038533e-9,-6.204553392724393e-10,-8.030908498343493e-9,-6.087338770738387e-9,-2.12119939757203e-9,-6.206033379012244e-10,-8.0723173895701e-9,-6.096767142613084e-9,-2.1362967520160174e-9,-6.209161024558908e-10,-8.041403889192227e-9,-6.090823422569447e-9,-2.1262915790438616e-9,-6.207290438298125e-10,-8.165903274471238e-9,-6.116502990098406e-9,-2.169528907957559e-9,-6.216232561610721e-10,3.61192028920209e-8,5.375020603069639e-9,1.0134462973115322e-8,-2.9628963640479838e-9,0.9999996943514554,0.4776749584609605,2.2835575560067926e-8,7.373603359074212e-8,1.6171329604498653e-7,-7.695734885418083e-9,-5.172605499890604e-9,-9.476786896311282e-9,4.974069432723067e-8,5.038967693811457e-9,9.630219968403438e-9,-4.233453207560906e-9,1.0700566669374876e-7,-3.6750336435338764e-9,9.652718220200836e-10,-8.438707492400706e-9,1.3135892135468019e-8,1.7850730211414943e-9,1.0166895292351785e-8,7.18880476837662e-10,-8.989450592910794e-10,-9.29085025377878e-9,-6.675411185386239e-9,-9.227991788564186e-9,-8.883819366160611e-10,-9.260435939352977e-9,-6.569802556500876e-9,-9.218193612047668e-9,-8.9232316648261e-10,-9.269356764533455e-9,-6.5992870146685375e-9,-9.22039244881819e-9,-8.969241543966775e-10,-9.283713603524466e-9,-6.6462565618276086e-9,-9.22503923648752e-9,-8.934893210213583e-10,-9.274662938912567e-9,-6.6151293570253466e-9,-9.222260079757213e-9,-9.073225860523595e-10,-9.313765916740756e-9,-6.749645491423517e-9,-9.235545520107354e-9,-1.1803677200049768e-12,0.6849075619928799,-4.248249360872207e-12,-1.299082427568712e-10,-9.417349486935276e-9,-1.7433002420434253e-10
TAC + total emissions,TAC_primary,full_TAC,TAC,TotEmiss,ISI,1,0.0,4.169098759633046,3,0.8,125.25299094322509,124.46116998169904,true,9.779716232935201e-9,0.008518423511086034,3,3,LOCALLY_SOLVED,Solve_Succeeded,0.012746709,0.9425330341257412,3.3242904891968433e7,124.46119721159005,4.169098917942269,503.57998768944634,1.5922526291542861e-16,1.5922526291542861e-16,9.778429405449083e-9,9.779716232935201e-9,0.9415436822185878,0.9893518973737149,9.779716232935201e-9,1.0000000083166198,0.4776748669202412,-4.216466204044078e-9,-9.735897778851815e-9,-8.11815169721405e-9,-6.108330573550386e-9,-2.1585985382748607e-9,-6.2170647427628e-10,-8.025534168142635e-9,-6.088869347375503e-9,-2.1253248879718755e-9,-6.210603010636431e-10,-8.059915751920268e-9,-6.094464225464413e-9,-2.134449815471879e-9,-6.212001512731889e-10,-8.1005466017882e-9,-6.103764746097823e-9,-2.1494092687228494e-9,-6.215107274313479e-10,-8.069978892674175e-9,-6.097898835420445e-9,-2.139471969123403e-9,-6.21325267332141e-10,-8.191426211612334e-9,-6.12293379558087e-9,-2.1818680270640954e-9,-6.222028369718401e-10,3.5928549350884803e-8,5.356303526316185e-9,1.0186656635412365e-8,-2.9347132572778075e-9,0.9999996942652843,0.47767495858311865,2.2989907878558845e-8,7.372481492321699e-8,1.620180613651408e-7,-7.725417436548122e-9,-5.224616821134705e-9,-9.483719861859497e-9,4.936440795617521e-8,5.04009637649902e-9,9.695915694142947e-9,-4.193547898232421e-9,1.0761444463399067e-7,-3.726728683024022e-9,9.17043128334319e-10,-8.452574617492118e-9,1.3087598052678032e-8,1.7657103872989397e-9,1.0207242030116777e-8,7.352199580325806e-10,-9.020168552460052e-10,-9.301321555178997e-9,-6.715639896855121e-9,-9.236781903533302e-9,-8.917260186825145e-10,-9.271687415321787e-9,-6.612121873690279e-9,-9.227181615802697e-9,-8.955461946578073e-10,-9.280206888775357e-9,-6.640510537023624e-9,-9.22925939034452e-9,-9.000607335320219e-10,-9.294369045194413e-9,-6.687051058248864e-9,-9.233873664694308e-9,-8.966643214082412e-10,-9.285436863026584e-9,-6.656135015050586e-9,-9.231118257506094e-9,-9.101584679569256e-10,-9.323558279634505e-9,-6.788033861977186e-9,-9.244156435010195e-9,-1.1364556702459369e-12,0.6849075620776978,-4.083188010485709e-12,-1.2481273804204236e-10,-9.351762796080875e-9,-1.6741211741803024e-10
TAC + total emissions,TAC_primary,full_TAC,TAC,TotEmiss,ISI,1,0.0,4.169098759633046,4,0.7,125.15401332303433,124.46116998169904,true,9.782409435685976e-9,0.0074535843104528215,3,3,LOCALLY_SOLVED,Solve_Succeeded,0.012598792,0.9425330273973889,3.3242904672581438e7,124.46119717840978,4.169098917985865,503.57998768585196,1.6240976817373719e-16,1.5922526291542861e-16,9.781284467131298e-9,9.782409435685976e-9,0.9415436754905897,0.9893518970167486,9.782409435685976e-9,1.000000008338246,0.4776748668335014,-4.3070740648163075e-9,-9.739296059787841e-9,-8.141229088878492e-9,-6.114119110792097e-9,-2.16962660034583e-9,-6.222226299195955e-10,-8.050640212888559e-9,-6.095086424963641e-9,-2.1369261468028725e-9,-6.215879874398396e-10,-8.084126027040172e-9,-6.1004714635437985e-9,-2.14576584336421e-9,-6.21721399689902e-10,-8.124103660594949e-9,-6.109656371275475e-9,-2.1605949461368314e-9,-6.220296755821109e-10,-8.09383547729694e-9,-6.103856613435307e-9,-2.150719311826089e-9,-6.218456270574434e-10,-8.212759149794537e-9,-6.128354110788531e-9,-2.192399570325188e-9,-6.227086605005244e-10,3.577048372369988e-8,5.3414170097276666e-9,1.0231629580562587e-8,-2.9116684162633933e-9,0.9999996941782285,0.47767495868383636,2.3121921351537465e-8,7.371915919144752e-8,1.622737992306913e-7,-7.750286930307837e-9,-5.268262501020253e-9,-9.489523191188309e-9,4.9052200291971727e-8,5.0410537653167496e-9,9.752514121279e-9,-4.160770678961823e-9,1.081356117360068e-7,-3.770197338093135e-9,8.761325269313346e-10,-8.464293448174878e-9,1.3046470969804676e-8,1.7495284858250502e-9,1.0242679688742202e-8,7.484967406423269e-10,-9.045810098753876e-10,-9.31013591870615e-9,-6.749949423298138e-9,-9.244450501662561e-9,-8.945155792098394e-10,-9.281154328921907e-9,-6.6482146789422696e-9,-9.235021527677615e-9,-8.982362252266856e-10,-9.2893542740326e-9,-6.675715957133097e-9,-9.237003652535686e-9,-9.026781845105495e-10,-9.303340383533109e-9,-6.72185094353681e-9,-9.241583751505646e-9,-8.99315053032993e-10,-9.294508934094671e-9,-6.691126747903388e-9,-9.238849316282014e-9,-9.125287944216149e-10,-9.331811941427988e-9,-6.820798663233917e-9,-9.251671527436362e-9,-1.107592754603702e-12,0.6849075621533329,-3.973943076968365e-12,-1.2143789668290209e-10,-9.293407170539286e-9,-1.6284056724661677e-10
TAC + total emissions,TAC_primary,full_TAC,TAC,TotEmiss,ISI,1,0.0,4.169098759633046,5,0.6,125.05503570284358,124.46116998169904,true,9.92445707473361e-9,0.00638876513959693,3,3,LOCALLY_SOLVED,Solve_Succeeded,0.013296708,0.9425326316898892,3.3242891769985907e7,124.46119528344697,4.169098920285262,503.57998750690837,3.1845052583085723e-16,3.1845052583085723e-16,9.923421640303063e-9,9.92445707473361e-9,0.9415432798033347,0.9893518766300052,9.92445707473361e-9,1.000000009411305,0.4776748618465188,-8.20235980367998e-9,-9.907509721896451e-9,-9.333499320410942e-9,-6.413476727335421e-9,-2.8311237961637344e-9,-6.548059956882653e-10,-9.32034290256555e-9,-6.410885594249741e-9,-2.8256394539104566e-9,-6.547102222097041e-10,-9.324201584214862e-9,-6.411105914586289e-9,-2.8260468555541245e-9,-6.547027551799993e-10,-9.333663998674582e-9,-6.4132584889550376e-9,-2.8301574827207422e-9,-6.547869121338325e-10,-9.324692701860773e-9,-6.411664376534956e-9,-2.8268859644221325e-9,-6.547273622556841e-10,-9.342631738212713e-9,-6.4149666134507144e-9,-2.8335838892439526e-9,-6.548577400005655e-10,2.846225625602682e-8,4.4492307052455515e-9,1.2838292894246135e-8,-1.781631644691123e-9,0.999999681688946,0.47767496579606267,3.3657944415883884e-8,7.367850280517757e-8,1.76716222378229e-7,-9.14094453889253e-9,-8.01034910927804e-9,-9.808027967298404e-9,2.792138857509749e-8,3.86375848190716e-9,1.368198427546853e-8,-1.6351729765367762e-9,1.4547428262336176e-7,-7.000527948529699e-9,-3.574504052749051e-9,-9.297873832513673e-9,1.134713367160256e-8,9.417736320278436e-10,1.2983959034366364e-8,1.232922409530754e-9,-1.0370554800456598e-9,-9.765975925715298e-9,-8.807940699176061e-9,-9.728546221654225e-9,-1.0355936558406165e-9,-9.762030336698468e-9,-8.790878301054753e-9,-9.727123301401315e-9,-1.0360223982460953e-9,-9.762365824483665e-9,-8.792145772835053e-9,-9.727012362674273e-9,-1.0370737776305088e-9,-9.765643608181534e-9,-8.804934390686751e-9,-9.728262694559797e-9,-1.0360769668734187e-9,-9.763216209723679e-9,-8.794756333757746e-9,-9.72737795351302e-9,-1.0380701931347456e-9,-9.768244615936315e-9,-8.815594322092296e-9,-9.729314994294115e-9,-1.195492077580911e-12,0.6849075673875126,-4.049709356652234e-12,-1.2179368171493101e-10,-5.495250041929688e-9,-1.644761507758727e-10
TAC + total emissions,TAC_primary,full_TAC,TAC,TotEmiss,ISI,1,0.0,4.169098759633046,6,0.5,124.95605808265282,124.46116998169904,true,9.786032159630614e-9,0.0053239054355837135,3,3,LOCALLY_SOLVED,Solve_Succeeded,0.012474583,0.9425330227841404,3.3242904522160053e7,124.46119715607094,4.169098918044508,503.5799876834582,9.022764898540955e-17,2.0506283860320352e-16,9.783185839871795e-9,9.786032159630614e-9,0.941543670877578,0.9893518967764188,9.786032159630614e-9,1.0000000083526488,0.47767486677505283,-4.367111860411221e-9,-9.741558302052053e-9,-8.156664870426782e-9,-6.118009005678915e-9,-2.1771010880643436e-9,-6.225768390850958e-10,-8.067424012728817e-9,-6.099262728703579e-9,-2.1447887074766738e-9,-6.219500627880158e-10,-8.100317558017067e-9,-6.104511837294213e-9,-2.1534414548909523e-9,-6.220793245477198e-10,-8.139857273892929e-9,-6.11361599574206e-9,-2.1681772471110463e-9,-6.22385873645207e-10,-8.109793603516623e-9,-6.107860913358539e-9,-2.1583448940690965e-9,-6.222027992429979e-10,-8.227040819238148e-9,-6.131999745349621e-9,-2.1995410814355458e-9,-6.230558634962228e-10,3.5665185428968955e-8,5.331717967631467e-9,1.0262291360208816e-8,-2.8964346612149366e-9,0.9999996941103398,0.4776749587510578,2.321171228397087e-8,7.371680326217974e-8,1.6244548794269864e-7,-7.766966984565077e-9,-5.297591220066656e-9,-9.493412930411305e-9,4.884354341824424e-8,5.041648557431621e-9,9.79114181409413e-9,-4.138981784652874e-9,1.0849279409583898e-7,-3.799449304281699e-9,8.483857012963624e-10,-8.472201904536829e-9,1.3018740527550996e-8,1.7387240953839569e-9,1.0267125478170067e-8,7.572175267818229e-10,-9.062960967140864e-10,-9.316059167738348e-9,-6.773203385089068e-9,-9.249713037835707e-9,-8.963804458587572e-10,-9.287513700525902e-9,-6.672675978816318e-9,-9.24040093285052e-9,-9.000352842241181e-10,-9.295506661334368e-9,-6.699595637438517e-9,-9.242321393280406e-9,-9.044285859881029e-10,-9.309369811698137e-9,-6.745440324345477e-9,-9.246875837014504e-9,-9.010881781685132e-10,-9.300606390795957e-9,-6.714850781548299e-9,-9.244155874467395e-9,-9.141156465820161e-10,-9.337363248600561e-9,-6.8430166977994746e-9,-9.256829971943882e-9,-1.0911666083192597e-12,0.6849075622051802,-3.911422149347577e-12,-1.195049653977622e-10,-9.251759923926256e-9,-1.6022616689541138e-10
TAC + total emissions,TAC_primary,full_TAC,TAC,TotEmiss,ISI,1,0.0,4.169098759633046,7,0.4,124.85708046246206,124.46116998169904,true,9.787546191141358e-9,0.004259066079106895,3,3,LOCALLY_SOLVED,Solve_Succeeded,0.012217167,0.94253301902077,3.324290439945034e7,124.46119713737644,4.169098918069016,503.5799876814592,3.1845052583085723e-16,3.1845052583085723e-16,9.784773680938619e-9,9.787546191141358e-9,0.9415436671144072,0.9893518965752962,9.787546191141358e-9,1.0000000083646752,0.4776748667259872,-4.417060531238678e-9,-9.743446509651108e-9,-8.169606256693323e-9,-6.121285492873682e-9,-2.183443020659238e-9,-6.228809735903485e-10,-8.081489997184413e-9,-6.1027794969717515e-9,-2.151459727555875e-9,-6.222609170980948e-10,-8.113891355117308e-9,-6.107917917291877e-9,-2.159958712944914e-9,-6.223868230335325e-10,-8.153062675038674e-9,-6.116951528919763e-9,-2.174611268123242e-9,-6.226917684905744e-10,-8.123174776404624e-9,-6.1112344917256135e-9,-2.1648171976610057e-9,-6.225095442603581e-10,-8.239023184677373e-9,-6.135072704775201e-9,-2.2056029992264435e-9,-6.233540428963272e-10,3.557722043649938e-8,5.323858631754067e-9,1.0288459894682524e-8,-2.8838283051831135e-9,0.9999996940508191,0.47767495880748523,2.3287969825275533e-8,7.371605471737583e-8,1.625898672136374e-7,-7.780981279662002e-9,-5.322255104108377e-9,-9.496679217012873e-9,4.866938231858215e-8,5.042197379615537e-9,9.824126965992377e-9,-4.120912472678715e-9,1.0879334782122223e-7,-3.824107702437022e-9,8.248712904158266e-10,-8.478883951737668e-9,1.2995425081752395e-8,1.729621798616188e-9,1.0288215292983052e-8,7.644215338690115e-10,-9.077340285214801e-10,-9.32104836414856e-9,-6.792933842050963e-9,-9.254231607628034e-9,-8.979433330204901e-10,-9.292868779479712e-9,-6.693430263507167e-9,-9.24501933974312e-9,-9.015434839019229e-10,-9.300693192239903e-9,-6.719871551384176e-9,-9.246889942212482e-9,-9.058958527820746e-10,-9.31444891903691e-9,-6.765457278605641e-9,-9.25142056043139e-9,-9.025749751560689e-10,-9.305743430582184e-9,-6.734986837167573e-9,-9.248713229011034e-9,-9.15447020519708e-10,-9.342042527725874e-9,-6.861875997593379e-9,-9.26126006588829e-9,-1.079463875149337e-12,0.6849075622512749,-3.866552052467709e-12,-1.1811571716204588e-10,-9.216991024361221e-9,-1.5834954569909223e-10
TAC + total emissions,TAC_primary,full_TAC,TAC,TotEmiss,ISI,1,0.0,4.169098759633046,8,0.3,124.75810284227131,124.46116998169904,true,9.788532226521497e-9,0.0031942266526025346,3,3,LOCALLY_SOLVED,Solve_Succeeded,0.012569458,0.9425330165696748,3.324290431952911e7,124.46119712519106,4.169098918084978,503.57998768016114,1.5922526291542861e-16,2.0506283860320352e-16,9.785804759466841e-9,9.788532226521497e-9,0.9415436646634421,0.9893518964442011,9.788532226521497e-9,1.0000000083724854,0.4776748666939689,-4.4494076849736876e-9,-9.744672494839877e-9,-8.178030335845859e-9,-6.123423473877609e-9,-2.187600431869629e-9,-6.230815914740195e-10,-8.090643318017847e-9,-6.1050737470615305e-9,-2.1558326474938996e-9,-6.224659512361627e-10,-8.122726420554664e-9,-6.110141446907776e-9,-2.1642327446252067e-9,-6.225897213010634e-10,-8.161657657729741e-9,-6.1191281395338355e-9,-2.178829280906593e-9,-6.228935665396312e-10,-8.131885687913281e-9,-6.1134360610419926e-9,-2.1690608639662906e-9,-6.227119074014259e-10,-8.246825831976536e-9,-6.137078647395672e-9,-2.209577609113498e-9,-6.235507519769897e-10,3.5520079347413394e-8,5.3188257359600155e-9,1.0305668982911362e-8,-2.87567774173757e-9,0.9999996940103197,0.4776749588440972,2.333804721393811e-8,7.371602366724324e-8,1.6268404554747054e-7,-7.790118066731985e-9,-5.338353118731569e-9,-9.498807901905334e-9,4.855608009240733e-8,5.04254910736508e-9,9.845839165127742e-9,-4.109193645115171e-9,1.089905598397037e-7,-3.840226932955729e-9,8.094283902487089e-10,-8.483257223277979e-9,1.2980033237860543e-8,1.723824776340639e-9,1.0302177502096328e-8,7.690371188317041e-10,-9.086700373162063e-10,-9.32430392613181e-9,-6.805868010261068e-9,-9.257212216185433e-9,-8.989603686686491e-10,-9.296362296661877e-9,-6.7070349033143535e-9,-9.248065561222984e-9,-9.025251578394069e-10,-9.304079021427749e-9,-6.7331685388339755e-9,-9.249904430758654e-9,-9.068508508588599e-10,-9.317763303381068e-9,-6.778579985042734e-9,-9.25441870287452e-9,-9.035428542125865e-10,-9.309095820223034e-9,-6.748189354561791e-9,-9.251719767106896e-9,-9.163139813307257e-10,-9.345097031261592e-9,-6.874241450575328e-9,-9.264182600800987e-9,-1.0725878793660551e-12,0.6849075622819475,-3.840053901143587e-12,-1.1729446385958734e-10,-9.194013665520998e-9,-1.5724116482404068e-10
TAC + total emissions,TAC_primary,full_TAC,TAC,TotEmiss,ISI,1,0.0,4.169098759633046,9,0.2,124.65912522208056,124.46116998169904,true,9.787344879928308e-9,0.002129387178085588,3,3,LOCALLY_SOLVED,Solve_Succeeded,0.012359875,0.9425330151243665,3.324290427240315e7,124.46119711746849,4.169098918065758,503.57998767933304,3.1845052583085723e-16,3.1845052583085723e-16,9.786462525800663e-9,9.787344879928308e-9,0.941543663218218,0.9893518963611186,9.787344879928308e-9,1.000000008377468,0.4776748666735816,-4.470008802817925e-9,-9.745454384848088e-9,-8.183420223295004e-9,-6.124796231773724e-9,-2.190282040655573e-9,-6.232121074523268e-10,-8.096498601911333e-9,-6.106546649899889e-9,-2.1586532598723894e-9,-6.225993311322685e-10,-8.128379034401548e-9,-6.111570005773623e-9,-2.1669909561689758e-9,-6.227217717526902e-10,-8.167156141619983e-9,-6.120525781664662e-9,-2.181550108935181e-9,-6.230248643968096e-10,-8.137460074698581e-9,-6.114849952519238e-9,-2.1717988628737753e-9,-6.228435807084925e-10,-8.251820224022975e-9,-6.138367188905053e-9,-2.2121419614482735e-9,-6.236787410599156e-10,3.548360347158741e-8,5.315707892109262e-9,1.031681958456187e-8,-2.87051913015961e-9,0.9999996939859356,0.4776749588676426,2.3370313634160588e-8,7.371640164213001e-8,1.6274441594185698e-7,-7.795971514701954e-9,-5.3486654198004205e-9,-9.500171169192739e-9,4.848403288071963e-8,5.042816810380787e-9,9.85990740044506e-9,-4.101785885418675e-9,1.0911454505354323e-7,-3.8505840676605995e-9,7.994851390257172e-10,-8.486070534035359e-9,1.2970195149496677e-8,1.7200789024942957e-9,1.0311290417489729e-8,7.71965550653696e-10,-9.092689136994445e-10,-9.32639426201908e-9,-6.81421079315067e-9,-9.259151310720281e-9,-8.996109557679256e-10,-9.298605125983921e-9,-6.715810141825211e-9,-9.250047205393701e-9,-9.031532260446161e-10,-9.30625432697347e-9,-6.74174964141459e-9,-9.251866323182823e-9,-9.074617935133311e-10,-9.319891531171188e-9,-6.787044783353897e-9,-9.256369413895457e-9,-9.041622305220642e-10,-9.31124879133611e-9,-6.756707573385079e-9,-9.25367605624046e-9,-9.1686891378033e-10,-9.347059128559967e-9,-6.882219435616852e-9,-9.266084152890174e-9,-1.0687612557245114e-12,0.6849075623030924,-3.825178234613044e-12,-1.1683250993984067e-10,-9.180356067674294e-9,-1.5661834485718452e-10
TAC + total emissions,TAC_primary,full_TAC,TAC,TotEmiss,ISI,1,0.0,4.169098759633046,10,0.1,124.5601476018898,124.46116998169904,true,9.789512445878584e-9,0.0010645476602993387,3,3,LOCALLY_SOLVED,Solve_Succeeded,0.012463875,0.9425330142562476,3.32429042440967e7,124.46119711376781,4.169098918100845,503.57998768116494,3.1845052583085723e-16,3.1845052583085723e-16,9.785007429998901e-9,9.789512445878584e-9,0.9415436623501368,0.9893518963213054,9.789512445878584e-9,1.0000000083802225,0.47767486666742076,-4.481383374167564e-9,-9.745886668542765e-9,-8.186397494080307e-9,-6.125553338621803e-9,-2.1917606887622643e-9,-6.232838279361466e-10,-8.099732522955798e-9,-6.107358886474889e-9,-2.1602084337689084e-9,-6.226726239896042e-10,-8.131501252200676e-9,-6.112357695259766e-9,-2.1685115866254954e-9,-6.227943258692019e-10,-8.170193493918558e-9,-6.12129659424004e-9,-2.183050378733251e-9,-6.230970125394853e-10,-8.140538841154932e-9,-6.115629637010889e-9,-2.1733084212709545e-9,-6.22915931869197e-10,-8.254579342908479e-9,-6.139077898991638e-9,-2.213556016585081e-9,-6.237490742075014e-10,3.546342346097057e-8,5.313951904776161e-9,1.0322960159167086e-8,-2.867652838650166e-9,0.9999996939708674,0.4776749588858055,2.3388170248592e-8,7.371651069882786e-8,1.6277779089214487e-7,-7.799208647897615e-9,-5.354376795903016e-9,-9.500925068043895e-9,4.84439335954046e-8,5.042935967009599e-9,9.867665638081257e-9,-4.097649485067839e-9,1.0918492325120428e-7,-3.856312149458434e-9,7.939680834823747e-10,-8.487626112468685e-9,1.2964775890598474e-8,1.7180077820954331e-9,1.0316299787146107e-8,7.735876228079749e-10,-9.095997215644783e-10,-9.327547129265017e-9,-6.818811031704823e-9,-9.260216872194178e-9,-8.999702803284216e-10,-9.29984194076858e-9,-6.720648460614382e-9,-9.251136127845548e-9,-9.035001391334082e-10,-9.30745376323646e-9,-6.7464804917237625e-9,-9.252944270056713e-9,-9.077992771020617e-10,-9.321065268501878e-9,-6.791712289392336e-9,-9.257441329158065e-9,-9.04504315683881e-10,-9.312436038175672e-9,-6.761403977287414e-9,-9.254750987770926e-9,-9.171754825453862e-10,-9.348141346191811e-9,-6.8866187182646955e-9,-9.267129102511447e-9,-1.0665583295566653e-12,0.6849075623187743,-3.816642209549357e-12,-1.165677068818481e-10,-9.172083616936619e-9,-1.56261279085236e-10
TAC + total emissions,TAC_primary,full_TAC,TAC,TotEmiss,ISI,1,0.0,4.169098759633046,11,0.0,124.46116998169904,124.46116998169904,true,3.9505765111220355e-9,7.226926955274699e-8,3,3,ALMOST_LOCALLY_SOLVED,Solved_To_Acceptable_Level,0.022893125,0.9426748815263698,3.3247530273513544e7,124.46116326421728,4.169098695683062,503.57993101585737,1.913344745512332e-7,1.9133447511310538e-7,5.47949820659911e-8,0.0,0.9416855299981657,0.9893515321547357,-3.9505765111220355e-9,1.00000001,0.47767489245551525,-9.999999969140064e-9,-9.999999998341705e-9,-9.999999989639249e-9,-6.567164177547916e-9,-3.214285396873722e-9,-6.730740255915384e-10,-9.999999989629569e-9,-6.567164128414718e-9,-3.2142856444622805e-9,-6.730757878492202e-10,-9.999999989629569e-9,-6.5671642187186626e-9,-3.214285704263103e-9,-6.730769093244445e-10,-9.999999989629569e-9,-6.567164373792413e-9,-3.214286002410258e-9,-6.730786870280437e-10,-9.999999989629569e-9,-6.567164121392668e-9,-3.214285522795623e-9,-6.7307578488788e-10,-9.99999998963104e-9,-6.5671643964082085e-9,-3.2142857735110476e-9,-6.730724671843599e-10,-9.999988900514356e-9,3.322393605628605e-8,-9.999998592128084e-9,-6.38327075534766e-9,0.9999995142951473,0.47767480730008754,-9.999991777725205e-9,8.074302802796129e-8,4.206756610348379e-7,-9.999999996747083e-9,-9.99999999209994e-9,-9.999999999277804e-9,1.2345485961865868e-9,-9.999998707529426e-9,5.024798926455382e-8,-4.841915128972046e-12,1.6045681892625895e-7,-9.99999998694991e-9,-9.999999968055966e-9,-9.999999997079836e-9,-9.999926880288728e-9,-9.999998783424978e-9,5.903770368918179e-8,-3.1611151054797465e-10,-1.1111108517486538e-9,-9.999999995416291e-9,-9.999999969350917e-9,-9.99999997505476e-9,-1.1111109508873708e-9,-9.999999995390998e-9,-9.999999968940424e-9,-9.999999974704882e-9,-1.1111109508873836e-9,-9.999999995394452e-9,-9.999999968818542e-9,-1.0000000052674107e-8,-1.1111111729319904e-9,-9.999999995386812e-9,-9.999999968764257e-9,-1.0000000052808742e-8,-1.1111110370387947e-9,-9.999999995388703e-9,-9.999999968775309e-9,-1.0000000052782387e-8,-1.1111110842737247e-9,-9.999999995387487e-9,-9.999999968764257e-9,-1.0000000052808742e-8,-9.999999991610367e-9,0.6849073864313764,5.99272304312807e-8,-9.99999999913783e-9,-9.999999998553579e-9,-9.999999999283199e-9
TAC + total emissions,TAC_primary,full_TAC,TAC,TotEmiss,ISI,2,0.1,5.787849435513557,1,1.0,125.4509461836066,97.81732692122942,true,7.865775251372353e-9,-1.2031854318640864e-8,3,3,LOCALLY_SOLVED,Solve_Succeeded,0.066135667,0.8179171172313766,2.9175813015835185e7,125.45094730197631,5.787849562840847,503.579987743788,1.6240976817373719e-16,1.5922526291542861e-16,9.848021485022936e-9,1.2031854318640864e-8,0.816817117211479,1.0000000120318544,0.10000000786577527,1.0000000060555165,0.5140479084074677,2.5424886559394093e-7,-7.665888452349463e-9,-6.633356168097508e-9,-2.730741192013158e-9,3.6167934191172682e-9,-1.0259135563791095e-10,-4.62459534656904e-9,0.12456735744896447,1.593591341382676e-8,8.867507902047462e-10,-5.118245123532137e-9,2.1151903015866997e-8,1.2774563902682841e-8,7.153960816545861e-10,-5.601619004922471e-9,4.252184238606629e-9,8.897175821268355e-9,3.669573637897902e-10,-4.675221624820724e-9,0.013979262778731202,1.6462177164054842e-8,8.744504973440281e-10,-7.50737633860866e-9,-4.814681960553199e-9,9.26379810105369e-10,-3.042198646649668e-10,-9.418237338703113e-10,2.476446592633425e-8,6.508488886895177e-9,-8.39073605061482e-9,0.9999988786957503,0.1645324992844222,1.890954544309821e-9,-9.145248713693024e-9,4.5567728343204774e-8,-9.198434232031698e-9,-8.295908586775729e-9,-9.848021485022936e-9,1.46454026815175e-8,1.2912553802304816e-8,2.549433942225962e-9,-8.955558938348208e-9,1.1113863041644438e-6,-6.74087721140045e-9,-5.207191706546204e-9,-9.609623609054372e-9,-5.341830010335691e-9,4.9402023766359816e-9,1.5838518441715105e-8,-3.5648964256185526e-10,-7.370395742330562e-10,-4.158174087838217e-9,1.1252246192809277e-8,-1.524214426620391e-9,-5.138439273965599e-10,0.18968211247910496,4.957839728746103e-8,1.3174583168756227e-8,-5.686939026146817e-10,3.220857959234293e-8,3.97430876972355e-8,1.062874178458242e-8,-6.224021116580521e-10,6.474916908787366e-9,2.7680102555057103e-8,5.451937976305453e-9,-5.194690694245247e-10,0.021286604685795237,5.121566228817061e-8,1.2991835960539844e-8,-8.34152926512073e-10,-7.331447530842371e-9,2.882070520327814e-9,-4.519837989308078e-9,6.288397255525425e-15,0.5151895688191258,3.17868687559525e-13,-1.522479775212832e-12,0.019571369186209567,-3.731995171467626e-12
TAC + total emissions,TAC_primary,full_TAC,TAC,TotEmiss,ISI,2,0.1,5.787849435513557,2,0.9,122.68758425736888,97.81732692122942,true,7.755506746366143e-9,-1.163297139676632e-8,3,3,LOCALLY_SOLVED,Solve_Succeeded,0.2122095,0.8670260051591823,3.0778128216235977e7,122.68758533866213,5.787849561055875,503.57998776527506,3.1845052583085723e-16,3.1845052583085723e-16,9.838177633995438e-9,1.163297139676632e-8,0.865955734457243,0.9702706941837225,0.10000000775550677,1.0000000058183687,0.4910758762012736,2.7341906728776623e-7,-7.529126478985442e-9,-6.408270185724125e-9,-2.431398085885764e-9,4.095102292073297e-9,-8.179523401903845e-11,-4.261148815842874e-9,0.03283877575945415,1.6958129939178042e-8,8.742359166980846e-10,-4.824816863012577e-9,2.093137838436083e-8,1.3441130048964051e-8,7.006329041117966e-10,-5.330474754504974e-9,4.720782563149002e-9,9.50634944042174e-9,3.7555761779924544e-10,-4.319468806825955e-9,0.03349500333757551,1.750913006180796e-8,8.59183285677546e-10,-7.368719097831322e-9,-4.718586803601329e-9,1.1531177378472392e-9,-2.9251394091830007e-10,-3.449667285103223e-10,2.3677452994149973e-8,7.1225776566711385e-9,-8.334718431214298e-9,0.9999988903530461,0.32373377166042655,2.5838603755176003e-9,-9.092680954958566e-9,4.50569164490378e-8,-9.148159434217715e-9,-8.188169675175466e-9,-9.838177633995438e-9,1.553769961493363e-8,1.1636034114520148e-8,2.9657825885384813e-9,-8.90767385341896e-9,1.0964710884075331e-6,-6.532505142852508e-9,-4.911024730923988e-9,-9.585372956309032e-9,-5.129972122183988e-9,4.6009373223867805e-9,1.623165193415887e-8,-3.874113602000183e-10,-7.120300206360135e-10,-3.7023561762351408e-9,1.2740318242005812e-8,-1.215243476854285e-9,-4.734609795380969e-10,0.0500044994518961,5.2758626477442796e-8,1.2988647905228685e-8,-5.360907625569528e-10,3.187278072164035e-8,4.181684904122149e-8,1.0409403146803835e-8,-5.922749727227747e-10,7.188464357522344e-9,2.9575309370200965e-8,5.579713178731646e-9,-4.79940978536217e-10,0.05100375508221726,5.447284908118033e-8,1.276500881578068e-8,-8.18746566425702e-10,-7.18512081457475e-9,3.5874774066358547e-9,-4.3459214079290285e-9,6.961636084232469e-15,0.5759149940890845,2.988385368685314e-13,-1.430231007739816e-12,0.046893401114705635,-3.4743640489773766e-12
TAC + total emissions,TAC_primary,full_TAC,TAC,TotEmiss,ISI,2,0.1,5.787849435513557,3,0.8,119.92422233113118,97.81732692122942,true,9.431962003716489e-9,-1.1325027134824333e-8,3,3,LOCALLY_SOLVED,Solve_Succeeded,0.097208292,0.8662638153436145,3.075424409702783e7,119.92422338380078,5.787849588193506,503.5799876074538,1.804552979708191e-16,2.0506283860320352e-16,9.875352250087656e-9,1.1325027134824333e-8,0.865223273957756,0.9405413764265296,0.10000000943196202,1.0000000083889775,0.5068885379602608,1.7206729525631612e-8,-9.423353813572899e-9,-7.964826269235538e-9,-3.3299001737705365e-9,1.8838818313232964e-10,-1.7070923897491503e-10,-7.249389541675188e-9,0.14939926181242316,2.884885327735169e-9,8.292955292842371e-10,-7.249389658078214e-9,3.02835263941247e-8,3.101430872862904e-9,1.3672699877706115e-9,-7.487048499129045e-9,3.3069724700637573e-9,1.9920039663866685e-9,5.537819239878351e-10,-7.378476997885195e-9,2.3434926834546987e-8,2.3384353571337063e-9,4.585346826059482e-10,-8.469080496826444e-9,-5.413578808481537e-9,-1.0374786134021515e-9,-3.811209356734219e-10,-2.1818971465305584e-9,3.2959220242610666e-8,-3.0593926814532435e-9,-9.334555039268276e-9,0.8915187666788461,0.1299947703114688,-4.234315891403275e-9,-9.531953909386618e-9,0.10848123647283223,-9.282817859692633e-9,-8.61284199015654e-9,-9.875352250087656e-9,1.905488664237564e-8,1.786982522503357e-8,-3.303805076720748e-9,-9.395168165000804e-9,4.580088098321134e-8,-7.582723150393727e-9,-7.039428727559784e-9,-9.746289233843985e-9,-6.549669706898023e-9,1.9583581606413794e-8,4.533890729325297e-9,-3.6732875501330846e-9,-8.849806965817262e-10,-5.07052981005968e-9,5.860965697450254e-10,-2.5362515504844514e-9,-8.054877268527984e-10,0.22749433048709888,8.975198797398305e-9,1.2320962149365806e-8,-8.054877397864679e-10,4.611355155468988e-8,9.648896048906811e-9,2.031372553259194e-8,-8.318942776810048e-10,5.035617170324357e-9,6.197345673202967e-9,8.227617156390692e-9,-8.198307775427991e-10,3.5685002225332905e-8,7.275132222193752e-9,6.81251528443123e-9,-9.410089440918266e-10,-8.243404094733248e-9,-3.227711241695582e-9,-5.662368187147983e-9,-1.061593718350499e-14,0.47879189088477825,0.02766270996137063,-2.0034282699094997e-12,-5.520647274421657e-12,-3.094562381979964e-12
TAC + total emissions,TAC_primary,full_TAC,TAC,TotEmiss,ISI,2,0.1,5.787849435513557,4,0.7,117.16086040489344,97.81732692122942,true,8.451902093451089e-9,-7.630421587891879e-9,3,3,LOCALLY_SOLVED,Solve_Succeeded,0.089912792,0.8822378447360208,3.127609569337183e7,117.16086111414674,5.7878495723287795,503.57998797820954,9.022764898540955e-17,6.29004323589938e-23,9.631879034820842e-9,8.451902093451089e-9,0.8812270326722863,0.9108120552826751,0.10000000845190211,1.000000005500726,0.49819483140624526,1.9174149460209107e-7,-8.344990598533486e-9,-4.039736066149596e-9,3.6922699126004787e-9,5.483597654783336e-9,1.718564600211449e-10,-1.6961379194790693e-9,0.13435124139115573,1.0173295944441332e-8,7.649483150349821e-10,-1.6961386864610424e-9,5.296289964528384e-8,1.0373413503107022e-8,9.147831837887875e-10,-3.2682767132080325e-9,1.0292802552859802e-8,7.218105773534539e-9,4.490179099497385e-10,-2.939423824108422e-9,1.8339339953476258e-8,7.747920720975976e-9,4.2034767472470864e-10,-5.476612291913282e-9,-2.431257868549174e-9,2.96033582949047e-9,-6.028741325784308e-11,1.0981666169672465e-8,1.421598159006451e-8,3.7419634347736344e-9,-8.55587988482738e-9,0.8515819634198246,0.15926306229409998,4.11606862501652e-9,-8.722519942832735e-9,0.14841799035465594,-7.896559900383016e-9,-6.033142484838831e-9,-9.631879034820842e-9,2.5298583073301566e-8,3.3739871865267686e-9,1.555041181032575e-9,-8.793106012496901e-9,3.680042754157403e-8,-5.058847700507898e-9,-3.1771497431599027e-9,-9.366551146531573e-9,-1.1406982713139982e-10,1.467212273980861e-8,1.0827961503232677e-8,-5.465617499742421e-9,-4.488595629055104e-10,5.6223200941870926e-9,1.7060081592659266e-8,2.5532959774570095e-9,-1.8845976883100762e-10,0.20458029939107802,3.165025404937303e-8,1.1364946394805445e-8,-1.8845985405122688e-10,8.064805173259129e-8,3.227284200966629e-8,1.3591064444861985e-8,-3.631418570231146e-10,1.5673131160036515e-8,2.2456329073218562e-8,6.671123233538971e-9,-3.2660264712315786e-10,2.7925813110975204e-8,2.4104642243036366e-8,6.245165453052813e-9,-6.085124768792533e-10,-3.702142663472606e-9,9.209933691748129e-9,-8.95698711259383e-10,1.8722087283814707e-15,0.48140625815542454,0.037846607572626055,-1.8330188807319363e-12,-4.618787095943734e-12,-2.851451143956025e-12
TAC + total emissions,TAC_primary,full_TAC,TAC,TotEmiss,ISI,2,0.1,5.787849435513557,5,0.6,114.39749847865573,97.81732692122942,true,8.46189467947474e-9,-6.806324209578733e-9,3,3,LOCALLY_SOLVED,Solve_Succeeded,0.056530875,0.8964553360535163,3.1740669982753325e7,114.39749911130858,5.7878495724905346,503.57998799633657,1.5922526291542861e-16,1.5922526291542861e-16,9.610370222465139e-9,8.46189467947474e-9,0.8954742533080451,0.8810827370093289,0.1000000084618947,1.000000005457132,0.4895011674555513,1.9146121520621116e-7,-8.355969893188671e-9,-3.8443246588375104e-9,4.2637644264326685e-9,5.586163268492312e-9,1.8565430843489745e-10,-1.4791563890268488e-9,0.11930331372224795,1.006589251967092e-8,7.584865629150362e-10,-1.4791569788415814e-9,5.262985724042983e-8,1.0247420850959075e-8,9.044985347075994e-10,-3.1116451433677045e-9,1.0524341308652541e-8,7.177171912145865e-9,4.4869528142558863e-10,-2.7899885492557655e-9,1.8149289925602405e-8,7.654567964933222e-9,4.1449305477338404e-10,-5.270574616774101e-9,-2.1118184646991754e-9,3.1695064930789292e-9,-3.598299948990681e-11,1.2025189937502107e-8,1.3282086339770518e-8,3.6259054856124834e-9,-8.563925109078406e-9,0.8116451523211261,0.18853121505530587,4.269606905431299e-9,-8.69292415447655e-9,0.18835479833153668,-7.758382693039176e-9,-5.820712155639823e-9,-9.610370222465139e-9,2.5681767884093236e-8,2.9985940986663158e-9,1.510155845705757e-9,-8.78613366933311e-9,3.6497442490130276e-8,-4.888729477292055e-9,-3.0074087402037865e-9,-9.34632318194781e-9,5.72120523733521e-10,1.4977523836962735e-8,1.040291771604171e-8,-5.787545905472297e-9,-4.2714718431527885e-10,6.49255037661338e-9,1.7379174613087194e-8,2.7582925824613333e-9,-1.6435070989187203e-10,0.1816664095316048,3.131611006119842e-8,1.1268943220451964e-8,-1.643507754268423e-10,8.01409189797454e-8,3.188086486965045e-8,1.343826394422719e-8,-3.4573834926307816e-10,1.6025701538175457e-8,2.232897928223158e-8,6.666329895465887e-9,-3.0999872769508495e-10,2.7636418750349117e-8,2.3814211446458912e-8,6.158182528061704e-9,-5.856194018637887e-10,-3.215723571246471e-9,9.860686867356668e-9,-5.34604563850044e-10,1.799274781498459e-15,0.4840205740334157,0.04803049353878418,-1.835595142317095e-12,-4.851403632558319e-12,-2.8172082418130026e-12
TAC + total emissions,TAC_primary,full_TAC,TAC,TotEmiss,ISI,2,0.1,5.787849435513557,6,0.5,111.63413655241801,97.81732692122942,true,8.467856487181591e-9,-6.050811894262971e-9,3,3,LOCALLY_SOLVED,Solve_Succeeded,0.095638458,0.909452621935319,3.216545573458711e7,111.63413711484543,5.787849572587041,503.5799880105619,3.1845052583085723e-16,3.1845052583085723e-16,9.592977542387158e-9,8.467856487181591e-9,0.9085012685080466,0.8513534188045678,0.1000000084678565,1.0000000054217455,0.4808075035483453,1.914996239369739e-7,-8.362403674447839e-9,-3.6926517878095236e-9,4.70587382302407e-9,5.664981621939088e-9,1.9550898038340518e-10,-1.3088459704162095e-9,0.1042553867006941,9.999677655662289e-9,7.533159512108431e-10,-1.3088464338278276e-9,5.2358916168283006e-8,1.0167194045126805e-8,8.963573740911879e-10,-2.9901940519443687e-9,1.0687806000957007e-8,7.153433326695405e-9,4.4798721687869945e-10,-2.67393202995627e-9,1.7999786584216087e-8,7.59433215450359e-9,4.098737980715118e-10,-5.1068002780940834e-9,-1.84873256591396e-9,3.3333250941251013e-9,-1.7195929884232285e-11,1.2832545925853513e-8,1.2560033191689565e-8,3.540415278167673e-9,-8.569980048582854e-9,0.7717083429925053,0.21779936653213286,4.392068147428959e-9,-8.669859809521798e-9,0.22829160522742978,-7.645654033388401e-9,-5.650219339263956e-9,-9.592977542387158e-9,2.595097610646967e-8,2.7285604648304514e-9,1.4805329217792256e-9,-8.780725496799601e-9,3.626288004535991e-8,-4.75818973605499e-9,-2.876702877566086e-9,-9.330630483327054e-9,1.1345980310821831e-9,1.5106867178309327e-8,1.0082538225546496e-8,-6.008096061458956e-9,-4.102946430899469e-10,7.165762412332106e-9,1.7624387268254938e-8,2.904704851410591e-9,-1.4542733004624545e-10,0.15875252065787512,3.111010826206045e-8,1.1192122703703954e-8,-1.4542738153642522e-10,7.972834961988548e-8,3.1631270362616724e-8,1.3317309557926218e-8,-3.322437835493742e-10,1.627461368327544e-8,2.2255125905274595e-8,6.655810079340676e-9,-2.9710355888402993e-10,2.7408765935056312e-8,2.3626811147344504e-8,6.089553571348175e-9,-5.674222531215645e-10,-2.8151154980962574e-9,1.0370344737278092e-8,-2.554823868514511e-10,1.7643739070641822e-15,0.4866348897676112,0.058214379246640545,-1.835811521035708e-12,-5.0131688948243886e-12,-2.790239165254234e-12
TAC + total emissions,TAC_primary,full_TAC,TAC,TotEmiss,ISI,2,0.1,5.787849435513557,7,0.4,108.87077462618029,97.81732692122942,true,8.471407004651338e-9,-5.345599643963251e-9,3,3,LOCALLY_SOLVED,Solve_Succeeded,0.052514584,0.9215376215995416,3.2560493598597545e7,108.87077512305771,5.787849572644515,503.57998802225836,8.120488408686859e-17,1.0253141930160176e-16,9.578387409546774e-9,8.471407004651338e-9,0.92061599749042,0.8216241006501068,0.10000000847140703,1.0000000053914542,0.47211383967531595,1.9172480029317152e-7,-8.366131553155588e-9,-3.5691487534272473e-9,5.061904684693892e-9,5.72949106892669e-9,2.0296027925647043e-10,-1.1683972599288523e-9,0.089207460104666,9.958144542059243e-9,7.490527030473042e-10,-1.1683976258160671e-9,5.2128743749326655e-8,1.0114440379761693e-8,8.896762956994332e-10,-2.891062260857792e-9,1.0810188063418292e-8,7.140303226698765e-9,4.4714910483563445e-10,-2.57899916851579e-9,1.787667087969572e-8,7.554067845242636e-9,4.060913203057679e-10,-4.971283437797268e-9,-1.6255000209901818e-9,3.467514819183835e-9,-2.0553616042259865e-12,1.3483348566246863e-8,1.1977462052332323e-8,3.4748524911559365e-9,-8.57467772721739e-9,0.7317715348169197,0.24706751715415134,4.495220318680602e-9,-8.650950973798262e-9,0.2682284114194414,-7.550503609264868e-9,-5.508033540706599e-9,-9.578387409546774e-9,2.6152135016024594e-8,2.521664299026131e-9,1.4605510814508557e-9,-8.776239819300588e-9,3.607312825243846e-8,-4.653435744784025e-9,-2.7709214592970723e-9,-9.317875997783842e-9,1.6101350261443316e-9,1.514436988049795e-8,9.832399220854962e-9,-6.169292755649108e-9,-3.9657208371413847e-10,7.707900315329334e-9,1.78250833255497e-8,3.0154098632389885e-9,-1.2982191776987244e-10,0.13583863243210503,3.098089413085097e-8,1.1128783016702803e-8,-1.298219584240074e-10,7.937785980011102e-8,3.146714784814749e-8,1.321804782182015e-8,-3.212291400953101e-10,1.6460968187477853e-8,2.2214276705285046e-8,6.643358128986568e-9,-2.8655546316842097e-10,2.7221294294082117e-8,2.3501544407421535e-8,6.033356758828551e-9,-5.523648264219184e-10,-2.4751932137805037e-9,1.0787823881905264e-8,-3.0536800977071794e-11,1.7519616497239364e-15,0.4892492053954439,0.06839826478474091,-1.8346144586070862e-12,-5.131715664982519e-12,-2.767697387460506e-12
TAC + total emissions,TAC_primary,full_TAC,TAC,TotEmiss,ISI,2,0.1,5.787849435513557,8,0.3,106.10741269994257,97.81732692122942,true,8.473386702083359e-9,-4.679136166256723e-9,3,3,LOCALLY_SOLVED,Solve_Succeeded,0.042554333,0.9329065349154168,3.2932181272775058e7,106.10741313487172,5.787849572676562,503.5799880322003,9.022764898540955e-17,1.0253141930160176e-16,9.565822092373347e-9,8.473386702083359e-9,0.9320146401244089,0.7918947825343947,0.10000000847338672,1.0000000053645868,0.46342017582940176,1.9206928089957822e-7,-8.368101772415871e-9,-3.465085344733941e-9,5.357087164180932e-9,5.784641637065734e-9,2.0882810921877883e-10,-1.0484749413958182e-9,0.07415953380789948,9.932735676798059e-9,7.454559906279032e-10,-1.0484752276082194e-9,5.1927057190662935e-8,1.0079654129983883e-8,8.840443632806932e-10,-2.8071739200407287e-9,1.0905581256849485e-8,7.134242989647257e-9,4.462808553735238e-10,-2.498461327733651e-9,1.777191126161192e-8,7.526911762797838e-9,4.029081328052263e-10,-4.855833712047071e-9,-1.4318692811098276e-9,3.5810753670222057e-9,1.0522694634717088e-11,1.4023834213993888e-8,1.1492696000809151e-8,3.423218060914951e-9,-8.578394842293388e-9,0.6918347274457222,0.2763356671696299,4.585390845305249e-9,-8.634886039682373e-9,0.3081652171203405,-7.468207488077036e-9,-5.386154592782636e-9,-9.565822092373347e-9,2.6309028661528225e-8,2.3560167885817135e-9,1.4470989945239736e-9,-8.772351054408855e-9,3.5914803253803187e-8,-4.5666602294160105e-9,-2.6822472437711607e-9,-9.307161196466976e-9,2.021418476157543e-9,1.5130448463809183e-8,9.63167729731517e-9,-6.292694575681423e-9,-3.8500948274821557e-10,8.15738272727551e-9,1.799666287087117e-8,3.102589051250428e-9,-1.1649721571064644e-10,0.11292474466202876,3.090184432781618e-8,1.1075346146471703e-8,-1.1649724751202434e-10,7.907074617669127e-8,3.135892395994985e-8,1.3134373397313152e-8,-3.1190821333785865e-10,1.660622600474808e-8,2.219542263445813e-8,6.630458422692353e-9,-2.7760681419262774e-10,2.706177396654542e-8,2.341705881759327e-8,5.986063687391933e-9,-5.395370791163411e-10,-2.180346405326328e-9,1.1141123364069082e-8,1.5633717743008244e-10,1.7539799482258192e-15,0.49186352094217817,0.07858215020338738,-1.8325003391162882e-12,-5.221649822054318e-12,-2.7481055933998956e-12
TAC + total emissions,TAC_primary,full_TAC,TAC,TotEmiss,ISI,2,0.1,5.787849435513557,9,0.2,103.34405077370486,97.81732692122942,true,8.474277705841529e-9,-4.0435909523046145e-9,3,3,LOCALLY_SOLVED,Solve_Succeeded,0.040110875,0.9436935015527282,3.3284892792123683e7,103.34405114955962,5.787849572690985,503.57998804086185,8.120488408686859e-17,5.126570965080088e-17,9.554783748986758e-9,8.474277705841529e-9,0.9428313360798044,0.7621654644496006,0.10000000847427773,1.0000000053401537,0.4547265120054138,1.9249467374371926e-7,-8.368858019345637e-9,-3.37512158362799e-9,5.607302568232294e-9,5.8332973746255065e-9,2.13592072152262e-10,-9.434067408152826e-10,0.05911160773227312,9.918520527944865e-9,7.423660085563252e-10,-9.434069587133066e-10,5.174609043454728e-8,1.005734432838837e-8,8.791961835967108e-10,-2.7342601318166114e-9,1.0982138313971323e-8,7.133159355708865e-9,4.454237731350332e-10,-2.4282667030094755e-9,1.7680544185898465e-8,7.508886560199622e-9,4.001720610515969e-10,-4.75527847815396e-9,-1.2610445506290835e-9,3.6795798374483947e-9,2.1216154187886885e-11,1.4483050134209291e-8,1.1079733159929705e-8,3.3818052507016515e-9,-8.581374012550892e-9,0.6518979206635721,0.305603816734306,4.666327765362551e-9,-8.620871962116364e-9,0.3481020224614796,-7.3957063373592546e-9,-5.2794988178594166e-9,-9.554783748986758e-9,2.643534989630473e-8,2.2190209246502146e-9,1.4382972510966155e-9,-8.768875077690205e-9,3.577967253670159e-8,-4.4930483720146615e-9,-2.605940891779293e-9,-9.297934550860327e-9,2.3834080191562324e-9,1.5086318640288357e-8,9.467110361788504e-9,-6.390483531063863e-9,-3.7501350929199875e-10,8.538392547080992e-9,1.8148036276612684e-8,3.173367929119321e-9,-1.0482297120169802e-10,0.09001085722868861,3.085761942027291e-8,1.1029437841408259e-8,-1.0482299541258958e-10,7.879518316169699e-8,3.1289515688319366e-8,1.3062343299151129e-8,-3.038066813129567e-10,1.6722801523547243e-8,2.219205132887202e-8,6.617724629434778e-9,-2.698074114454972e-10,2.69226468285272e-8,2.3360980409509934e-8,5.9454134784808665e-9,-5.283642753504398e-10,-1.920226929367013e-9,1.1447581716506116e-8,3.1521143364860507e-10,1.7658049293394177e-15,0.4944778364254156,0.08876603553373806,-1.8297575466146744e-12,-5.291511403690156e-12,-2.7306074184861727e-12
TAC + total emissions,TAC_primary,full_TAC,TAC,TotEmiss,ISI,2,0.1,5.787849435513557,10,0.1,100.58068884746714,97.81732692122942,true,8.47438041900338e-9,-3.433371589618866e-9,3,3,LOCALLY_SOLVED,Solve_Succeeded,0.026793208,0.9539950356057463,3.3621775294454336e7,100.58068916660156,5.7878495726926475,503.57998804855436,9.022764898540955e-17,5.126570965080088e-17,9.544935010175752e-9,8.47438041900338e-9,0.9531625994508818,0.7324361463901324,0.10000000847438044,1.0000000053175258,0.4460328481995002,1.9297737925331573e-7,-8.368736802062706e-9,-3.295776528031131e-9,5.823134675262409e-9,5.877238123451419e-9,2.1755282966547395e-10,-8.495129389808733e-10,0.044063681826396785,9.912434670742477e-9,7.39672225549061e-10,-8.495130956574161e-10,5.1580564795749136e-8,1.0044087907583799e-8,8.749512245544917e-10,-2.669566712039126e-9,1.104493638623505e-8,7.135724143190916e-9,4.445948247749407e-10,-2.3658055491656526e-9,1.7599300276075027e-8,7.497507840852767e-9,3.977803369109357e-10,-4.666158099465455e-9,-1.1082945568118794e-9,3.766690005044192e-9,3.0474197759287585e-11,1.4880337752017532e-8,1.0721366105758069e-8,3.3481691669030195e-9,-8.583780592224155e-9,0.6119611143284008,0.33487196595194924,4.740412444217991e-9,-8.608396398299044e-9,0.3880388275295856,-7.33090586084188e-9,-5.184642951436173e-9,-9.544935010175752e-9,2.653961477362143e-8,2.102858215055075e-9,1.4329344051944381e-9,-8.765699319990332e-9,3.5662367600010545e-8,-4.429439248605255e-9,-2.538934284775052e-9,-9.289835327892583e-9,2.7064780868818016e-9,1.502389317309081e-8,9.32985607743086e-9,-6.4700681467344295e-9,-3.6619739200345884e-10,8.86704598278594e-9,1.8284740828515524e-8,3.2322134693156126e-9,-9.439032655343034e-11,0.06709697005383146,3.0838685642309926e-8,1.098941592244319e-8,-9.439034396193509e-11,7.854313275716345e-8,3.1248273490260705e-8,1.2999275336238163e-8,-2.966185235599027e-10,1.6818425860857917e-8,2.220003066770507e-8,6.60540882522769e-9,-2.62867283240628e-10,2.6798934511296066e-8,2.3325579949319718e-8,5.909879291248187e-9,-5.184620110517171e-10,-1.6876303478726344e-9,1.1718591126804153e-8,4.527595095665583e-10,1.784581084168654e-15,0.4970921518577972,0.09894992079636444,-1.8265663911894524e-12,-5.346670516197545e-12,-2.7146662236551695e-12
TAC + total emissions,TAC_primary,full_TAC,TAC,TotEmiss,ISI,2,0.1,5.787849435513557,11,0.0,97.81732692122942,97.81732692122942,true,8.473892257143879e-9,-2.8443250862416413e-9,3,3,LOCALLY_SOLVED,Solve_Succeeded,0.0359795,0.963883324948226,3.39451826866104e7,97.81732718561153,5.787849572684745,503.57998805549073,1.5922526291542861e-16,1.5922526291542861e-16,9.536037064877635e-9,8.473892257143879e-9,0.9630806181114003,0.7027068283518372,0.10000000847389227,1.0000000052962803,0.43733918440874725,1.935020072464751e-7,-8.367958808511522e-9,-3.22466729216352e-9,6.011954081176734e-9,5.917631793262369e-9,2.2090919319234207e-10,-7.642841049047678e-10,0.029015756054867888,9.912461182497726e-9,7.372956236919364e-10,-7.64284204411155e-10,5.142666136608436e-8,1.0037623223364162e-8,8.71181533896909e-10,-2.611223157620349e-9,1.1097317709638739e-8,7.1410481111956874e-9,4.4380023415524684e-10,-2.3093080048270405e-9,1.7525915142656525e-8,7.491133023674945e-9,3.956606829082775e-10,-4.586053184187866e-9,-9.701964982722353e-10,3.8449254308174195e-9,3.8608209489618825e-11,1.522917202948465e-8,1.0405676982024454e-8,3.3206159555950364e-9,-8.585732205486011e-9,0.5720243083415087,0.36414011489498616,4.809240719873421e-9,-8.597111181538025e-9,0.4279756323850448,-7.27231030339783e-9,-5.099177339113483e-9,-9.536037064877635e-9,2.6627446560886465e-8,2.002389390521281e-9,1.4301892319674235e-9,-8.762750795714993e-9,3.555923815666012e-8,-4.373656224446238e-9,-2.4791393269674098e-9,-9.282615852756679e-9,2.9981142928378023e-9,1.4950213870102694e-8,9.213784416447338e-9,-6.536219991582561e-9,-3.582963657959465e-10,9.154566441791844e-9,1.8410410023482925e-8,3.282079441714796e-9,-8.492045610052972e-11,0.044183083083548826,3.083876812332626e-8,1.0954106409137339e-8,-8.492046715679496e-11,7.830877980744665e-8,3.122816113935517e-8,1.2943268503611217e-8,-2.901359064022609e-10,1.6898188330586263e-8,2.2216594123719915e-8,6.5936034788779525e-9,-2.5658977831411553e-10,2.668718896722698e-8,2.3305747184766492e-8,5.878387288922979e-9,-5.095614649097627e-10,-1.4773446678236308e-9,1.1961990229209748e-8,5.736076838457653e-10,1.808443774597153e-15,0.4997064672486545,0.10913380600552768,-1.8230460502418887e-12,-5.390695294394562e-12,-2.6999256269220193e-12
TAC + total emissions,TAC_primary,full_TAC,TAC,TotEmiss,ISI,3,0.2,7.406600111394068,1,1.0,125.4509461836066,63.15400194464366,true,4.1911503241033904e-9,0.017103115442470018,3,3,LOCALLY_SOLVED,Solve_Succeeded,0.517792167,0.7232514568673896,2.6086245950671002e7,123.86119902192179,7.4066001792383425,503.5799892039292,1.5922526291542861e-16,1.5922526291542861e-16,9.26781162692802e-9,4.1911503241033904e-9,0.7220685599786408,0.98289688455753,0.20000000419115035,0.999999991013967,0.5289772105503768,8.273404750866884e-7,-1.967355788435169e-9,1.154060029056507e-8,1.1589308719235846e-8,2.4053267379318072e-8,3.4846347086542686e-10,4.031173452663364e-8,0.16350844129360464,5.104263453651109e-8,7.972790848390214e-10,1.164198097904554e-8,1.2968994160719817e-8,2.5004212036682315e-8,4.814768724192778e-10,1.109577663004814e-8,1.1966307871466514e-8,2.4202867582299343e-8,4.6242914415561423e-10,3.6730819339438857e-8,0.046176183563122135,5.3397377120446586e-8,7.541091286089221e-10,1.0524324237832486e-8,1.0964129373680431e-8,2.3378303735300285e-8,4.422556570223225e-10,2.5786490346794367e-8,-5.811021644481782e-9,-5.656931414514374e-10,-9.098594439977911e-9,0.9999987258852001,-2.9393521736866167e-9,3.0638457815422958e-9,-8.789354753608835e-9,2.6079966170150776e-8,-6.815466686369341e-9,-2.743778100383526e-9,-9.26781162692802e-9,2.452355608852838e-8,-6.0062853078877e-9,-1.0135478897619422e-9,-9.066705910208683e-9,1.0303973075559293e-6,-4.27856162834911e-9,1.2533470473296545e-9,-8.996741582733144e-9,2.2957851329961693e-8,-5.197727191101621e-9,6.895782282319905e-10,-8.854930721846414e-9,1.2822889211738961e-9,1.76473564588364e-8,7.483238740232288e-8,5.177171567143484e-9,4.479081614070403e-9,0.24897876287889797,1.5879930744692335e-7,1.184528926046546e-8,1.2935534421161705e-9,1.9748241108368813e-8,7.779088189190054e-8,7.153370675943555e-9,1.2328640700053485e-9,1.82214233497331e-8,7.529781025604239e-8,6.8703758560262675e-9,4.081202148826538e-9,0.07031373406202687,1.661251732636116e-7,1.1203907053618272e-8,1.1693693597591646e-9,1.669537881901338e-8,7.27325005098231e-8,6.57065547576022e-9,2.1641522846471746e-14,0.40215727576164156,7.858684353941788e-14,2.191463721449998e-14,0.06464706714407521,6.961567783372399e-14
TAC + total emissions,TAC_primary,full_TAC,TAC,TotEmiss,ISI,3,0.2,7.406600111394068,2,0.9,119.22125175971031,63.15400194464366,true,5.933405871555575e-9,-6.0507001346870185e-9,3,3,LOCALLY_SOLVED,Solve_Succeeded,0.434882042,0.7769644884475043,2.7839351689208668e7,119.22125232212734,7.406600207441116,503.5799883081186,9.022764898540955e-17,5.2979293673649006e-24,9.55626525741131e-9,6.0507001346870185e-9,0.775831509899984,0.9329785415869477,0.20000000593340592,0.9999999999061389,0.5197801842724118,6.392913234140378e-7,-4.885699853132699e-9,1.8812447939340938e-9,1.1104022112324806e-8,1.8004505754975437e-8,2.7910928650191277e-10,7.956616580728816e-9,0.14395637217376075,3.4017197527635033e-8,6.769314877700971e-10,5.720106052710637e-9,0.023293674403226324,3.343288258777558e-8,8.076106826098176e-10,2.2232749078354318e-9,1.3239550646874087e-8,1.9681653550753262e-8,4.2033393346125426e-10,7.422240685151462e-9,0.03878892498381577,3.5025871711779276e-8,6.449233967438801e-10,-5.958751436656283e-10,2.651858645112082e-9,1.2452126177761324e-8,1.7144023756060535e-10,2.5269644853069006e-8,-2.2622165953011073e-9,3.009490184141868e-9,-8.807457780850547e-9,0.9999987576653669,-1.4856636964969411e-9,2.24319403342701e-9,-8.938442190887112e-9,1.258134253245076e-7,-7.632685782559582e-9,-5.2005106324733035e-9,-9.55626525741131e-9,2.8524512307953273e-8,-4.753366073979513e-9,-1.0447289583550598e-10,-9.02544590564109e-9,1.0256158903920835e-6,-5.2394011417869165e-9,-1.5757663549273645e-9,-9.27471056104295e-9,9.675512595460711e-9,4.742517828098421e-9,1.3505302358020969e-8,-6.860341262425389e-9,2.0902719932601033e-10,1.690839730740368e-8,5.6014017904368015e-8,4.146766542314131e-9,8.84068508969868e-10,0.21920629399186295,1.0583128119708676e-7,1.0057267818298585e-8,6.355673391900705e-10,0.0354699132958219,1.0401341249530179e-7,1.1998787284488716e-8,2.470305453150479e-10,2.0160224848649177e-8,6.123181104678792e-8,6.244961297138633e-9,8.246934094612732e-10,0.059064953952628556,1.0896937865886884e-7,9.581719037337645e-9,-6.620834929618089e-11,4.038057482329762e-9,3.873994810859078e-8,2.547112100900422e-9,1.664499784742328e-14,0.3845604089700078,0.020964320271555443,-3.5176916956935693e-13,0.05430487939279604,-8.937556117587725e-13
TAC + total emissions,TAC_primary,full_TAC,TAC,TotEmiss,ISI,3,0.2,7.406600111394068,3,0.8,112.99155733581401,63.15400194464366,true,8.19698443131178e-9,-4.201411067909195e-9,3,3,LOCALLY_SOLVED,Solve_Succeeded,0.214838333,0.7914924800966328,2.8315266818125118e7,112.99155772633826,7.406600244082809,503.57998789188423,9.022764898540955e-17,1.0253141930160176e-16,9.748875169177133e-9,8.19698443131178e-9,0.7904265230131619,0.865957075273906,0.20000000819698446,1.0000000047978226,0.5074321014606793,2.4988420490962584e-7,-7.998232681735969e-9,-1.8292680940849458e-9,1.989389641876676e-8,9.238656673120621e-9,2.260136153960592e-10,-2.7530013901892003e-10,0.1722594567199237,1.2635951795516336e-8,5.193552022993728e-10,-2.753008910874056e-10,2.9890488251835444e-8,1.2960730636924682e-8,8.159322932075238e-10,-1.837804362240143e-9,1.9473044816501836e-8,1.0734489406953501e-8,5.847719659950183e-10,-4.953149555923145e-10,0.028884732566732192,1.2669081763817483e-8,4.4068357885163766e-10,-2.038369220207071e-9,1.4727222046384076e-8,9.868810604854155e-9,5.045776454503328e-10,4.062384559972557e-8,-7.0010272662204854e-9,-4.831713704985598e-9,-9.52345893614298e-9,0.8075232491948862,-7.435178421168287e-9,-5.479312865835757e-9,-9.583177089667138e-9,0.19247624336812413,-8.79553221687368e-9,-7.364852953747372e-9,-9.748875169177133e-9,4.0295153972584654e-8,-7.671221456567875e-9,-5.460867644529185e-9,-9.546819576568754e-9,4.053293301727057e-7,-8.006883355944851e-9,-6.257401553932639e-9,-9.662665383141756e-9,3.348799124054537e-8,-3.56391267426662e-9,-7.20054434444822e-10,-8.952966160351605e-9,-2.0325201045388277e-10,3.0292978637667564e-8,2.8742487427486378e-8,3.3579165715985933e-9,-3.0588904335435544e-11,0.2623041727326111,3.9311850030495264e-8,7.71613443416211e-9,-3.0588987898600606e-11,4.551506165620397e-8,4.032227309265456e-8,1.2122422641940352e-8,-2.0420048469334912e-10,2.9652136425127795e-8,3.3396189266077554e-8,8.68804063764027e-9,-5.503499506581271e-11,0.04398357004479674,3.941492104298772e-8,6.547298885795758e-9,-2.264854689118967e-10,2.2425542661539387e-8,3.0702966326212925e-8,7.496582160976372e-9,6.257096443772301e-15,0.36095191268994026,0.049081440708768145,-3.026272599541856e-13,0.040438742705448574,-5.919714454231618e-13
TAC + total emissions,TAC_primary,full_TAC,TAC,TotEmiss,ISI,3,0.2,7.406600111394068,4,0.7,106.76186291191772,63.15400194464366,true,7.104427217243406e-9,0.12831980950634378,3,3,LOCALLY_SOLVED,Solve_Succeeded,0.315651542,0.7867975316482966,2.816854333734874e7,94.83444222433421,7.406600226397032,503.57998860176576,3.1845052583085723e-16,3.1845052583085723e-16,9.26502372986218e-9,7.104427217243406e-9,0.7859269158440898,0.6706157971023986,0.20000000710442725,1.0000000003201255,0.47144203951790536,4.305975677107556e-7,-6.627006619148228e-9,4.855237695590066e-9,1.458793345845922e-8,1.4750344598080167e-8,3.2686705147048e-10,1.3038751305593189e-8,0.18687782798199928,2.317024796260417e-8,6.847483385784105e-10,1.3038751353832956e-8,5.134681999133299e-8,2.272818641773208e-8,7.968267828840023e-10,4.813788852272288e-9,1.4770068014465648e-8,1.530199221308571e-8,4.4670102430488966e-10,5.085174890190907e-9,1.573461475430247e-8,1.5136588878238114e-8,3.4283018998065696e-10,4.356036677322969e-9,1.2739349063698613e-8,1.4637666100735315e-8,4.153078796709354e-10,3.0406507037843533e-8,-5.105627023425164e-9,-8.290821299320032e-10,-9.109916645799096e-9,0.48600288614014076,-2.446144996804011e-9,1.4115236558014284e-9,-8.92356620755849e-9,0.5139969444322662,-6.169095008727181e-9,-2.184492413095675e-9,-9.231674720997007e-9,3.009390266844275e-8,-5.555210927949515e-9,-1.3289073103334577e-9,-9.10065361145937e-9,3.219957717184995e-8,-6.094569187557071e-9,-2.3292857714252226e-9,-9.26502372986218e-9,2.6839131052636823e-8,-3.857971992081301e-9,1.2104818677855124e-9,-8.778203221289304e-9,5.394708550655627e-10,2.2213444129926537e-8,4.5889960971804953e-8,4.8563104789899875e-9,1.4487501450659095e-9,0.2845639653362261,7.20852158836574e-8,1.0173403887450668e-8,1.4487501504258835e-9,7.818720316862068e-8,7.07099132996109e-8,1.1838569345705174e-8,5.348654280302541e-10,2.2490785385663597e-8,4.760619799626665e-8,6.636700932529788e-9,5.650194322434338e-10,2.395952701223331e-8,4.709160984340747e-8,5.0934771082840455e-9,4.840040752581074e-10,1.9398554256086522e-8,4.553940564673209e-8,6.170288497968182e-9,1.5975333270220718e-14,0.2921207691171269,0.13106925002873684,-5.487903273894834e-13,-2.302530755191468e-13,-7.211512719211161e-13
TAC + total emissions,TAC_primary,full_TAC,TAC,TotEmiss,ISI,3,0.2,7.406600111394068,5,0.6,100.53216848802143,63.15400194464366,true,7.104427656188542e-9,0.06129834504262172,3,3,LOCALLY_SOLVED,Solve_Succeeded,0.12774675,0.7867975316482928,2.8168543337348618e7,94.83444222433138,7.406600226397039,503.57998860176576,9.022764898540955e-17,1.0253141930160176e-16,9.265023737160323e-9,7.104427656188542e-9,0.785926915844086,0.6706157971023682,0.2000000071044277,1.0000000003201266,0.47144203951790625,4.3059752438542087e-7,-6.627007001543357e-9,4.855236383305509e-9,1.4587933666024997e-8,1.475034324687199e-8,3.268670425736362e-10,1.3038748104591485e-8,0.18687782798199198,2.31702451952569e-8,6.847483744347783e-10,1.303874820679152e-8,5.1346826207515714e-8,2.2728183908922037e-8,7.968267570818378e-10,4.8137876050020325e-9,1.4770068292517011e-8,1.5301990898965398e-8,4.4670101637483683e-10,5.085173598401513e-9,1.5734615276651308e-8,1.5136587563731488e-8,3.428301840683923e-10,4.356035361543906e-9,1.2739348682550489e-8,1.4637664665201513e-8,4.1530786258698226e-10,3.040650734212576e-8,-5.105626642853521e-9,-8.290818862318191e-10,-9.109916619185106e-9,0.4860028861401324,-2.4461445096616823e-9,1.4115236654050428e-9,-8.923566205450394e-9,0.5139969444322866,-6.16909511493497e-9,-2.1844928420244745e-9,-9.231674767440583e-9,3.0093903401340506e-8,-5.555210696327906e-9,-1.328907191632403e-9,-9.100653598182198e-9,3.219957798975614e-8,-6.0945690996150484e-9,-2.329285847900612e-9,-9.265023737160323e-9,2.683913070835214e-8,-3.857971156734654e-9,1.2104826299023566e-9,-8.778203119892105e-9,5.394707092561674e-10,2.221344444599261e-8,4.588995676804618e-8,4.856310346808309e-9,1.4487497893990536e-9,0.28456396533621503,7.208520727413256e-8,1.0173404420173848e-8,1.4487498007546128e-9,7.818721263417165e-8,7.07099054944241e-8,1.1838568962358732e-8,5.348652894446701e-10,2.2490785809059994e-8,4.760619390789235e-8,6.636700814711861e-9,5.65019288711279e-10,2.3959527807628123e-8,4.709160575383129e-8,5.093477020444685e-9,4.840039290604338e-10,1.9398553675701883e-8,4.5539401180626924e-8,6.17028824414945e-9,1.5975331888698453e-14,0.2921207691171172,0.13106925002874575,-5.487904544921277e-13,-2.302535982925593e-13,-7.211514787101884e-13
TAC + total emissions,TAC_primary,full_TAC,TAC,TotEmiss,ISI,3,0.2,7.406600111394068,6,0.5,94.30247406412514,63.15400194464366,true,8.84881773896951e-9,-2.4300852366985383e-9,3,3,LOCALLY_SOLVED,Solve_Succeeded,0.070490833,0.7886613839587798,2.822950657341133e7,94.30247429000335,7.406600254634365,503.57998793228796,9.022764898540955e-17,1.0253141930160176e-16,9.601957813710893e-9,8.84881773896951e-9,0.7877964912698197,0.6648926801113226,0.20000000884881777,1.0000000063552736,0.469768519716177,1.2125907334619943e-7,-8.794861600288004e-9,-4.444714031230447e-9,5.3632194371928406e-9,3.954761753016427e-9,2.1400513922073373e-10,-2.7863386107275417e-9,0.1839811361832073,6.566108091719809e-9,7.607965143627376e-10,-2.7863385931511212e-9,5.1553639411163e-8,6.660911046155637e-9,8.979473734106288e-10,-3.929758520681474e-9,1.151119521167832e-8,4.937681797951556e-9,4.72505951808448e-10,-3.72950940147856e-9,1.8778790720122753e-8,5.1330468485879824e-9,4.199224060986382e-10,-5.497075894119078e-9,-1.5645054284829405e-9,2.431443008356839e-9,1.3817261752017025e-11,1.4035495756970409e-8,1.3681365176028275e-8,1.1148935221659172e-9,-8.807957093960628e-9,0.4783149174160831,0.005634049363432597,1.6976693677557528e-9,-8.871481845596164e-9,0.5216850329757773,-7.543333870088658e-9,-5.806233981433595e-9,-9.601957813710893e-9,2.807412086484102e-8,3.173776253412434e-9,-1.766898391907532e-10,-8.944227153541037e-9,3.7672046543587447e-8,-4.563715733566122e-9,-3.5098259272408166e-9,-9.376007218214328e-9,1.930344645452386e-9,1.963565990989037e-8,5.9052330714578844e-9,-7.2601455864800235e-9,-4.938571145811607e-10,8.166720506634553e-9,1.230370323160666e-8,3.1795049255651864e-9,-3.095931789697267e-10,0.28015309373352015,2.042789184090607e-8,1.1303262499103528e-8,-3.0959317701679113e-10,7.850213273972548e-8,2.072283436581754e-8,1.334093240495791e-8,-4.3663983563127477e-10,1.7528410890510167e-8,1.5361676704738177e-8,7.020088426868369e-9,-4.143899334976176e-10,2.8594976778368735e-8,1.5969479084495943e-8,6.238847176322624e-9,-6.107862104576751e-10,-2.382315084280841e-9,7.564489359332386e-9,2.0528503174425292e-10,-4.177977822114295e-15,0.29262395272973163,0.13302970125120783,-2.4862998822406455e-12,-8.223528774006167e-12,-3.565710703962682e-12
TAC + total emissions,TAC_primary,full_TAC,TAC,TotEmiss,ISI,3,0.2,7.406600111394068,7,0.4,88.07277964022884,63.15400194464366,true,8.839778047968222e-9,-1.8164927529125936e-9,3,3,LOCALLY_SOLVED,Solve_Succeeded,0.060194459,0.8097835863650477,2.8920446152031504e7,88.07277980907318,7.406600254488035,503.579987942122,1.5922526291542861e-16,1.5922526291542861e-16,9.590303654815692e-9,8.839778047968222e-9,0.8089857151411739,0.5978712150339777,0.2000000088397781,1.0000000063110173,0.45016961448711645,1.2342732042912545e-7,-8.784606511412068e-9,-4.339444102630535e-9,5.661570451650316e-9,4.040724043588879e-9,2.1951564533543936e-10,-2.659963863465015e-9,0.15005724975977974,6.636942725123721e-9,7.562550234389892e-10,-2.659963763101169e-9,5.12155970482607e-8,6.725512277202413e-9,8.9075607924527e-10,-3.836364843437924e-9,1.1590557213053418e-8,4.993225812652422e-9,4.705917335031315e-10,-3.6364890705934855e-9,1.8642963914191723e-8,5.180278554604669e-9,4.160919360341398e-10,-5.3881597963429945e-9,-1.3696247557428161e-9,2.544065941148351e-9,2.597902771585203e-11,1.4602384473682092e-8,1.3125880291551694e-8,1.1510597262427916e-9,-8.803164379600559e-9,0.38828179954609626,0.0716158582261761,1.8316495478242751e-9,-8.853996495381736e-9,0.6117181490694737,-7.463607906580255e-9,-5.693755306244772e-9,-9.590303654815692e-9,2.8227568715792767e-8,2.9774331189354198e-9,-1.3703826915328357e-10,-8.936092929066594e-9,3.753686188161326e-8,-4.4789821102754295e-9,-3.4168056299910872e-9,-9.365320634310824e-9,2.35128289700091e-9,1.9359452419753646e-8,5.862463014907857e-9,-7.305732478991412e-9,-4.821604558478372e-10,8.621027733194798e-9,1.2571141468943177e-8,3.261375302126527e-9,-2.955515403850016e-10,0.2284962666796646,2.064826625594046e-8,1.1235788919664981e-8,-2.955515292334631e-10,7.798738641439697e-8,2.0923815973518617e-8,1.3234090320215437e-8,-4.262627603819914e-10,1.764925757442225e-8,1.5534480306029754e-8,6.991648612046524e-9,-4.040543411770538e-10,2.8388149596610125e-8,1.611642216988119e-8,6.181937335364363e-9,-5.986844218158881e-10,-2.0855649689720155e-9,7.914871816905979e-9,3.859741260640873e-10,-3.9684317241999224e-15,0.29851763799054265,0.15598814571623026,-2.4611976291625864e-12,-8.201841007247977e-12,-3.5185838062636034e-12
TAC + total emissions,TAC_primary,full_TAC,TAC,TotEmiss,ISI,3,0.2,7.406600111394068,8,0.3,81.84308521633254,63.15400194464366,true,8.830378037878326e-9,-1.3922431592425796e-9,3,3,LOCALLY_SOLVED,Solve_Succeeded,0.055738167,0.8297846559128887,2.9574827758089203e7,81.84308534574257,7.406600254335872,503.57998795110666,3.1845052583085723e-16,3.1845052583085723e-16,9.579921378230833e-9,8.830378037878326e-9,0.8290538061539124,0.5308497501459755,0.20000000883037808,1.0000000062683165,0.4305707093390997,1.2559712097153503e-7,-8.773967103991541e-9,-4.2436994381150855e-9,5.91400940742514e-9,4.122068082701123e-9,2.23996963997007e-10,-2.5426003186905595e-9,0.11613336363695116,6.712437240325018e-9,7.524583372362455e-10,-2.542600105918371e-9,5.088239600645454e-8,6.794698758296137e-9,8.844724834340832e-10,-3.750314292975726e-9,1.164944382338311e-8,5.050485830893481e-9,4.688025636168487e-10,-3.5502664598528255e-9,1.851773999441552e-8,5.231242559010666e-9,4.1278856139715104e-10,-5.290058562931219e-9,-1.1974138805621609e-9,2.64650086282047e-9,3.632503170979851e-11,1.5091267172895976e-8,1.2643667632478218e-8,1.1908868176545615e-9,-8.798172353351084e-9,0.2982486823293088,0.13759766651196553,1.959814337557554e-9,-8.837818762286182e-9,0.7017512646947633,-7.393292368323793e-9,-5.593677189187552e-9,-9.579921378230833e-9,2.8353620969673526e-8,2.8111877597776295e-9,-9.585526129481387e-11,-8.928381007907707e-9,3.7430575366544687e-8,-4.407510083108963e-9,-3.333308713890719e-9,-9.355807872324053e-9,2.723824664278894e-9,1.908792113746118e-8,5.844257274058786e-9,-7.338391086236802e-9,-4.715221597905648e-10,9.005423415851917e-9,1.2824211812847936e-8,3.327954893669818e-9,-2.825111465211731e-10,0.17683944008353927,2.0883138081011164e-8,1.1179381010367076e-8,-2.825111228798189e-10,7.74800121007376e-8,2.113906280358798e-8,1.3140734039592091e-8,-4.167015881084138e-10,1.7738925821969735e-8,1.571262258500194e-8,6.965066659450323e-9,-3.9447405109475827e-10,2.8197467718769085e-8,1.6274976850255405e-8,6.132858626471957e-9,-5.877842847701353e-10,-1.8233347726741993e-9,8.233558239885906e-9,5.396861854027206e-10,-3.756967119998537e-15,0.3044113231651954,0.17894659005228042,-2.436341940425966e-12,-8.165096774950114e-12,-3.4744406580628496e-12
TAC + total emissions,TAC_primary,full_TAC,TAC,TotEmiss,ISI,3,0.2,7.406600111394068,9,0.2,75.61339079243625,63.15400194464366,true,8.820763438485012e-9,-1.001215513718852e-9,3,3,LOCALLY_SOLVED,Solve_Succeeded,0.042352667,0.8488606891305063,3.019904571982862e7,75.61339088549997,7.406600254180236,503.5799879594787,1.5922526291542861e-16,1.5922526291542861e-16,9.570479254424879e-9,8.820763438485012e-9,0.8481968608363943,0.46382828529119535,0.2000000088207635,1.0000000062266547,0.4109718042217717,1.277560539568131e-7,-8.763100755024108e-9,-4.154491739234468e-9,6.13248477872073e-9,4.200008711540783e-9,2.2777517061303462e-10,-2.431662607511847e-9,0.08220947771838472,6.791019097407529e-9,7.49274169398085e-10,-2.431662205017903e-9,5.0518933252289735e-8,6.866096367262522e-9,8.787301543779262e-10,-3.6693047245529622e-9,1.169265195568001e-8,5.108618168815389e-9,4.671315491210995e-10,-3.4686588406445595e-9,1.8396743528133758e-8,5.284435222114328e-9,4.0987637545409545e-10,-5.199531078536873e-9,-1.0419765580795039e-9,2.74162255931773e-9,4.537530197783031e-11,1.5528900233019966e-8,1.2213832774217954e-8,1.2328811417071609e-9,-8.793084004309639e-9,0.20821556528983598,0.20357947448474045,2.083707895857574e-9,-8.822583355409863e-9,0.7917843802456743,-7.33002633902708e-9,-5.502796160974326e-9,-9.570479254424879e-9,2.846918147298521e-8,2.665209108014649e-9,-5.4125859842499744e-11,-8.921021431173226e-9,3.7358904940378704e-8,-4.345961379829657e-9,-3.2568422971759417e-9,-9.347155912545355e-9,3.0622811994828573e-9,1.882234969658723e-8,5.842495384023751e-9,-7.362499943528268e-9,-4.61610193248274e-10,9.33810182214293e-9,1.306669376923799e-8,3.3840882491079423e-9,-2.701847341679829e-10,0.12518261379844944,2.1127614969712307e-8,1.1132073373914405e-8,-2.7018468944643357e-10,7.692655745235026e-8,2.1361188698150064e-8,1.3055419436472046e-8,-4.0770052495032895e-10,1.780472002342183e-8,1.5893478747425653e-8,6.940240158370621e-9,-3.854065378493953e-10,2.801322309965822e-8,1.6440465135466796e-8,6.089591863889417e-9,-5.777256753929856e-10,-1.5866461225301536e-9,8.52949240676627e-9,6.741473436706218e-10,-3.5460482465967247e-15,0.3103050082844031,0.20190503433117815,-2.4118587100772004e-12,-8.118613951092754e-12,-3.4326559267218707e-12
TAC + total emissions,TAC_primary,full_TAC,TAC,TotEmiss,ISI,3,0.2,7.406600111394068,10,0.1,69.38369636853996,63.15400194464366,true,8.81103504256516e-9,-6.337937533473016e-10,3,3,LOCALLY_SOLVED,Solve_Succeeded,0.033535459,0.8671502991274763,3.0797619942467142e7,69.38369642745155,7.406600254022758,503.5799879674112,1.5922526291542861e-16,1.5922526291542861e-16,9.561754829266806e-9,8.81103504256516e-9,0.8665534922982052,0.3968068204600211,0.20000000881103508,1.0000000061854324,0.3913728991302366,1.298884543665283e-7,-8.7521207551891e-9,-4.069127204349969e-9,6.324943152756233e-9,4.2753330607534295e-9,2.3110283050762123e-10,-2.3251871373892054e-9,0.0482855920500773,6.871720252187006e-9,7.467207277462903e-10,-2.3251862807715803e-9,5.004456618080749e-8,6.936863926176736e-9,8.730685153834371e-10,-3.5912239673188426e-9,1.1721136068507158e-8,5.166842098038904e-9,4.6558704176243515e-10,-3.389570157082464e-9,1.8269552887598113e-8,5.3385837301365525e-9,4.072698227189352e-10,-5.113799227299445e-9,-8.98791821012451e-10,2.8315037051040964e-9,5.353080055938711e-11,1.5944108575866538e-8,1.1819196089431837e-8,1.275800945585368e-9,-8.78798761289435e-9,0.11818244796864094,0.26956128224288634,2.2044712564236745e-9,-8.808024466044828e-9,0.8818174960705784,-7.272257800828829e-9,-5.419076528367505e-9,-9.561754829266806e-9,2.859987322355093e-8,2.531252419108969e-9,-1.2971847911402687e-11,-8.914009893268718e-9,3.734863262617073e-8,-4.2925068099671284e-9,-3.1858785278741066e-9,-9.339158898588254e-9,3.380369913041855e-9,1.856133234505093e-8,5.851516782152408e-9,-7.380906625593252e-9,-4.521252449277742e-10,9.631163437151536e-9,1.330103618901067e-8,3.4335277675418004e-9,-2.5835412637657827e-10,0.07352578789443588,2.137868522902624e-8,1.1094136526516312e-8,-2.5835403119684215e-10,7.620422577532049e-8,2.1581354436994287e-8,1.2971303657125348e-8,-3.99024885257649e-10,1.784809355886317e-8,1.6074619860565477e-8,6.917293191899036e-9,-3.766189063424958e-10,2.7819546442478945e-8,1.660892716042483e-8,6.0508659375384655e-9,-5.681999141443826e-10,-1.3686148183598684e-9,8.809122638101632e-9,7.953147511680369e-10,-3.3371312325216787e-15,0.3161986933623007,0.22486347857026528,-2.387805011212558e-12,-8.065821051129784e-12,-3.3927788084865998e-12
TAC + total emissions,TAC_primary,full_TAC,TAC,TotEmiss,ISI,3,0.2,7.406600111394068,11,0.0,63.15400194464366,63.15400194464366,true,8.801333038221618e-9,-2.668665023443131e-10,3,3,LOCALLY_SOLVED,Solve_Succeeded,0.033257,0.8847445368560707,3.137351942132963e7,63.1540019694491,7.406600253865706,503.5799879751623,9.022764898540955e-17,5.126570965080088e-17,9.553569313677124e-9,8.801333038221618e-9,0.88421475149164,0.3297853556293413,0.2000000088013331,1.0000000061422059,0.3717739940647372,1.3192077451534518e-7,-8.74122867432488e-9,-3.979901951646307e-9,6.497436455007299e-9,4.348723455699439e-9,2.3450693086508014e-10,-2.2195591163067572e-9,0.014361707128694211,6.953999583056116e-9,7.456332422775309e-10,-2.2195549724781056e-9,4.896552459954317e-8,6.9947646635720596e-9,8.654624364015591e-10,-3.5098035142330634e-9,1.1719522305906698e-8,5.2226995879619885e-9,4.6430114150133266e-10,-3.3062809173886754e-9,1.808008603135463e-8,5.390270386422382e-9,4.0493388006623456e-10,-5.025872530252756e-9,-7.604177867102445e-10,2.919227113373041e-9,6.154112933715853e-11,1.644383558100447e-8,1.142114014084704e-8,1.3166453261449139e-9,-8.783109937237724e-9,0.0281493279462941,0.33554308999860766,2.3240840382268535e-9,-8.793720736565259e-9,0.9718506140680119,-7.219084914176346e-9,-5.341666669619988e-9,-9.553569313677124e-9,2.887858697938051e-8,2.3879732795498617e-9,2.3004262055881136e-11,-8.907652940103805e-9,3.7598202349516276e-8,-4.248595000467791e-9,-3.119993344312426e-9,-9.331654281570123e-9,3.719467320048955e-9,1.829233493559378e-8,5.8633300991670915e-9,-7.396956095146185e-9,-4.4221132796070066e-10,9.893823692852022e-9,1.3529361862176033e-8,3.4841029728526186e-9,-2.466176795896396e-10,0.021868963127784368,2.1634665369507916e-8,1.1077979599551885e-8,-2.4661721916423387e-10,7.456113973112255e-8,2.1761490064446405e-8,1.2858299055108878e-8,-3.89978168248118e-10,1.7845636238539744e-8,1.6248398718103963e-8,6.898188388019798e-9,-3.673645463765194e-10,2.7531040093199094e-8,1.6769730091091856e-8,6.016160503841198e-9,-5.584302811391949e-10,-1.1579089024905995e-9,9.082039908271681e-9,9.143253501520697e-10,-3.131398153847001e-15,0.32209237842432314,0.24782192280324647,-2.364141695816951e-12,-8.009895070530635e-12,-3.354214137696197e-12
TAC + total emissions,TAC_primary,full_TAC,TAC,TotEmiss,ISI,4,0.3,9.02535078727458,1,1.0,125.4509461836066,46.675208044420856,true,8.072902706949034e-9,0.06493136965354068,3,3,LOCALLY_SOLVED,Solve_Succeeded,0.644157083,0.6780684281310216,2.4611213615726635e7,119.41552760982447,9.025350917954746,503.5799880137092,9.022764898540955e-17,6.29004323589938e-23,9.688744405108052e-9,8.072902706949034e-9,0.6768333594926023,0.9350686303464592,0.3000000080729028,1.0000000037270613,0.5201653401177063,2.6463591477409634e-7,-7.85012929629726e-9,7.216589836199195e-10,1.9427605620290413e-8,1.0112168911173735e-8,2.505436971102082e-10,3.69454093252844e-9,0.107648971488758,1.3992501216978992e-8,5.664466415915255e-10,6.703016605820118e-10,1.980755873703974e-8,1.1729702091883107e-8,6.292826144740099e-10,6.095800279570101e-10,1.8975680566110435e-8,1.1539447441792846e-8,6.13454899261007e-10,3.0941060367764258e-9,0.09854263729448225,1.3911886724476753e-8,4.739062506540002e-10,5.305304266396953e-10,1.7882594675807965e-8,1.1296827261574249e-8,5.926832355679873e-10,4.227848387346624e-8,-7.69573198800439e-9,-5.527845104070515e-9,-9.579894160624098e-9,0.9999993291580747,-7.588672036248843e-9,-5.46701551867175e-9,-9.572982333805293e-9,4.106343096643365e-8,-8.545783161583752e-9,-6.84494382463661e-9,-9.688744405108052e-9,3.968388052191748e-8,-7.918496427467716e-9,-5.684673434943222e-9,-9.560634046220905e-9,5.032123898747427e-7,-7.902230738838025e-9,-5.945150573849878e-9,-9.627956601806453e-9,3.797444808892156e-8,-7.0793671217153676e-9,-4.28931732212595e-9,-9.394378404606727e-9,8.018433151332435e-11,2.958294492180586e-8,3.146008105698495e-8,3.722363499923093e-9,4.1050454805871544e-10,0.1639200247669724,4.353222600837908e-8,8.415778675074091e-9,7.447796228689017e-11,3.016150989503778e-8,3.649240650808077e-8,9.349341700756718e-9,6.773111421744555e-11,2.889478631657725e-8,3.590050315224441e-8,9.114187074734959e-9,3.4378955964182497e-10,0.1500535613347798,4.328142536503879e-8,7.04089286685943e-9,5.894782518218834e-11,2.723031461998031e-8,3.514568481378655e-8,8.805579499867239e-9,7.625652485981866e-15,0.3518838777769783,5.873345589467604e-14,-2.162668738010541e-13,0.1379598506695635,-2.9259044339472736e-13
TAC + total emissions,TAC_primary,full_TAC,TAC,TotEmiss,ISI,4,0.3,9.02535078727458,2,0.9,117.57337236968803,46.675208044420856,true,8.89065661764041e-9,0.6463306243439129,3,3,LOCALLY_SOLVED,Solve_Succeeded,0.043864333,0.639999759433134,2.3391589849017087e7,57.49646538645848,9.025350931192143,503.5799879705873,5.126570965080088e-17,4.717532426924535e-23,9.555115567847138e-9,8.89065661764041e-9,0.639430840037512,0.268919386731282,0.3000000088906567,1.0000000062163332,0.39743281316657636,1.1335327486094914e-7,-8.835647667431443e-9,-3.022249704698367e-9,1.75128616646925e-8,4.753995401171108e-9,3.298839729316115e-10,-1.7801553286018837e-9,1.0592157356616366e-7,6.237745277041346e-9,6.463578782241444e-10,-1.7801552839055581e-9,0.15754077023466131,6.29903870263809e-9,7.56528256123953e-10,-2.961195740982308e-9,1.813982866609256e-8,5.082952155683135e-9,4.756134950626273e-10,-2.9302857754747302e-9,2.0263249573706454e-8,4.920842216371369e-9,3.5835526806314094e-10,-3.2675091690896954e-9,1.1025210903106793e-8,4.632846744546236e-9,3.8475779510472026e-10,3.5834255744250774e-8,-3.212928241731483e-9,-2.625471062355232e-9,-9.25606134566383e-9,0.459241164792921,-2.9958986203224226e-9,-2.4669960223851884e-9,-9.261604604491685e-9,0.5407587173703555,-6.941425380891735e-9,-5.3516217357821565e-9,-9.546757089106304e-9,3.8622531960201175e-8,-4.819159413276375e-9,-3.278763674822703e-9,-9.301284444754248e-9,4.014701579469835e-8,-6.179050724642937e-9,-4.5243324308000666e-9,-9.46449951670763e-9,2.693986551607125e-8,3.59208853616808e-9,3.4328663090586223e-10,-8.80774493408372e-9,-3.358055227442629e-10,2.666731208032721e-8,1.4790207914754558e-8,4.9011333121267985e-9,-1.9779503651132036e-10,1.612896688393856e-7,1.9406318639684186e-8,9.603031333615859e-9,-1.9779503154506191e-10,0.2398916274027797,1.959700929709628e-8,1.1239848376698729e-8,-3.290217489980341e-10,2.7622011832459124e-8,1.5813628928791974e-8,7.066257640930462e-9,-3.2558730838608105e-10,3.08554027599621e-8,1.530928689537759e-8,5.324135411223809e-9,-3.6305657434329933e-10,1.6788389329730795e-8,1.4413300983032735e-8,5.716401527270129e-9,-6.624731881217184e-16,0.11710656919328674,0.27968013819848153,-2.2978584267849665e-12,-7.755138589114755e-12,-3.1196188148028394e-12
TAC + total emissions,TAC_primary,full_TAC,TAC,TotEmiss,ISI,4,0.3,9.02535078727458,3,0.8,109.69579855576946,46.675208044420856,true,9.597552629744059e-9,0.5615807073822019,3,3,LOCALLY_SOLVED,Solve_Succeeded,0.045066708,0.6399997105879742,2.3391588258594494e7,57.49645869743594,9.025350942635027,503.57998761368856,1.218073261303029e-16,5.126570965080088e-17,9.838604775614417e-9,9.597552629744059e-9,0.6394307912636085,0.2689193147681878,0.3000000095975527,1.0000000086273628,0.397432817367259,4.71216885485549e-9,-9.593174247403919e-9,-7.316627836090596e-9,2.1887142141331022e-8,1.516826685936422e-9,2.55503338944069e-10,-7.179266892676688e-9,5.60770002192447e-8,2.049994272499416e-9,5.578591809111349e-10,-7.179266887174222e-9,0.15754081627308728,2.1503773274414374e-9,8.607348209773073e-10,-7.308626291861427e-9,2.151696452059108e-8,1.913343928401913e-9,6.892521560131294e-10,-7.310822257103049e-9,2.4485727704606317e-8,1.601320282489635e-9,2.8633809536160305e-10,-7.400151824284929e-9,4.802877413425918e-9,1.4406458968424743e-9,4.097944316517004e-10,4.504271428672052e-8,-5.477860174260239e-9,-6.239824239191401e-9,-9.671567653310889e-9,0.4592412471195412,-7.343024179191642e-9,-6.869374049046743e-9,-9.725192888273566e-9,0.5407586456324915,-8.890411325298691e-9,-8.164400322620903e-9,-9.833003018348413e-9,4.862148647491383e-8,-7.2113884492022535e-9,-6.701155815918621e-9,-9.698373629976241e-9,4.7595975402416096e-8,-8.214603941975481e-9,-7.523384884871476e-9,-9.780967891318428e-9,2.3164889418906974e-8,1.5873848912315432e-8,-3.665559673897363e-9,-9.398712687368206e-9,-8.129586484545104e-10,3.3328148260663146e-8,4.719016356246646e-9,3.7960496071690245e-9,-7.976963214085206e-10,8.538997760657714e-8,6.377759958887073e-9,8.288193544965432e-9,-7.976963207971354e-10,0.2398916975067465,6.690062796484471e-9,1.2788060197377135e-8,-8.120695879846028e-10,3.276446870180914e-8,5.952625555028173e-9,1.0240317746480779e-8,-8.123135841225607e-10,3.7285085368377795e-8,4.981885323301087e-9,4.2541659882295305e-9,-8.222390915872139e-10,7.313472424989465e-9,4.482009456843253e-9,6.088374413110977e-9,-1.4077951318633248e-14,0.11710653623804994,0.2796801557795621,-2.473779916876901e-12,-8.988715007591315e-12,-3.382310422201999e-12
TAC + total emissions,TAC_primary,full_TAC,TAC,TotEmiss,ISI,4,0.3,9.02535078727458,4,0.7,101.81822474185088,46.675208044420856,true,9.597552739480344e-9,0.4768307184573986,3,3,LOCALLY_SOLVED,Solve_Succeeded,0.0511725,0.6399997105879737,2.3391588258594476e7,57.49645869743578,9.02535094263503,503.57998761368833,1.5922526291542861e-16,1.5922526291542861e-16,9.83860495622022e-9,9.597552739480344e-9,0.6394307912636079,0.26891931476818604,0.3000000095975528,1.0000000086273628,0.3974328173672585,4.7121688404726275e-9,-9.593174247619777e-9,-7.3166278378210384e-9,2.1887142133013152e-8,1.5168266855701554e-9,2.5550333908231827e-10,-7.179266894552946e-9,5.607700021853584e-8,2.049994272231499e-9,5.578591812364777e-10,-7.179266889050411e-9,0.15754081627308708,2.1503773271948792e-9,8.607348214858228e-10,-7.308626293576629e-9,2.151696451756945e-8,1.9133439281142832e-9,6.892521563832116e-10,-7.310822258810555e-9,2.448572770448085e-8,1.6013202822790695e-9,2.86338095568537e-10,-7.400151826738952e-9,4.802877356249186e-9,1.4406458931468739e-9,4.0979443006369045e-10,4.504271427329489e-8,-5.477860162939789e-9,-6.239824237029981e-9,-9.671567653183177e-9,0.4592412471195389,-7.3430241769264365e-9,-6.8693740484881995e-9,-9.725192888265453e-9,0.540758645632494,-8.890411325739736e-9,-8.164400323370008e-9,-9.833003018430961e-9,4.862148647161598e-8,-7.211388446104274e-9,-6.70115581493659e-9,-9.69837362993328e-9,4.759597540148319e-8,-8.214603941493968e-9,-7.52338488494704e-9,-9.780967891349674e-9,2.316488927884241e-8,1.5873849013305232e-8,-3.6655596702955714e-9,-9.398712687032427e-9,-8.129586486467819e-10,3.33281482479973e-8,4.719016355107149e-9,3.796049609223014e-9,-7.976963216169936e-10,8.538997760549775e-8,6.377759958053552e-9,8.288193549799097e-9,-7.976963210056009e-10,0.23989169750674622,6.6900627957174014e-9,1.2788060204932223e-8,-8.120695881751806e-10,3.276446869720802e-8,5.952625554133325e-9,1.0240317751979141e-8,-8.123135843122836e-10,3.728508536818674e-8,4.981885322645994e-9,4.254165991303978e-9,-8.222390918598833e-10,7.313472337924896e-9,4.482009445345829e-9,6.088374389517687e-9,-1.4077951339419346e-14,0.11710653623804936,0.27968015577956257,-2.473779918588657e-12,-8.988715014545988e-12,-3.3823104246728042e-12
TAC + total emissions,TAC_primary,full_TAC,TAC,TotEmiss,ISI,4,0.3,9.02535078727458,5,0.6,93.9406509279323,46.675208044420856,true,8.890656727376695e-9,0.39208065756950017,3,3,LOCALLY_SOLVED,Solve_Succeeded,0.220511625,0.6399997594331334,2.3391589849017065e7,57.496465386458226,9.025350931192145,503.5799879705873,5.126570965080088e-17,5.126570965080088e-17,9.555115567847138e-9,8.890656727376695e-9,0.6394308400375114,0.26891938673127924,0.3000000088906568,1.0000000062163332,0.39743281316657597,1.1335327393418953e-7,-8.835647673051434e-9,-3.022249742989327e-9,1.751286162230432e-8,4.753995366437113e-9,3.298839728405948e-10,-1.780155378939451e-9,1.0592157368209607e-7,6.237745233535631e-9,6.463578788081164e-10,-1.7801553345887117e-9,0.15754077023466106,6.299038658888499e-9,7.565282567749362e-10,-2.96119577831784e-9,1.8139828652757342e-8,5.082952120878535e-9,4.75613495401076e-10,-2.930285812673516e-9,2.0263249586018088e-8,4.920842183358755e-9,3.5835526848019073e-10,-3.267509214459421e-9,1.1025210698618301e-8,4.632846697727217e-9,3.84757792353889e-10,3.583425566559903e-8,-3.212928165236148e-9,-2.625471046069494e-9,-9.256061343782293e-9,0.4592411647929181,-2.995898569773999e-9,-2.4669960204397825e-9,-9.261604604310632e-9,0.540758717370359,-6.9414253915922325e-9,-5.351621754245443e-9,-9.546757091048001e-9,3.862253194970893e-8,-4.819159380111297e-9,-3.2787636687389706e-9,-9.301284444060263e-9,4.014701580700663e-8,-6.17905071727257e-9,-4.52433243632513e-9,-9.464499517297561e-9,2.6939865170942407e-8,3.5920888382962056e-9,3.4328667661362e-10,-8.807744926427977e-9,-3.3580552699881394e-10,2.666731201578158e-8,1.4790207806693238e-8,4.90113331077455e-9,-1.9779504210438337e-10,1.61289669015919e-7,1.9406318504333076e-8,9.603031342292013e-9,-1.9779503717652347e-10,0.23989162740277936,1.959700916098644e-8,1.1239848386370479e-8,-3.290217531464265e-10,2.762201181215322e-8,1.5813628820510998e-8,7.0662576459588435e-9,-3.2558731251927944e-10,3.085540277870936e-8,1.530928679267168e-8,5.3241354174199766e-9,-3.6305657938437993e-10,1.678838901835059e-8,1.4413300837373563e-8,5.716401486400636e-9,-6.624733418884775e-16,0.11710656919328612,0.27968013819848214,-2.297858441857486e-12,-7.755138650704873e-12,-3.1196188380378085e-12
TAC + total emissions,TAC_primary,full_TAC,TAC,TotEmiss,ISI,4,0.3,9.02535078727458,6,0.5,86.06307711401374,46.675208044420856,true,9.596372525745616e-9,0.3075560381076479,3,3,LOCALLY_SOLVED,Solve_Succeeded,0.328976083,0.6397016569995334,2.3381876654474758e7,57.47551712909163,9.025350942615924,503.5799876140823,1.5922526291542861e-16,1.5922526291542861e-16,9.838292011515407e-9,9.596372525745616e-9,0.6391329629726688,0.26869401726832653,0.3000000095963726,1.0000000086198189,0.3973913081982148,4.778193146190951e-9,-9.591950812067604e-9,-7.298944722037182e-9,2.0868612065080207e-8,1.5095411016797659e-9,2.4997423899774597e-10,-7.216649403037231e-9,0.1300765505546083,2.056037956161399e-9,5.563936789846724e-10,-7.141326640033393e-9,0.027447870496017955,2.1920907864447736e-9,8.871610744654604e-10,-7.295570949021418e-9,2.1001768566533795e-8,1.9018851847755047e-9,6.756611668733978e-10,-7.29332785033841e-9,2.3315687921484776e-8,1.5935245579512595e-9,2.803461857271339e-10,-7.3819451253352975e-9,4.912926454466951e-9,1.44851739518797e-9,4.102440362158656e-10,4.901857666312532e-8,-5.565309250021649e-9,-6.256566316764647e-9,-9.672627851737201e-9,1.5707500168315497e-7,-7.117503045413972e-9,-6.8732497724159345e-9,-9.725393979734728e-9,0.9999997236510121,-8.89112147731948e-9,-8.159305802392554e-9,-9.83259950277429e-9,5.067420636224323e-8,-7.234291411139057e-9,-6.714435045377375e-9,-9.69925981367858e-9,5.182492553377425e-8,-8.226188081465763e-9,-7.52912331431689e-9,-9.78130609479498e-9,2.4851390922302284e-8,1.528699272096565e-8,-3.684580862699962e-9,-9.400138186538492e-9,-8.10993858004131e-10,3.177720473546304e-8,4.696350094114826e-9,3.713902979395083e-9,-8.018499336708031e-10,0.19807111107178985,6.396562530279908e-9,8.266420373486561e-9,-7.934807377814879e-10,0.0417956209825728,6.819838002272629e-9,1.3180678820629697e-8,-8.106189943357128e-10,3.197996577176737e-8,5.916976130412681e-9,1.003839447926191e-8,-8.103697611487118e-10,3.5503433880442725e-8,4.957631958070584e-9,4.165143330803131e-9,-8.20216125037255e-10,7.48104710112013e-9,4.506498562807017e-9,6.095054252350003e-9,-1.3960406625018656e-14,0.11706890349651558,0.2797029795629546,-2.4633598110256685e-12,-8.935978717539073e-12,-3.369520241301441e-12
TAC + total emissions,TAC_primary,full_TAC,TAC,TotEmiss,ISI,4,0.3,9.02535078727458,7,0.4,78.18550330009515,46.675208044420856,true,9.596372306273047e-9,0.22280604918284327,3,3,LOCALLY_SOLVED,Solve_Succeeded,0.177348583,0.6397016569995339,2.3381876654474773e7,57.47551712909157,9.02535094261592,503.5799876140822,1.5922526291542861e-16,1.5922526291542861e-16,9.838292101818309e-9,9.596372306273047e-9,0.6391329629726692,0.2686940172683259,0.30000000959637235,1.0000000086198189,0.3973913081982147,4.77819308966346e-9,-9.5919508129154e-9,-7.298944728847353e-9,2.0868612032615158e-8,1.5095411001718322e-9,2.4997423950663483e-10,-7.216649410148498e-9,0.13007655055460854,2.0560379550395003e-9,5.563936802248476e-10,-7.14132664750554e-9,0.02744787049601774,2.1920907854075284e-9,8.871610764865293e-10,-7.2955709557661364e-9,2.1001768553528177e-8,1.9018851835451414e-9,6.756611682298405e-10,-7.293327857062742e-9,2.3315687917481463e-8,1.5935245570340094e-9,2.8034618649489805e-10,-7.381945134859362e-9,4.912926230030024e-9,1.4485173809874446e-9,4.1024403016649536e-10,4.9018576617432326e-8,-5.565309207575433e-9,-6.256566308418137e-9,-9.672627851242365e-9,1.570750017489322e-7,-7.117503034982819e-9,-6.8732497702482365e-9,-9.725393979703214e-9,0.9999997236510125,-8.891121479039519e-9,-8.159305805336068e-9,-9.832599503098247e-9,5.067420635549663e-8,-7.234291399258621e-9,-6.714435041601802e-9,-9.699259813513266e-9,5.182492554325884e-8,-8.226188079629752e-9,-7.529123314627088e-9,-9.781306094917485e-9,2.4851390351931827e-8,1.5286993122270213e-8,-3.684580847978743e-9,-9.400138185173137e-9,-8.109938587608167e-10,3.177720468602762e-8,4.696350089423477e-9,3.7139029869557165e-9,-8.01849934460944e-10,0.19807111107179026,6.396562526789556e-9,8.266420391912021e-9,-7.934807386117264e-10,0.04179562098257246,6.8198379990456425e-9,1.3180678850657005e-8,-8.106189950851259e-10,3.197996575196336e-8,5.916976126584884e-9,1.0038394499414772e-8,-8.103697618958598e-10,3.550343387434677e-8,4.957631955216917e-9,4.165143342209913e-9,-8.202161260954844e-10,7.481046759363898e-9,4.506498518627605e-9,6.095054162473645e-9,-1.3960406660968247e-14,0.11706890349651586,0.2797029795629545,-2.4633598177086844e-12,-8.935978744728298e-12,-3.369520250935292e-12
TAC + total emissions,TAC_primary,full_TAC,TAC,TotEmiss,ISI,4,0.3,9.02535078727458,8,0.3,70.30792948617658,46.675208044420856,true,9.596372416009331e-9,0.13805606025803605,3,3,LOCALLY_SOLVED,Solve_Succeeded,0.108549292,0.6397016569995384,2.338187665447492e7,57.47551712909177,9.025350942615923,503.57998761408254,1.3534147347811433e-16,1.5379712895240266e-16,9.838291830909604e-9,9.596372416009331e-9,0.6391329629726737,0.26869401726832803,0.30000000959637246,1.0000000086198189,0.39739130819820817,4.7782293513425226e-9,-9.591950814807808e-9,-7.29894474466108e-9,2.086861179384502e-8,1.509541611669164e-9,2.4997424158190453e-10,-7.216649425933263e-9,0.1300765505546111,2.056040868247288e-9,5.563936858543624e-10,-7.141326663979203e-9,0.027447870496013757,2.1920938484718665e-9,8.871610857575428e-10,-7.295570971647888e-9,2.100176834750738e-8,1.9018859270120696e-9,6.756611705640651e-10,-7.293327872561726e-9,2.3315687750266902e-8,1.5935251712091378e-9,2.803461893304799e-10,-7.381945159821241e-9,4.912924939606098e-9,1.4485178235312647e-9,4.1024400795328493e-10,4.901857613377827e-8,-5.5653091211762735e-9,-6.256565918202696e-9,-9.672627850248756e-9,1.5707500185201705e-7,-7.117503011973231e-9,-6.873249491929737e-9,-9.725393979625197e-9,0.9999997236510163,-8.891121482823764e-9,-8.159305708977453e-9,-9.832599503813083e-9,5.067420581791064e-8,-7.234291376007699e-9,-6.714434734014007e-9,-9.69925981336755e-9,5.1824925224228304e-8,-8.226188076499384e-9,-7.529123133174257e-9,-9.781306095224036e-9,2.485138784517827e-8,1.5286994756926745e-8,-3.684579912938122e-9,-9.400138186189471e-9,-8.109938605178974e-10,3.177720432244582e-8,4.6963516807485086e-9,3.7139030177882956e-9,-8.018499362148066e-10,0.19807111107179415,6.396571590102673e-9,8.266420475550527e-9,-7.934807404421334e-10,0.0417956209825664,6.819847528579139e-9,1.3180678988397777e-8,-8.10618996849765e-10,3.197996543824987e-8,5.916978439593105e-9,1.003839453409468e-8,-8.103697636179692e-10,3.55034336197246e-8,4.957633865983984e-9,4.165143384338558e-9,-8.202161288690265e-10,7.481044794400196e-9,4.5064998954306e-9,6.095053832448804e-9,-1.3960406834520863e-14,0.11706890349651913,0.27970297956295276,-2.4633598321520657e-12,-8.935978803742791e-12,-3.3695202701693893e-12
TAC + total emissions,TAC_primary,full_TAC,TAC,TotEmiss,ISI,4,0.3,9.02535078727458,9,0.2,62.430355672258,46.675208044420856,true,9.596372416009331e-9,0.05330607133324394,3,3,LOCALLY_SOLVED,Solve_Succeeded,0.073310416,0.6397016569995377,2.33818766544749e7,57.47551712909056,9.025350942615923,503.5799876140824,3.1845052583085723e-16,3.1845052583085723e-16,9.838291921212505e-9,9.596372416009331e-9,0.6391329629726731,0.26869401726831504,0.30000000959637246,1.0000000086198189,0.39739130819820523,4.778228824829651e-9,-9.591950822702207e-9,-7.298944808023953e-9,2.086861148619201e-8,1.5095415975966952e-9,2.49974246306385e-10,-7.2166494921107866e-9,0.13007655055460945,2.056040857855798e-9,5.563936974294156e-10,-7.141326733469812e-9,0.027447870496015127,2.1920938388714988e-9,8.871611046194973e-10,-7.295571034423472e-9,2.1001768223736524e-8,1.9018859155078736e-9,6.756611831574498e-10,-7.293327935126241e-9,2.3315687706987813e-8,1.59352516263638e-9,2.8034619646464205e-10,-7.381945248460437e-9,4.912922849497539e-9,1.4485176913033814e-9,4.1024395162156976e-10,4.9018575728297084e-8,-5.5653087261876875e-9,-6.256565840534275e-9,-9.672627845644717e-9,1.5707500257494016e-7,-7.11750291484426e-9,-6.8732494717397605e-9,-9.725393979331684e-9,0.9999997236510215,-8.891121498839834e-9,-8.159305736383976e-9,-9.832599506829588e-9,5.0674205765144174e-8,-7.234291265431517e-9,-6.71443469890125e-9,-9.699259811831655e-9,5.182492533403238e-8,-8.226188059441582e-9,-7.529123136083928e-9,-9.78130609636635e-9,2.4851382540680134e-8,1.5286998492125066e-8,-3.684579775921616e-9,-9.400138173481714e-9,-8.109938675582168e-10,3.177720385397419e-8,4.6963516369674956e-9,3.713903087980577e-9,-8.018499435678648e-10,0.19807111107179165,6.396571557773594e-9,8.266420647522747e-9,-7.93480748163312e-10,0.04179562098256848,6.81984749871133e-9,1.3180679268632528e-8,-8.106190038248299e-10,3.197996524978061e-8,5.916978403802272e-9,1.0038394721196396e-8,-8.10369770569582e-10,3.550343355382235e-8,4.957633839313182e-9,4.1651434903318235e-9,-8.20216138717826e-10,7.481041611734888e-9,4.506499484054963e-9,6.0950529955204635e-9,-1.3960407563884189e-14,0.11706890349651793,0.27970297956295537,-2.463359894421667e-12,-8.935979056753005e-12,-3.3695203599291677e-12
TAC + total emissions,TAC_primary,full_TAC,TAC,TotEmiss,ISI,4,0.3,9.02535078727458,10,0.1,54.55278185833943,46.675208044420856,true,9.275781702989513e-9,-1.8025594985289479e-9,3,3,LOCALLY_SOLVED,Solve_Succeeded,0.069346416,0.6493915297112424,2.3698869974062018e7,54.55278202588866,9.025350937426358,503.5799877708327,4.776757887462858e-16,4.776757887462858e-16,9.713783183786725e-9,9.275781702989513e-9,0.6488542796004872,0.2372501014793134,0.30000000927578174,1.0000000076158997,0.3881940041396112,4.1939370066123145e-8,-9.25957122482128e-9,-6.092509752422766e-9,3.67996260953571e-9,1.7878035378638578e-9,1.867931398040527e-10,-5.309055011448653e-9,0.1021782265414186,3.2955042426447647e-9,8.133802867689275e-10,-5.1874621782791715e-9,0.03942147241915306,3.3728656013944396e-9,9.728285675931196e-10,-5.735622721151458e-9,1.1318312284984312e-8,2.4983888430645316e-9,5.11534886050938e-10,-5.628228652999189e-9,1.956758209776549e-8,2.593959594532052e-9,4.5778028637652446e-10,-6.773544612976231e-9,-2.6107864834490403e-9,7.752397470266739e-10,-4.712264349834984e-11,1.1880173377402933e-8,1.9083386458864492e-8,-1.88257395336401e-9,-9.150659996413057e-9,3.4073617865352623e-7,0.030976463116219134,-1.906730884967588e-9,-9.229226507906603e-9,0.9999996181309498,-7.831442292742863e-9,-6.792356843442597e-9,-9.698309156162329e-9,3.126249493795302e-8,5.183418670324246e-9,-2.566626350971202e-9,-9.233403097637308e-9,4.417297578551707e-8,-5.0798096888877065e-9,-5.011687201857599e-9,-9.52488866638898e-9,1.804200083410239e-11,2.6676105331153374e-8,1.2127699716734933e-9,-8.332596952251368e-9,-6.769455280469738e-10,5.603579428156649e-9,5.562055451132001e-9,2.7752123628030687e-9,-5.898950012720723e-10,0.15558957223352377,1.0252679866005934e-8,1.2084507117709778e-8,-5.763846864754633e-10,0.06002815118371033,1.04933596487827e-8,1.445345300424063e-8,-6.372914134612728e-10,1.7234702797589748e-8,7.772765289534098e-9,7.599946878471076e-9,-6.253587392221317e-10,2.9796090921597443e-8,8.07009651632194e-9,6.801307111879791e-9,-7.526160681084699e-10,-3.975515781615583e-9,2.4118569907496523e-9,-7.001078462611975e-10,-1.8354082780729213e-14,0.11983928602681293,0.29047919710247655,-4.064647437471396e-12,-1.5020737500748356e-11,-5.6036601363008745e-12
TAC + total emissions,TAC_primary,full_TAC,TAC,TotEmiss,ISI,4,0.3,9.02535078727458,11,0.0,46.675208044420856,46.675208044420856,true,9.253819302576583e-9,-1.4663356301805139e-9,3,3,LOCALLY_SOLVED,Solve_Succeeded,0.055471583,0.6747760894077656,2.4529374866968837e7,46.67520818071783,9.025350937070842,503.5799877822867,4.5113824492704774e-17,1.0253141930160176e-16,9.704685121318897e-9,9.253819302576583e-9,0.6743235892862934,0.15250011221828444,0.30000000925381937,1.0000000075414188,0.3634047480806486,4.5653160989329225e-8,-9.236169770385843e-9,-5.965349439112466e-9,3.9769979679333675e-9,1.9004120830159198e-9,1.9365439962438432e-10,-5.154042186608717e-9,0.026984472126564962,3.42724692873816e-9,8.075777713104272e-10,-5.027018240408658e-9,0.07169358312090938,3.4999401822589593e-9,9.615967049601665e-10,-5.606212686397803e-9,1.1408934637339309e-8,2.6035175745640545e-9,5.085210634490529e-10,-5.495624014238161e-9,1.9386332960992048e-8,2.696526402934288e-9,4.5264034534346094e-10,-6.662344229929531e-9,-2.4515673823654768e-9,8.850338891123286e-10,-3.499811271642347e-11,1.2520371944593267e-8,1.8410599856276826e-8,-1.7281610619305264e-9,-9.130388088353311e-9,3.4777224558717503e-7,0.11446680866936654,-1.7057746193344365e-9,-9.205584839702246e-9,0.9999996089571898,-7.756203827361989e-9,-6.695134225661905e-9,-9.688255107162369e-9,3.150282874055588e-8,4.8723141273317255e-9,-2.4389456304414228e-9,-9.214914976123841e-9,4.407893466980032e-8,-4.997527597534453e-9,-4.899364939762309e-9,-9.51226700090291e-9,3.882823512243294e-10,2.6153300704891437e-8,1.4017579950068009e-9,-8.295921342253818e-9,-6.628166043458292e-10,6.055883269353081e-9,5.912393147160639e-9,2.8771510801337096e-9,-5.726713540676351e-10,0.04108999164726937,1.0662546000518718e-8,1.1998298316612058e-8,-5.585575822676284e-10,0.10916977429774836,1.0888702789250095e-8,1.4286579616551041e-8,-6.229125207108667e-10,1.73726959250394e-8,8.09983245419928e-9,7.555170085528785e-9,-6.106248904709066e-10,2.9520097917874253e-8,8.389193253573339e-9,6.724942273674276e-9,-7.402604699921698e-10,-3.7330685140565214e-9,2.7534387661272442e-9,-5.199719603582915e-10,-1.722403578509457e-14,0.1273062200234768,0.31952409456441866,-3.93646071291053e-12,-1.4529817943113541e-11,-5.4284723762987054e-12
TAC + total emissions,TAC_primary,full_TAC,TAC,TotEmiss,ISI,5,0.4,10.644101463155089,1,1.0,125.45094618360662,32.50021056866753,true,2.831380155687999e-9,0.9686180650282,3,3,LOCALLY_SOLVED,Solve_Succeeded,0.171105209,0.28361190340408854,1.1774956484462336e7,35.41718450931653,10.644101417322103,503.5799910829406,1.5922526291542861e-16,1.5922526291542861e-16,8.803214649096567e-9,0.0,0.2831805214719481,0.031381934971800016,0.39999999716861984,0.9999999683879381,0.3536682781335245,1.3839769299753577e-6,1.694082612948092e-8,1.589578638640211e-8,7.866909082939975e-9,3.043280346736771e-8,4.201639340904125e-10,1.579457644929905e-8,8.105875783587562e-9,3.035327444077798e-8,4.5445364311840324e-10,1.2069978816751957e-7,0.11586832545273075,8.210062265790958e-8,1.295984311262238e-9,1.508605252426215e-8,8.31412342757675e-9,2.9467461958963325e-8,5.375969492356062e-10,1.0141534056074087e-7,0.024324481959664163,1.295569350641406e-7,1.068830915970037e-9,1.4411613382882236e-8,7.739765083453919e-9,2.8546224264089006e-8,5.183819376190259e-10,1.8632618241037297e-8,-5.202568040305115e-9,2.221462394244741e-9,-8.801003255309212e-9,1.8501595298867078e-8,-5.3083482266921626e-9,1.812752450661135e-9,-8.803214649096567e-9,0.9999986534440768,-5.090804585166173e-10,6.919135190544025e-9,-8.076593395238707e-9,1.7590442948380114e-8,-5.247384261024592e-9,1.6901601908465477e-9,-8.69910591941417e-9,9.287051139583231e-7,-3.190323770659752e-10,9.853570439884287e-9,-8.27171296343006e-9,1.6732804708922225e-8,-4.7740752737415116e-9,2.9330816902676817e-9,-8.520500507148242e-9,1.7661984873780116e-9,1.19791570126586e-8,9.467983300958843e-8,6.2424355922004136e-9,1.7549529388110049e-9,1.2343038125008332e-8,9.443240937130926e-8,6.7518826977591335e-9,1.3411087574168835e-8,0.17643585921211272,2.554241593801631e-7,1.925462405303896e-8,1.6762280582513494e-9,1.2660142491991866e-8,9.167654831677478e-8,7.987154674357577e-9,1.1268371173415647e-8,0.037039552074943145,4.030660201995485e-7,1.587977360869769e-8,1.6012903758758034e-9,1.1785551377077558e-8,8.88104754882769e-8,7.701674501768385e-9,2.2433345187707988e-14,5.39927609216138e-15,0.35928118863348274,2.1394117908719235e-13,0.03405471729768456,3.40937122728937e-13
TAC + total emissions,TAC_primary,full_TAC,TAC,TotEmiss,ISI,5,0.4,10.644101463155089,2,0.9,116.1558726221127,32.50021056866753,true,2.831380265424283e-9,0.8686180650282004,3,3,LOCALLY_SOLVED,Solve_Succeeded,0.163998125,0.28361190340408865,1.177495648446234e7,35.417184509316485,10.644101417322101,503.5799910829408,3.1845052583085723e-16,3.1845052583085723e-16,8.80321464832572e-9,0.0,0.2831805214719482,0.03138193497179956,0.3999999971686197,0.999999968387938,0.3536682781335245,1.3839769312067807e-6,1.694082619597238e-8,1.5895786381730803e-8,7.866909075198545e-9,3.0432803469440375e-8,4.2016393436184906e-10,1.579457644612105e-8,8.105875776873137e-9,3.035327444456529e-8,4.544536434339357e-10,1.2069978829956187e-7,0.11586832545273174,8.210062272742933e-8,1.2959843127043554e-9,1.5086052520605316e-8,8.314123420530388e-9,2.946746196109094e-8,5.375969495711601e-10,1.0141534070461156e-7,0.024324481959663205,1.2955693527514531e-7,1.0688309171692602e-9,1.4411613375377382e-8,7.739765073492974e-9,2.8546224260664415e-8,5.183819378283206e-10,1.863261823603619e-8,-5.2025680371911305e-9,2.2214624041088264e-9,-8.801003254261073e-9,1.8501595295792375e-8,-5.30834822453461e-9,1.812752457530291e-9,-8.80321464832572e-9,0.9999986534440745,-5.090804570346235e-10,6.919135192554734e-9,-8.07659339495673e-9,1.7590442944669644e-8,-5.247384258489233e-9,1.6901601981231213e-9,-8.69910591841821e-9,9.287051158728447e-7,-3.190323668053459e-10,9.853570459178364e-9,-8.27171296193238e-9,1.6732804700335866e-8,-4.774075268781331e-9,2.933081704349519e-9,-8.52050050508288e-9,1.7661984868589775e-9,1.1979157000870511e-8,9.467983301603672e-8,6.2424355962331846e-9,1.7549529384578937e-9,1.2343038114784094e-8,9.443240938309201e-8,6.751882702447044e-9,1.3411087588840204e-8,0.17643585921211424,2.554241595964468e-7,1.9254624074464707e-8,1.6762280578450344e-9,1.2660142481262183e-8,9.167654832339403e-8,7.98715467934295e-9,1.1268371189401278e-8,0.037039552074941695,4.0306602085600756e-7,1.587977362651472e-8,1.6012903750419307e-9,1.1785551361909752e-8,8.881047547762262e-8,7.701674504877906e-9,2.24333451810024e-14,5.3992760873287375e-15,0.3592811886334831,2.139411791537333e-13,0.03405471729768417,3.4093712239525623e-13
TAC + total emissions,TAC_primary,full_TAC,TAC,TotEmiss,ISI,5,0.4,10.644101463155089,3,0.8,106.8607990606188,32.50021056866753,true,2.831380814105703e-9,0.7686180650282013,3,3,LOCALLY_SOLVED,Solve_Succeeded,0.160121167,0.28361190340408876,1.1774956484462343e7,35.417184509316414,10.644101417322092,503.5799910829408,4.0602442043434296e-17,5.126570965080088e-17,8.803214647288473e-9,0.0,0.28318052147194833,0.031381934971798794,0.39999999716861917,0.999999968387938,0.35366827813352386,1.3839769327485852e-6,1.6940826278307048e-8,1.5895786367062677e-8,7.86690906824407e-9,3.0432803476105333e-8,4.201639347345247e-10,1.579457643365874e-8,8.105875771137357e-9,3.035327445323617e-8,4.544536438632209e-10,1.2069978820089254e-7,0.11586832545273187,8.210062281493386e-8,1.295984314422528e-9,1.5086052508478947e-8,8.314123414010852e-9,2.9467461967115835e-8,5.375969500265543e-10,1.014153406149944e-7,0.02432448195966282,1.29556935523843e-7,1.0688309185517965e-9,1.4411613358634085e-8,7.739765063064767e-9,2.8546224259383417e-8,5.183819381204078e-10,1.8632618220474566e-8,-5.202568032791696e-9,2.221462417430625e-9,-8.801003252871735e-9,1.8501595283085663e-8,-5.3083482213923825e-9,1.8127524669768817e-9,-8.803214647288473e-9,0.9999986534440756,-5.090804551472457e-10,6.9191351949135315e-9,-8.07659339463566e-9,1.759044293236769e-8,-5.24738425493294e-9,1.6901602079920507e-9,-8.69910591708931e-9,9.287051153023267e-7,-3.190323543399908e-10,9.8535704826563e-9,-8.271712960113234e-9,1.673280468216601e-8,-4.77407526208868e-9,2.9330817229654203e-9,-8.52050050238205e-9,1.7661984852291858e-9,1.1979156990280742e-8,9.467983303677214e-8,6.24243560177008e-9,1.754952937073193e-9,1.2343038106050066e-8,9.443240941006807e-8,6.751882708824996e-9,1.3411087577876944e-8,0.1764358592121144,2.554241598686831e-7,1.9254624099991838e-8,1.6762280564976604e-9,1.2660142471334707e-8,9.167654834213815e-8,7.987154686108806e-9,1.1268371179443819e-8,0.037039552074941105,4.030660216297337e-7,1.5879773647055262e-8,1.6012903731815643e-9,1.178555134603044e-8,8.881047547363728e-8,7.701674509217488e-9,2.243334519834951e-14,5.399276082467109e-15,0.35928118863348346,2.1394117919309986e-13,0.03405471729768353,3.409371219143955e-13
TAC + total emissions,TAC_primary,full_TAC,TAC,TotEmiss,ISI,5,0.4,10.644101463155089,4,0.7,97.56572549912488,32.50021056866753,true,2.831380594633135e-9,0.6686180650282013,3,3,LOCALLY_SOLVED,Solve_Succeeded,0.165992708,0.2836119034040888,1.1774956484462345e7,35.41718450931639,10.644101417322096,503.5799910829407,3.1845052583085723e-16,3.1845052583085723e-16,8.803214645992845e-9,0.0,0.2831805214719484,0.031381934971798565,0.3999999971686194,0.9999999683879379,0.35366827813352353,1.3839769347598525e-6,1.694082638643373e-8,1.5895786354953713e-8,7.866909056992249e-9,3.04328034815655e-8,4.2016393519454474e-10,1.5794576424151617e-8,8.105875761531173e-9,3.035327446142366e-8,4.544536443960312e-10,1.2069978828213668e-7,0.11586832545273239,8.210062292869432e-8,1.2959843167331806e-9,1.5086052498662666e-8,8.314123403676527e-9,2.9467461972303952e-8,5.375969505925963e-10,1.0141534071324383e-7,0.024324481959662202,1.2955693586061412e-7,1.0688309204499735e-9,1.4411613342636347e-8,7.73976504783879e-9,2.854622425532436e-8,5.183819384776045e-10,1.8632618207576236e-8,-5.2025680274530905e-9,2.221462434035014e-9,-8.801003251120867e-9,1.8501595273553442e-8,-5.308348217644664e-9,1.812752478625184e-9,-8.803214645992845e-9,0.9999986534440736,-5.090804527110184e-10,6.919135198117125e-9,-8.076593394191309e-9,1.759044292240606e-8,-5.247384250598084e-9,1.6901602202614739e-9,-8.699105915421098e-9,9.287051168779229e-7,-3.190323378083068e-10,9.853570513766332e-9,-8.27171295770033e-9,1.6732804664362995e-8,-4.774075253743024e-9,2.933081746463111e-9,-8.52050049895071e-9,1.7661984838837453e-9,1.1979156973147287e-8,9.467983305375932e-8,6.242435608604663e-9,1.7549529360168459e-9,1.2343038091422465e-8,9.443240943554027e-8,6.751882716741034e-9,1.3411087586904071e-8,0.1764358592121152,2.5542416022260454e-7,1.9254624134321537e-8,1.6762280554069621e-9,1.2660142455598347e-8,9.167654835827894e-8,7.987154694518572e-9,1.1268371190360422e-8,0.03703955207494016,4.030660226774661e-7,1.5879773675256748e-8,1.601290371404038e-9,1.1785551322845426e-8,8.88104754610091e-8,7.701674514524409e-9,2.243334518591335e-14,5.39927608263628e-15,0.3592811886334835,2.1394117926712185e-13,0.03405471729768352,3.409371213192512e-13
TAC + total emissions,TAC_primary,full_TAC,TAC,TotEmiss,ISI,5,0.4,10.644101463155089,5,0.6,88.27065193763099,32.50021056866753,true,5.345036019831293e-9,0.5686179505800172,3,3,LOCALLY_SOLVED,Solve_Succeeded,0.164016042,0.28361186624111523,1.1774955268651156e7,35.417195147359315,10.644101549677895,503.57998874278695,1.5922526291542861e-16,1.5922526291542861e-16,9.2955474874981e-9,5.345036019831293e-9,0.2831804841863502,0.03138204941998289,0.400000005345036,0.9999999950454849,0.3536684123529688,6.615480052080302e-7,-3.770396369733432e-9,9.506771278996207e-9,1.36549152863563e-8,2.1710260265373335e-8,2.5697572221417895e-10,9.330051488556962e-9,1.4106685574028176e-8,2.215412308000167e-8,3.3464119464355267e-10,2.789707252752082e-8,0.11586808790449701,3.445250441229443e-8,9.870660433820662e-10,8.637019988354901e-9,1.3887015929895268e-8,2.2403518847203395e-8,5.667633353510877e-10,2.3900396595680287e-8,0.024324756989700616,4.1989063093944176e-8,5.577545989657307e-10,8.245734174013006e-9,1.277368605136454e-8,2.1565904905064874e-8,5.376793726176042e-10,2.993709365767624e-8,-6.462400589866385e-9,-2.292095234495049e-9,-9.273868220724345e-9,2.917585387831534e-8,-6.76044343992268e-9,-2.8629047366014546e-9,-9.2955474874981e-9,0.9999992983593969,-6.556886928087287e-9,-3.2527322066289932e-9,-9.257814238565216e-9,2.633669533299359e-8,-6.680102470781223e-9,-2.6488376835431766e-9,-9.162341614659178e-9,4.891659743384107e-7,-5.872374174303259e-9,-1.710192955137739e-9,-9.255690664363816e-9,2.482930852892047e-8,-5.863267993110046e-9,-1.0395497915221758e-9,-8.916235523399691e-9,1.056307919888467e-9,2.0792711913315274e-8,6.754303193671704e-8,3.817925015753516e-9,1.0366723876174398e-9,2.1480634851361085e-8,6.89239384711163e-8,4.97181203470421e-9,3.09967472528009e-9,0.17643549749093865,1.0718556928269378e-7,1.4664981215962127e-8,9.596688875949888e-10,2.1146137893249613e-8,6.969983641352167e-8,8.420483839501875e-9,2.6555996217422535e-9,0.03703997087068049,1.306326407367152e-7,8.286639756062281e-9,9.161926860014447e-10,1.9450840123668728e-8,6.709392637131293e-8,7.988379250318689e-9,8.157979887011633e-15,3.189030957006891e-15,0.3592810900604815,-8.032280408231482e-15,0.034054839827406626,-7.490996618020857e-16
TAC + total emissions,TAC_primary,full_TAC,TAC,TotEmiss,ISI,5,0.4,10.644101463155089,6,0.5,78.97557837613707,32.50021056866753,true,2.8313804848968508e-9,0.4686180650282025,3,3,LOCALLY_SOLVED,Solve_Succeeded,0.163895917,0.283611903404089,1.177495648446235e7,35.417184509316286,10.644101417322098,503.57999108294075,4.5113824492704774e-17,5.126570965080088e-17,8.803214641614734e-9,0.0,0.28318052147194855,0.031381934971797414,0.3999999971686195,0.9999999683879378,0.3536682781335217,1.3839769413369864e-6,1.6940826738254637e-8,1.589578629808559e-8,7.866909025545338e-9,3.0432803507385684e-8,4.2016393676348876e-10,1.5794576376471176e-8,8.105875735336681e-9,3.035327449587075e-8,4.544536462053808e-10,1.2069978803210248e-7,0.11586832545273247,8.210062330167338e-8,1.2959843241198478e-9,1.5086052451816133e-8,8.314123374375148e-9,2.9467461995832754e-8,5.375969525127254e-10,1.0141534050622346e-7,0.02432448195966146,1.295569369316484e-7,1.0688309264254491e-9,1.4411613275965104e-8,7.739765002031759e-9,2.8546224247917013e-8,5.183819397044735e-10,1.8632618147215348e-8,-5.202568009010812e-9,2.221462490237967e-9,-8.801003245243998e-9,1.8501595225077905e-8,-5.30834820452595e-9,1.8127525183758284e-9,-8.803214641614734e-9,0.9999986534440752,-5.090804446805472e-10,6.919135208282921e-9,-8.076593392800805e-9,1.7590442874877844e-8,-5.247384235674731e-9,1.6901602618700664e-9,-8.699105909805198e-9,9.287051163234099e-7,-3.1903228467623363e-10,9.853570613856214e-9,-8.2717129499456e-9,1.6732804591650703e-8,-4.774075225505658e-9,2.933081825237724e-9,-8.52050048750381e-9,1.766198477565065e-9,1.197915692526222e-8,9.467983313408878e-8,6.24243563191469e-9,1.7549529307190187e-9,1.23430380515354e-8,9.443240954270899e-8,6.7518827436228e-9,1.3411087559122491e-8,0.17643585921211533,2.554241613829838e-7,1.9254624244066305e-8,1.6762280502017917e-9,1.2660142410980338e-8,9.167654843147966e-8,7.987154723046205e-9,1.1268371167358159e-8,0.03703955207493904,4.030660260095728e-7,1.587977376403524e-8,1.6012903639961219e-9,1.1785551253093815e-8,8.881047543796404e-8,7.701674532752176e-9,2.243334514810964e-14,5.3992760606964044e-15,0.3592811886334841,2.1394117947683407e-13,0.03405471729768283,3.4093711932317786e-13
TAC + total emissions,TAC_primary,full_TAC,TAC,TotEmiss,ISI,5,0.4,10.644101463155089,7,0.4,69.68050481464317,32.50021056866753,true,2.831380814105703e-9,0.36861806502820443,3,3,LOCALLY_SOLVED,Solve_Succeeded,0.165103833,0.28361190340408926,1.177495648446236e7,35.41718450931612,10.644101417322092,503.57999108294086,1.5922526291542861e-16,1.5922526291542861e-16,8.803214637636862e-9,0.0,0.28318052147194883,0.03138193497179566,0.39999999716861917,0.9999999683879377,0.35366827813352025,1.38397694730131e-6,1.6940827057189597e-8,1.5895786245568295e-8,7.866908997327988e-9,3.043280353123582e-8,4.2016393818982416e-10,1.579457633231834e-8,8.105875711872153e-9,3.035327452753379e-8,4.544536478499848e-10,1.2069978777699644e-7,0.11586832545273282,8.210062363992667e-8,1.2959843308088014e-9,1.5086052408520904e-8,8.314123348053903e-9,2.9467462017534353e-8,5.375969542578782e-10,1.0141534029058293e-7,0.02432448195966059,1.2955693790129653e-7,1.0688309318317155e-9,1.441161321471544e-8,7.73976496071591e-9,2.854622424152858e-8,5.18381940820436e-10,1.863261809147233e-8,-5.202567992234157e-9,2.221462541304284e-9,-8.801003239906604e-9,1.850159518016032e-8,-5.3083481925823724e-9,1.812752554512064e-9,-8.803214637636862e-9,0.9999986534440769,-5.090804373955602e-10,6.919135217485122e-9,-8.076593391543145e-9,1.7590442830948823e-8,-5.247384222101432e-9,1.6901602996818107e-9,-8.699105904703948e-9,9.287051154315147e-7,-3.1903223666460504e-10,9.853570704323422e-9,-8.271712942937998e-9,1.673280452491186e-8,-4.774075199849013e-9,2.9330818967744127e-9,-8.520500477111693e-9,1.7661984717298096e-9,1.197915688229489e-8,9.467983320828921e-8,6.242435653105959e-9,1.754952925813148e-9,1.2343038015805321e-8,9.443240964121622e-8,6.7518827680569165e-9,1.3411087530777379e-8,0.17643585921211588,2.554241624353274e-7,1.9254624343445045e-8,1.676228045391211e-9,1.266014237090026e-8,9.167654849899575e-8,7.987154748974191e-9,1.1268371143398098e-8,0.037039552074937705,4.0306602902625587e-7,1.5879773844356916e-8,1.6012903571906038e-9,1.1785551190181047e-8,8.88104754180889e-8,7.70167454933219e-9,2.243334515331074e-14,5.39927603895661e-15,0.3592811886334849,2.139411796644002e-13,0.03405471729768176,3.409371175141422e-13
TAC + total emissions,TAC_primary,full_TAC,TAC,TotEmiss,ISI,5,0.4,10.644101463155089,8,0.3,60.38543125314926,32.50021056866753,true,2.8313804848968508e-9,0.26861806502820623,3,3,LOCALLY_SOLVED,Solve_Succeeded,0.160741875,0.2836119034040896,1.1774956484462371e7,35.417184509315945,10.644101417322098,503.5799910829408,3.1845052583085723e-16,3.1845052583085723e-16,8.803214630786317e-9,0.0,0.28318052147194916,0.03138193497179375,0.3999999971686195,0.9999999683879375,0.353668278133518,1.383976957720694e-6,1.6940827615566838e-8,1.5895786165805472e-8,7.866908944326205e-9,3.043280356736836e-8,4.2016394063588744e-10,1.579457626671874e-8,8.10587566725869e-9,3.0353274577508184e-8,4.5445365067546384e-10,1.206997876894732e-7,0.11586832545273429,8.210062423015639e-8,1.2959843426093636e-9,1.5086052343138384e-8,8.314123298951503e-9,2.946746205087796e-8,5.375969572574831e-10,1.0141534027855364e-7,0.024324481959658365,1.2955693961588837e-7,1.0688309414343837e-9,1.4411613117696642e-8,7.739764885772566e-9,2.8546224226284797e-8,5.183819427280739e-10,1.8632618006718198e-8,-5.202567963608636e-9,2.2214626291911797e-9,-8.801003230688078e-9,1.8501595113722547e-8,-5.308348172318231e-9,1.812752616486013e-9,-8.803214630786317e-9,0.9999986534440747,-5.090804247129958e-10,6.919135233773887e-9,-8.076593389303136e-9,1.7590442764610285e-8,-5.247384198909497e-9,1.690160364702732e-9,-8.699105895904243e-9,9.287051179757275e-7,-3.1903215121036634e-10,9.853570865128337e-9,-8.271712930467241e-9,1.6732804418406352e-8,-4.774075155685663e-9,2.9330820203998296e-9,-8.520500459114526e-9,1.7661984628672739e-9,1.1979156801587627e-8,9.467983332070156e-8,6.2424356894474705e-9,1.7549529185243038e-9,1.2343037947871186e-8,9.443240979669212e-8,6.751882810035462e-9,1.3411087521052574e-8,0.1764358592121181,2.5542416427159763e-7,1.9254624518767686e-8,1.6762280381264862e-9,1.2660142296130694e-8,9.167654860273142e-8,7.987154793539746e-9,1.1268371142061512e-8,0.03703955207493432,4.030660343605415e-7,1.5879773987025127e-8,1.6012903464107372e-9,1.178555107606277e-8,8.88104753706638e-8,7.701674577674239e-9,2.2433345133038822e-14,5.39927600907679e-15,0.35928118863348585,2.1394118003122575e-13,0.034054717297680684,3.409371143985482e-13
TAC + total emissions,TAC_primary,full_TAC,TAC,TotEmiss,ISI,5,0.4,10.644101463155089,9,0.2,51.09035769165535,32.50021056866753,true,2.831381911468543e-9,0.16861806502821206,3,3,LOCALLY_SOLVED,Solve_Succeeded,0.161256958,0.2836119034040906,1.1774956484462403e7,35.417184509315405,10.644101417322075,503.5799910829408,1.5922526291542861e-16,1.5922526291542861e-16,8.803214615669466e-9,0.0,0.28318052147195016,0.031381934971787935,0.39999999716861806,0.9999999683879369,0.35366827813351204,1.3839769804765201e-6,1.694082883310989e-8,1.5895785972671908e-8,7.866908834430927e-9,3.043280365502237e-8,4.2016394604933674e-10,1.57945761052208e-8,8.105875575552773e-9,3.035327469508795e-8,4.544536569202672e-10,1.206997869318845e-7,0.11586832545273612,8.210062552025119e-8,1.2959843681960276e-9,1.5086052184139222e-8,8.314123196651067e-9,2.9467462130916297e-8,5.37596963884924e-10,1.0141533967399895e-7,0.02432448195965445,1.2955694332747512e-7,1.0688309621529374e-9,1.4411612890033816e-8,7.739764726477262e-9,2.85462241994452e-8,5.183819469593763e-10,1.863261780168533e-8,-5.202567900014691e-9,2.221462823222842e-9,-8.801003210388598e-9,1.8501594949617374e-8,-5.308348127113089e-9,1.8127527536585448e-9,-8.803214615669466e-9,0.9999986534440783,-5.090803969453728e-10,6.9191352690086004e-9,-8.076593384479466e-9,1.7590442603290564e-8,-5.247384147437621e-9,1.6901605083390156e-9,-8.699105876509442e-9,9.287051171337792e-7,-3.190319659857172e-10,9.853571213848376e-9,-8.271712903436003e-9,1.6732804169868618e-8,-4.774075058195732e-9,2.933082292517371e-9,-8.52050041956119e-9,1.766198441407989e-9,1.1979156634247092e-8,9.467983359340293e-8,6.242435769875859e-9,1.7549529005800878e-9,1.2343037808228085e-8,9.443241016249582e-8,6.751882902815397e-9,1.3411087436876049e-8,0.1764358592121209,2.554241682852259e-7,1.9254624898912407e-8,1.676228020459913e-9,1.2660142140355033e-8,9.167654885173959e-8,7.987154892004585e-9,1.1268371074888768e-8,0.037039552074928365,4.0306604590770033e-7,1.587977429484364e-8,1.6012903211148678e-9,1.1785550833499464e-8,8.881047528716285e-8,7.701674640539303e-9,2.2433345084509867e-14,5.3992759449178595e-15,0.35928118863348874,2.1394118074653238e-13,0.03405471729767686,3.409371075071025e-13
TAC + total emissions,TAC_primary,full_TAC,TAC,TotEmiss,ISI,5,0.4,10.644101463155089,10,0.1,41.79528413016144,32.50021056866753,true,2.8313826796225316e-9,0.06861806502823087,3,3,LOCALLY_SOLVED,Solve_Succeeded,0.160883833,0.28361190340409365,1.1774956484462505e7,35.41718450931366,10.644101417322062,503.5799910829408,1.5922526291542861e-16,1.5922526291542861e-16,8.803214556593807e-9,0.0,0.2831805214719533,0.03138193497176913,0.3999999971686173,0.999999968387935,0.3536682781334895,1.3839770695717256e-6,1.69408336016334e-8,1.5895785230226907e-8,7.866908399884283e-9,3.0432803991886115e-8,4.201639671953397e-10,1.5794575486143513e-8,8.105875212318658e-9,3.035327514933025e-8,4.5445368131950365e-10,1.2069978437743126e-7,0.11586832545274214,8.210063057074334e-8,1.295984468518951e-9,1.5086051573368887e-8,8.314122792511688e-9,2.9467462439056273e-8,5.375969897808755e-10,1.0141533772842666e-7,0.024324481959640605,1.295569578842246e-7,1.0688310434643474e-9,1.4411612010106388e-8,7.739764099587033e-9,2.8546224089671436e-8,5.183819634816488e-10,1.8632617013366996e-8,-5.2025676518005545e-9,2.221463581418993e-9,-8.801003131028906e-9,1.8501594320889097e-8,-5.30834795080709e-9,1.8127532894179036e-9,-8.803214556593807e-9,0.9999986534440862,-5.090802882745637e-10,6.91913540721521e-9,-8.076593365542578e-9,1.759044198359734e-8,-5.247383946502158e-9,1.6901610695455615e-9,-8.699105800699219e-9,9.287051184352775e-7,-3.190312424024448e-10,9.85357257640124e-9,-8.271712797832607e-9,1.6732803208315556e-8,-4.774074677239394e-9,2.933083356421805e-9,-8.520500264874328e-9,1.7661983589141001e-9,1.1979155972551066e-8,9.467983464142346e-8,6.2424360840450465e-9,1.7549528317937228e-9,1.2343037255121591e-8,9.443241157569411e-8,6.751883265318339e-9,1.3411087153047913e-8,0.1764358592121301,2.5542418399786815e-7,1.925462638942441e-8,1.6762279525965424e-9,1.2660141524960978e-8,9.167654981039729e-8,7.987155276744435e-9,1.1268370858714068e-8,0.03703955207490728,4.0306609119536537e-7,1.587977550289887e-8,1.6012902233451537e-9,1.1785549878916616e-8,8.881047494564447e-8,7.701674886013066e-9,2.2433344871701205e-14,5.399275692448002e-15,0.35928118863349734,2.1394118365017445e-13,0.034054717297666015,3.409370805484167e-13
TAC + total emissions,TAC_primary,full_TAC,TAC,TotEmiss,ISI,5,0.4,10.644101463155089,11,0.0,32.50021056866753,32.50021056866753,false,0.03310768137882015,-8.622399125389987e-9,3,3,LOCALLY_SOLVED,Solve_Succeeded,0.01788225,0.2882514777877954,1.1928346906396676e7,32.500211370125875,10.108170647067071,503.5799883491295,1.5922526291542861e-16,1.5922526291542861e-16,9.5479229262807e-9,8.622399125389987e-9,0.28788458546055185,8.622399125389987e-9,0.3668923186211798,0.9999999857130654,0.3478864143026058,6.3702684363812e-7,2.485381470778183e-7,-4.906368265847121e-9,-4.126812301819641e-9,5.3378195955931985e-9,1.2843391717344917e-11,-5.8853437730709174e-9,-4.733120904711319e-9,3.147802306306977e-9,-1.458920914003865e-10,1.8320336564922072e-8,0.13790094678041465,1.0417890061640033e-7,1.6708654771406534e-8,-5.437294932460356e-9,-4.410007661357109e-9,3.912987899765063e-9,-6.998771447271009e-11,-4.019367382237191e-9,-3.431290629286123e-9,8.085935779356566e-9,2.0721306327045796e-10,-6.069491434981782e-9,-4.8091780600291744e-9,2.601545577022194e-9,-1.8387801035223798e-10,7.451439898974964e-10,1.0926333298038344e-10,2.9219392256089944e-8,-2.126286754069627e-9,-2.8526585023312058e-9,-3.245949640653906e-9,2.042851991040805e-8,1.2451746346400656e-9,0.9999999958091318,-6.710543341634244e-9,-4.614139939487932e-9,-9.5479229262807e-9,-1.3781013169678937e-9,-9.624160998460326e-10,1.8888333519895843e-8,1.0045767711050905e-10,5.667381206691643e-9,2.9039596092287013e-9,3.294481818332618e-8,-4.963506929095633e-9,-3.3916882281139505e-9,-2.904675449297351e-9,1.6959397968505668e-8,1.7282558714053038e-9,-5.451520295385688e-10,-6.28400964140718e-9,1.660654985295662e-8,1.9081610551483873e-10,-6.539270858967684e-10,-7.207252286719507e-9,9.793162730732816e-9,-2.167539643662885e-9,2.035592951658007e-9,0.20998553259744956,3.2411213525102327e-7,2.482428708894685e-7,-6.041438813844839e-10,-6.715238938884689e-9,1.2173740132602417e-8,-1.0398174721659786e-9,-4.465963758041322e-10,-5.224919821867504e-9,2.5156244646887094e-8,3.0785940828753747e-9,-6.743879372201977e-10,-7.3230665914080594e-9,8.093697350735714e-9,-2.7319018680903927e-9,6.0071705752826805e-15,-8.156216475583412e-16,0.37911089556518923,-3.0828269847078157e-13,1.2432983472883692e-13,-1.3598410111455234e-12
TAC + total emissions,TAC_primary,full_TAC,TAC,TotEmiss,ISI,6,0.5,12.2628521390356,1,1.0,125.45094618360662,32.50021056866753,true,1.923126182876759e-10,0.8738322416451574,3,3,LOCALLY_SOLVED,Solve_Succeeded,0.419270875,0.26117947026325355,1.1037126669022877e7,44.22759651863804,12.262852135922538,503.57999052120476,1.5922526291542861e-16,1.5922526291542861e-16,8.857793061053034e-9,0.0,0.260553302505091,0.1261677583548427,0.4999999998076874,0.999999976849821,0.371131819720175,1.1958849652225309e-6,8.436371169660667e-9,1.4903612749748782e-8,8.604935610076594e-9,2.8967243945907102e-8,3.7723839168089247e-10,1.485246340174218e-8,8.877965255972916e-9,2.9000635691542602e-8,4.101969743955984e-10,9.11536070470571e-8,0.04931934539404064,7.190477296938887e-8,1.1303693332342154e-9,1.4200061303955767e-8,9.033759553475982e-9,2.828620771800321e-8,4.880071066663573e-10,7.72972295442011e-8,0.09779594486781726,1.004162835157557e-7,9.230509010505896e-10,1.3501855941187977e-8,8.342729235999031e-9,2.7324512506074967e-8,4.683575346577933e-10,1.9901949008212996e-8,-5.2042968215215795e-9,1.8573466817507667e-9,-8.844662640855305e-9,1.9824100669944975e-8,-5.35439942178673e-9,1.380932580652076e-9,-8.857793061053034e-9,0.9999988175512714,-1.582301241837862e-9,5.270875325847053e-9,-8.324129000674163e-9,1.883972688175369e-8,-5.289575028499704e-9,1.328691927464132e-9,-8.756863202692208e-9,8.319195068597984e-7,-1.0417497478277015e-9,7.9505446988406e-9,-8.432700188323225e-9,1.7803455021214473e-8,-4.7270136550590665e-9,2.731320138322982e-9,-8.56054456918204e-9,1.6559569721943084e-9,1.3102970133525723e-8,9.012031449837765e-8,5.604684676401831e-9,1.650273711304686e-9,1.351871982159512e-8,9.022419992924364e-8,6.094355048163176e-9,1.0128178560784119e-8,0.07509991230456188,2.2370373812698756e-7,1.6794058665194055e-8,1.577784589328418e-9,1.3755952047338427e-8,8.800153512267665e-8,7.250391299043022e-9,8.588581060466786e-9,0.14891655241235813,3.1240621538235105e-7,1.3713899101323044e-8,1.5002062156875524e-9,1.2703701336634888e-8,8.500959446334432e-8,6.9584548006300705e-9,2.201311874340982e-14,5.62313158222815e-15,0.29938713554121166,1.5986418690584093e-13,0.13691470146836215,2.651592516462718e-13
TAC + total emissions,TAC_primary,full_TAC,TAC,TotEmiss,ISI,6,0.5,12.2628521390356,2,0.9,116.1558726221127,32.50021056866753,true,1.9231206960625575e-10,0.7738322416451571,3,3,LOCALLY_SOLVED,Solve_Succeeded,0.408372459,0.2611794702632536,1.1037126669022879e7,44.22759651863806,12.262852135922547,503.5799905212049,8.120488408686859e-17,2.516017294359752e-22,8.857793060125786e-9,0.0,0.26055330250509107,0.12616775835484292,0.49999999980768794,0.9999999768498209,0.371131819720175,1.1958849663048856e-6,8.436371211821448e-9,1.4903612738906724e-8,8.604935602680916e-9,2.8967243952374483e-8,3.7723839183100316e-10,1.4852463392794076e-8,8.877965249915879e-9,2.900063569990735e-8,4.1019697458642087e-10,9.115360702033304e-8,0.04931934539404064,7.190477303861978e-8,1.1303693341198975e-9,1.4200061295081349e-8,9.033759546756256e-9,2.8286207724105073e-8,4.880071068548495e-10,7.729722952370608e-8,0.09779594486781731,1.0041628367253422e-7,9.230509017657635e-10,1.350185592801502e-8,8.342729225181181e-9,2.7324512505391295e-8,4.683575347051378e-10,1.9901948994929736e-8,-5.204296817144231e-9,1.8573466942303348e-9,-8.844662639588018e-9,1.9824100659547245e-8,-5.354399418707791e-9,1.3809325894009952e-9,-8.857793060125786e-9,0.9999988175512715,-1.5823012403752763e-9,5.270875327873316e-9,-8.32412900044096e-9,1.8839726871473862e-8,-5.2895750249904505e-9,1.3286919367371253e-9,-8.756863201494614e-9,8.319195068971993e-7,-1.0417497370519752e-9,7.950544718321839e-9,-8.432700186840768e-9,1.7803455004618924e-8,-4.727013648259375e-9,2.7313201562673573e-9,-8.560544566659978e-9,1.6559569709896355e-9,1.310297012226412e-8,9.012031451849838e-8,5.604684678632046e-9,1.6502737103104524e-9,1.3518719812371904e-8,9.02241999552673e-8,6.094355050998253e-9,1.0128178557814777e-8,0.0750999123045619,2.2370373834237265e-7,1.679405867835276e-8,1.5777845883423715e-9,1.3755952037106117e-8,8.800153514166022e-8,7.250391301843478e-9,8.588581058189561e-9,0.14891655241235816,3.124062158701064e-7,1.3713899111948485e-8,1.5002062142238907e-9,1.2703701320162253e-8,8.500959446121736e-8,6.958454801333476e-9,2.201311875884107e-14,5.623131575218004e-15,0.2993871355412117,1.5986418694799215e-13,0.13691470146836235,2.651592511645457e-13
TAC + total emissions,TAC_primary,full_TAC,TAC,TotEmiss,ISI,6,0.5,12.2628521390356,3,0.8,106.8607990606188,32.50021056866753,true,1.923122890788238e-10,0.6738322416451578,3,3,LOCALLY_SOLVED,Solve_Succeeded,0.399358209,0.2611794702632537,1.1037126669022882e7,44.227596518638,12.262852135922543,503.579990521205,1.5922526291542861e-16,1.5922526291542861e-16,8.857793058923166e-9,0.0,0.2605533025050912,0.1261677583548423,0.4999999998076877,0.9999999768498209,0.3711318197201746,1.1958849677090465e-6,8.436371266491998e-9,1.4903612724816672e-8,8.604935593100244e-9,2.8967243960778886e-8,3.7723839202562847e-10,1.4852463381160803e-8,8.877965242071148e-9,2.9000635710772993e-8,4.101969748338488e-10,9.115360698485266e-8,0.04931934539404086,7.190477312842407e-8,1.1303693352678727e-9,1.4200061283546828e-8,9.03375953805071e-9,2.8286207732033828e-8,4.880071070992377e-10,7.7297229496377e-8,0.09779594486781697,1.004162838758318e-7,9.230509026924887e-10,1.3501855910906952e-8,8.342729211160157e-9,2.7324512504519086e-8,4.683575347664748e-10,1.9901948977668683e-8,-5.20429681146607e-9,1.8573467104169032e-9,-8.844662637944433e-9,1.9824100646028427e-8,-5.354399414713722e-9,1.3809326007490293e-9,-8.857793058923166e-9,0.9999988175512716,-1.5823012384785288e-9,5.2708753305000935e-9,-8.324129000138732e-9,1.883972685811324e-8,-5.289575020438503e-9,1.3286919487645556e-9,-8.756863199941389e-9,8.31919506917151e-7,-1.0417497229396074e-9,7.950544743814654e-9,-8.432700184899226e-9,1.780345498306924e-8,-4.72701363943998e-9,2.7313201795407175e-9,-8.560544563389074e-9,1.6559569694240741e-9,1.3102970107675371e-8,9.012031454464542e-8,5.604684681523622e-9,1.6502737090178662e-9,1.3518719800426521e-8,9.022419998907153e-8,6.094355054674324e-9,1.0128178553872513e-8,0.07509991230456221,2.2370373862176377e-7,1.6794058695408395e-8,1.5777845870607581e-9,1.3755952023849942e-8,8.800153516632746e-8,7.250391305474387e-9,8.588581055152996e-9,0.14891655241235766,3.124062165025878e-7,1.3713899125716973e-8,1.500206212322994e-9,1.2703701298812056e-8,8.500959445850382e-8,6.958454802244767e-9,2.2013118733489076e-14,5.623131569064058e-15,0.29938713554121194,1.5986418699917423e-13,0.136914701468362,2.6515925055684944e-13
TAC + total emissions,TAC_primary,full_TAC,TAC,TotEmiss,ISI,6,0.5,12.2628521390356,4,0.7,97.56572549912488,32.50021056866753,true,1.923122890788238e-10,0.5738322416451579,3,3,LOCALLY_SOLVED,Solve_Succeeded,0.3837255,0.2611794702632537,1.1037126669022882e7,44.22759651863798,12.262852135922543,503.5799905212051,1.5922526291542861e-16,1.5922526291542861e-16,8.857793057301495e-9,0.0,0.2605533025050912,0.1261677583548421,0.4999999998076877,0.9999999768498209,0.3711318197201741,1.195884969600487e-6,8.43637134016893e-9,1.4903612705798956e-8,8.604935580180322e-9,2.8967243972129945e-8,3.772383922895248e-10,1.485246336545741e-8,8.877965231492269e-9,2.9000635725441555e-8,4.1019697516902687e-10,9.115360693620094e-8,0.04931934539404079,7.190477324961449e-8,1.130369336820321e-9,1.4200061267978202e-8,9.033759526310474e-9,2.828620774273931e-8,4.880071074305083e-10,7.729722945841541e-8,0.09779594486781684,1.004162841501057e-7,9.230509039454019e-10,1.3501855887822569e-8,8.342729192251642e-9,2.7324512503354952e-8,4.6835753485083e-10,1.990194895437699e-8,-5.204296803809135e-9,1.8573467322446101e-9,-8.844662635728034e-9,1.9824100627784496e-8,-5.354399409328007e-9,1.3809326160514014e-9,-8.857793057301495e-9,0.9999988175512718,-1.582301235920573e-9,5.270875334040478e-9,-8.324128999731385e-9,1.8839726840084856e-8,-5.289575014300543e-9,1.328691964982821e-9,-8.756863197846948e-9,8.319195069442637e-7,-1.0417497058438835e-9,7.950544774989403e-9,-8.43270018254827e-9,1.780345495399787e-8,-4.7270136275470245e-9,2.7313202109250335e-9,-8.560544558978218e-9,1.6559569673109945e-9,1.3102970088001853e-8,9.012031457995982e-8,5.6046846854443674e-9,1.650273707273045e-9,1.3518719784317772e-8,9.022420003470704e-8,6.094355059654112e-9,1.0128178548466767e-8,0.0750999123045621,2.237037389988006e-7,1.679405871847334e-8,1.5777845853309109e-9,1.3755952005972766e-8,8.80015351996334e-8,7.250391310396123e-9,8.588581050935043e-9,0.14891655241235746,3.124062173558844e-7,1.3713899144331685e-8,1.5002062097580625e-9,1.2703701270019545e-8,8.500959445488205e-8,6.958454803498044e-9,2.2013118776199495e-14,5.623131558389851e-15,0.29938713554121194,1.5986418708340314e-13,0.136914701468362,2.6515924972535617e-13
TAC + total emissions,TAC_primary,full_TAC,TAC,TotEmiss,ISI,6,0.5,12.2628521390356,5,0.6,88.27065193763099,32.50021056866753,true,1.9231272802395994e-10,0.4738322416451591,3,3,LOCALLY_SOLVED,Solve_Succeeded,0.345486042,0.261179470263254,1.1037126669022892e7,44.22759651863788,12.262852135922536,503.57999052120493,1.5922526291542861e-16,1.5922526291542861e-16,8.857793054995575e-9,0.0,0.26055330250509146,0.126167758354841,0.4999999998076873,0.9999999768498208,0.37113181972017345,1.1958849722967059e-6,8.436371445001765e-9,1.4903612678753442e-8,8.60493556181342e-9,2.896724398827875e-8,3.772383926612703e-10,1.4852463343125263e-8,8.877965216454519e-9,2.9000635746308864e-8,4.101969756419327e-10,9.115360686647051e-8,0.04931934539404133,7.190477342196654e-8,1.1303693390178374e-9,1.4200061245838436e-8,9.033759509621493e-9,2.828620775797103e-8,4.880071078973526e-10,7.729722940350677e-8,0.09779594486781608,1.0041628453988354e-7,9.230509057180726e-10,1.3501855854994518e-8,8.34272916536812e-9,2.7324512501706275e-8,4.683575349666752e-10,1.990194892125813e-8,-5.204296792919664e-9,1.8573467632862637e-9,-8.844662632576354e-9,1.9824100601845412e-8,-5.354399401668416e-9,1.3809326378132615e-9,-8.857793054995575e-9,0.9999988175512721,-1.5823012322828151e-9,5.270875339073573e-9,-8.32412899915276e-9,1.8839726814454036e-8,-5.2895750055711e-9,1.3286919880475143e-9,-8.756863194868689e-9,8.31919506967761e-7,-1.0417496770911578e-9,7.950544826676519e-9,-8.43270017859172e-9,1.780345491266219e-8,-4.727013610633026e-9,2.731320255558074e-9,-8.56054455270579e-9,1.6559569643059373e-9,1.310297006003407e-8,9.012031463020055e-8,5.604684690967443e-9,1.6502737047916954e-9,1.3518719761419382e-8,9.022420009962756e-8,6.094355066680142e-9,1.012817854071894e-8,0.07509991230456292,2.23703739535007e-7,1.6794058751122153e-8,1.577784582870937e-9,1.3755951980559999e-8,8.800153524702096e-8,7.250391317332094e-9,8.588581044834083e-9,0.14891655241235632,3.124062185685266e-7,1.3713899170668505e-8,1.5002062061105014e-9,1.2703701229083273e-8,8.500959444975284e-8,6.9584548052191726e-9,2.2013118755525353e-14,5.62313154943058e-15,0.29938713554121255,1.598641871772082e-13,0.13691470146836118,2.65159248555449e-13
TAC + total emissions,TAC_primary,full_TAC,TAC,TotEmiss,ISI,6,0.5,12.2628521390356,6,0.5,78.97557837613707,32.50021056866753,true,1.9231239881510784e-10,0.37383224164515944,3,3,LOCALLY_SOLVED,Solve_Succeeded,0.320468625,0.261179470263254,1.1037126669022892e7,44.22759651863783,12.262852135922541,503.57999052120493,4.5113824492704774e-17,1.0253141930160176e-16,8.857793051455692e-9,0.0,0.26055330250509146,0.12616775835484048,0.4999999998076876,0.9999999768498208,0.3711318197201723,1.1958849764273048e-6,8.436371605890105e-9,1.4903612637294925e-8,8.604935533597866e-9,2.8967244013016824e-8,3.7723839323574656e-10,1.4852463308898541e-8,8.87796519334974e-9,2.900063577829018e-8,4.1019697637192874e-10,9.115360676210617e-8,0.0493193453940411,7.190477368639047e-8,1.1303693424024734e-9,1.4200061211900204e-8,9.033759483983817e-9,2.8286207781306922e-8,4.880071086186217e-10,7.72972293227041e-8,0.09779594486781591,1.0041628513848226e-7,9.230509084503126e-10,1.350185580464867e-8,8.342729124084146e-9,2.7324512499134925e-8,4.683575351490356e-10,1.990194887047409e-8,-5.204296776206857e-9,1.8573468109311786e-9,-8.844662627738328e-9,1.9824100562076907e-8,-5.354399389912983e-9,1.3809326712150092e-9,-8.857793051455692e-9,0.9999988175512725,-1.5823012266992192e-9,5.270875346805106e-9,-8.324128998263096e-9,1.8839726775147555e-8,-5.28957499217329e-9,1.3286920234492054e-9,-8.75686319029678e-9,8.319195070609873e-7,-1.0417496377576464e-9,7.950544898063001e-9,-8.432700173181463e-9,1.780345484924816e-8,-4.727013584673262e-9,2.7313203240643075e-9,-8.560544543077548e-9,1.6559569596994355e-9,1.3102970017069476e-8,9.012031470716343e-8,5.6046846995025195e-9,1.6502737009887264e-9,1.3518719726237104e-8,9.022420019912502e-8,6.094355077525797e-9,1.0128178529122904e-8,0.07509991230456259,2.2370374035765917e-7,1.6794058801408176e-8,1.577784579100022e-9,1.3755951941520813e-8,8.800153531962155e-8,7.250391328048094e-9,8.588581035856007e-9,0.14891655241235602,3.124062204308336e-7,1.3713899211261787e-8,1.5002062005165182e-9,1.270370116621904e-8,8.500959444175308e-8,6.958454807928529e-9,2.2013118738145387e-14,5.62313153322288e-15,0.2993871355412125,1.5986418734627167e-13,0.13691470146836132,2.65159246755309e-13
TAC + total emissions,TAC_primary,full_TAC,TAC,TotEmiss,ISI,6,0.5,12.2628521390356,7,0.4,69.68050481464317,32.50021056866753,true,1.9231239881510784e-10,0.2738322416451613,3,3,LOCALLY_SOLVED,Solve_Succeeded,0.315065209,0.2611794702632543,1.1037126669022901e7,44.227596518637675,12.262852135922541,503.5799905212049,1.5922526291542861e-16,1.5922526291542861e-16,8.857793045330721e-9,0.0,0.26055330250509173,0.1261677583548388,0.4999999998076876,0.9999999768498206,0.37113181972017056,1.1958849835849316e-6,8.436371884354469e-9,1.490361256552015e-8,8.604935484793642e-9,2.8967244055857292e-8,3.7723839422455904e-10,1.4852463249640593e-8,8.877965153388479e-9,2.9000635833665337e-8,4.101969776295472e-10,9.115360657950166e-8,0.04931934539404166,7.190477414402477e-8,1.130369348243802e-9,1.4200061153146493e-8,9.033759439638934e-9,2.8286207821719337e-8,4.880071098603743e-10,7.729722918011088e-8,0.09779594486781484,1.0041628617388641e-7,9.230509131638845e-10,1.3501855717504187e-8,8.342729052663399e-9,2.7324512494715057e-8,4.683575354584621e-10,1.9901948782569947e-8,-5.204296747285157e-9,1.8573468933779293e-9,-8.844662619367029e-9,1.9824100493237524e-8,-5.354399369569867e-9,1.3809327290148379e-9,-8.857793045330721e-9,0.9999988175512733,-1.5823012170372227e-9,5.270875360178901e-9,-8.324128996725043e-9,1.8839726707115542e-8,-5.289574968988276e-9,1.3286920847098281e-9,-8.756863182385993e-9,8.319195071744919e-7,-1.0417495631247262e-9,7.950545032470424e-9,-8.432700162912294e-9,1.7803454739500857e-8,-4.727013539750218e-9,2.7313204426105675e-9,-8.560544526417275e-9,1.6559569517244604e-9,1.3102969942753954e-8,9.012031484044489e-8,5.604684714193448e-9,1.6502736944045095e-9,1.3518719665387003e-8,9.022420037140326e-8,6.094355096210416e-9,1.0128178508833515e-8,0.07509991230456345,2.2370374178141038e-7,1.679405888819363e-8,1.577784572571832e-9,1.3755951873995649e-8,8.800153544534903e-8,7.250391346496988e-9,8.588581020012317e-9,0.1489165524123544,3.12406223652091e-7,1.3713899281291997e-8,1.500206190833798e-9,1.2703701057464718e-8,8.50095944280024e-8,6.958454812525722e-9,2.2013118712232042e-14,5.6231315013868996e-15,0.29938713554121327,1.5986418763258778e-13,0.13691470146836052,2.6515924363314895e-13
TAC + total emissions,TAC_primary,full_TAC,TAC,TotEmiss,ISI,6,0.5,12.2628521390356,8,0.3,60.38543125314926,32.50021056866753,true,1.9231316696909605e-10,0.17383224164516534,3,3,LOCALLY_SOLVED,Solve_Succeeded,0.290560459,0.2611794702632551,1.1037126669022929e7,44.22759651863729,12.262852135922529,503.57999052120493,3.1845052583085723e-16,3.1845052583085723e-16,8.85779303215856e-9,0.0,0.26055330250509257,0.12616775835483465,0.49999999980768683,0.9999999768498203,0.37113181972016657,1.1958849989680344e-6,8.436372483079873e-9,1.4903612411141793e-8,8.604935379833736e-9,2.8967244148004342e-8,3.772383963567026e-10,1.4852463122180001e-8,8.877965067445884e-9,2.9000635952765243e-8,4.1019698034007394e-10,9.115360618632858e-8,0.049319345394043035,7.190477512827642e-8,1.1303693608222094e-9,1.4200061026771654e-8,9.033759344267956e-9,2.8286207908637626e-8,4.880071125375701e-10,7.729722887310565e-8,0.09779594486781214,1.0041628840098588e-7,9.230509233143593e-10,1.3501855530074849e-8,8.342728899065043e-9,2.7324512485219103e-8,4.683575361304279e-10,1.9901948593497595e-8,-5.204296685088889e-9,1.8573470706820412e-9,-8.844662601364012e-9,1.9824100345165888e-8,-5.354399325822132e-9,1.380932853314297e-9,-8.85779303215856e-9,0.999998817551275,-1.58230119625875e-9,5.270875388939077e-9,-8.324128993416973e-9,1.883972656078201e-8,-5.289574919129169e-9,1.328692216451168e-9,-8.75686316537343e-9,8.319195074280622e-7,-1.0417494098472232e-9,7.950545309559212e-9,-8.432700141825599e-9,1.7803454503458613e-8,-4.727013443142886e-9,2.731320697546514e-9,-8.560544490588551e-9,1.6559569345713095e-9,1.3102969782928643e-8,9.012031512712462e-8,5.60468474587101e-9,1.6502736802422218e-9,1.3518719534519867e-8,9.02242007419363e-8,6.094355136481097e-9,1.0128178465147617e-8,0.07509991230456553,2.2370374484352658e-7,1.6794059075072825e-8,1.5777845585301833e-9,1.375595172877166e-8,8.800153571576149e-8,7.250391386272468e-9,8.588580985900624e-9,0.14891655241235027,3.124062305808449e-7,1.371389943209905e-8,1.5002061700083159e-9,1.2703700823576316e-8,8.500959439845943e-8,6.958454822509215e-9,2.201311865256169e-14,5.6231314376505064e-15,0.2993871355412152,1.5986418822690474e-13,0.1369147014683581,2.6515923693185043e-13
TAC + total emissions,TAC_primary,full_TAC,TAC,TotEmiss,ISI,6,0.5,12.2628521390356,9,0.2,51.09035769165535,32.50021056866753,true,1.923133864416641e-10,0.07383224164517833,3,3,LOCALLY_SOLVED,Solve_Succeeded,0.2768745,0.2611794702632575,1.1037126669023007e7,44.22759651863608,12.262852135922525,503.5799905212051,1.5922526291542861e-16,1.5922526291542861e-16,8.857792983304555e-9,0.0,0.260553302505095,0.12616775835482166,0.4999999998076866,0.9999999768498192,0.3711318197201527,1.1958850560249507e-6,8.43637470376603e-9,1.4903611838601734e-8,8.60493499055887e-9,2.896724448972601e-8,3.772384042621644e-10,1.4852462649470671e-8,8.877964748702655e-9,2.900063639445482e-8,4.101969903905512e-10,9.115360473000312e-8,0.049319345394046685,7.190477877848909e-8,1.1303694074658492e-9,1.4200060558087075e-8,9.033758990556121e-9,2.8286208230976097e-8,4.88007122464127e-10,7.729722773745379e-8,0.09779594486780394,1.0041629666075658e-7,9.230509609558804e-10,1.3501854834948375e-8,8.342728329397096e-9,2.7324512449974816e-8,4.683575386200071e-10,1.9901947892266884e-8,-5.204296454411146e-9,1.8573477282778274e-9,-8.844662534593227e-9,1.982409979599839e-8,-5.354399163566767e-9,1.3809333143256177e-9,-8.857792983304555e-9,0.999998817551281,-1.5823011191949666e-9,5.270875495611949e-9,-8.324128981147e-9,1.883972601805888e-8,-5.28957473420768e-9,1.3286927050636532e-9,-8.756863102275858e-9,8.319195083550287e-7,-1.0417488379854139e-9,7.95054634283079e-9,-8.432700063151589e-9,1.7803453628020544e-8,-4.7270130848400714e-9,2.7313216430671533e-9,-8.560544357704914e-9,1.655956870955748e-9,1.3102969190169188e-8,9.012031619025868e-8,5.604684863323585e-9,1.6502736277189628e-9,1.3518719049160859e-8,9.022420211608166e-8,6.0943552858024736e-9,1.0128178303333677e-8,0.0750999123045711,2.2370375619974383e-7,1.6794059768064043e-8,1.5777845064541188e-9,1.3755951190165003e-8,8.80015367185923e-8,7.2503915337527445e-9,8.588580859717087e-9,0.1489165524123378,3.1240625627790934e-7,1.3713899991344505e-8,1.500206092772041e-9,1.2703699956127394e-8,8.500959428881054e-8,6.9584548594972465e-9,2.2013118460656874e-14,5.623131206279499e-15,0.29938713554122093,1.5986419048937536e-13,0.13691470146835194,2.651592120600365e-13
TAC + total emissions,TAC_primary,full_TAC,TAC,TotEmiss,ISI,6,0.5,12.2628521390356,10,0.1,41.79528413016144,32.50021056866753,false,0.027604508224567902,1.0191403125744154e-10,3,3,LOCALLY_SOLVED,Solve_Succeeded,0.888864208,0.26781974378620643,1.1255406545865083e7,41.79528412068846,11.816003975576916,503.57999163445993,1.5922526291542861e-16,1.5922526291542861e-16,8.436347167404225e-9,0.0,0.2672473482945329,0.09999999989808597,0.4723954917754321,0.9999999472675182,0.3663086330297128,6.458023414874844e-6,2.2806583084595154e-6,5.479193817652136e-9,1.8174170672133765e-9,2.4630112895360504e-8,1.457178411320855e-9,7.038454652991597e-9,3.0821271312186217e-9,2.810993505352755e-8,1.8792873917427796e-9,7.915595222733072e-8,0.06769152807795917,1.7810961664247405e-7,2.1243264529612484e-8,6.174469252746934e-9,2.6861124297747966e-9,2.530826611614984e-8,1.9848271359719685e-9,6.81779243248366e-8,0.07751188619495399,1.2777218477531106e-6,1.1893370222390621e-7,1.9421772330619173e-9,-4.0605733555676965e-10,1.6293932246750887e-8,9.667751559835782e-10,7.517601566629374e-9,-2.49487399484655e-9,1.4088026538666366e-8,-7.071536727364172e-9,9.605894720812062e-9,-3.4404536102769254e-9,8.991934533563063e-9,-7.802866798861569e-9,0.9999988511033935,-1.3145217225938257e-10,7.071750182644978e-9,-8.436347167404225e-9,8.439057292619298e-9,-3.137863845711988e-9,9.128267163033161e-9,-7.3519650556548696e-9,8.809192441379185e-7,1.3005864199455176e-8,2.936065715444347e-8,-6.8407578873136645e-9,3.0510253112335235e-9,-2.1630732829839633e-9,1.644641306106975e-8,-4.355199073557095e-9,6.087993130724593e-10,2.767430534165823e-9,7.662701789667711e-8,2.1649507825338415e-8,7.820505169990661e-10,4.693239040719264e-9,8.745313127764125e-8,2.7920841248749864e-8,8.795105803036743e-9,0.10307573593689237,5.541188073321415e-7,3.156142158685283e-7,6.860521391941035e-10,4.090216654429804e-9,7.87368279169106e-8,2.9488860305869244e-8,7.575324924981841e-9,0.118029463069589,3.975134637454121e-6,1.7670150044694638e-6,2.1579747034021297e-10,-6.183145791432627e-10,5.0692233656558306e-8,1.436351660318459e-8,2.0889276726400127e-14,3.0566390161283512e-15,0.3159221864850353,2.4399229534539286e-13,0.10851804153007422,1.3818747613995697e-13
TAC + total emissions,TAC_primary,full_TAC,TAC,TotEmiss,ISI,6,0.5,12.2628521390356,11,0.0,32.50021056866753,32.50021056866753,false,0.1331076813785929,-8.622399201832926e-9,3,3,LOCALLY_SOLVED,Solve_Succeeded,0.018826041,0.28825147778779786,1.1928346906396748e7,32.50021137012588,10.10817064707075,503.57998834912956,8.120488408686859e-17,1.258008647179876e-22,9.547922965642281e-9,8.622399201832926e-9,0.28788458546055407,8.622399201832926e-9,0.3668923186214071,0.9999999857130629,0.3478864143025023,6.37026898424287e-7,2.4853836654479955e-7,-4.906368268322892e-9,-4.126812312190219e-9,5.337819811372593e-9,1.2843535403147113e-11,-5.885343831426043e-9,-4.7331209451323165e-9,3.1478023137656876e-9,-1.458920161359925e-10,1.832033692819883e-8,0.13790094678037515,1.0417891455574451e-7,1.670866791638494e-8,-5.437294965609728e-9,-4.410007684488717e-9,3.912987990643376e-9,-6.998761164773615e-11,-4.01936748966434e-9,-3.4312907273102706e-9,8.085935834260052e-9,2.0721327738257876e-10,-6.069491447205952e-9,-4.809178069594605e-9,2.6015456667854565e-9,-1.8387794003477782e-10,7.451437106505716e-10,1.0926259492120789e-10,2.921939083855206e-8,-2.1262864531850195e-9,-2.8526587974892305e-9,-3.245950158225797e-9,2.0428518481017473e-8,1.245174967030676e-9,0.9999999958091315,-6.710543284069295e-9,-4.614139886553597e-9,-9.547922965642281e-9,-1.3781016083536297e-9,-9.624166262500794e-10,1.888833294034956e-8,1.0045786712547734e-10,5.667379895695692e-9,2.9039583006103086e-9,3.294481773528776e-8,-4.963506432257252e-9,-3.3916883641818422e-9,-2.9046757904145e-9,1.695939738395005e-8,1.7282560031437859e-9,-5.451520298136544e-10,-6.284009657198742e-9,1.6606550524270288e-8,1.9081824027532853e-10,-6.539270923806712e-10,-7.207252348269663e-9,9.793162753937694e-9,-2.167538525449031e-9,2.0355929920220913e-9,0.20998553259738942,3.241121786178718e-7,2.4824306618629045e-7,-6.041438850677472e-10,-6.7152389741078184e-9,1.2173740415334948e-8,-1.0398159444806512e-9,-4.4659638774048206e-10,-5.224919971131548e-9,2.5156244817697942e-8,3.078597263969741e-9,-6.743879385784387e-10,-7.3230666059736024e-9,8.093697629999198e-9,-2.7319008233738414e-9,6.007170895769496e-15,-8.156216502866061e-16,0.3791108955651898,-3.0828267576690695e-13,1.2432995576759584e-13,-1.35984098793847e-12
TAC + total emissions,TAC_primary,full_TAC,TAC,TotEmiss,ISI,7,0.6,13.88160281491611,1,1.0,125.45094618360662,32.50021056866753,true,1.0598404932162075e-9,0.7790203367418652,3,3,LOCALLY_SOLVED,Solve_Succeeded,0.502274125,0.23471225476630653,1.0167729559864778e7,53.040432824452694,13.881602832072286,503.5799901816533,5.126570965080088e-17,1.258008647179876e-22,8.908286595132601e-9,1.0598404932162075e-9,0.23389127510198854,0.22097966325813487,0.6000000010598405,0.9999999811179741,0.3886001530437583,1.0953286571717226e-6,5.0000653955388175e-9,1.4149431948406997e-8,9.197946142481976e-9,2.8093764156292343e-8,3.6355599363229504e-10,1.4127784730442988e-8,9.495389483994469e-9,2.819358997304283e-8,3.9649046938212267e-10,7.148218139692169e-8,4.970517105364575e-8,6.45732552724272e-8,1.0479209563405002e-9,1.3522793753485555e-8,9.60994868385582e-9,2.758826660238077e-8,4.731740440700159e-10,7.148201856849698e-8,0.15403962334201024,8.682035839868973e-8,8.650297139177699e-10,1.2829694070864751e-8,8.839066043907869e-9,2.661628907189392e-8,4.530922359637619e-10,2.0726534903180268e-8,-5.264239879799186e-9,1.4711444374199311e-9,-8.887660498739975e-9,2.068961918381544e-8,-5.446057903336108e-9,9.529030757260605e-10,-8.908286595132601e-9,0.9392073703378642,-3.98939637668969e-9,3.86955827540488e-9,-8.514264173934375e-9,1.9667960110706258e-8,-5.378264990595124e-9,9.501475741852198e-10,-8.811688480040878e-9,0.06079231162642867,-1.0118885761154159e-10,8.99629992022676e-9,-8.34537186049627e-9,1.8520784350874033e-8,-4.755230316997226e-9,2.4481184926608747e-9,-8.606697121405317e-9,1.5721591053785546e-9,1.4005963444233918e-8,8.740282181957618e-8,5.401403333965527e-9,1.569753858938109e-9,1.4458888532446121e-8,8.771339102724435e-8,5.890715545105823e-9,7.942464599657963e-9,7.568741955896057e-8,2.0089457195866237e-7,1.5569111351344572e-8,1.5025326392761722e-9,1.4633330950416815e-8,8.583016276296237e-8,7.030014369040235e-9,7.942446507610772e-9,0.23456033554351555,2.7010778168481245e-7,1.2851870035349724e-8,1.4255215634294166e-9,1.3459486930496071e-8,8.280623266811442e-8,6.73165607717589e-9,2.1837964174634116e-14,5.849041030162485e-15,0.23949794004330224,1.2881195582692388e-13,0.23976979850705007,2.213507149475533e-13
TAC + total emissions,TAC_primary,full_TAC,TAC,TotEmiss,ISI,7,0.6,13.88160281491611,2,0.9,116.1558726221127,32.50021056866753,true,1.0598406029524917e-9,0.6790203367418653,3,3,LOCALLY_SOLVED,Solve_Succeeded,0.676387,0.23471225476630664,1.0167729559864782e7,53.040432824452665,13.881602832072288,503.5799901816532,6.315935428978668e-17,5.126570965080088e-17,8.908286594038914e-9,1.0598406029524917e-9,0.23389127510198865,0.22097966325813456,0.6000000010598406,0.9999999811179741,0.38860015304375795,1.095328658322425e-6,5.0000654326261e-9,1.4149431936113169e-8,9.197946133076731e-9,2.8093764165236286e-8,3.6355599372832073e-10,1.4127784720325515e-8,9.495389476380003e-9,2.8193589984273387e-8,3.964904695226474e-10,7.148218137259567e-8,4.970517105289406e-8,6.457325534663652e-8,1.0479209571186714e-9,1.3522793743407413e-8,9.609948675435328e-9,2.7588266610915777e-8,4.731740441965109e-10,7.14820185443835e-8,0.15403962334201013,8.682035855303756e-8,8.650297145525018e-10,1.2829694055703555e-8,8.839066030071276e-9,2.6616289072201242e-8,4.5309223592212736e-10,2.0726534886536358e-8,-5.264239874215579e-9,1.4711444526042736e-9,-8.887660497225128e-9,2.0689619170885393e-8,-5.446057899449329e-9,9.529030862910812e-10,-8.908286594038914e-9,0.9392073703378645,-3.989396375741389e-9,3.869558277648432e-9,-8.51426417370559e-9,1.9667960097881683e-8,-5.378264986159685e-9,9.501475854849443e-10,-8.81168847862522e-9,0.06079231162642854,-1.0118883931114543e-10,8.996299950454123e-9,-8.345371858213473e-9,1.8520784329774436e-8,-4.755230308216332e-9,2.4481185149281053e-9,-8.606697118355078e-9,1.572159104012574e-9,1.4005963429912293e-8,8.740282184740177e-8,5.401403335392193e-9,1.5697538578139456e-9,1.4458888520851367e-8,8.771339106218385e-8,5.8907155471936185e-9,7.942464596955072e-9,7.568741955781596e-8,2.0089457218953583e-7,1.5569111362905973e-8,1.5025326381563788e-9,1.4633330937594701e-8,8.583016278951576e-8,7.03001437091959e-9,7.942446504931496e-9,0.2345603355435154,2.701077821650057e-7,1.2851870044780026e-8,1.4255215617448388e-9,1.3459486909426715e-8,8.280623266907052e-8,6.731656076557319e-9,2.1837964204633534e-14,5.849041027648323e-15,0.2394979400433023,1.2881195588715418e-13,0.23976979850704994,2.2135071434316923e-13
TAC + total emissions,TAC_primary,full_TAC,TAC,TotEmiss,ISI,7,0.6,13.88160281491611,3,0.8,106.8607990606188,32.50021056866753,true,1.0598408224250597e-9,0.5790203367418657,3,3,LOCALLY_SOLVED,Solve_Succeeded,0.381894458,0.23471225476630653,1.0167729559864778e7,53.04043282445265,13.881602832072291,503.57999018165316,1.5922526291542861e-16,1.5922526291542861e-16,8.908286592567613e-9,1.0598408224250597e-9,0.23389127510198854,0.2209796632581344,0.6000000010598409,0.9999999811179741,0.38860015304375745,1.0953286598600015e-6,5.0000654824611045e-9,1.414943191955599e-8,9.197946120452322e-9,2.8093764177098367e-8,3.635559938676176e-10,1.4127784706696788e-8,9.495389466164088e-9,2.8193589999212308e-8,3.964904697223429e-10,7.148218133977596e-8,4.97051710521459e-8,6.457325544599681e-8,1.0479209581336073e-9,1.3522793729831495e-8,9.609948664131017e-9,2.758826662223638e-8,4.731740443780482e-10,7.148201851136453e-8,0.15403962334200996,8.682035875928615e-8,8.650297153919497e-10,1.282969403528837e-8,8.83906601147633e-9,2.661628907246491e-8,4.5309223587683007e-10,2.072653486415661e-8,-5.2642398667017174e-9,1.4711444730228962e-9,-8.887660495187026e-9,2.0689619153503562e-8,-5.446057894219285e-9,9.529031004953226e-10,-8.908286592567613e-9,0.9392073703378636,-3.989396374467899e-9,3.8695582806546765e-9,-8.514264173398241e-9,1.9667960080639798e-8,-5.378264980191954e-9,9.501476006794705e-10,-8.81168847672078e-9,0.06079231162642945,-1.0118881471453675e-10,8.99629999105757e-9,-8.345371855144701e-9,1.8520784301395573e-8,-4.755230296400711e-9,2.4481185448789504e-9,-8.606697114251088e-9,1.572159102172887e-9,1.4005963410688761e-8,8.740282188430601e-8,5.401403337461745e-9,1.5697538562996424e-9,1.4458888505295316e-8,8.771339110866051e-8,5.890715550160523e-9,7.942464593308437e-9,7.56874195566767e-8,2.0089457249865672e-7,1.5569111377985023e-8,1.5025326366479432e-9,1.463333092038132e-8,8.58301628247354e-8,7.030014373616715e-9,7.942446501262724e-9,0.23456033554351516,2.7010778280666804e-7,1.2851870057251824e-8,1.425521559476485e-9,1.3459486881111683e-8,8.280623266989082e-8,6.7316560758843325e-9,2.1837964178629514e-14,5.84904101950269e-15,0.2394979400433021,1.2881195594352956e-13,0.2397697985070502,2.2135071351762607e-13
TAC + total emissions,TAC_primary,full_TAC,TAC,TotEmiss,ISI,7,0.6,13.88160281491611,4,0.7,97.56572549912488,32.50021056866753,true,1.0598403834799236e-9,0.47902033674186645,3,3,LOCALLY_SOLVED,Solve_Succeeded,0.308252375,0.23471225476630683,1.016772955986479e7,53.040432824452566,13.881602832072284,503.57999018165333,4.5113824492704774e-17,2.516017294359752e-22,8.908286590482006e-9,1.0598403834799236e-9,0.23389127510198887,0.22097966325813348,0.6000000010598404,0.999999981117974,0.3886001530437571,1.0953286620434987e-6,5.000065553123214e-9,1.4149431896090783e-8,9.197946102547237e-9,2.8093764193977686e-8,3.635559940609032e-10,1.4127784687382837e-8,9.495389451673654e-9,2.8193590020452834e-8,3.9649047000102143e-10,7.148218129328898e-8,4.9705171051008164e-8,6.457325558702946e-8,1.047920959585342e-9,1.3522793710592609e-8,9.60994864809906e-9,2.7588266638344974e-8,4.731740446306834e-10,7.148201846474841e-8,0.15403962334200985,8.682035905216518e-8,8.650297165877472e-10,1.2829694006354878e-8,8.839065985110999e-9,2.661628907289522e-8,4.530922358081924e-10,2.072653483242832e-8,-5.264239856051207e-9,1.4711445019704256e-9,-8.88766049229802e-9,2.0689619128859198e-8,-5.44605788680589e-9,9.52903120633576e-10,-8.908286590482006e-9,0.9392073703378663,-3.989396372661887e-9,3.8695582849203e-9,-8.514264172962494e-9,1.9667960056194924e-8,-5.378264971732669e-9,9.50147622220897e-10,-8.811688474021173e-9,0.060792311626427134,-1.0118877984014162e-10,8.99630004863587e-9,-8.345371850793921e-9,1.8520784261165065e-8,-4.755230279652405e-9,2.4481185873376705e-9,-8.606697108433704e-9,1.5721590995656419e-9,1.40059633834242e-8,8.740282193681945e-8,5.4014033403334195e-9,1.5697538541536478e-9,1.4458888483230334e-8,8.771339117474216e-8,5.890715554300889e-9,7.942464588143218e-9,7.568741955494423e-8,2.00894572937425e-7,1.556911139955365e-8,1.502532634510289e-9,1.4633330895969024e-8,8.583016287485102e-8,7.030014377370152e-9,7.942446496083154e-9,0.234560335543515,2.7010778371784727e-7,1.2851870075017956e-8,1.4255215562616525e-9,1.3459486840964473e-8,8.280623267122957e-8,6.731656074864572e-9,2.1837964187006368e-14,5.849041012534257e-15,0.23949794004330285,1.2881195604852457e-13,0.23976979850704938,2.213507123487615e-13
TAC + total emissions,TAC_primary,full_TAC,TAC,TotEmiss,ISI,7,0.6,13.88160281491611,5,0.6,88.27065193763099,32.50021056866753,true,1.0598404932162075e-9,0.3790203367418672,3,3,LOCALLY_SOLVED,Solve_Succeeded,0.246484625,0.23471225476630694,1.0167729559864793e7,53.04043282445251,13.881602832072286,503.5799901816532,1.5922526291542861e-16,1.5922526291542861e-16,8.908286587295665e-9,1.0598404932162075e-9,0.23389127510198898,0.22097966325813287,0.6000000010598405,0.999999981117974,0.3886001530437562,1.0953286653881084e-6,5.000065661131315e-9,1.4149431860259588e-8,9.19794607516681e-9,2.8093764219906655e-8,3.6355599434869554e-10,1.412778465789303e-8,9.495389429509675e-9,2.8193590053044236e-8,3.964904704188889e-10,7.148218122234846e-8,4.9705171049012945e-8,6.457325580287584e-8,1.0479209618273069e-9,1.3522793681217117e-8,9.609948623583801e-9,2.7588266663088914e-8,4.731740450082593e-10,7.148201839406603e-8,0.1540396233420096,8.682035950079834e-8,8.650297184255181e-10,1.2829693962169601e-8,8.83906594481319e-9,2.6616289073677415e-8,4.5309223569540693e-10,2.0726534783945088e-8,-5.2642398397822535e-9,1.4711445462018291e-9,-8.887660487884495e-9,2.068961909119767e-8,-5.446057875481299e-9,9.52903151407109e-10,-8.908286587295665e-9,0.9392073703378669,-3.989396369900778e-9,3.86955829144774e-9,-8.514264172296228e-9,1.9667960018839133e-8,-5.378264958809923e-9,9.501476551363105e-10,-8.811688469896804e-9,0.06079231162642686,-1.0118872654052999e-10,8.996300136654935e-9,-8.345371844144835e-9,1.8520784199697293e-8,-4.755230254068094e-9,2.4481186522072583e-9,-8.606697099546708e-9,1.5721590955843982e-9,1.4005963341731276e-8,8.740282201748736e-8,5.4014033446091905e-9,1.5697538508770028e-9,1.445888844948064e-8,8.771339127613763e-8,5.8907155605092055e-9,7.942464580260938e-9,7.568741955190607e-8,2.0089457360894703e-7,1.5569111432862845e-8,1.5025326312463456e-9,1.4633330858638967e-8,8.583016295183218e-8,7.03001438297985e-9,7.942446488229557e-9,0.2345603355435146,2.7010778511359483e-7,1.285187010232198e-8,1.4255215513521774e-9,1.3459486779601903e-8,8.280623267366307e-8,6.731656073188903e-9,2.1837964151063054e-14,5.849040989892748e-15,0.23949794004330305,1.28811956195014e-13,0.2397697985070493,2.2135071055475803e-13
TAC + total emissions,TAC_primary,full_TAC,TAC,TotEmiss,ISI,7,0.6,13.88160281491611,6,0.5,78.97557837613707,32.50021056866753,true,1.0598403834799236e-9,0.2790203367418687,3,3,LOCALLY_SOLVED,Solve_Succeeded,0.225490458,0.2347122547663073,1.0167729559864804e7,53.04043282445235,13.881602832072284,503.5799901816533,1.5922526291542861e-16,1.5922526291542861e-16,8.908286581825459e-9,1.0598403834799236e-9,0.23389127510198934,0.2209796632581312,0.6000000010598404,0.9999999811179738,0.3886001530437548,1.0953286711268265e-6,5.000065846533623e-9,1.414943179873942e-8,9.197946028171851e-9,2.809376426437018e-8,3.6355599484441056e-10,1.4127784607260151e-8,9.495389391470446e-9,2.819359010894553e-8,3.964904711379874e-10,7.148218110052816e-8,4.9705171045688976e-8,6.45732561732953e-8,1.0479209656703903e-9,1.3522793630780784e-8,9.609948581506634e-9,2.7588266705521076e-8,4.731740456582521e-10,7.148201827251206e-8,0.1540396233420091,8.682036027055747e-8,8.650297215781652e-10,1.28296938863076e-8,8.839065875639164e-9,2.6616289074975738e-8,4.530922355035002e-10,2.0726534700716143e-8,-5.264239811850989e-9,1.4711446221350833e-9,-8.887660480307423e-9,2.0689619026547614e-8,-5.44605785603885e-9,9.529032042360102e-10,-8.908286581825459e-9,0.9392073703378692,-3.989396365161325e-9,3.869558302649828e-9,-8.51426417115272e-9,1.9667959954713484e-8,-5.378264936623897e-9,9.501477116430442e-10,-8.811688462816198e-9,0.060792311626425434,-1.0118863504485442e-10,8.99630028774338e-9,-8.345371832730793e-9,1.8520784094174898e-8,-4.7552302101442105e-9,2.448118763573078e-9,-8.60669708428953e-9,1.572159088748824e-9,1.400596327017077e-8,8.740282215581834e-8,5.4014033519741e-9,1.5697538452511274e-9,1.445888839155727e-8,8.771339145005275e-8,5.890715571192955e-9,7.942464566725348e-9,7.568741954684457e-8,2.0089457476136312e-7,1.556911148996008e-8,1.5025326256423086e-9,1.4633330794566918e-8,8.583016308384334e-8,7.030014392636888e-9,7.94244647472356e-9,0.23456033554351385,2.70107787508401e-7,1.2851870149161309e-8,1.4255215429230661e-9,1.3459486674268725e-8,8.280623267770229e-8,6.731656070337716e-9,2.1837964118046154e-14,5.8490409613769866e-15,0.2394979400433037,1.2881195643757232e-13,0.23976979850704855,2.2135070748900775e-13
TAC + total emissions,TAC_primary,full_TAC,TAC,TotEmiss,ISI,7,0.6,13.88160281491611,7,0.4,69.68050481464317,32.50021056866753,true,1.0598403834799236e-9,0.17902033674187187,3,3,LOCALLY_SOLVED,Solve_Succeeded,0.204112375,0.23471225476630786,1.0167729559864823e7,53.040432824452076,13.881602832072284,503.57999018165333,4.5113824492704774e-17,1.0253141930160176e-16,8.908286570244257e-9,1.0598403834799236e-9,0.2338912751019899,0.2209796632581282,0.6000000010598404,0.9999999811179736,0.38860015304375195,1.0953286832620774e-6,5.00006623898159e-9,1.4149431668462692e-8,9.197945928713694e-9,2.809376435826791e-8,3.635559959099566e-10,1.4127784500033282e-8,9.495389310972586e-9,2.819359022706009e-8,3.9649047267733427e-10,7.148218084248723e-8,4.970517103903605e-8,6.45732569568856e-8,1.0479209737571867e-9,1.352279352397008e-8,9.609948492453704e-9,2.7588266795129605e-8,4.731740470525019e-10,7.148201801433745e-8,0.15403962334200821,8.682036189832253e-8,8.65029728229646e-10,1.2829693725665626e-8,8.839065729211945e-9,2.661628907751418e-8,4.5309223511420377e-10,2.0726534524518735e-8,-5.2642397527133314e-9,1.4711447828847516e-9,-8.887660464265332e-9,2.068961888968572e-8,-5.446057814874934e-9,9.529033160697574e-10,-8.908286570244257e-9,0.9392073703378736,-3.989396355130329e-9,3.869558326349514e-9,-8.514264168732223e-9,1.966795981895984e-8,-5.378264889651997e-9,9.501478312660218e-10,-8.811688447825571e-9,0.06079231162642256,-1.0118844136651181e-10,8.996300607535005e-9,-8.345371808568581e-9,1.852078387077167e-8,-4.755230117147072e-9,2.448118999343923e-9,-8.606697051987016e-9,1.572159074273632e-9,1.4005963118723125e-8,8.740282244794461e-8,5.4014033678050695e-9,1.569753833337031e-9,1.4458888268980982e-8,8.771339181752027e-8,5.890715594063251e-9,7.942464538054133e-9,7.568741953671396e-8,2.0089457719919962e-7,1.5569111610106772e-8,1.5025326137744527e-9,1.4633330658963595e-8,8.583016336262544e-8,7.030014413351457e-9,7.942446446037492e-9,0.2345603355435125,2.701077925725589e-7,1.2851870247983311e-8,1.425521525073958e-9,1.3459486451300006e-8,8.280623268559965e-8,6.731656064553884e-9,2.183796407179708e-14,5.8490409020023955e-15,0.23949794004330507,1.2881195695282708e-13,0.23976979850704727,2.2135070097159094e-13
TAC + total emissions,TAC_primary,full_TAC,TAC,TotEmiss,ISI,7,0.6,13.88160281491611,8,0.3,60.38543125314926,32.50021056866753,true,1.0598395055896513e-9,0.07902033674188302,3,3,LOCALLY_SOLVED,Solve_Succeeded,0.1938015,0.23471225476631022,1.01677295598649e7,53.04043282445103,13.88160283207227,503.57999018165333,1.5922526291542861e-16,1.5922526291542861e-16,8.908286529350944e-9,1.0598395055896513e-9,0.23389127510199226,0.22097966325811697,0.6000000010598395,0.9999999811179728,0.3886001530437408,1.095328726120899e-6,5.000067624764496e-9,1.4149431208472988e-8,9.19794557750376e-9,2.8093764689972747e-8,3.635559996617555e-10,1.4127784121433485e-8,9.49538902671164e-9,2.81935906442741e-8,3.964904781015348e-10,7.148217993142495e-8,4.970517101530745e-8,6.457325972415714e-8,1.047921002344438e-9,1.352279314683971e-8,9.609948177988666e-9,2.7588267111682397e-8,4.731740519635465e-10,7.148201710323698e-8,0.15403962334200472,8.68203676471907e-8,8.650297517314532e-10,1.2829693158457484e-8,8.83906521216174e-9,2.6616289086611297e-8,4.530922337282931e-10,2.0726533902358146e-8,-5.2642395438997095e-9,1.4711453505009577e-9,-8.887660407620791e-9,2.0689618406418597e-8,-5.446057669525639e-9,9.52903710963688e-10,-8.908286529350944e-9,0.9392073703378896,-3.989396319708851e-9,3.869558410043804e-9,-8.51426416018518e-9,1.9667959339607472e-8,-5.378264723794328e-9,9.501482536621055e-10,-8.81168839489353e-9,0.06079231162641214,-1.0118775746726023e-10,8.996301736774708e-9,-8.345371723249832e-9,1.8520783081932042e-8,-4.7552297887758124e-9,2.448119831857078e-9,-8.606696937927128e-9,1.5721590231636648e-9,1.4005962583926178e-8,8.740282347991521e-8,5.401403423546082e-9,1.5697537912703865e-9,1.4458887836129087e-8,8.771339311551942e-8,5.890715674651373e-9,7.94246443682499e-9,7.56874195005818e-8,2.0089458580848888e-7,1.5569112034831647e-8,1.5025325718710785e-9,1.4633330180119105e-8,8.583016434745634e-8,7.030014486315548e-9,7.942446344804106e-9,0.23456033554350716,2.7010781045792663e-7,1.2851870597153018e-8,1.4255214620508311e-9,1.3459485663973559e-8,8.28062327139018e-8,6.731656043963211e-9,2.1837963925130226e-14,5.849040677139209e-15,0.2394979400433098,1.288119588039031e-13,0.2397697985070423,2.2135067799025753e-13
TAC + total emissions,TAC_primary,full_TAC,TAC,TotEmiss,ISI,7,0.6,13.88160281491611,9,0.2,51.09035769165535,32.50021056866753,false,0.022102900343527916,-1.2084588173929942e-9,3,3,LOCALLY_SOLVED,Solve_Succeeded,0.729792417,0.24080318883392593,1.0367747969791157e7,51.090357803982485,13.523811966216057,503.5799911863349,1.5922526291542861e-16,1.5922526291542861e-16,8.580445673477977e-9,1.2084588173929942e-9,0.240025291733061,0.20000000120845882,0.5778970996564721,0.9999999557874645,0.38473236283528855,6.352398033936213e-6,2.2313616124091593e-6,4.3024460755138625e-9,1.3932574442877035e-9,2.3243933728852142e-8,1.3478592540903669e-9,6.072633136176664e-9,2.8940412405736636e-9,2.7520492938221377e-8,1.8256535707049785e-9,6.150055817628214e-8,4.859532861271836e-8,1.6887817842450887e-7,2.0428807095921034e-8,5.197948441982484e-9,2.4035167675103095e-9,2.4523508941736876e-8,1.890116039375749e-9,6.14996248317668e-8,0.15250472454946723,1.2455808832293602e-6,1.1672889268001011e-7,7.388387765604652e-10,-9.920271423053722e-10,1.455846468271574e-8,7.967955515336198e-10,6.684564259481366e-9,-2.108566177073944e-9,1.5789224975509897e-8,-6.775558563648667e-9,9.216098761988893e-9,-3.1260428619915502e-9,9.887686767082053e-9,-7.690106261437499e-9,0.9911208594397417,-3.1985599221425692e-9,5.557414231485001e-9,-8.580445673477977e-9,7.948123357819575e-9,-2.7880520673127748e-9,1.0143996919988451e-8,-7.155965772067213e-9,0.008878915739451711,4.411420949268737e-6,1.0927908215460906e-7,-2.6619035112790315e-9,1.9683185353598147e-9,-2.1743905816339196e-9,1.7373729778692827e-8,-3.6332342762987335e-9,4.780495639459846e-10,2.1215511083471845e-9,7.23144604897622e-8,2.002533748934259e-8,6.747370151307402e-10,4.406835525418987e-9,8.561931136335537e-8,2.712399590761682e-8,6.833395352920235e-9,7.399743220573022e-8,5.253987773206942e-7,3.0351370542511243e-7,5.775498268869424e-10,3.6599005323452434e-9,7.629536115207028e-8,2.8081724013582555e-8,6.833291647974084e-9,0.2322231032912342,3.875140525602454e-6,1.7342578341030073e-6,8.209319739560721e-11,-1.5105867848740896e-9,4.529300123511563e-8,1.1838105337070922e-8,2.0582587842595012e-14,2.877589299161896e-15,0.2527359544056453,2.2064736202131775e-13,0.21703581953300682,8.252710708832756e-14
TAC + total emissions,TAC_primary,full_TAC,TAC,TotEmiss,ISI,7,0.6,13.88160281491611,10,0.1,41.79528413016144,32.50021056866753,false,0.1276045081900212,1.0191074421109e-10,3,3,LOCALLY_SOLVED,Solve_Succeeded,1.282715375,0.26781974378635065,1.125540654586866e7,41.79528412068876,11.816003976136141,503.5799916344602,4.5113824492704774e-17,5.126570965080088e-17,8.436347548025895e-9,0.0,0.2672473482946426,0.09999999989808926,0.47239549180997886,0.999999947267503,0.36630863301244315,6.458038363794543e-6,2.2806915382440993e-6,5.479190531111767e-9,1.8174148578008257e-9,2.463010812741231e-8,1.4571794039621885e-9,7.0384514444561204e-9,3.0821248667324952e-9,2.8109930881741253e-8,1.8792889264644568e-9,7.915594773729713e-8,0.06769152807777466,1.7810968389494898e-7,2.1243317060224842e-8,6.174466053915441e-9,2.686110120148155e-9,2.5308261800441266e-8,1.9848286132721535e-9,6.817792076276777e-8,0.07751188618829968,1.2777254310392812e-6,1.189357407392683e-7,1.942174226859072e-9,-4.06059264588889e-10,1.629392770603566e-8,9.667755015670726e-10,7.517597472111843e-9,-2.4948740563487396e-9,1.4088029406650944e-8,-7.071535894414206e-9,9.605890623627516e-9,-3.440453624118848e-9,8.991936069408073e-9,-7.80286642740249e-9,0.9999988511034099,-1.3145176498705387e-10,7.071750671486128e-9,-8.436347548025895e-9,8.439053267313845e-9,-3.1378638708591435e-9,9.12826865802943e-9,-7.351964592986775e-9,8.809192511429739e-7,1.3005869571090424e-8,2.936066407169222e-8,-6.840758154828917e-9,3.0510217852985734e-9,-2.163074132173899e-9,1.6446414067848838e-8,-4.355197305134663e-9,6.087989479013071e-10,2.767427169833075e-9,7.662700306306052e-8,2.1649522573152512e-8,7.820501604951241e-10,4.69323559252448e-9,8.745311829875056e-8,2.7920864050329072e-8,8.795105304144123e-9,0.1030757359366114,5.541190165620634e-7,3.1561499632334045e-7,6.860517837683822e-10,4.090213137498327e-9,7.873681449026172e-8,2.9488882254329136e-8,7.575324529196418e-9,0.11802946305945633,3.975145785455541e-6,1.7670452909834147e-6,2.1579713631767457e-10,-6.18317516533081e-10,5.069221952988872e-8,1.4363521737567936e-8,2.0889276930380688e-14,3.056638524933725e-15,0.3159221864850196,2.4399234196426074e-13,0.10851804153011768,1.3818748797336469e-13
TAC + total emissions,TAC_primary,full_TAC,TAC,TotEmiss,ISI,7,0.6,13.88160281491611,11,0.0,32.50021056866753,32.50021056866753,false,0.23310768137856067,-8.622399201832926e-9,3,3,LOCALLY_SOLVED,Solve_Succeeded,0.014926458,0.28825147778779836,1.1928346906396762e7,32.50021137012588,10.108170647071272,503.57998834912956,1.5922526291542861e-16,1.5922526291542861e-16,9.54792297135872e-9,8.622399201832926e-9,0.2878845854605545,8.622399201832926e-9,0.36689231862143934,0.9999999857130626,0.34788641430248785,6.37026906136977e-7,2.4853839770114225e-7,-4.9063682701322255e-9,-4.126812314470494e-9,5.33781983911761e-9,1.2843555603349303e-11,-5.885343842131498e-9,-4.7331209522501875e-9,3.1478023100465376e-9,-1.4589200580506936e-10,1.8320336970610828e-8,0.13790094678036965,1.0417891653814304e-7,1.670866978357021e-8,-5.43729497188419e-9,-4.4100076886801825e-9,3.912988000721194e-9,-6.99875972690638e-11,-4.019367508867531e-9,-3.431290744013899e-9,8.085935831999713e-9,2.0721330706510535e-10,-6.069491449798926e-9,-4.809178071384963e-9,2.601545678189568e-9,-1.8387793014375833e-10,7.451436720643799e-10,1.0926249293724145e-10,2.9219390641412298e-8,-2.1262864111019e-9,-2.852658843365691e-9,-3.2459502351044674e-9,2.0428518269629254e-8,1.2451750185395735e-9,0.9999999958091313,-6.710543276385717e-9,-4.614139880217576e-9,-9.54792297135872e-9,-1.3781016504644104e-9,-9.624167004766722e-10,1.88883328600374e-8,1.0045789480925059e-10,5.667379698416819e-9,2.903958112641478e-9,3.2944817683234655e-8,-4.963506357778284e-9,-3.391688383065621e-9,-2.904675837655116e-9,1.695939730354154e-8,1.7282560215600896e-9,-5.451520300146914e-10,-6.284009660670981e-9,1.660655061058812e-8,1.9081854039261818e-10,-6.539270935701662e-10,-7.207252359108239e-9,9.793162742367006e-9,-2.1675383719610307e-9,2.035592996734536e-9,0.20998553259738104,3.241121847853339e-7,2.482430939273288e-7,-6.041438857649097e-10,-6.715238980490278e-9,1.217374044668816e-8,-1.039815730854662e-9,-4.4659638987416994e-10,-5.224919996566619e-9,2.5156244810665775e-8,3.0785977049672793e-9,-6.743879388665471e-10,-7.32306660869983e-9,8.093697665478657e-9,-2.7319006764215515e-9,6.007170930937799e-15,-8.156216510680878e-16,0.37911089556518995,-3.082826729178608e-13,1.243299722321939e-13,-1.3598409858484533e-12
TAC + total emissions,TAC_primary,full_TAC,TAC,TotEmiss,ISI,8,0.7,15.50035349079662,1,1.0,125.45094618360662,32.50021056866753,true,2.4098868197675347e-9,0.684133727361936,3,3,LOCALLY_SOLVED,Solve_Succeeded,0.25206675,0.20433187181371662,9.170729197957313e6,61.8602129663245,15.500353529806679,503.5799897856279,1.5922526291542861e-16,1.5922526291542861e-16,8.983663983505732e-9,2.4098868197675347e-9,0.20331600553866866,0.3158662726380641,0.7000000024098868,0.9999999854944674,0.40608225227774014,9.814949976059072e-7,1.7284392252240425e-9,1.3190244587278757e-8,1.0027767153246786e-8,2.677783561234328e-8,3.52415999931597e-10,1.3195371303786165e-8,1.035871076880104e-8,2.6956850247069495e-8,3.856849938484097e-10,5.7149284704708935e-8,5.0558248913599316e-8,5.7649769492691874e-8,9.87515822557609e-10,1.2647093701679603e-8,1.0420010169827176e-8,2.6513105079999407e-8,4.621659336053851e-10,5.714927005075832e-8,0.1609694614311995,7.235664663918944e-8,8.093512577593985e-10,1.1977701668021615e-8,9.547552042738396e-9,2.555890581709927e-8,4.4167727581882053e-10,2.2129126091056806e-8,-5.396041078642729e-9,8.506531897020047e-10,-8.953919420697021e-9,2.2139464931998825e-8,-5.618939115604591e-9,2.863475407064811e-10,-8.983663983505732e-9,0.7044021828261801,-4.648151495366309e-9,2.230658537602795e-9,-8.725243834791453e-9,2.1046373454149184e-8,-5.5456154072346675e-9,3.4799139800355956e-10,-8.894102960321772e-9,0.2955975339313585,-1.4450163257028588e-9,6.371538526484248e-9,-8.563061887447197e-9,1.9745335540950375e-8,-4.844115315218853e-9,1.9538998722381143e-9,-8.68129046956355e-9,1.4655827319198614e-9,1.5269554528807606e-8,8.330882190506797e-8,5.235894856126583e-9,1.466152367087351e-9,1.5773491397947036e-8,8.38657563242162e-8,5.7301770514620864e-9,6.349920522745435e-9,7.698642448207168e-8,1.7935483842170803e-7,1.4671663649427331e-8,1.4052326335199553e-9,1.5866833667691378e-8,8.24852158044426e-8,6.866465299280007e-9,6.3499188945286994e-9,0.24511258899750835,2.2510956732192265e-7,1.2024647258139632e-8,1.3308557408912901e-9,1.4538317883260734e-8,7.951659587541994e-8,6.562062383593905e-9,2.1662135434774323e-14,6.227113855032155e-15,0.17962261064342733,8.785276491482073e-14,0.3426109604963427,1.63448580279391e-13
TAC + total emissions,TAC_primary,full_TAC,TAC,TotEmiss,ISI,8,0.7,15.50035349079662,2,0.9,116.1558726221127,32.50021056866753,true,2.409887148976387e-9,0.584133727361936,3,3,LOCALLY_SOLVED,Solve_Succeeded,0.168907584,0.20433187181371673,9.170729197957316e6,61.860212966324475,15.500353529806684,503.57998978562796,1.5922526291542861e-16,1.5922526291542861e-16,8.983663982231537e-9,2.409887148976387e-9,0.20331600553866877,0.3158662726380639,0.7000000024098871,0.9999999854944674,0.40608225227774014,9.814949988185368e-7,1.72843925615904e-9,1.3190244573608976e-8,1.0027767141140803e-8,2.677783562485006e-8,3.5241599997536524e-10,1.3195371292557872e-8,1.0358710759142022e-8,2.6956850262285806e-8,3.856849939421078e-10,5.71492846819653e-8,5.055824891283604e-8,5.7649769574033936e-8,9.875158232156058e-10,1.2647093690419178e-8,1.0420010159158528e-8,2.651310509207832e-8,4.621659336719727e-10,5.7149270028008876e-8,0.16096946143119953,7.235664678529478e-8,8.093512582988084e-10,1.1977701650827199e-8,9.547552024702402e-9,2.5558905819345e-8,4.4167727568187515e-10,2.212912606978429e-8,-5.3960410714314546e-9,8.50653208088944e-10,-8.95391941889749e-9,2.213946491564848e-8,-5.618939110671664e-9,2.8634755334489593e-10,-8.983663982231537e-9,0.704402182826181,-4.648151494370633e-9,2.2306585400223057e-9,-8.725243834574838e-9,2.1046373437832163e-8,-5.545615401589353e-9,3.479914117062696e-10,-8.89410295866982e-9,0.2955975339313577,-1.4450163076208047e-9,6.371538556251335e-9,-8.563061885182969e-9,1.974533551338389e-8,-4.844115303637888e-9,1.953899900028376e-9,-8.68129046588666e-9,1.4655827304009969e-9,1.5269554510373496e-8,8.330882194397795e-8,5.235894856776855e-9,1.466152365839763e-9,1.5773491383238988e-8,8.386575637155584e-8,5.730177052854172e-9,6.349920520218364e-9,7.698642448090942e-8,1.7935483867477226e-7,1.4671663659203283e-8,1.4052326322687968e-9,1.586683365144594e-8,8.248521584202144e-8,6.866465300269308e-9,6.349918892000984e-9,0.2451125889975084,2.2510956777647267e-7,1.2024647266153722e-8,1.3308557389807993e-9,1.453831785579684e-8,7.951659588240665e-8,6.5620623815592866e-9,2.16621354772732e-14,6.227113847303168e-15,0.1796226106434276,8.785276497160929e-14,0.3426109604963425,1.6344857943809163e-13
TAC + total emissions,TAC_primary,full_TAC,TAC,TotEmiss,ISI,8,0.7,15.50035349079662,3,0.8,106.8607990606188,32.50021056866753,true,2.4098873684489548e-9,0.48413372736193633,3,3,LOCALLY_SOLVED,Solve_Succeeded,0.156381625,0.20433187181371668,9.170729197957315e6,61.86021296632446,15.500353529806688,503.57998978562796,1.5922526291542861e-16,1.5922526291542861e-16,8.983663980430927e-9,2.4098873684489548e-9,0.20331600553866871,0.3158662726380637,0.7000000024098874,0.9999999854944673,0.4060822522777395,9.81495000532315e-7,1.7284392998756047e-9,1.3190244554293557e-8,1.0027767124032154e-8,2.677783564252704e-8,3.52416000037165e-10,1.3195371276692505e-8,1.0358710745491156e-8,2.695685028379157e-8,3.85684994074459e-10,5.714928464982838e-8,5.0558248911737114e-8,5.764976968897982e-8,9.87515824145804e-10,1.2647093674508313e-8,1.0420010144081125e-8,2.6513105109150387e-8,4.6216593376600344e-10,5.714926999588387e-8,0.16096946143119933,7.235664699179144e-8,8.09351259061014e-10,1.1977701626530937e-8,9.547551999214334e-9,2.555890582252154e-8,4.4167727548829545e-10,2.2129126039723972e-8,-5.396041061241171e-9,8.506532340720704e-10,-8.953919416354531e-9,2.2139464892543855e-8,-5.6189391037009005e-9,2.863475712047244e-10,-8.983663980430927e-9,0.7044021828261803,-4.648151492963557e-9,2.230658543441816e-9,-8.725243834268687e-9,2.1046373414774477e-8,-5.545615393611896e-9,3.479914310700062e-10,-8.894102956335395e-9,0.29559753393135885,-1.4450162820680142e-9,6.371538598317529e-9,-8.563061881983232e-9,1.97453354744295e-8,-4.844115287272802e-9,1.953899939299261e-9,-8.681290460690792e-9,1.465582728254839e-9,1.5269554484321687e-8,8.330882199897301e-8,5.235894857695022e-9,1.4661523640769444e-9,1.577349136245244e-8,8.386575643846265e-8,5.730177054820533e-9,6.349920516647595e-9,7.698642447923606e-8,1.7935483903238165e-7,1.4671663673023373e-8,1.4052326305009233e-9,1.5866833628487166e-8,8.248521589513452e-8,6.866465301666336e-9,6.349918888431539e-9,0.24511258899750807,2.2510956841890666e-7,1.202464727747792e-8,1.330855736281215e-9,1.4538317816985462e-8,7.951659589228924e-8,6.5620623786832466e-9,2.1662135460241388e-14,6.227113831049314e-15,0.17962261064342744,8.785276506891216e-14,0.3426109604963429,1.6344857825858595e-13
TAC + total emissions,TAC_primary,full_TAC,TAC,TotEmiss,ISI,8,0.7,15.50035349079662,4,0.7,97.56572549912488,32.50021056866753,true,2.409887148976387e-9,0.384133727361937,3,3,LOCALLY_SOLVED,Solve_Succeeded,0.132891167,0.20433187181371698,9.170729197957324e6,61.86021296632438,15.500353529806684,503.57998978562796,3.1845052583085723e-16,3.1845052583085723e-16,8.983663977692891e-9,2.409887148976387e-9,0.20331600553866902,0.3158662726380629,0.7000000024098871,0.9999999854944673,0.40608225227773903,9.814950031382614e-7,1.7284393663503211e-9,1.3190244524918533e-8,1.0027767098017997e-8,2.6777835669405526e-8,3.5241600013114507e-10,1.3195371252563913e-8,1.0358710724735138e-8,2.6956850316492448e-8,3.8568499427572683e-10,5.7149284600957577e-8,5.055824891010311e-8,5.764976986377945e-8,9.87515825560198e-10,1.2647093650310785e-8,1.0420010121155599e-8,2.651310513510931e-8,4.6216593390900135e-10,5.714926994699686e-8,0.16096946143119922,7.235664730577512e-8,8.093512602199967e-10,1.1977701589582208e-8,9.547551960457564e-9,2.5558905827350238e-8,4.4167727519393583e-10,2.212912599401149e-8,-5.3960410457453095e-9,8.506532735828226e-10,-8.953919412487632e-9,2.21394648574085e-8,-5.618939093100866e-9,2.863475983627285e-10,-8.983663977692891e-9,0.704402182826182,-4.648151490823985e-9,2.2306585486411372e-9,-8.725243833803219e-9,2.1046373379710876e-8,-5.545615381481046e-9,3.4799146051499256e-10,-8.89410295278562e-9,0.29559753393135707,-1.4450162432125077e-9,6.371538662282663e-9,-8.563061877117774e-9,1.9745335415192562e-8,-4.844115262387154e-9,1.9538999990162598e-9,-8.681290452789742e-9,1.4655827249909476e-9,1.5269554444709222e-8,8.330882208259496e-8,5.235894859091297e-9,1.4661523613959896e-9,1.5773491330846688e-8,8.386575654019871e-8,5.730177057810798e-9,6.3499205112175056e-9,7.698642447674789e-8,1.7935483957620272e-7,1.4671663694037225e-8,1.405232627812309e-9,1.5866833593577845e-8,8.248521597589563e-8,6.8664653037908764e-9,6.349918882999649e-9,0.2451125889975079,2.2510956939574478e-7,1.2024647294697093e-8,1.3308557321758003e-9,1.453831775796947e-8,7.951659590731184e-8,6.562062374309903e-9,2.1662135423561063e-14,6.227113817258122e-15,0.17962261064342794,8.785276517254334e-14,0.34261096049634227,1.6344857647054104e-13
TAC + total emissions,TAC_primary,full_TAC,TAC,TotEmiss,ISI,8,0.7,15.50035349079662,5,0.6,88.27065193763099,32.50021056866753,true,7.246461852541382e-9,0.28413363267582686,3,3,LOCALLY_SOLVED,Solve_Succeeded,0.116675709,0.204331830308956,9.17072784132216e6,61.86022176746799,15.50035360809877,503.5799882721481,1.5922526291542861e-16,1.5922526291542861e-16,9.517739572462675e-9,7.246461852541382e-9,0.20331596393438536,0.3158663673241732,0.7000000072464618,1.0000000011098913,0.40608236367844686,4.051743798919183e-7,-6.757252699044386e-9,4.078562052362044e-9,1.7373645440653978e-8,1.4600363954619016e-8,2.532429964142295e-10,4.051921992377511e-9,1.7669180011290862e-8,1.5155711552849406e-8,3.363742593839418e-10,1.0083846826164717e-8,2.8417021620092418e-8,2.10369834228847e-8,8.885683395912254e-10,3.826561395655882e-9,1.6970991599654537e-8,1.6103054819372444e-8,5.926450465768662e-10,1.008384530361114e-8,0.16096950643877084,2.2064690817314876e-8,4.965897311302143e-10,3.637701566709133e-9,1.570569721474311e-8,1.5606988814901105e-8,5.654328502783454e-10,3.57111216568621e-8,-7.0228949095076155e-9,-4.0251945487864975e-9,-9.437817736475356e-9,3.542525501464085e-8,-7.371603170428651e-9,-4.551888286128001e-9,-9.472164880950985e-9,0.7044021001331158,-7.89870745288729e-9,-5.274964445853691e-9,-9.517739572462675e-9,3.310411034054482e-8,-7.284702360586365e-9,-4.236884801684808e-9,-9.38530990094652e-9,0.295597725716684,-6.896313153001583e-9,-4.047980244831029e-9,-9.45765548409346e-9,3.1283560989799665e-8,-6.344128519492823e-9,-2.5785250176684764e-9,-9.164666237630425e-9,4.531735613735603e-10,2.6455323739177643e-8,4.5423354525481376e-8,3.762467375297124e-9,4.502135547086122e-10,2.6905342289920176e-8,4.715110260886482e-8,4.997560425132848e-9,1.1204274251294126e-9,4.327137383059527e-8,6.544839287119685e-8,1.3201586759641061e-8,4.2517348840620884e-10,2.584219175401941e-8,5.009839277138093e-8,8.805012120570583e-9,1.120427255956793e-9,0.24511265753176464,6.86457047649796e-8,7.377904576791755e-9,4.0418906296768134e-10,2.3915493486086097e-8,4.8555076313025656e-8,8.400716632706843e-9,7.623050608602856e-15,4.16066078684133e-15,0.17962253994716887,-1.2394571893388542e-13,0.3426110417692687,-1.6346252289949238e-13
TAC + total emissions,TAC_primary,full_TAC,TAC,TotEmiss,ISI,8,0.7,15.50035349079662,6,0.5,78.97557837613707,32.50021056866753,true,7.246461633068814e-9,0.18413363267582808,3,3,LOCALLY_SOLVED,Solve_Succeeded,0.106666416,0.20433183030895632,9.17072784132217e6,61.86022176746786,15.500353608098767,503.5799882721482,3.1845052583085723e-16,3.1845052583085723e-16,9.517739572242366e-9,7.246461633068814e-9,0.2033159639343857,0.31586636732417184,0.7000000072464616,1.0000000011098913,0.40608236367844625,4.051743821075549e-7,-6.757252679951517e-9,4.078562036019688e-9,1.737364539400146e-8,1.4600364016308204e-8,2.532429963442408e-10,4.051921977983187e-9,1.7669179977373942e-8,1.5155711619066064e-8,3.363742593783705e-10,1.0083846808115236e-8,2.84170216186246e-8,2.1036983535562157e-8,8.885683404020162e-10,3.826561380683444e-9,1.697099156104365e-8,1.6103054881020322e-8,5.926450462374772e-10,1.0083845285564102e-8,0.1609695064387707,2.2064690955093678e-8,4.965897316197842e-10,3.637701544792568e-9,1.5705697131335113e-8,1.5606988855705752e-8,5.654328489192136e-10,3.571112157798034e-8,-7.022894882293645e-9,-4.025194500831964e-9,-9.437817732103055e-9,3.542525495690666e-8,-7.371603154424903e-9,-4.551888255871966e-9,-9.472164878076807e-9,0.704402100133118,-7.898707451709435e-9,-5.274964442743523e-9,-9.517739572242366e-9,3.3104110278353726e-8,-7.284702341713171e-9,-4.236884765708275e-9,-9.385309896676965e-9,0.2955977257166822,-6.896313134822521e-9,-4.047980214766433e-9,-9.457655481657207e-9,3.12835608640328e-8,-6.344128466276832e-9,-2.578524926076091e-9,-9.164666225198314e-9,4.5317355955774296e-10,2.6455323668138588e-8,4.542335471740329e-8,3.762467374257292e-9,4.502135531092428e-10,2.6905342238273953e-8,4.71511028148722e-8,4.997560425050075e-9,1.1204274231239147e-9,4.327137382836018e-8,6.544839322174894e-8,1.3201586771687097e-8,4.2517348674260476e-10,2.5842191695225557e-8,5.0098392963174335e-8,8.80501211552823e-9,1.1204272539515663e-9,0.24511265753176448,6.864570519362476e-8,7.377904584065365e-9,4.041890605325074e-10,2.3915493359078466e-8,4.855507643997345e-8,8.400716612514031e-9,7.623050608998498e-15,4.160660764720603e-15,0.17962253994716945,-1.2394571892222714e-13,0.34261104176926793,-1.6346252559867385e-13
TAC + total emissions,TAC_primary,full_TAC,TAC,TotEmiss,ISI,8,0.7,15.50035349079662,7,0.4,69.68050481464317,32.50021056866753,true,2.409886490558683e-9,0.08413372736194956,3,3,LOCALLY_SOLVED,Solve_Succeeded,0.10589925,0.20433187181371967,9.170729197957413e6,61.86021296632323,15.500353529806674,503.5799897856281,5.126570965080088e-17,6.843158766179663e-24,8.983663930425485e-9,2.409886490558683e-9,0.20331600553867174,0.3158662726380505,0.7000000024098865,0.9999999854944666,0.40608225227772743,9.814950481234939e-7,1.7284405139242833e-9,1.3190244017847888e-8,1.0027766648921833e-8,2.677783613338845e-8,3.5241600175423416e-10,1.3195370836061408e-8,1.0358710366409976e-8,2.6956850880986385e-8,3.8568499775093753e-10,5.714928375729415e-8,5.055824888154616e-8,5.764977288120259e-8,9.87515849972939e-10,1.2647093232615467e-8,1.0420009725379532e-8,2.6513105583217347e-8,4.6216593637843425e-10,5.7149269103351096e-8,0.16096946143119584,7.235665272599346e-8,8.093512802293167e-10,1.1977700951761803e-8,9.5475512913881e-9,2.5558905910689045e-8,4.416772701132299e-10,2.212912520489763e-8,-5.39604077823933e-9,8.506539556610681e-10,-8.953919345732721e-9,2.2139464250887043e-8,-5.618938910111127e-9,2.8634806719608544e-10,-8.983663930425485e-9,0.7044021828261985,-4.6481514538879656e-9,2.2306586383996255e-9,-8.725243825767164e-9,2.1046372774423746e-8,-5.545615172064735e-9,3.4799196882836736e-10,-8.894102891505075e-9,0.2955975339313472,-1.44501557243878e-9,6.3715397665325665e-9,-8.563061793123416e-9,1.9745334392600257e-8,-4.844114832785603e-9,1.9539010299140984e-9,-8.681290316393168e-9,1.4655826686497647e-9,1.5269553760858244e-8,8.330882352609738e-8,5.2358948832057645e-9,1.4661523151179336e-9,1.5773490785215188e-8,8.386575829640208e-8,5.7301771094425e-9,6.349920417477126e-9,7.698642443326346e-8,1.7935484896374137e-7,1.4671664056740806e-8,1.405232581401718e-9,1.5866832990918833e-8,8.248521737000951e-8,6.866465340479594e-9,6.349918789261231e-9,0.2451125889975027,2.2510958625864634e-7,1.2024647591978418e-8,1.3308556613068664e-9,1.453831673915915e-8,7.951659616658814e-8,6.56206229882513e-9,2.166213522086549e-14,6.227113544800701e-15,0.17962261064343288,8.78527672172183e-14,0.3426109604963375,1.634485454398122e-13
TAC + total emissions,TAC_primary,full_TAC,TAC,TotEmiss,ISI,8,0.7,15.50035349079662,8,0.3,60.38543125314926,32.50021056866753,false,0.016584491520833054,-7.309035141002581e-9,3,3,LOCALLY_SOLVED,Solve_Succeeded,0.559761792,0.2097642567208585,9.34892691182812e6,60.38543193252945,15.231891922211789,503.579988583048,6.315935428978668e-17,5.126570965080088e-17,9.524510641933718e-9,7.309035141002581e-9,0.2087808412050703,0.30000000730903514,0.6834155084791669,0.9999999935630058,0.40314382569375895,3.0294127605230025e-6,1.1346534529537047e-6,-3.81464655225427e-9,-2.4812032376157164e-9,1.0560387417832642e-8,3.8266001040854874e-10,-2.0398223898987674e-9,1.1150316057757319e-10,1.8321675769414285e-8,1.1327314029153798e-9,7.581441046202886e-9,2.80545748539826e-8,8.899136259190838e-8,1.467530476222088e-8,-2.9091300651930094e-9,-1.244232279124693e-9,1.2973049221096881e-8,8.626425051556253e-10,7.581439515718051e-9,0.15975322189534275,5.761232709620109e-7,5.641856686256016e-8,-5.458189864004182e-9,-4.055819006297149e-9,4.720264105192562e-9,-2.4634625649299898e-11,-5.792922462774568e-10,3.1530946815046276e-10,2.7670525891802305e-8,-3.5806956477932357e-9,4.312681873937867e-9,1.9368730563493175e-9,1.8624200834888092e-8,-6.425717122872739e-9,0.7436048436463604,-7.57779212620276e-9,-4.7349746750190075e-9,-9.524510641933718e-9,1.7119787281313486e-9,1.0878480264286128e-9,1.5591749588265177e-8,-4.007110322226799e-9,0.2563951473605655,0.00012997150655628514,3.047298465267314e-8,-7.582940106072123e-9,-3.9349457522629555e-9,-2.7818187720594584e-9,1.5951566175298203e-8,1.1105593867672025e-9,-4.23849616917141e-10,-3.778195839096659e-9,3.285453863325711e-8,5.68523444035558e-9,-2.2664693221097404e-10,1.6978890360675914e-10,5.700076906039999e-8,1.6829152271885642e-8,8.423823384669871e-10,4.271946625492805e-8,2.7686201695260376e-7,2.180330993244245e-7,-3.2323667391033423e-10,-1.8946264250307825e-9,4.036059757674585e-8,1.2816402933740715e-8,8.423821684131164e-10,0.2432605878860901,1.7923835096595894e-6,8.382187076723222e-7,-6.064655404449089e-10,-6.175906214134296e-9,1.4685266105043525e-8,-3.6600015250388417e-10,6.720874534816056e-15,3.983375520492536e-16,0.18961929210999337,-2.5399574674256574e-14,0.32554033704827984,-3.663770327975498e-13
TAC + total emissions,TAC_primary,full_TAC,TAC,TotEmiss,ISI,8,0.7,15.50035349079662,9,0.2,51.09035769165535,32.50021056866753,false,0.12210290029952028,-1.2084618751105305e-9,3,3,LOCALLY_SOLVED,Solve_Succeeded,1.449382666,0.2408031888340984,1.0367747969795346e7,51.09035780398277,13.52381196692843,503.57999118633523,5.126570965080088e-17,1.0253141930160176e-16,8.580446091584033e-9,1.2084618751105305e-9,0.24002529173318946,0.20000000120846187,0.5778970997004796,0.9999999557874495,0.38473236281403356,6.352413032429473e-6,2.231403982925506e-6,4.302442290025723e-9,1.3932547349707065e-9,2.3243927483898818e-8,1.3478603902805557e-9,6.07262937079936e-9,2.8940383679231956e-9,2.7520487209738458e-8,1.825655470565464e-9,6.150055417629662e-8,4.859532848593886e-8,1.6887824738042236e-7,2.0428868965151468e-8,5.197944695761319e-9,2.4035138831507e-9,2.4523503172209893e-8,1.8901178120608333e-9,6.14996208257372e-8,0.1525047245409739,1.2455844818059253e-6,1.1673149769107533e-7,7.388355257092959e-10,-9.920292881372226e-10,1.4558459430547573e-8,7.967959003379622e-10,6.684559256036229e-9,-2.1085664597897715e-9,1.5789228417730818e-8,-6.775557357194119e-9,9.216093582617458e-9,-3.126042902300279e-9,9.887688842977273e-9,-7.690105732522303e-9,0.9911208594389133,-3.1985596725544972e-9,5.5574147358951085e-9,-8.580446091584033e-9,7.948118308372116e-9,-2.788052151876413e-9,1.0143998899888393e-8,-7.155965094955285e-9,0.008878915740309506,4.411421149136798e-6,1.092790894138774e-7,-2.661908167793653e-9,1.968314578108535e-9,-2.1743919552684417e-9,1.7373729912275895e-8,-3.63323198349411e-9,4.780491433361913e-10,2.121546982796303e-9,7.231444106101855e-8,2.0025354369882535e-8,6.747365967554842e-10,4.406831151155775e-9,8.561929354140852e-8,2.712402413411546e-8,6.8333949084774e-9,7.399743201267962e-8,5.253989918502028e-7,3.035146246251075e-7,5.775494106401464e-10,3.659896140252202e-9,7.629534320243077e-8,2.808175035061809e-8,6.833291202859686e-9,0.23222310327830117,3.875151721173989e-6,1.7342965371245474e-6,8.209283618992173e-11,-1.5105900523907706e-9,4.529298489503689e-8,1.1838110519306867e-8,2.058258815990319e-14,2.877588664292177e-15,0.25273595440560326,2.20647423359719e-13,0.217035819533232,8.252712533099553e-14
TAC + total emissions,TAC_primary,full_TAC,TAC,TotEmiss,ISI,8,0.7,15.50035349079662,10,0.1,41.79528413016144,32.50021056866753,false,0.22760450818590258,1.0191074421109e-10,3,3,LOCALLY_SOLVED,Solve_Succeeded,1.472463042,0.26781974378636675,1.125540654586905e7,41.79528412068876,11.81600397620281,503.5799916344604,9.022764898540955e-17,1.0253141930160176e-16,8.436347594155933e-9,0.0,0.2672473482946546,0.09999999989808926,0.47239549181409735,0.9999999472675011,0.36630863301056915,6.458039067579938e-6,2.28069555769653e-6,5.479190139191783e-9,1.8174145944600131e-9,2.4630107478186055e-8,1.457179525239795e-9,7.038451064450526e-9,3.082124598754599e-9,2.8109930292070906e-8,1.879289114080525e-9,7.915594719526488e-8,0.06769152807775312,1.7810968948635995e-7,2.124332342137475e-8,6.1744656727256515e-9,2.6861098448138897e-9,2.5308261206799446e-8,1.9848287936257053e-9,6.817792031532238e-8,0.07751188618757919,1.277725598643711e-6,1.1893598730391324e-7,1.942173864166945e-9,-4.0605949741783814e-10,1.629392711591447e-8,9.667755435500462e-10,7.517596984574048e-9,-2.494874057816391e-9,1.4088029748721257e-8,-7.071535790887286e-9,9.605890139522271e-9,-3.4404536205846538e-9,8.991936255363827e-9,-7.80286638070196e-9,0.9999988511034137,-1.3145171589006442e-10,7.071750728676045e-9,-8.436347594155933e-9,8.43905278847079e-9,-3.1378638694091153e-9,9.12826883901968e-9,-7.351964534934605e-9,8.809192501555566e-7,1.3005870216147784e-8,2.9360664914544924e-8,-6.840758187308976e-9,3.0510213601343663e-9,-2.163074231986007e-9,1.6446414176663498e-8,-4.3551970866287635e-9,6.087989043546423e-10,2.767426768836838e-9,7.662700104324548e-8,2.1649524374991236e-8,7.820501182722803e-10,4.69323518446723e-9,8.745311646422058e-8,2.792086683776779e-8,8.795105243918317e-9,0.10307573593657861,5.541190339575642e-7,3.156150908318534e-7,6.86051741413961e-10,4.090212718239331e-9,7.873681264337606e-8,2.9488884933867618e-8,7.57532447948026e-9,0.1180294630583592,3.975146306891545e-6,1.767048954229568e-6,2.1579709601854937e-10,-6.183178710680716e-10,5.0692217693956115e-8,1.436352236131497e-8,2.088927693517656e-14,3.0566384599932345e-15,0.31592218648501813,2.43992347468403e-13,0.10851804153012246,1.3818748920611404e-13
TAC + total emissions,TAC_primary,full_TAC,TAC,TotEmiss,ISI,8,0.7,15.50035349079662,11,0.0,32.50021056866753,32.50021056866753,false,0.3331076813785476,-8.622399354718802e-9,3,3,LOCALLY_SOLVED,Solve_Succeeded,0.016793375,0.28825147778779847,1.1928346906396765e7,32.500211370125896,10.108170647071482,503.57998834912956,3.1845052583085723e-16,3.1845052583085723e-16,9.54792297346296e-9,8.622399354718802e-9,0.2878845854605546,8.622399354718802e-9,0.36689231862145233,0.9999999857130625,0.34788641430248207,6.370269093265672e-7,2.485384101720061e-7,-4.906368269386998e-9,-4.126812314101999e-9,5.3378198547836236e-9,1.2843564002802669e-11,-5.8853438434263426e-9,-4.733120953097777e-9,3.1478023154857993e-9,-1.4589200115705018e-10,1.832033697752638e-8,0.13790094678036743,1.041789173262616e-7,1.6708670529339964e-8,-5.4372949726484185e-9,-4.410007688977518e-9,3.91298800906083e-9,-6.998759117833734e-11,-4.019367511887737e-9,-3.431290746627504e-9,8.085935845775033e-9,2.072133199877932e-10,-6.069491449978316e-9,-4.8091780714226626e-9,2.601545684863165e-9,-1.8387792603834674e-10,7.451436527267049e-10,1.0926244901123557e-10,2.921939055841291e-8,-2.1262863937027577e-9,-2.852658857310822e-9,-3.2459502608336697e-9,2.0428518197704904e-8,1.2451750329969182e-9,0.9999999958091313,-6.7105432726124375e-9,-4.614139875996648e-9,-9.54792297346296e-9,-1.3781016677947067e-9,-9.624167304136747e-10,1.8888332825757786e-8,1.0045790474488846e-10,5.667379629401728e-9,2.903958041411977e-9,3.294481764785941e-8,-4.963506333519389e-9,-3.3916883921468285e-9,-2.904675857904876e-9,1.695939726832765e-8,1.7282560292054468e-9,-5.451520299318885e-10,-6.284009660109862e-9,1.660655065932683e-8,1.9081866518449676e-10,-6.539270937140378e-10,-7.2072523603988885e-9,9.793162759289154e-9,-2.167538302904745e-9,2.0355929975029305e-9,0.20998553259737768,3.241121872372583e-7,2.482431050073366e-7,-6.041438858498241e-10,-6.71523898094304e-9,1.2173740472633691e-8,-1.039815640363869e-9,-4.465963902097484e-10,-5.224920000546426e-9,2.5156244853522327e-8,3.0785978969614983e-9,-6.743879388864792e-10,-7.323066608757236e-9,8.093697686240956e-9,-2.731900615426866e-9,6.0071709572629374e-15,-8.156216533021307e-16,0.37911089556519,-3.0828267125588505e-13,1.2432997980863874e-13,-1.359840983302056e-12
TAC + total emissions,TAC_primary,full_TAC,TAC,TotEmiss,ISI,9,0.8,17.119104166677133,1,1.0,125.45094618360662,32.50021056866753,true,4.457271896237602e-9,0.5892471130121143,3,3,LOCALLY_SOLVED,Solve_Succeeded,0.096808875,0.16772721116479553,7.970767187301223e6,70.67999357015145,17.11910423882925,503.5799893393057,1.5922526291542861e-16,1.5922526291542861e-16,9.090283661767208e-9,4.457271896237602e-9,0.16651645827335038,0.41075288698788576,0.8000000044572719,0.9999999902160257,0.42356435715005863,8.403685765090185e-7,-1.3609603501489925e-9,1.1697772870206417e-8,1.1288631458214519e-8,2.4691743676533872e-8,3.455497727388815e-10,1.1724556446978717e-8,1.1660916759411779e-8,2.495444027897355e-8,3.796559560221459e-10,4.194826002634468e-8,5.130491949559846e-8,4.862717250752785e-8,9.277056437360629e-10,1.1265678245979868e-8,1.1642214519704263e-8,2.4743338801739055e-8,4.574863435663427e-10,4.194826001728393e-8,0.16789930051917476,5.6710973122745045e-8,7.553380231027769e-10,1.0661864190440665e-8,1.0637604491277116e-8,2.3862251758621858e-8,4.367509384496386e-10,2.4373609299091246e-8,-5.632028355571008e-9,-8.466788499236244e-11,-9.050459332453393e-9,2.444394752218325e-8,-5.90666179249554e-9,-6.93530600534392e-10,-9.090283661767208e-9,0.4695969881870751,-5.472788787979643e-9,2.1769010340268017e-10,-8.967077584886009e-9,2.3255191555881333e-8,-5.8251063167648285e-9,-5.556531185031139e-10,-9.011010574632141e-9,0.5304027646070404,-3.0126435496605904e-9,3.341221228419373e-9,-8.817037928976523e-9,2.174205960497429e-8,-5.0219448177978935e-9,1.1627339582012542e-9,-8.793094298199314e-9,1.2997525411340457e-9,1.7189506993190287e-8,7.681875810477204e-8,5.133882337834811e-9,1.302728494108746e-9,1.7756395974558843e-8,7.763603642347325e-8,5.640602775186166e-9,4.660917780704962e-9,7.812340014102492e-8,1.5128453669008664e-7,1.3783055278364361e-8,1.251742027331096e-9,1.7727917564095126e-8,7.697927627207704e-8,6.796939961557091e-9,4.660917779698212e-9,0.2556648439723797,1.764341386040957e-7,1.1222164914669826e-8,1.184651576715629e-9,1.619817047535379e-8,7.423811658237912e-8,6.488871085537488e-9,2.1443377449169056e-14,6.869371373103233e-15,0.11974727818072234,2.5697020968766435e-14,0.44545212571101467,7.550280065675607e-14
TAC + total emissions,TAC_primary,full_TAC,TAC,TotEmiss,ISI,9,0.8,17.119104166677133,2,0.9,116.1558726221127,32.50021056866753,true,8.355933872298076e-9,0.48924702602380743,3,3,LOCALLY_SOLVED,Solve_Succeeded,0.08926175,0.16772716693468506,7.970765742079281e6,70.68000165577855,17.11910430193887,503.57998811023145,1.0253141930160176e-16,1.0253141930160176e-16,9.612350121869669e-9,8.355933872298076e-9,0.16651641395235295,0.4107529739761925,0.800000008355934,1.000000002822778,0.42356446021597105,3.151249166237164e-7,-7.47547857819715e-9,1.948339070694809e-9,1.8941637299792014e-8,1.1847694920574893e-8,2.5195231349186907e-10,1.9423397443572436e-9,1.9156415825272052e-8,1.2359099020240536e-8,3.3753682003820003e-10,5.745869508639308e-9,2.8916181906528952e-8,1.663443178588987e-8,8.686532589727556e-10,1.8216211360232954e-9,1.8335478478578623e-8,1.336214509045307e-8,6.061122593204039e-10,5.745869600582033e-9,0.16789934111767582,1.6764097544632912e-8,4.788846172613286e-10,1.704816070486621e-9,1.7131247605663493e-8,1.3023769080537906e-8,5.821944187369433e-10,3.8505403508272125e-8,-7.398390909956886e-9,-4.90592238569689e-9,-9.521141318807582e-9,3.840501622319951e-8,-7.731167225044756e-9,-5.383234899931596e-9,-9.556212320920534e-9,0.4695969214266097,-8.246095325564348e-9,-6.1089244581289845e-9,-9.612350121869669e-9,3.645026486644342e-8,-7.646048304372055e-9,-5.080550301175833e-9,-9.490011252142923e-9,0.5304029123557176,-7.46508769474963e-9,-5.1502253520516045e-9,-9.555990559348237e-9,3.466992702292357e-8,-6.7392553627541195e-9,-3.543535464429804e-9,-9.298635769134855e-9,2.1648211896608978e-10,2.884294770650147e-8,3.6859495308455215e-8,3.74329151473634e-9,2.1581552715080476e-10,2.916999682484608e-8,3.8450530285192784e-8,5.014832754853257e-9,6.384299454043673e-10,4.403145881221454e-8,5.175156555610182e-8,1.2905705561880939e-8,2.0240234844703273e-10,2.791993313783563e-8,4.157111805918733e-8,9.005096424188858e-9,6.384299556202255e-10,0.2556649057928245,5.215497013885794e-8,7.114857170739738e-9,1.894240078318467e-10,2.608621794498759e-8,4.051839269500682e-8,8.649745649806013e-9,7.536960486420741e-15,4.881917529039605e-15,0.11974721663475439,-1.8029908391368889e-13,0.445452195222553,-2.4243507433195963e-13
TAC + total emissions,TAC_primary,full_TAC,TAC,TotEmiss,ISI,9,0.8,17.119104166677133,3,0.8,106.8607990606188,32.50021056866753,true,4.457271237819898e-9,0.3892471130121155,3,3,LOCALLY_SOLVED,Solve_Succeeded,0.091208667,0.1677272111647958,7.9707671873012325e6,70.67999357015134,17.11910423882924,503.5799893393057,1.5922526291542861e-16,1.5922526291542861e-16,9.09028365843252e-9,4.457271237819898e-9,0.16651645827335065,0.41075288698788454,0.8000000044572713,0.9999999902160256,0.4235643571500579,8.403685781902469e-7,-1.3609603319721541e-9,1.1697772765434374e-8,1.128863131550724e-8,2.4691743638973453e-8,3.4554985211858963e-10,1.1724556344619095e-8,1.166091661829921e-8,2.495444024108828e-8,3.796560403982353e-10,4.194825997123184e-8,5.130491948220038e-8,4.862717272834054e-8,9.277051693624234e-10,1.126567814048032e-8,1.1642214375531355e-8,2.4743338744804925e-8,4.5748643062684864e-10,4.1948259972362754e-8,0.16789930051917498,5.671097346410004e-8,7.553381670840037e-10,1.0661864075623086e-8,1.0637604336039178e-8,2.386225168424472e-8,4.3675101698100677e-10,2.437360904811526e-8,-5.63202834238395e-9,-8.466784692370838e-11,-9.05045932718782e-9,2.4443947277873155e-8,-5.906661786264535e-9,-6.935305796548553e-10,-9.09028365843252e-9,0.46959698818708084,-5.47278878548176e-9,2.1769010994198726e-10,-8.967077579999089e-9,2.3255191308437056e-8,-5.825106308448623e-9,-5.556530961778069e-10,-9.01101057091913e-9,0.5304027646070362,-3.0126435074142183e-9,3.341221298125955e-9,-8.817037921159083e-9,2.174205934152307e-8,-5.021944791623487e-9,1.1627340207773443e-9,-8.793094288473503e-9,1.2997525294927078e-9,1.7189506775886026e-8,7.681875798791742e-8,5.133883517190473e-9,1.3027284827354544e-9,1.775639575968289e-8,7.763603630560797e-8,5.6406040287737805e-9,4.660917774581314e-9,7.81234001206233e-8,1.5128453737705945e-7,1.3783048230527432e-8,1.2517420156089237e-9,1.7727917344559108e-8,7.697927609494865e-8,6.796941255027465e-9,4.660917774706971e-9,0.25566484397238004,1.7643413966608898e-7,1.1222167053819482e-8,1.1846515639581202e-9,1.6198170238968745e-8,7.423811635098355e-8,6.488872252289243e-9,2.1443377418345086e-14,6.869371352640061e-15,0.11974727818072269,2.5697021976306238e-14,0.4454521257110141,7.550279897169866e-14
TAC + total emissions,TAC_primary,full_TAC,TAC,TotEmiss,ISI,9,0.8,17.119104166677133,4,0.7,97.56572549912488,32.50021056866753,true,4.457271457292466e-9,0.289247113012116,3,3,LOCALLY_SOLVED,Solve_Succeeded,0.08867725,0.16772721116479591,7.970767187301236e6,70.67999357015128,17.119104238829244,503.5799893393058,1.3586493389542661e-22,1.0253141930160176e-16,9.090283654686909e-9,4.457271457292466e-9,0.16651645827335076,0.4107528869878839,0.8000000044572715,0.9999999902160256,0.42356435715005714,8.403685815845548e-7,-1.3609602652727517e-9,1.1697772736236531e-8,1.1288631286278666e-8,2.4691743693714956e-8,3.455498434389549e-10,1.1724556322342497e-8,1.1660916598601832e-8,2.495444030455956e-8,3.796560313679833e-10,4.194825992192032e-8,5.1304919481020573e-8,4.8627172946518076e-8,9.277052206394109e-10,1.1265678118099592e-8,1.164221435252143e-8,2.4743338800719416e-8,4.574864211511022e-10,4.194825992129561e-8,0.16789930051917473,5.671097379619191e-8,7.553381545835422e-10,1.0661864035611685e-8,1.0637604284851915e-8,2.3862251710120387e-8,4.36751007666072e-10,2.4373608997186446e-8,-5.632028317215133e-9,-8.466778889802299e-11,-9.050459321798789e-9,2.4443947245034575e-8,-5.906661769249268e-9,-6.935305399664508e-10,-9.090283654686909e-9,0.469596988187081,-5.472788782949819e-9,2.1769011637195483e-10,-8.967077579969729e-9,2.3255191275384903e-8,-5.8251062889915975e-9,-5.556530522121879e-10,-9.011010565992691e-9,0.5304027646070366,-3.012643464622758e-9,3.341221368365296e-9,-8.817037916002379e-9,2.174205926517385e-8,-5.02194475020675e-9,1.1627341122830703e-9,-8.793094277111434e-9,1.299752526248503e-9,1.718950673137888e-8,7.68187581582243e-8,5.133883388235902e-9,1.3027284802602769e-9,1.7756395729689152e-8,7.76360365030742e-8,5.640603894610037e-9,4.660917769102256e-9,7.812340011882678e-8,1.5128453805583402e-7,1.3783048992356961e-8,1.2517420131221762e-9,1.772791730952127e-8,7.697927626890484e-8,6.796941114244946e-9,4.660917769032843e-9,0.2556648439723797,1.7643414069926372e-7,1.1222166868098342e-8,1.1846515595124092e-9,1.6198170161024502e-8,7.423811643148564e-8,6.488872113895927e-9,2.144337743744417e-14,6.869371329333676e-15,0.1197472781807229,2.569702202540177e-14,0.4454521257110141,7.550279573720843e-14
TAC + total emissions,TAC_primary,full_TAC,TAC,TotEmiss,ISI,9,0.8,17.119104166677133,5,0.6,88.27065193763099,32.50021056866753,true,4.457271237819898e-9,0.18924711301211797,3,3,LOCALLY_SOLVED,Solve_Succeeded,0.085484709,0.1677272111647963,7.970767187301249e6,70.67999357015111,17.11910423882924,503.57998933930554,1.5922526291542861e-16,1.5922526291542861e-16,9.09028364691417e-9,4.457271237819898e-9,0.16651645827335115,0.4107528869878821,0.8000000044572713,0.9999999902160255,0.423564357150055,8.403685888946734e-7,-1.3609601185166163e-9,1.169777269135079e-8,1.1288631248834106e-8,2.4691743824490265e-8,3.4554980809311143e-10,1.1724556292549998e-8,1.1660916582308245e-8,2.4954440455046714e-8,3.796559942422178e-10,4.194825982182084e-8,5.130491948098146e-8,4.862717339393906e-8,9.277054302125443e-10,1.1265678088700959e-8,1.1642214329394096e-8,2.47433389379834e-8,4.5748638247783575e-10,4.19482598152451e-8,0.16789930051917398,5.671097447619105e-8,7.553380981211774e-10,1.066186396836664e-8,1.0637604200475603e-8,2.386225178321228e-8,4.367509710431689e-10,2.437360893243617e-8,-5.632028263152316e-9,-8.466766578403311e-11,-9.050459310708866e-9,2.4443947219693847e-8,-5.9066617321673195e-9,-6.935304547327582e-10,-9.09028364691417e-9,0.46959698818708073,-5.472788777744433e-9,2.1769012955253635e-10,-8.967077580873652e-9,2.3255191250199964e-8,-5.825106246823927e-9,-5.556529576331038e-10,-9.011010555635227e-9,0.5304027646070373,-3.01264337665444e-9,3.3412215126875194e-9,-8.817037905943037e-9,2.1742059145677255e-8,-5.021944662133535e-9,1.162734305924958e-9,-8.793094253455389e-9,1.2997525212611984e-9,1.7189506674361024e-8,7.681875856508082e-8,5.1338828630976545e-9,1.3027284769499991e-9,1.7756395704878465e-8,7.763603697125642e-8,5.640603343027235e-9,4.6609177579800916e-9,7.812340011876721e-8,1.5128453944781037e-7,1.3783052106014942e-8,1.2517420098556617e-9,1.7727917274304644e-8,7.697927669594835e-8,6.796940539670701e-9,4.660917757249454e-9,0.25566484397237854,1.764341428148166e-7,1.122216602922892e-8,1.1846515520407372e-9,1.6198170032542392e-8,7.423811665888265e-8,6.488871569784224e-9,2.144337736758522e-14,6.8693712715996005e-15,0.11974727818072346,2.5697021938806034e-14,0.4454521257110137,7.550278878797754e-14
TAC + total emissions,TAC_primary,full_TAC,TAC,TotEmiss,ISI,9,0.8,17.119104166677133,6,0.5,78.97557837613707,32.50021056866753,true,8.355933872298076e-9,0.08924702602380986,3,3,LOCALLY_SOLVED,Solve_Succeeded,0.08703875,0.16772716693468542,7.970765742079293e6,70.68000165577833,17.11910430193887,503.5799881102312,2.0301221021717148e-17,6.29004323589938e-23,9.61235012118831e-9,8.355933872298076e-9,0.1665164139523533,0.41075297397619004,0.800000008355934,1.000000002822778,0.4235644602159686,3.1512492434994293e-7,-7.475478522519614e-9,1.9483390225999876e-9,1.894163712713497e-8,1.1847695142493118e-8,2.5195231320815807e-10,1.9423397005222827e-9,1.9156415703261717e-8,1.2359099259362872e-8,3.3753681999410324e-10,5.745869454781089e-9,2.891618190051574e-8,1.6634432163365058e-8,8.686532615771308e-10,1.8216210903541248e-9,1.8335478337568522e-8,1.3362145327910957e-8,6.061122581182618e-10,5.745869546725302e-9,0.16789934111767543,1.6764097962922557e-8,4.788846188394464e-10,1.7048160072643422e-9,1.7131247286795842e-8,1.302376925875487e-8,5.821944138596262e-10,3.8505403226799986e-8,-7.3983908086831316e-9,-4.9059222167950125e-9,-9.521141303444744e-9,3.8405016013649013e-8,-7.731167167006328e-9,-5.383234794465049e-9,-9.556212311077228e-9,0.46959692142661125,-8.24609532162611e-9,-6.108924447307373e-9,-9.61235012118831e-9,3.6450264631039946e-8,-7.646048235255837e-9,-5.080550172692232e-9,-9.490011237829707e-9,0.5304029123557177,-7.465087636628639e-9,-5.1502252565725344e-9,-9.555990551527984e-9,3.466992653229822e-8,-6.739255154974193e-9,-3.5435351231080477e-9,-9.298635726199726e-9,2.1648211362222075e-10,2.884294744359188e-8,3.6859495998867476e-8,3.743291510521205e-9,2.1581552228025355e-10,2.9169996639057614e-8,3.845053102912893e-8,5.014832754198104e-9,6.384299394201207e-10,4.4031458803058053e-8,5.175156673046907e-8,1.2905705600574514e-8,2.0240234337268044e-10,2.7919932923115702e-8,4.15711187979452e-8,9.005096406328462e-9,6.384299496361446e-10,0.2556649057928239,5.2154971440203506e-8,7.114857194186059e-9,1.8942400080714908e-10,2.6086217459439124e-8,4.051839324945959e-8,8.649745577343016e-9,7.536960345288178e-15,4.881917415898366e-15,0.11974721663475488,-1.802990839534989e-13,0.44545219522255286,-2.424350876024564e-13
TAC + total emissions,TAC_primary,full_TAC,TAC,TotEmiss,ISI,9,0.8,17.119104166677133,7,0.4,69.68050481464317,32.50021056866753,false,0.011064959317744883,-7.833012192119811e-9,3,3,LOCALLY_SOLVED,Solve_Succeeded,0.387538083,0.17228512452926373,8.120103357887025e6,69.68050554272742,16.939990062935234,503.5799883647923,1.5922526291542861e-16,1.5922526291542861e-16,9.608477166892591e-9,7.833012192119811e-9,0.17109618948074845,0.40000000783301226,0.7889350406822552,0.9999999967284741,0.42155422150621313,3.0136872060368193e-6,1.1303223794061205e-6,-4.738099613964691e-9,-2.9895909028205727e-9,8.862296033350996e-9,2.614566536332404e-10,-3.4032631589791505e-9,-8.847410587454515e-10,1.532495034852542e-8,8.597639497024631e-10,3.797101490145341e-9,2.856139695811484e-8,9.022204922249118e-8,1.4844007263552006e-8,-4.118698561889319e-9,-2.1069011307376545e-9,1.0642668055661954e-8,5.913084715021229e-10,3.797101500747805e-9,0.16700130356732634,5.790244932661718e-7,5.663208642144444e-8,-5.997295066392836e-9,-4.293547060019951e-9,4.025853086751909e-9,-7.760251463856096e-11,-1.5706901462790543e-9,8.750667681713275e-10,2.902937940750754e-8,-3.239342867291342e-9,2.500378288631248e-9,3.703925097484047e-9,2.1496756902253373e-8,-6.090850608249565e-9,0.4960888414510553,-7.966983546455012e-9,-5.60467376449737e-9,-9.608477166892591e-9,1.4877377217095549e-10,1.9296610662668526e-9,1.740826060208985e-8,-3.379335576051331e-9,0.5039111704476485,0.00025543639394903534,2.3801117386834958e-8,-8.019933558170089e-9,-4.4007432989268184e-9,-2.6518528228009914e-9,1.646909100493459e-8,1.3284267232435776e-9,-5.264555126627432e-10,-4.552331602022235e-9,2.757158765931421e-8,3.884498853979571e-9,-3.781403509976832e-10,-1.3472193394533012e-9,4.767762330652352e-8,1.2773635824150878e-8,4.219001655717044e-10,4.349121809531123e-8,2.806908198033059e-7,2.2053953648705834e-7,-4.576331735432575e-10,-3.2082358127141556e-9,3.311052283983719e-8,8.785154433745823e-9,4.2190016674975596e-10,0.2542974395229742,1.801409534605868e-6,8.413909982614602e-7,-6.663661184880925e-10,-6.53790120503038e-9,1.2524876269894828e-8,-1.1529516460586198e-9,6.5961494539650096e-15,2.078391380368664e-16,0.12650271100129415,-6.078955724940121e-14,0.4340446540324856,-5.444879625469608e-13
TAC + total emissions,TAC_primary,full_TAC,TAC,TotEmiss,ISI,9,0.8,17.119104166677133,8,0.3,60.38543125314926,32.50021056866753,false,0.11654313238497155,9.075937869132538e-8,3,1,LOCALLY_SOLVED,Solve_Succeeded,1.344868292,0.20976518357266827,9.348955789228162e6,60.38542281699824,15.232561423503087,503.5800313148691,1.5922526291542861e-16,1.5922526291542861e-16,8.1572753590337e-9,0.0,0.2087817267958126,0.2999999092406213,0.6834568676150286,0.9999993945430319,0.4031067526446136,0.00011877678691360625,3.670595183367078e-5,1.400192126069708e-8,3.4120713290195942e-9,2.9818425178729374e-8,1.8820160830334826e-9,1.3931792357249607e-8,3.400401602273629e-9,2.9740638870507577e-8,1.8864836509371073e-9,1.067052973333548e-6,9.438630415914882e-7,3.1213934087271504e-6,3.3548726381842093e-7,1.3922467191621617e-8,3.4347163191796722e-9,2.968741448547039e-8,1.914049432665028e-9,1.067049784528243e-6,0.15973823190185768,2.5228833234525386e-5,1.968426175875508e-6,1.3350325405230122e-8,3.1949643562770465e-9,2.892939009023155e-8,1.849187532680732e-9,1.0207811993879417e-8,-4.6626870104735695e-9,6.352081368803366e-9,-8.1572753590337e-9,1.0155443019967385e-8,-4.649600393561017e-9,6.390650026818208e-9,-8.144938088680534e-9,0.7435967684358309,7.581325319663036e-8,1.8412421507043902e-7,6.871354319491212e-9,1.0148477705828086e-8,-4.670535050166075e-9,6.229215226223205e-9,-8.149663716318049e-9,0.25640015330927673,0.00012828612577365977,1.5297251241366175e-6,7.861432967784831e-8,9.720342572639524e-9,-4.447565146706958e-9,7.199745614389263e-9,-7.998341683974821e-9,1.5557690289663416e-9,5.195654069188927e-9,9.276843388938028e-8,2.7961381805068877e-8,1.5479769285832893e-9,5.17788425800757e-9,9.252643204157911e-8,2.8027757099637018e-8,1.1856144148150527e-7,1.4372459951506752e-6,9.711001716040022e-6,4.984382205302254e-6,1.546940799069068e-9,5.230136213296318e-9,9.236084506590787e-8,2.8437305856737556e-8,1.1856108716980474e-7,0.24323776221419235,7.84897033963012e-5,2.9245188898721828e-5,1.483369489470013e-9,4.8650593606945924e-9,9.000254694738704e-8,2.747364334268516e-8,3.0948713539961666e-13,5.137069168831576e-14,0.18962014563128016,4.915934546521523e-12,0.32553859800950835,7.091452319750864e-12
TAC + total emissions,TAC_primary,full_TAC,TAC,TotEmiss,ISI,9,0.8,17.119104166677133,9,0.2,51.09035769165535,32.50021056866753,false,0.2221029002948336,-1.208462333768161e-9,3,2,LOCALLY_SOLVED,Solve_Succeeded,1.357670792,0.24080318883412263,1.0367747969795983e7,51.09035780398281,13.523811967004297,503.57999118633523,4.0602442043434296e-17,2.0128138354878017e-21,8.580446133638907e-9,1.208462333768161e-9,0.240025291733209,0.20000000120846234,0.5778970997051665,0.9999999557874482,0.38473236281096357,6.352419334326846e-6,2.2314082456376922e-6,4.302441881198779e-9,1.393254445372669e-9,2.3243927170882382e-8,1.3478604994132375e-9,6.072628952024142e-9,2.8940380522008078e-9,2.752048702794003e-8,1.8256556528826185e-9,6.150055374827123e-8,4.859532855082998e-8,1.688782648549077e-7,2.0428875185882095e-8,5.1979442895413815e-9,2.4035135750060934e-9,2.4523502918516455e-8,1.890117983188919e-9,6.149962040558911e-8,0.1525047245397502,1.2455859978549594e-6,1.1673175979965754e-7,7.388351899805157e-10,-9.920295076695464e-10,1.4558459062958261e-8,7.967959343093955e-10,6.684558715129395e-9,-2.108566515584429e-9,1.5789228807348365e-8,-6.775557249255604e-9,9.216093004726286e-9,-3.126042931491245e-9,9.887689057222696e-9,-7.69010568791176e-9,0.9911208594388183,-3.198559647019157e-9,5.5574147922187025e-9,-8.580446133638907e-9,7.94811776007543e-9,-2.7880521814210135e-9,1.0143999106391326e-8,-7.155965036928404e-9,0.008878915740408017,4.411421169205444e-6,1.0927909045268183e-7,-2.661908645506765e-9,1.968314169794941e-9,-2.174392105348535e-9,1.737373000697571e-8,-3.6332317722174414e-9,4.780490979109753e-10,2.1215465418174733e-9,7.231444008718963e-8,2.002535599128238e-8,6.747365502249043e-10,4.406830670396684e-9,8.561929297581342e-8,2.7124026842827472e-8,6.833394860919024e-9,7.39974321114911e-8,5.253990462152684e-7,3.035147170473911e-7,5.775493655045978e-10,3.6598956710320055e-9,7.629534241316231e-8,2.8081752893092514e-8,6.833291156176566e-9,0.2322231032764378,3.875156437770985e-6,1.7343004313091973e-6,8.209279888672393e-11,-1.5105903866786274e-9,4.5292983751425697e-8,1.1838111024025303e-8,2.0582588194710823e-14,2.877588605423427e-15,0.25273595440559915,2.206474300721118e-13,0.2170358195332543,8.252712787009574e-14
TAC + total emissions,TAC_primary,full_TAC,TAC,TotEmiss,ISI,9,0.8,17.119104166677133,10,0.1,41.79528413016144,32.50021056866753,false,0.3276045081816364,1.0191059132521318e-10,3,2,LOCALLY_SOLVED,Solve_Succeeded,1.447424708,0.2678197437864317,1.1255406545871029e7,41.79528412068878,11.81600397627187,503.5799916344604,3.1845052583085723e-16,3.1845052583085723e-16,8.436347613288514e-9,0.0,0.26724734829471525,0.09999999989808941,0.47239549181836366,0.9999999472675016,0.3663086330017257,6.4580800891362945e-6,2.2806975722633393e-6,5.479189769438226e-9,1.8174143395536328e-9,2.4630109611502123e-8,1.4571795452168968e-9,7.038450614880686e-9,3.082124271660383e-9,2.8109932868425757e-8,1.879289140253317e-9,7.915594693184769e-8,0.06769152807774022,1.7810977233774324e-7,2.124332628112187e-8,6.174465301959034e-9,2.686109578560205e-9,2.530826333234789e-8,1.9848288273354325e-9,6.817792080127341e-8,0.07751188618408764,1.2777354859101426e-6,1.1893611140628156e-7,1.9421736669830284e-9,-4.06059621762228e-10,1.6293928220329294e-8,9.667755598853926e-10,7.517596496463403e-9,-2.4948742629708382e-9,1.4088030061323686e-8,-7.07153583713038e-9,9.605889523251241e-9,-3.440453797342217e-9,8.991936329398197e-9,-7.802866419176799e-9,0.9999988511033396,-1.3145168652641014e-10,7.071750835364057e-9,-8.436347613288514e-9,8.439052290644158e-9,-3.1378640233250728e-9,9.128268910854963e-9,-7.351964579516789e-9,8.809193277793308e-7,1.3005870728619183e-8,2.9360664522661878e-8,-6.840758198034226e-9,3.0510211194899266e-9,-2.1630743780535838e-9,1.644641465689788e-8,-4.355197142439992e-9,6.087988632709137e-10,2.7674263806839405e-9,7.662700768022881e-8,2.1649524671793893e-8,7.820500683200759e-10,4.6932346863919465e-9,8.74531244795468e-8,2.7920867226620703e-8,8.79510521464974e-9,0.10307573593655894,5.541192917174234e-7,3.1561513331952485e-7,6.860517002176702e-10,4.090212312807585e-9,7.873681925619344e-8,2.948888543469785e-8,7.57532453347482e-9,0.11802946305304253,3.9751770672759985e-6,1.7670507980361827e-6,2.157970741092253e-10,-6.183180604106652e-10,5.0692221129913357e-8,1.4363522604011547e-8,2.088927703885981e-14,3.0566384994848815e-15,0.3159221864850183,2.439923547842043e-13,0.10851804153012153,1.3818749672503914e-13
TAC + total emissions,TAC_primary,full_TAC,TAC,TotEmiss,ISI,9,0.8,17.119104166677133,11,0.0,32.50021056866753,32.50021056866753,false,0.43310768137854105,-8.622399278275864e-9,3,3,LOCALLY_SOLVED,Solve_Succeeded,0.016237917,0.2882514777877984,1.1928346906396763e7,32.50021137012589,10.10817064707159,503.57998834912934,4.776757887462858e-16,4.776757887462858e-16,9.547922974780965e-9,8.622399278275864e-9,0.28788458546055457,8.622399278275864e-9,0.366892318621459,0.9999999857130625,0.34788641430247863,6.370269109318994e-7,2.48538416862414e-7,-4.906368270468803e-9,-4.1268123152282065e-9,5.337819858476481e-9,1.2843568184530564e-11,-5.885343847173682e-9,-4.733120955612444e-9,3.1478023112736323e-9,-1.458919991913232e-10,1.832033699270642e-8,0.13790094678036613,1.0417891775461623e-7,1.6708670931085358e-8,-5.43729497483148e-9,-4.410007690560791e-9,3.912988009093243e-9,-6.99875882568489e-11,-4.0193675182598035e-9,-3.4312907522226842e-9,8.085935838050351e-9,2.0721332584797829e-10,-6.069491450939742e-9,-4.809178072144136e-9,2.601545686264906e-9,-1.8387792398715614e-10,7.451436464720588e-10,1.0926242859629629e-10,2.9219390518007645e-8,-2.1262863849220767e-9,-2.852658869274577e-9,-3.245950279832037e-9,2.0428518146042938e-8,1.2451750470875437e-9,0.9999999958091313,-6.710543271305831e-9,-4.614139875465043e-9,-9.547922974780965e-9,-1.378101676529075e-9,-9.624167462651942e-10,1.8888332809529114e-8,1.0045791125945737e-10,5.667379582435154e-9,2.903957999035294e-9,3.294481764374611e-8,-4.963506314799147e-9,-3.391688395408781e-9,-2.9046758674064752e-9,1.695939725251988e-8,1.7282560330317996e-9,-5.451520300520889e-10,-6.2840096618247685e-9,1.6606550670815713e-8,1.9081872731302553e-10,-6.539270941304088e-10,-7.20725236422804e-9,9.793162746184631e-9,-2.167538273699659e-9,2.0355929991896014e-9,0.20998553259737568,3.241121885699171e-7,2.4824311097612533e-7,-6.041438860923865e-10,-6.71523898335393e-9,1.2173740472734534e-8,-1.0398155969588976e-9,-4.465963909177558e-10,-5.224920009066359e-9,2.515624482948998e-8,3.078597984027106e-9,-6.743879389933044e-10,-7.323066609855843e-9,8.093697690601929e-9,-2.731900584952034e-9,6.007170962223756e-15,-8.156216525608808e-16,0.37911089556518995,-3.082826709003427e-13,1.2432998286517397e-13,-1.359840983694848e-12
TAC + total emissions,TAC_primary,full_TAC,TAC,TotEmiss,ISI,10,0.9,18.737854842557642,1,1.0,125.45094618360662,32.50021056866753,true,7.293793306568628e-9,0.49436048655425896,3,3,LOCALLY_SOLVED,Solve_Succeeded,0.080951125,0.11947361905683213,6.390956067897069e6,79.49977529942905,18.73785496062597,503.5799887701241,1.5922526291542861e-16,1.5922526291542861e-16,9.275494920876675e-9,7.293793306568628e-9,0.11806797953609259,0.5056395134457411,0.9000000072937933,0.9999999961219578,0.44104647653622114,6.276875544322991e-7,-4.588692352520841e-9,8.582305215906859e-9,1.3768647691293225e-8,2.0470413784959706e-8,3.4477560234702176e-10,8.617065523029385e-9,1.4183931250950262e-8,2.080135637344653e-8,3.807161804875641e-10,2.3967564460195243e-8,5.2428558802034465e-8,3.507145971576298e-8,8.59956650926825e-10,8.334211663657046e-9,1.4016483606794236e-8,2.095248452071517e-8,4.6371604811360966e-10,2.3967570716152585e-8,0.17482914105669484,3.751144031821735e-8,6.937578318013005e-10,7.907410191777038e-9,1.2837429110591789e-8,2.0296059712289223e-8,4.438705566720288e-10,2.8843742368167417e-8,-6.155108104493009e-9,-1.7903896694972074e-9,-9.220281195377852e-9,2.900137979214476e-8,-6.493090496731689e-9,-2.4202391791218717e-9,-9.26988674836503e-9,0.23479177310424412,-6.638832503280893e-9,-2.5705430370281423e-9,-9.275494920876675e-9,2.7738740228321838e-8,-6.39944260628675e-9,-2.197715811924868e-9,-9.208242560115705e-9,0.7652080210993111,-5.050036680835903e-9,-5.726183210970383e-10,-9.151436255765162e-9,2.5916620291218316e-8,-5.463262377090134e-9,-4.074877423054289e-10,-8.996780473258524e-9,9.535894684340951e-10,2.096589534810559e-8,6.368573177543019e-8,5.122380377727179e-9,9.574517247810424e-10,2.1598258950310624e-8,6.471533093961141e-8,5.6563546815295235e-9,2.6630627177994707e-9,7.983439635764339e-8,1.0911120800459592e-7,1.277649881376997e-8,9.260235181841158e-10,2.1343281855800312e-8,6.518550739778051e-8,6.8894955719736275e-9,2.663063412905842e-9,0.2662171011545126,1.1670225876778732e-7,1.0307259215333605e-8,8.786011324196705e-10,1.954790341840113e-8,6.314329688267758e-8,6.594648270555856e-9,2.1090762341061002e-14,8.373442792913645e-15,0.05987193813280175,-1.0532967718363549e-13,0.5482932991331665,-1.0973883940227757e-13
TAC + total emissions,TAC_primary,full_TAC,TAC,TotEmiss,ISI,10,0.9,18.737854842557642,2,0.9,116.1558726221127,32.50021056866753,true,7.293793306568628e-9,0.3943604865542594,3,3,LOCALLY_SOLVED,Solve_Succeeded,0.074972667,0.11947361905683247,6.39095606789708e6,79.49977529942899,18.73785496062597,503.5799887701242,3.1845052583085723e-16,3.1845052583085723e-16,9.275494920740364e-9,7.293793306568628e-9,0.11806797953609294,0.5056395134457404,0.9000000072937933,0.9999999961219577,0.44104647653622076,6.276875556005746e-7,-4.588692338371565e-9,8.582305204339032e-9,1.3768647671918091e-8,2.0470413808923247e-8,3.447756022704891e-10,8.617065513366807e-9,1.4183931236349378e-8,2.0801356400295843e-8,3.807161804685443e-10,2.3967564446959417e-8,5.242855880085517e-8,3.507145979000572e-8,8.59956651298906e-10,8.334211653655057e-9,1.4016483590524027e-8,2.0952484545035715e-8,4.6371604803927575e-10,2.3967570702909562e-8,0.17482914105669478,3.751144041023946e-8,6.937578320978202e-10,7.907410176106032e-9,1.2837429079515905e-8,2.029605972625753e-8,4.438705563165617e-10,2.884374233467712e-8,-6.155108093019734e-9,-1.7903896462097e-9,-9.220281193202977e-9,2.9001379767233256e-8,-6.4930904894983835e-9,-2.4202391638951934e-9,-9.269886746933938e-9,0.23479177310424526,-6.638832502472988e-9,-2.5705430348218216e-9,-9.275494920740364e-9,2.7738740202266122e-8,-6.399442597857378e-9,-2.197715794512603e-9,-9.208242558260668e-9,0.7652080210993104,-5.050036668427231e-9,-5.726183008008813e-10,-9.151436254161752e-9,2.5916620242186613e-8,-5.463262356525709e-9,-4.074877022993076e-10,-8.996780468581466e-9,9.53589467148781e-10,2.0965895318602543e-8,6.368573184998342e-8,5.1223803765901236e-9,9.574517237074227e-10,2.159825892807746e-8,6.471533102314261e-8,5.656354681246943e-9,2.663062716328823e-9,7.983439635584764e-8,1.0911120823557334e-7,1.277649881929803e-8,9.260235170727837e-10,2.134328183102522e-8,6.518550747344444e-8,6.889495570869239e-9,2.6630634114343947e-9,0.26621710115451247,1.1670225905407831e-7,1.0307259219739043e-8,8.786011306784477e-10,1.9547903371081034e-8,6.314329692613454e-8,6.5946482652746295e-9,2.109076232965396e-14,8.373442782096551e-15,0.05987193813280206,-1.0532967714830886e-13,0.5482932991331662,-1.0973884129599782e-13
TAC + total emissions,TAC_primary,full_TAC,TAC,TotEmiss,ISI,10,0.9,18.737854842557642,3,0.8,106.8607990606188,32.50021056866753,true,1.0022187166794845e-8,0.2943604124919931,3,3,LOCALLY_SOLVED,Solve_Succeeded,0.076185916,0.11947356989942495,6.390954462465171e6,79.49978218357114,18.737855004791864,503.57998790374387,6.315935428978668e-17,5.126570965080088e-17,9.730845224400533e-9,1.0022187166794845e-8,0.11806793030189476,0.505639587508007,0.9000000100221871,1.0000000049653308,0.4410465642367978,1.9003311697378893e-7,-8.307836194334942e-9,-1.1525724630017438e-9,2.119325476591522e-8,7.906538226248735e-9,2.494883770914004e-10,-1.1482335634905306e-9,2.1277378845782343e-8,8.293656713085985e-9,3.387611158150559e-10,6.044005806558807e-10,2.9649076831422498e-8,1.0726324441026941e-8,8.454062196481807e-10,-1.1836783579690825e-9,2.0327734967976788e-8,9.146386630936036e-9,6.259350960406462e-10,6.044012441791817e-10,0.174829176300154,1.0393721072516955e-8,4.571291253154815e-10,-1.2304004375391622e-9,1.9307499473483376e-8,8.990925194605213e-9,6.079128859043159e-10,4.27844083787003e-8,-7.993730016891637e-9,-6.187794615915848e-9,-9.64229137797001e-9,4.2940766670176834e-8,-8.277944015964647e-9,-6.577237924045797e-9,-9.674448263839659e-9,0.23479173064251213,-8.72131819976955e-9,-7.221847920296051e-9,-9.730845224400533e-9,4.168569934800311e-8,-8.202089151542259e-9,-6.332663292129188e-9,-9.633652014241023e-9,0.7652081107022107,-8.204240097026884e-9,-6.567281698727649e-9,-9.684160739689503e-9,4.0105381370229776e-8,-7.411971059997634e-9,-5.0722169419337304e-9,-9.49018757411906e-9,-1.280636070001937e-10,3.227154702991636e-8,2.4598118926107173e-8,3.7066844596436625e-9,-1.2758150705450336e-10,3.2399645060623116e-8,2.5802487551823067e-8,5.0330222921094025e-9,6.715562007287562e-11,4.5147457902393344e-8,3.33707871498616e-8,1.2560320977630114e-8,-1.3151981755212023e-10,3.09535964285101e-8,2.845542507402322e-8,9.299607141175313e-9,6.715569379768683e-11,0.266217154820689,3.233602111449719e-8,6.791632718972867e-9,-1.3671115972657352e-10,2.9400056016440592e-8,2.79717672721051e-8,9.031848590578407e-9,7.417289344858634e-15,6.5231086129631e-15,0.059871889557782734,-3.0069764668808725e-13,0.5482933527247233,-4.101807723995661e-13
TAC + total emissions,TAC_primary,full_TAC,TAC,TotEmiss,ISI,10,0.9,18.737854842557642,4,0.7,97.56572549912488,32.50021056866753,true,7.293792648150924e-9,0.19436048655426158,3,3,LOCALLY_SOLVED,Solve_Succeeded,0.070899417,0.11947361905683333,6.390956067897108e6,79.49977529942879,18.73785496062596,503.57998877012403,1.804552979708191e-16,1.0253141930160176e-16,9.27549492004661e-9,7.293792648150924e-9,0.1180679795360938,0.5056395134457383,0.9000000072937926,0.9999999961219577,0.44104647653621926,6.276875615431881e-7,-4.588692266397832e-9,8.582305145493807e-9,1.376864757333445e-8,2.0470413930815947e-8,3.44775601892165e-10,8.617065464213387e-9,1.4183931162052771e-8,2.080135653686348e-8,3.807161803835239e-10,2.396756437961964e-8,5.2428558794693693e-8,3.5071460167643614e-8,8.599566531350055e-10,8.334211602773424e-9,1.4016483507733702e-8,2.0952484668736952e-8,4.637160476745393e-10,2.396757063557085e-8,0.17482914105669445,3.751144087835046e-8,6.937578336136772e-10,7.907410096385726e-9,1.2837428921410467e-8,2.0296059797297374e-8,4.438705545210366e-10,2.884374216429393e-8,-6.155108034655557e-9,-1.7903895277455844e-9,-9.22028118213911e-9,2.9001379640486476e-8,-6.493090452702546e-9,-2.420239086436463e-9,-9.269886739653735e-9,0.23479177310424845,-6.6388324983630496e-9,-2.5705430235979663e-9,-9.27549492004661e-9,2.773874006969533e-8,-6.3994425549772545e-9,-2.1977157059362555e-9,-9.208242548823899e-9,0.7652080210993082,-5.050036605302211e-9,-5.726181975508015e-10,-9.151436246004654e-9,2.591661999273809e-8,-5.463262251914746e-9,-4.07487498788076e-10,-8.996780444788975e-9,9.535894606104226e-10,2.096589516848655e-8,6.368573222920516e-8,5.122380370969308e-9,9.574517182459315e-10,2.159825881494399e-8,6.471533144801971e-8,5.656354679983783e-9,2.6630627088466252e-9,7.983439634646539e-8,1.0911120941044678e-7,1.2776498846577222e-8,9.260235114192689e-10,2.1343281704958137e-8,6.518550785829273e-8,6.8894955654502975e-9,2.6630634039523152e-9,0.26621710115451197,1.1670226051042364e-7,1.0307259242260346e-8,8.78601121820636e-10,1.954790313032957e-8,6.314329714714737e-8,6.594648238598258e-9,2.1090762221526708e-14,8.373442696721871e-15,0.05987193813280296,-1.053296769446966e-13,0.548293299133165,-1.0973885097614281e-13
TAC + total emissions,TAC_primary,full_TAC,TAC,TotEmiss,ISI,10,0.9,18.737854842557642,5,0.6,88.27065193763099,32.50021056866753,true,7.293792648150924e-9,0.0943604865542654,3,3,LOCALLY_SOLVED,Solve_Succeeded,0.076255125,0.11947361905683426,6.390956067897139e6,79.49977529942845,18.73785496062596,503.5799887701239,1.5922526291542861e-16,1.5922526291542861e-16,9.27549491859699e-9,7.293792648150924e-9,0.11806797953609474,0.5056395134457347,0.9000000072937926,0.9999999961219576,0.44104647653621565,6.276875739613043e-7,-4.588692115996225e-9,8.582305022529971e-9,1.3768647367334716e-8,2.047041418553193e-8,3.4477560109837443e-10,8.61706536150144e-9,1.4183931006803391e-8,2.0801356822247125e-8,3.8071618020242e-10,2.3967564238904763e-8,5.2428558781829606e-8,3.5071460956781184e-8,8.599566569884093e-10,8.3342114964507e-9,1.401648333473624e-8,2.0952484927235106e-8,4.6371604690843455e-10,2.3967570494856585e-8,0.1748291410566937,3.751144185654498e-8,6.937578367791542e-10,7.907409929800276e-9,1.283742859103047e-8,2.0296059945751415e-8,4.4387055076527603e-10,2.8843741808258138e-8,-6.155107912694614e-9,-1.7903892801969177e-9,-9.220281159019546e-9,2.9001379375639393e-8,-6.493090375811965e-9,-2.4202389245746e-9,-9.26988672444068e-9,0.23479177310425142,-6.638832489774729e-9,-2.5705430001440215e-9,-9.27549491859699e-9,2.7738739792678036e-8,-6.399442465372635e-9,-2.197715520842333e-9,-9.208242529104368e-9,0.7652080210993073,-5.050036473393169e-9,-5.726179817944205e-10,-9.151436228959258e-9,2.5916619471486663e-8,-5.463262033314216e-9,-4.074870735203769e-10,-8.996780395071025e-9,9.535894469477743e-10,2.0965894854805133e-8,6.368573302165488e-8,5.122380359175848e-9,9.57451706833493e-10,2.1598258578541528e-8,6.471533233587994e-8,5.656354677293096e-9,2.663062693211639e-9,7.98343963268769e-8,1.0911121186554145e-7,1.2776498903827791e-8,9.260234996056331e-10,2.1343281441530183e-8,6.518550866250922e-8,6.889495554068169e-9,2.6630633883173973e-9,0.26621710115451086,1.1670226355369548e-7,1.030725928929029e-8,8.786011033111414e-10,1.954790262725094e-8,6.31432976090044e-8,6.594648182798387e-9,2.1090762065225736e-14,8.37344252207854e-15,0.05987193813280391,-1.0532967650948527e-13,0.5482932991331645,-1.0973887119910353e-13
TAC + total emissions,TAC_primary,full_TAC,TAC,TotEmiss,ISI,10,0.9,18.737854842557642,6,0.5,78.97557837613707,32.50021056866753,false,0.005544237497050603,-5.81815918719079e-9,3,3,LOCALLY_SOLVED,Solve_Succeeded,0.214077792,0.12286289997026832,6.501838639038087e6,78.97557891693924,18.648107460601715,503.5799892706931,3.1845052583085723e-16,3.1845052583085723e-16,9.24997093278999e-9,5.81815918719079e-9,0.12146844420194722,0.5000000058181591,0.8944557625029493,0.9999999842786957,0.4399635279761469,6.273582185923371e-6,2.2253476753567728e-6,-1.4089260058589937e-9,-1.215454488431162e-9,1.4710452929331245e-8,6.940150657257812e-10,8.463879998316497e-10,1.4401922472474796e-9,2.2937374688220072e-8,1.4178315400133454e-9,1.9557552069487094e-8,5.1838022916484796e-8,1.7846083766693904e-7,2.155461976026247e-8,-1.0405134274094789e-10,3.1476747003517186e-10,1.8586332860697066e-8,1.226762629354081e-9,1.9557556450837362e-8,0.17424894127508347,1.2524014075794747e-6,1.1735818183921577e-7,-3.968461420286954e-9,-3.402784796925004e-9,7.233229878614104e-9,1.6152333328444783e-10,1.802504314219848e-9,-4.868831218014701e-10,2.4463199519404004e-8,-4.671202350615824e-9,6.599090832707542e-9,-6.33773479078738e-10,1.5944501917912338e-8,-7.01852908571945e-9,0.24857273782030456,-6.10658154902294e-9,-1.4277380781434932e-9,-9.24997093278999e-9,4.447629759609896e-9,-3.814952389866512e-10,1.6832951279990222e-8,-5.779835021065559e-9,0.7514271978607744,0.000380858891580358,5.61600090887921e-8,-6.194282987087525e-9,-2.562783132896296e-9,-3.2551267181836218e-9,1.8254093604169863e-8,-7.46070520273651e-13,-1.5654733398433257e-10,-1.8508056982929056e-9,4.576585355791943e-8,1.0311080976497317e-8,9.40431110924055e-11,2.1930200128541166e-9,7.136072125224021e-8,2.106492573734113e-8,2.1730613410541206e-9,7.893517125919274e-8,5.552114949638102e-7,3.202400650096138e-7,-1.156126030454976e-11,4.793050111899207e-10,5.7824146677724206e-8,1.8226187636117774e-8,2.1730618278708177e-9,0.2653336151234226,3.896359934691699e-6,1.7436072730397768e-6,-4.409401578096614e-10,-5.181513213499437e-9,2.2503381844577212e-8,2.3997752373689387e-9,1.9187345961216603e-14,1.8324048712548646e-15,0.06338617485531754,6.463501859211447e-14,0.5425488531020702,-3.9194157987436325e-13
TAC + total emissions,TAC_primary,full_TAC,TAC,TotEmiss,ISI,10,0.9,18.737854842557642,8,0.3,60.38543125314926,32.50021056866753,false,0.21654313060823524,9.075933611260868e-8,3,1,LOCALLY_SOLVED,Solve_Succeeded,1.402281917,0.2097651835794434,9.348955789391149e6,60.3854228170022,15.232561452264017,503.58003131487493,1.5922526291542861e-16,1.5922526291542861e-16,8.15727529176965e-9,0.0,0.20878172680081097,0.2999999092406639,0.6834568693917648,0.999999394542827,0.40310675170915317,0.00011877782843054307,3.6707646483112946e-5,1.4001920467691998e-8,3.4120710233223736e-9,2.9818424569931153e-8,1.8820162745150403e-9,1.393179163964766e-8,3.4004013278358435e-9,2.9740638368618417e-8,1.886483851158616e-9,1.0670529093792936e-6,9.43863043313129e-7,3.121396912175941e-6,3.3549035626637123e-7,1.3922466445867458e-8,3.4347160309710734e-9,2.9687413948907577e-8,1.914049633278101e-9,1.0670497205709032e-6,0.15973823153051972,2.5229082895545668e-5,1.968529946396374e-6,1.3350324494709013e-8,3.1949639971516337e-9,2.892938931276725e-8,1.8491877012200684e-9,1.020781144385084e-8,-4.6626869526712876e-9,6.352081740378715e-9,-8.15727529176965e-9,1.0155442525783391e-8,-4.649600367381793e-9,6.390650266916333e-9,-8.144938040838297e-9,0.7435967684016834,7.58132575149605e-8,1.841242331893169e-7,6.871358392566718e-9,1.0148477190555582e-8,-4.6705350144633365e-9,6.229215504380988e-9,-8.149663662554325e-9,0.25640015334336735,0.00012828612709192056,1.5297258441737947e-6,7.861442134122996e-8,9.720341930076322e-9,-4.447565045713204e-9,7.199746211823281e-9,-7.998341574801944e-9,1.5557689408546659e-9,5.195653603695432e-9,9.276843199534136e-8,2.796138464993774e-8,1.5479768488497397e-9,5.177883840113671e-9,9.252643048014617e-8,2.8027760074356583e-8,1.1856143437547702e-7,1.4372459977722644e-6,9.711012615658481e-6,4.984428150243229e-6,1.546940716207495e-9,5.230135774433226e-9,9.236084339660136e-8,2.8437308837274642e-8,1.1856108006343365e-7,0.24323776164874594,7.849048011947542e-5,2.9246730632174696e-5,1.4833693883010008e-9,4.8650588138445324e-9,9.000254452860922e-8,2.7473645846698155e-8,3.094871350128395e-13,5.13706905500502e-14,0.18962014563114293,4.915934609221135e-12,0.325538598011349,7.091452224430284e-12
TAC + total emissions,TAC_primary,full_TAC,TAC,TotEmiss,ISI,10,0.9,18.737854842557642,9,0.2,51.09035769165535,32.50021056866753,false,0.32206278550844225,1.0940900184458051e-7,3,1,LOCALLY_SOLVED,Solve_Succeeded,1.262001875,0.24080403639954392,1.0367774302805385e7,51.090347522008145,13.524461325380134,503.5800386951883,5.126570965080088e-17,1.0253141930160176e-16,8.174550763625387e-9,0.0,0.24002609929446136,0.19999989059099815,0.5779372144915578,0.9999992738195089,0.38469658816326047,0.00011846994170405957,3.660166125727603e-5,1.4211548559701872e-8,3.431821109729888e-9,2.9887447425786855e-8,1.8875920707249366e-9,1.410465529656813e-8,3.4050245808743378e-9,2.9757667075470087e-8,1.8879095633461537e-9,1.2708041829032386e-6,9.046603949103393e-7,2.985665460061798e-6,3.215996191148467e-7,1.4108001425745626e-8,3.4448398945770786e-9,2.9719424526863522e-8,1.916792832724022e-9,1.2706101438906124e-6,0.15249026033186297,2.5313381648708096e-5,1.9755518971661096e-6,1.3618605054656266e-8,3.2424235259034565e-9,2.9079528542790003e-8,1.8620036346347765e-9,1.0249990269258652e-8,-4.701527078894556e-9,6.2185016405786925e-9,-8.174550763625387e-9,1.0171151784932253e-8,-4.67331002889206e-9,6.320294640039129e-9,-8.152783445988272e-9,0.9911132539428612,8.592825038992683e-8,2.0969705084158933e-7,9.233428659365343e-9,1.0173620540863543e-8,-4.698975878241426e-9,6.138370811813615e-9,-8.160764101388153e-9,0.008883093406434867,2.8659240123909093e-6,1.407142737886557e-6,7.88998484248951e-8,9.811964665803249e-9,-4.508751441446842e-9,6.961023282382186e-9,-8.033263846479503e-9,1.579060951077985e-9,5.225727598906874e-9,9.298316976911465e-8,2.804422505077048e-8,1.5671839218409027e-9,5.184923793604105e-9,9.257940867924027e-8,2.8048942083999993e-8,1.4120046476702643e-7,1.3775510558861984e-6,9.288736986858927e-6,4.778051483992007e-6,1.5675557139717359e-9,5.24555165765146e-9,9.246043186135316e-8,2.847806494332832e-8,1.4117890487673468e-7,0.2322010782326095,7.875274290709185e-5,2.9351056757896483e-5,1.5131783394062512e-9,4.937326732625718e-9,9.046964435534667e-8,2.7664054000288106e-8,3.101213144572009e-13,5.161867827734945e-14,0.2527368156143224,4.950365543990049e-12,0.217034174530258,7.210196147918177e-12
TAC + total emissions,TAC_primary,full_TAC,TAC,TotEmiss,ISI,10,0.9,18.737854842557642,10,0.1,41.79528413016144,32.50021056866753,false,0.4275627896067611,1.2722223590079824e-7,3,1,LOCALLY_SOLVED,Solve_Succeeded,1.236017709,0.26782053058626504,1.1255430845673908e7,41.79527230476103,11.816679295984631,503.58004478791725,2.563285482540044e-17,1.6102510683902413e-20,8.187766265853536e-9,0.0,0.26724809350309403,0.09999987277776409,0.4724372103932389,0.9999991712261128,0.36627203325859214,0.00012091829354576618,3.741167672961856e-5,1.4355308534858588e-8,3.4487607160894498e-9,2.994518907093166e-8,1.8922553708067014e-9,1.4223232019921574e-8,3.4117914125928114e-9,2.9780337869246976e-8,1.8897830544060493e-9,1.5114417493961499e-6,0.06769583703071055,3.3232722624336927e-6,3.555930592395324e-7,1.4235226430349868e-8,3.4553039355354693e-9,2.9752029488391558e-8,1.9195644185134677e-9,1.3986888695135612e-6,0.07749301737616145,2.5898093757365124e-5,1.9978169713914508e-6,1.3803370647643284e-8,3.2781602911446654e-9,2.9192102132697797e-8,1.871598586826873e-9,1.0277830757679094e-8,-4.730210045644861e-9,6.117740598809783e-9,-8.187766265853536e-9,1.0181245639385283e-8,-4.691705072021136e-9,6.262273363063158e-9,-8.159671158041216e-9,0.9999776937964431,1.2405144937106265e-7,2.3355542359422265e-7,1.1355306519366416e-8,1.0190020511090342e-8,-4.720583356019507e-9,6.066647865963403e-9,-8.169841934603967e-9,1.8140520548503596e-5,1.0900228230339327e-8,3.935623466737748e-8,-5.5512208140419075e-9,9.87362821323897e-9,-4.552828037107803e-9,6.7885479741780495e-9,-8.058470846902803e-9,1.5950342816509537e-9,5.251521999499843e-9,9.316281044289849e-8,2.811350836627099e-8,1.5803591133246187e-9,5.19522783281178e-9,9.264994003765726e-8,2.8076776808318448e-8,1.6793797215512771e-7,0.10308229729676378,1.033906926090482e-5,5.283096880130195e-6,1.581691825594429e-9,5.261485538201737e-9,9.25618695194404e-8,2.8519242789342943e-8,1.554098743903956e-7,0.11800073100460946,8.057184724513593e-5,2.9681852146387266e-5,1.5337078497381421e-9,4.991744079697559e-9,9.081987330172647e-8,2.7806607575713533e-8,3.106133083907063e-13,5.182295037241863e-14,0.3159229739806457,4.97696103948377e-12,0.10851707296780168,7.297111768609727e-12
TAC + total emissions,TAC_primary,full_TAC,TAC,TotEmiss,ISI,10,0.9,18.737854842557642,11,0.0,32.50021056866753,32.50021056866753,false,0.5331076813785364,-8.622399431161741e-9,3,3,LOCALLY_SOLVED,Solve_Succeeded,0.0152645,0.2882514777877985,1.1928346906396767e7,32.5002113701259,10.108170647071665,503.57998834912956,4.776757887462858e-16,4.776757887462858e-16,9.547922975377041e-9,8.622399431161741e-9,0.2878845854605547,8.622399431161741e-9,0.3668923186214636,0.9999999857130624,0.3478864143024768,6.370269120671706e-7,2.485384210690108e-7,-4.9063682690513014e-9,-4.126812314363865e-9,5.337819866402164e-9,1.2843571199102003e-11,-5.88534384556348e-9,-4.733120954672203e-9,3.1478023173543764e-9,-1.458919973090493e-10,1.8320336998490497e-8,0.13790094678036544,1.0417891801727865e-7,1.6708671181679202e-8,-5.437294973801333e-9,-4.410007689841616e-9,3.912988014457992e-9,-6.998758600431954e-11,-4.019367515980134e-9,-3.4312907506207505e-9,8.08593585165285e-9,2.0721333084258806e-10,-6.069491450315497e-9,-4.809178071762155e-9,2.601545689739533e-9,-1.8387792251828086e-10,7.451436385358087e-10,1.0926241148694731e-10,2.921939048674007e-8,-2.1262863785644004e-9,-2.8526588707167393e-9,-3.2459502854659453e-9,2.0428518129384275e-8,1.2451750481459068e-9,0.9999999958091313,-6.710543269601023e-9,-4.614139872998692e-9,-9.547922975377041e-9,-1.3781016820254595e-9,-9.624167567097408e-10,1.888833279636535e-8,1.0045791395757028e-10,5.667379567822679e-9,2.903957977123062e-9,3.294481762198966e-8,-4.963506310088538e-9,-3.391688399036508e-9,-2.9046758752146297e-9,1.6959397238493688e-8,1.7282560358364368e-9,-5.451520298945888e-10,-6.284009660508612e-9,1.6606550695473398e-8,1.9081877210094399e-10,-6.539270939514976e-10,-7.2072523627963085e-9,9.793162765102503e-9,-2.1675382457344467e-9,2.0355929998322764e-9,0.20998553259737462,3.2411218938708914e-7,2.482431146992338e-7,-6.041438859779258e-10,-6.715238982258823e-9,1.2173740489424862e-8,-1.0398155634927473e-9,-4.465963906644593e-10,-5.2249200066270516e-9,2.5156244871808865e-8,3.0785980582327366e-9,-6.743879389239438e-10,-7.3230666092741896e-9,8.093697701411879e-9,-2.731900563128744e-9,6.00717097273225e-15,-8.156216502255597e-16,0.37911089556519,-3.082826700051074e-13,1.2432998603960036e-13,-1.3598409817731414e-12
TAC + total emissions,TAC_primary,full_TAC,TAC,TotEmiss,ISI,11,1.0,20.35660551843815,1,1.0,125.45094618360662,32.50021056866753,false,3.3306803314180227e-6,0.3994783862575105,3,3,LOCALLY_SOLVED,Solve_Succeeded,0.040794083,0.0016005209237972902,2.5409878623650083e6,88.31913631870225,20.356551603027775,503.5800243954284,1.2631870857957337e-16,5.126570965080088e-17,8.352676425166591e-9,0.0,2.6407351317749883e-9,0.6005216137424896,0.9999966693196686,0.9999990783806358,0.45852787120308763,2.913716252359722e-6,9.616615129799457e-7,1.5331501266066152e-8,3.693039075066447e-9,3.1155857693389286e-8,1.9323440378582526e-9,1.4189790324196237e-8,3.7237785144555475e-9,2.899812389483501e-8,2.2097986635800817e-9,1.1931942006254015e-8,3.850845895310697e-9,2.5080352675458215e-8,3.0182749173745603e-9,1.1877975073331847e-8,3.816181664149177e-9,2.4999898818905547e-8,2.9985693044647683e-9,3.737851748480063e-6,0.18175875614516093,5.455536115654361e-7,4.998540643390089e-8,1.175585817021398e-8,3.738379110014165e-9,2.4820745530137824e-8,2.9547408327402767e-9,1.0725346390980742e-8,-5.0350506703816224e-9,4.896025254054826e-9,-8.352676425166591e-9,9.913437350498135e-9,-4.925906430386322e-9,4.529828953191356e-9,-8.184060837319086e-9,8.28628670182429e-9,-4.991988181875514e-9,2.849250363497225e-9,-7.95813335967526e-9,8.247024188843046e-9,-4.958800197168186e-9,2.9463510363610955e-9,-7.93008462468376e-9,0.9999948075628546,7.7333010867365e-8,9.727556482090121e-8,1.3811356993022681e-9,8.158114080834704e-9,-4.8858995573251146e-9,3.1616945326061402e-9,-7.866652484081662e-9,1.7035001406740163e-9,5.62349131885118e-9,9.692933504609998e-8,2.8709111419608325e-8,1.576643369355137e-9,5.6702991015573105e-9,9.02163854505978e-8,3.283129443033264e-8,1.3257713340282236e-9,5.86378806785947e-9,7.802776387920333e-8,4.484294162956489e-8,1.3197750081479826e-9,5.811003897681701e-9,7.777746299215059e-8,4.455017252347655e-8,4.1531686094222906e-7,0.2767690150392223,1.6972779026480233e-6,7.42640324160813e-7,1.3062064633571083e-9,5.692531826612478e-9,7.722009720487322e-8,4.389900665785553e-8,8.468601510409105e-15,1.489232719943861e-15,1.7826380940950454e-14,1.4231504445146098e-13,0.6511289370734716,2.153313820806597e-13
TAC + total emissions,TAC_primary,full_TAC,TAC,TotEmiss,ISI,11,1.0,20.35660551843815,2,0.9,116.1558726221127,32.50021056866753,false,3.3306804870240733e-6,0.2994783862576687,3,3,LOCALLY_SOLVED,Solve_Succeeded,0.038359209,0.0016005209237966473,2.5409878623649976e6,88.31913631868753,20.356551603025256,503.5800243954257,1.5922526291542861e-16,1.5922526291542861e-16,8.352676417828328e-9,0.0,2.640734803322203e-9,0.6005216137423312,0.9999966693195128,0.9999990783807184,0.45852787120293176,2.9137162530505964e-6,9.61661515487212e-7,1.5331501172965545e-8,3.6930390638059794e-9,3.1155857655055426e-8,1.932344035897021e-9,1.4189790255971204e-8,3.7237785094724924e-9,2.8998123881242132e-8,2.209798663250678e-9,1.1931941986909061e-8,3.850845911402067e-9,2.5080352715239428e-8,3.018274928850582e-9,1.1877975015002409e-8,3.816181655053013e-9,2.4999898800242245e-8,2.9985693016145913e-9,3.7378509726106352e-6,0.1817587561450987,5.455536117259187e-7,4.998540659829568e-8,1.1755858084456652e-8,3.738379083268159e-9,2.4820745470324423e-8,2.9547408198411503e-9,1.0725346386525381e-8,-5.035050652584082e-9,4.896025312862512e-9,-8.352676417828328e-9,9.913437358519048e-9,-4.925906420434518e-9,4.52982897872006e-9,-8.184060833933684e-9,8.2862867356067e-9,-4.991988194113737e-9,2.849250320176328e-9,-7.95813337366054e-9,8.24702419404491e-9,-4.958800185235133e-9,2.9463510636355593e-9,-7.930084618343836e-9,0.9999948075637995,7.733301213294002e-8,9.727556508046555e-8,1.381135679768444e-9,8.158114065549303e-9,-4.8858995289779146e-9,3.1616946084227342e-9,-7.866652463106661e-9,1.703500130329504e-9,5.623491301704559e-9,9.692933492683911e-8,2.8709111390470024e-8,1.5766433617745778e-9,5.670299093969477e-9,9.021638540830884e-8,3.283129442543864e-8,1.3257713318787842e-9,5.8637880923622385e-9,7.80277640029671e-8,4.484294180006578e-8,1.3197750016669338e-9,5.8110038838307245e-9,7.777746293408697e-8,4.455017248113107e-8,4.153167747345148e-7,0.2767690150391276,1.6972779031473022e-6,7.4264032660325e-7,1.3062064538285164e-9,5.692531785885605e-9,7.722009701878708e-8,4.389900646621137e-8,8.468601488452372e-15,1.4892327167387503e-15,1.782638099521687e-14,1.4231504400156942e-13,0.6511289370734541,2.1533138039860387e-13
TAC + total emissions,TAC_primary,full_TAC,TAC,TotEmiss,ISI,11,1.0,20.35660551843815,3,0.8,106.8607990606188,32.50021056866753,false,3.33068079867512e-6,0.1994783862579855,3,3,LOCALLY_SOLVED,Solve_Succeeded,0.037358334,0.0016005209237954336,2.5409878623649785e6,88.3191363186581,20.35655160302021,503.5800243954206,3.1845052583085723e-16,3.1845052583085723e-16,8.352676403133421e-9,0.0,2.6407342178194117e-9,0.6005216137420146,0.9999966693192011,0.9999990783808839,0.45852787120262045,2.9137162544216446e-6,9.616615204738275e-7,1.5331500986540383e-8,3.6930390412694453e-9,3.1155857578308153e-8,1.932344031957158e-9,1.4189790119364112e-8,3.7237784995085746e-9,2.899812385404479e-8,2.2097986625775926e-9,1.193194194819236e-8,3.850845943644689e-9,2.5080352794934598e-8,3.0182749518173225e-9,1.1877974898212503e-8,3.816181636853205e-9,2.4999898762892155e-8,2.998569295890803e-9,3.7378494186589695e-6,0.1817587561449743,5.45553612044331e-7,4.998540692541439e-8,1.175585791273735e-8,3.738379029721257e-9,2.4820745350563795e-8,2.9547407939928704e-9,1.0725346377629908e-8,-5.035050616940309e-9,4.896025430631255e-9,-8.352676403133421e-9,9.913437374609211e-9,-4.9259064005027915e-9,4.5298290298435275e-9,-8.18406082715477e-9,8.286286803287372e-9,-4.9919882186210214e-9,2.8492502334195132e-9,-7.958133401667825e-9,8.247024204488038e-9,-4.958800161335327e-9,2.9463511182579017e-9,-7.930084605646463e-9,0.9999948075656921,7.733301466617845e-8,9.727556559948271e-8,1.3811356406495823e-9,8.158114034962841e-9,-4.885899472205959e-9,3.1616947602588895e-9,-7.866652421100064e-9,1.7035001096155974e-9,5.6234912673875635e-9,9.69293346880698e-8,2.8709111331934916e-8,1.576643346596012e-9,5.670299078797146e-9,9.021638532369491e-8,3.283129441543852e-8,1.3257713275769287e-9,5.863788141458959e-9,7.802776425090763e-8,4.484294214128593e-8,1.3197749886902778e-9,5.81100385611738e-9,7.777746281788669e-8,4.455017239609193e-8,4.153166020732187e-7,0.27676901503893814,1.697277904137919e-6,7.426403314632995e-7,1.3062064347485939e-9,5.6925317043482764e-9,7.722009664619846e-8,4.3899006082179775e-8,8.468601512095432e-15,1.4892327045955286e-15,1.7826381111513598e-14,1.423150431238224e-13,0.6511289370734193,2.1533137704588043e-13
TAC + total emissions,TAC_primary,full_TAC,TAC,TotEmiss,ISI,11,1.0,20.35660551843815,4,0.7,97.56572549912488,32.50021056866753,false,3.330681734725623e-6,0.09947838625893768,3,3,LOCALLY_SOLVED,Solve_Succeeded,0.040894708,0.0016005209237917176,2.540987862364919e6,88.31913631856958,20.35655160300506,503.58002439540604,1.5922526291542861e-16,1.5922526291542861e-16,8.352676358893888e-9,0.0,2.6407323899082586e-9,0.6005216137410623,0.9999966693182653,0.9999990783813819,0.45852787120168387,2.913716258562125e-6,9.61661535519337e-7,1.5331500425294056e-8,3.6930389734097064e-9,3.11558573472412e-8,1.9323440201079683e-9,1.4189789708092279e-8,3.723778469497318e-9,2.899812377214429e-8,2.209798660564113e-9,1.193194183161533e-8,3.8508460406933e-9,2.5080353034828182e-8,3.0182750209730756e-9,1.1877974546599315e-8,3.816181582046971e-9,2.49998986504258e-8,2.998569278674726e-9,3.737844740748411e-6,0.1817587561446001,5.455536130059951e-7,4.9985407912235275e-8,1.1755857395761709e-8,3.738378868504251e-9,2.482074499000416e-8,2.954740716192575e-9,1.0725346350826218e-8,-5.035050509637452e-9,4.896025785172358e-9,-8.352676358893888e-9,9.913437423023829e-9,-4.925906340500788e-9,4.5298291837502255e-9,-8.184060806746313e-9,8.286287007014023e-9,-4.991988292401156e-9,2.849249972240546e-9,-7.958133485983342e-9,8.247024235903414e-9,-4.958800089387814e-9,2.9463512826953967e-9,-7.930084567422184e-9,0.9999948075713898,7.733302229364132e-8,9.727556716272994e-8,1.3811355228816232e-9,8.158113942860583e-9,-4.885899301298154e-9,3.161695217354802e-9,-7.866652294641508e-9,1.7035000472548946e-9,5.623491164055689e-9,9.692933396919483e-8,2.8709111155889815e-8,1.5766433008991415e-9,5.670299033098188e-9,9.021638506889334e-8,3.2831294385523955e-8,1.325771314623925e-9,5.863788289237523e-9,7.802776499724322e-8,4.484294316874284e-8,1.3197749496221456e-9,5.811003772662432e-9,7.777746246799136e-8,4.455017214031021e-8,4.1531608230537885e-7,0.2767690150383683,1.697277907129762e-6,7.426403461246383e-7,1.306206377306856e-9,5.692531458858746e-9,7.722009552445738e-8,4.389900492628968e-8,8.46860144451488e-15,1.4892326893725286e-15,1.7826381451477872e-14,1.4231504044518392e-13,0.651128937073315,2.1533136694582781e-13
TAC + total emissions,TAC_primary,full_TAC,TAC,TotEmiss,ISI,11,1.0,20.35660551843815,5,0.6,88.27065193763099,32.50021056866753,false,2.4663707897833892e-5,-9.730492263242997e-9,3,3,LOCALLY_SOLVED,Solve_Succeeded,0.034584958,0.009533473353019822,2.7996837909478755e6,88.2706528420874,20.356206274499858,503.5799875325265,2.5263741715914673e-16,1.5922526291542861e-16,9.947820875503235e-9,9.730492263242997e-9,0.007933498006997228,0.6000000097304924,0.999975336292102,1.0000000083254907,0.4583739580842856,6.066786457956905e-6,2.1452810768278557e-6,-9.193471595025246e-9,-6.028654541551283e-9,-1.4659559413281566e-9,-4.99374220056049e-10,-9.178098014944557e-9,-5.9983605506134455e-9,-1.3186013901039048e-9,-4.875675092095187e-10,-8.46292357356826e-9,5.568266753541456e-8,1.8781040393290244e-7,2.2569538433378936e-8,-9.19376765021421e-9,-6.024035615774153e-9,-1.3899321903850724e-9,-4.920133821918785e-10,-8.462919107199633e-9,0.18149700429726068,1.2688822841189587e-6,1.171351693446353e-7,-9.208478890642004e-9,-6.044811512869035e-9,-1.4675282563897197e-9,-4.994399193974265e-10,-8.303382444645491e-9,2.3130370790994592e-8,1.966351100803669e-8,-6.086325524892393e-9,-8.23388275190468e-9,2.3980780500353566e-8,2.498899350556253e-8,-7.0682635444913415e-9,0.0010565040970795941,-9.707454577223595e-9,-9.379640321286664e-9,-9.947820875503235e-9,-8.304692134821318e-9,1.196421139661624e-8,3.582699963413041e-8,-3.880667419423762e-9,0.9989435971051178,0.0005063794508362917,-5.1106327755923674e-9,-9.737006167452142e-9,-8.36846190004515e-9,6.921647521243732e-9,3.536669355880823e-8,-1.9446560596232763e-9,-1.0214968438916935e-9,-9.179996688271271e-9,-4.560751817465376e-9,-7.4192741265470124e-9,-1.0197886683271725e-9,-9.133867202070473e-9,-4.102315435878815e-9,-7.243860136827134e-9,-9.403248415075842e-10,8.478951647438125e-8,5.842990344579187e-7,3.35318856724487e-7,-1.0215297389126897e-9,-9.172963324019732e-9,-4.324233481198003e-9,-7.3099131068507655e-9,-9.403243452444033e-10,0.2763704383617378,3.947633772814538e-6,1.7402939445488671e-6,-1.0231643211824446e-9,-9.204599349141485e-9,-4.565643464323571e-9,-7.420250231047477e-9,9.091864869641916e-15,-1.3380716989580385e-14,0.0002695295043150435,-3.6285392558803044e-12,0.651053329843181,-1.9562278404313665e-11
TAC + total emissions,TAC_primary,full_TAC,TAC,TotEmiss,ISI,11,1.0,20.35660551843815,8,0.3,60.38543125314926,32.50021056866753,false,0.3165431299550361,9.075932059469218e-8,3,1,LOCALLY_SOLVED,Solve_Succeeded,1.417848375,0.2097651835819219,9.348955789450668e6,60.385422817003644,15.232561462837682,503.5800313148769,6.315935428978668e-17,5.126570965080088e-17,8.157275266979077e-9,0.0,0.20878172680263626,0.29999990924067943,0.6834568700449638,0.9999993945427514,0.4031067513678945,0.00011877819583229836,3.670827033261409e-5,1.4001920176230052e-8,3.4120709109342603e-9,2.9818424343790244e-8,1.8820163450465056e-9,1.393179137593961e-8,3.400401226954336e-9,2.97406381818454e-8,1.886483924907525e-9,1.0670528858625538e-6,9.438630436468772e-7,3.1213981776623297e-6,3.354914946232722e-7,1.3922466171790982e-8,3.4347159250191396e-9,2.9687413749381555e-8,1.914049707171638e-9,1.0670496970574874e-6,0.1597382313950516,2.522917093496805e-5,1.9685681473901373e-6,1.3350324159938468e-8,3.194963865079384e-9,2.8929389024619174e-8,1.8491877633022903e-9,1.0207811241698506e-8,-4.662686931314289e-9,6.3520818771616236e-9,-8.157275266979077e-9,1.0155442344186148e-8,-4.649600357666599e-9,6.3906503552975485e-9,-8.144938023197453e-9,0.7435967683891412,7.581325910194069e-8,1.8412423978896421e-7,6.871359891928815e-9,1.0148477001191502e-8,-4.67053500124369e-9,6.229215606775464e-9,-8.14966364273395e-9,0.2564001533558881,0.0001282861275809457,1.529726100081674e-6,7.861445509308823e-8,9.720341693825962e-9,-4.447565008451219e-9,7.199746431756555e-9,-7.99834153457798e-9,1.5557689084700052e-9,5.195653432558987e-9,9.276843129179185e-8,2.7961385697833796e-8,1.547976819548845e-9,5.1778836864986475e-9,9.252642989907457e-8,2.8027761170054654e-8,1.1856143176250592e-7,1.437245998280472e-6,9.711016552727248e-6,4.984445062974329e-6,1.546940685754553e-9,5.230135613097325e-9,9.236084277585372e-8,2.8437309935121476e-8,1.1856107745083188e-7,0.24323776144246495,7.84907540199006e-5,2.9247298189796324e-5,1.4833693511042737e-9,4.865058612734517e-9,9.000254363214854e-8,2.74736467690626e-8,3.0948713486168087e-13,5.1370690131602416e-14,0.18962014563109234,4.915934632252801e-12,0.32553859801202667,7.091452189260524e-12
TAC + total emissions,TAC_primary,full_TAC,TAC,TotEmiss,ISI,11,1.0,20.35660551843815,9,0.2,51.09035769165535,32.50021056866753,false,0.4220627851768596,1.094089910661262e-7,3,1,LOCALLY_SOLVED,Solve_Succeeded,1.259674333,0.2408040364008199,1.036777430283618e7,51.09034752200915,13.524461330747629,503.5800386951898,1.5922526291542861e-16,1.5922526291542861e-16,8.174550751326145e-9,0.0,0.24002609929540575,0.19999989059100892,0.5779372148231403,0.9999992738194549,0.3846965879856173,0.00011847015406147425,3.660197655363939e-5,1.4211548410570695e-8,3.4318210530551223e-9,2.988744731574005e-8,1.887592106338608e-9,1.4104655161627037e-8,3.4050245299862403e-9,2.9757666985029722e-8,1.88790960042563e-9,1.2708041662424997e-6,9.046603955370654e-7,2.9856660712923635e-6,3.2160014092777144e-7,1.4108001285497196e-8,3.444839841130884e-9,2.971942443004777e-8,1.9167928699244587e-9,1.2706101272273692e-6,0.15249026026135185,2.5313432655814563e-5,1.975571257559774e-6,1.361860488368677e-8,3.2424234594409746e-9,2.9079528402116595e-8,1.8620036662916372e-9,1.0249990167162135e-8,-4.70152706817554e-9,6.2185017091289176e-9,-8.174550751326145e-9,1.017115169316707e-8,-4.673310024031486e-9,6.320294684604445e-9,-8.152783437173799e-9,0.9911132539370728,8.592825139659225e-8,2.0969705517376133e-7,9.233429605800452e-9,1.017362044518676e-8,-4.698975871611932e-9,6.138370863327802e-9,-8.1607640915079e-9,0.008883093412207105,2.8659242473908645e-6,1.4071428837766255e-6,7.889986655628931e-8,9.811964546772679e-9,-4.5087514226692075e-9,6.961023391876825e-9,-8.033263826753755e-9,1.5790609345078545e-9,5.225727512606664e-9,9.298316942674683e-8,2.8044225579887886e-8,1.5671839068474478e-9,5.184923716115411e-9,9.257940839787023e-8,2.8048942634895074e-8,1.4120046291583323e-7,1.3775510568405312e-6,9.288738888465132e-6,4.778059236641175e-6,1.5675556983885769e-9,5.2455515762674814e-9,9.246043156014859e-8,2.8478065496020525e-8,1.411789030252632e-7,0.2322010781252403,7.875290159586751e-5,2.935134439803092e-5,1.5131783204096406e-9,4.9373266314214834e-9,9.046964391769608e-8,2.7664054470618605e-8,3.101213143648361e-13,5.161867806560811e-14,0.2527368156142983,4.950365555606552e-12,0.2170341745305999,7.210196129916132e-12
TAC + total emissions,TAC_primary,full_TAC,TAC,TotEmiss,ISI,11,1.0,20.35660551843815,10,0.1,41.79528413016144,32.50021056866753,false,0.5275627893999157,1.2722222703341738e-7,3,1,LOCALLY_SOLVED,Solve_Succeeded,1.264086,0.2678205305870437,1.1255430845692554e7,41.79527230476185,11.81667929933294,503.58004478791844,1.5922526291542861e-16,1.5922526291542861e-16,8.187766258486743e-9,0.0,0.26724809350366585,0.09999987277777296,0.47243721060008415,0.9999991712260702,0.36627203315069584,0.00012091840851732706,3.7411874585451706e-5,1.435530844496934e-8,3.44876068219489e-9,2.994518900201451e-8,1.8922553924631377e-9,1.4223231938637344e-8,3.411791382171547e-9,2.9780337812067918e-8,1.8897830768806623e-9,1.5114417354084039e-6,0.0676958370295139,3.3232726892709344e-6,3.555934494652698e-7,1.4235226345828244e-8,3.4553039035706217e-9,2.975202942741381e-8,1.9195644410832553e-9,1.3986888574147105e-6,0.07749301733458805,2.5898121296033806e-5,1.997829058423571e-6,1.3803370544540194e-8,3.278160251391481e-9,2.9192102045779792e-8,1.8715986062183997e-9,1.027783069670459e-8,-4.730210039079013e-9,6.117740639804487e-9,-8.187766258486743e-9,1.0181245584602345e-8,-4.691705068978026e-9,6.262273389790306e-9,-8.159671152721732e-9,0.9999776937964479,1.2405145054353971e-7,2.3355542674203777e-7,1.1355307270070038e-8,1.019002045394804e-8,-4.7205833519137015e-9,6.066647896831215e-9,-8.169841928657847e-9,1.8140520530560477e-5,1.09002282266727e-8,3.935623474090397e-8,-5.5512207874209276e-9,9.873628142133184e-9,-4.552828025670534e-9,6.788548039407406e-9,-8.058470835204353e-9,1.5950342716632594e-9,5.251521947887673e-9,9.316281022848958e-8,2.8113508688023758e-8,1.5803591042930378e-9,5.195227786488491e-9,9.264993985976685e-8,2.807677714222698e-8,1.6793797060093372e-7,0.10308229729494162,1.0339070588842906e-5,5.2831026777697214e-6,1.5816918162031376e-9,5.261485489527992e-9,9.256186932973185e-8,2.8519243124665505e-8,1.5540987304607886e-7,0.11800073094130452,8.057193292099405e-5,2.968203172515019e-5,1.5337078382822432e-9,4.9917440191643e-9,9.081987303131489e-8,2.780660786381622e-8,3.106133083378718e-13,5.1822950234263037e-14,0.3159229739806468,4.97696104638648e-12,0.10851707296780724,7.297111757513949e-12
TAC + total emissions,TAC_primary,full_TAC,TAC,TotEmiss,ISI,11,1.0,20.35660551843815,11,0.0,32.50021056866753,32.50021056866753,false,0.6331074739056406,-8.381298403422572e-9,3,3,LOCALLY_SOLVED,Solve_Succeeded,0.014755375,0.28825148650591764,1.1928347183920331e7,32.500211347715386,10.108174005540567,503.57998877021583,1.5922526291542861e-16,1.5922526291542861e-16,9.252680220991287e-9,8.381298403422572e-9,0.287884593971442,8.381298403422572e-9,0.36689252609435935,0.9999999823356043,0.3478862461271942,1.1453783115839272e-6,4.179654235319477e-7,-4.457817393924979e-9,-3.914773522306797e-9,5.9694072097332294e-9,6.107801130753274e-11,-5.779173632326404e-9,-4.732361209524537e-9,3.1761933713518976e-9,-1.4425257223574775e-10,2.249154927985603e-8,0.13790088166667985,2.269267940922601e-7,2.7098874000454128e-8,-5.128267494015233e-9,-4.306502040167252e-9,4.501070761205589e-9,-3.877055634094187e-11,-4.157128809523969e-9,-3.672549735645861e-9,7.0354786550200915e-9,1.3365258048634406e-10,-5.7605137854465065e-9,-4.701122926614533e-9,3.1739045407158387e-9,-1.431015477750747e-10,3.832219670394621e-10,-8.541754420793808e-10,2.7210775700979535e-8,-1.7468286521804068e-9,-3.4631435085816977e-9,-4.3501259574353475e-9,1.7955832302457454e-8,1.986564347325248e-9,0.9999999921900726,-3.18772864392309e-9,-2.8752341354782485e-10,-9.252680220991287e-9,-1.7514223656008183e-9,-2.484258314964841e-9,2.1169657808537365e-8,2.6328388649644783e-10,1.4965422834603563e-9,-2.6663651147529615e-10,3.076482747261181e-8,-2.8100364814373495e-9,-3.41816476775271e-9,-4.0405653417794005e-9,1.7568586232821455e-8,1.8979391292375932e-9,-4.953130437694419e-10,-5.961132408967167e-9,1.8571489096947823e-8,9.074447394262006e-10,-6.421304035918225e-10,-7.206095478139635e-9,9.881490488650348e-9,-2.143181073216823e-9,2.4990610310951128e-9,0.20998543344698978,7.059944705092535e-7,4.0261184229246125e-7,-5.698074993350256e-10,-6.557628106618314e-9,1.4003331257084054e-8,-5.760196942082791e-10,-4.619032010582187e-10,-5.592291642915287e-9,2.188815581561806e-8,1.9856954815113975e-9,-6.400570872718337e-10,-7.158528092799402e-9,9.874369682227053e-9,-2.126080138372538e-9,1.6744064050728357e-14,-1.9031193482281783e-15,0.3791109026392474,-7.988874459854773e-13,-1.924010115370736e-13,-3.2728246840164174e-12
TAC + ISI,TAC_primary,full_TAC,TAC,ISI,TotEmiss,1,0.0,32.50021056866753,1,1.0,20.35660551843815,10.108165052680418,true,8.622399278275864e-9,0.6331076813785336,3,3,LOCALLY_SOLVED,Solve_Succeeded,0.016084833,0.2882514777877985,1.1928346906396767e7,32.50021137012589,10.10817064707171,503.57998834912956,4.776757887462858e-16,4.776757887462858e-16,9.547922975941704e-9,8.622399278275864e-9,0.2878845854605547,8.622399278275864e-9,0.3668923186214664,0.9999999857130624,0.34788641430247536,6.370269127553337e-7,2.485384239289628e-7,-4.906368269695641e-9,-4.126812314818981e-9,5.337819868069616e-9,1.2843572993136007e-11,-5.885343847317891e-9,-4.733120955753052e-9,3.147802315532228e-9,-1.4589199647040954e-10,1.832033699858384e-8,0.13790094678036488,1.0417891820032394e-7,1.6708671353406106e-8,-5.437294974885036e-9,-4.410007690504979e-9,3.912988014516735e-9,-6.998758475148049e-11,-4.019367519011286e-9,-3.4312907530163586e-9,8.085935848334906e-9,2.0721333334651716e-10,-6.0694914508350975e-9,-4.80917807205834e-9,2.6015456903783305e-9,-1.838779216381365e-10,7.451436352241481e-10,1.0926240302981945e-10,2.9219390469987997e-8,-2.1262863749117086e-9,-2.852658876214981e-9,-3.245950293572553e-9,2.042851810737557e-8,1.2451750542173377e-9,0.9999999958091313,-6.710543269047529e-9,-4.614139872783369e-9,-9.547922975941704e-9,-1.3781016861858397e-9,-9.624167633465963e-10,1.8888332789630295e-8,1.0045791671359559e-10,5.667379545996955e-9,2.903957959221607e-9,3.294481762087599e-8,-4.963506302021078e-9,-3.391688400672676e-9,-2.9046758791681195e-9,1.695939723194016e-8,1.7282560374326524e-9,-5.451520299661821e-10,-6.28400966120163e-9,1.6606550700661025e-8,1.9081879875516351e-10,-6.53927094146432e-10,-7.2072523644421465e-9,9.793162759433598e-9,-2.1675382332746558e-9,2.035592999842648e-9,0.20998553259737376,3.2411218995656337e-7,2.48243117250605e-7,-6.041438860983371e-10,-6.7152389832689455e-9,1.2173740489607619e-8,-1.0398155448791385e-9,-4.4659639100125393e-10,-5.224920010274909e-9,2.515624486148637e-8,3.0785980954339683e-9,-6.743879389816771e-10,-7.323066609725198e-9,8.09369770339925e-9,-2.7319005500523136e-9,6.00717097792864e-15,-8.156216495317103e-16,0.37911089556518995,-3.08282669863805e-13,1.2432998733392413e-13,-1.3598409819549903e-12
TAC + ISI,TAC_primary,full_TAC,TAC,ISI,TotEmiss,1,0.0,32.50021056866753,2,0.9,19.33176147186238,10.108165052680418,true,8.624127653113271e-9,0.5697968786837676,3,3,LOCALLY_SOLVED,Solve_Succeeded,0.014371625,0.28825147778636256,1.1928346906349985e7,32.50021137028654,10.108170647022837,503.579988346881,1.5922526291542861e-16,1.5922526291542861e-16,9.547909349530043e-9,8.624127653113271e-9,0.28788458545912,8.624127653113271e-9,0.3668923186184472,0.9999999857132432,0.34788641429606865,6.370348503270155e-7,2.4853999035008654e-7,-4.906243927799269e-9,-4.126718165381496e-9,5.338157177562736e-9,1.2867687131855763e-11,-5.885107923655528e-9,-4.732970442798233e-9,3.148324450372031e-9,-1.458528041324245e-10,1.8320075190852268e-8,0.13790094677700357,1.0417861890984539e-7,1.670864528487758e-8,-5.4371524019721466e-9,-4.4099051971545225e-9,3.9133086566089795e-9,-6.996196134579288e-11,-4.018994161029898e-9,-3.4309852300502e-9,8.087040283220983e-9,2.0729320992048175e-10,-6.0694187086982474e-9,-4.809128081159059e-9,2.601701700108263e-9,-1.838666808729218e-10,7.448982646164901e-10,1.0900314549443418e-10,2.9219032928284406e-8,-2.1262347984118917e-9,-2.8522995980839623e-9,-3.245576309285924e-9,2.0429455153945836e-8,1.2447110029246476e-9,0.9999999958076644,-6.71049005569741e-9,-4.614012025480698e-9,-9.547909349530043e-9,-1.3781066389137109e-9,-9.624482209282743e-10,1.8888152875652184e-8,1.0037544699536391e-10,5.668251833354274e-9,2.904233168986318e-9,3.294367222951719e-8,-4.963924768354571e-9,-3.3917851712384483e-9,-2.904787341260973e-9,1.6959149878920993e-8,1.7282805808566872e-9,-5.451382141999186e-10,-6.28386629728546e-9,1.6607600107972955e-8,1.9117706595899992e-10,-6.539008804061695e-10,-7.207023174260945e-9,9.794787178935206e-9,-2.1669559471103062e-9,2.035563910094696e-9,0.20998553259225541,3.2411125883063007e-7,2.4824272994675255e-7,-6.041280446635716e-10,-6.7150829138489325e-9,1.2174738042783491e-8,-1.039434854280351e-9,-4.4655490678109957e-10,-5.224454782121895e-9,2.5159680881131945e-8,3.0797848331043e-9,-6.743798565220272e-10,-7.322990487219475e-9,8.094183067003484e-9,-2.7317335443976946e-9,6.007245520920676e-15,-8.155014662921709e-16,0.37911089556169253,-3.082422922498817e-13,1.2440607405563682e-13,-1.3597108538757004e-12
TAC + ISI,TAC_primary,full_TAC,TAC,ISI,TotEmiss,1,0.0,32.50021056866753,3,0.8,18.306917425286606,10.108165052680418,true,8.622399354718802e-9,0.5064860759829674,3,3,LOCALLY_SOLVED,Solve_Succeeded,0.015338958,0.28825147778779847,1.1928346906396765e7,32.500211370125896,10.108170647071645,503.57998834912956,4.776757887462858e-16,4.776757887462858e-16,9.547922975515691e-9,8.622399354718802e-9,0.2878845854605546,8.622399354718802e-9,0.3668923186214624,0.9999999857130624,0.3478864143024772,6.370269116560665e-7,2.485384200805182e-7,-4.90636827232751e-9,-4.126812316363453e-9,5.337819858125212e-9,1.2843570050579812e-11,-5.885343851024693e-9,-4.733120957894789e-9,3.1478023055305173e-9,-1.458919985211387e-10,1.8320336985475684e-8,0.1379009467803656,1.0417891796328618e-7,1.6708671125147717e-8,-5.437294977268802e-9,-4.410007692007931e-9,3.912988006979499e-9,-6.998758701594889e-11,-4.019367524736015e-9,-3.431290757071289e-9,8.085935826551616e-9,2.0721332811443057e-10,-6.0694914521913064e-9,-4.809178072810957e-9,2.601545685950848e-9,-1.838779230673373e-10,7.451436435354803e-10,1.0926242124965111e-10,2.921939050234276e-8,-2.1262863813037286e-9,-2.8526588785483815e-9,-3.2459502915816973e-9,2.042851811473827e-8,1.2451750572603097e-9,0.9999999958091313,-6.71054327106062e-9,-4.6141398761339715e-9,-9.547922975515691e-9,-1.3781016818034312e-9,-9.62416753338792e-10,1.8888332803473884e-8,1.0045791490720971e-10,5.66737954917895e-9,2.903957977201481e-9,3.29448176514258e-8,-4.9635063026671955e-9,-3.3916883969253463e-9,-2.904675870934889e-9,1.6959397247143853e-8,1.7282560346057105e-9,-5.45152030258612e-10,-6.28400966355344e-9,1.660655066972288e-8,1.9081875503718575e-10,-6.539270945582989e-10,-7.207252367703429e-9,9.793162728317164e-9,-2.167538263742632e-9,2.035592998386186e-9,0.20998553259737487,3.241121892191125e-7,2.4824311385933745e-7,-6.041438863631999e-10,-6.71523898555753e-9,1.2173740466158438e-8,-1.039815578522669e-9,-4.4659639163733473e-10,-5.224920016449462e-9,2.5156244793716136e-8,3.0785980177001107e-9,-6.743879391323671e-10,-7.323066610871229e-9,8.09369768962486e-9,-2.7319005712861537e-9,6.007170967863497e-15,-8.156216549195957e-16,0.37911089556519,-3.082826710301409e-13,1.243299837639817e-13,-1.3598409848391031e-12
TAC + ISI,TAC_primary,full_TAC,TAC,ISI,TotEmiss,1,0.0,32.50021056866753,4,0.7,17.28207337871083,10.108165052680418,true,8.381298556308449e-9,0.4431750658123188,3,3,LOCALLY_SOLVED,Solve_Succeeded,0.014739917,0.2882514865059171,1.1928347183920313e7,32.5002113477154,10.108174005540022,503.57998877021583,3.1845052583085723e-16,3.1845052583085723e-16,9.252680219382944e-9,8.381298556308449e-9,0.28788459397144145,8.381298556308449e-9,0.36689252609432565,0.9999999823356044,0.3478862461272103,1.145378301578585e-6,4.179653907700106e-7,-4.457817392549741e-9,-3.914773520594972e-9,5.9694072079400044e-9,6.107800742614403e-11,-5.779173628633728e-9,-4.7323612069532496e-9,3.176193376290447e-9,-1.442525738130821e-10,2.249154924474814e-8,0.13790088166668618,2.269267916025845e-7,2.709887195150018e-8,-5.128267491927368e-9,-4.306502038302468e-9,4.5010707618419965e-9,-3.877055904458717e-11,-4.157128803826031e-9,-3.6725497306753193e-9,7.03547866310713e-9,1.3365257655207922e-10,-5.760513784371476e-9,-4.7011229257778146e-9,3.173904540137105e-9,-1.4310154975290133e-10,3.8322197241001753e-10,-8.54175425345058e-10,2.721077573852156e-8,-1.7468286599493892e-9,-3.463143499495383e-9,-4.3501259439197184e-9,1.7955832351630973e-8,1.986564335352576e-9,0.9999999921900726,-3.187728649104271e-9,-2.8752341880992015e-10,-9.252680219382944e-9,-1.7514223592656294e-9,-2.4842583017256354e-9,2.116965783616769e-8,2.632838794753223e-10,1.4965423062632207e-9,-2.666364815127393e-10,3.0764827524938795e-8,-2.810036500358515e-9,-3.4181647649391155e-9,-4.040565333957862e-9,1.7568586254986312e-8,1.8979391251123347e-9,-4.953130436166377e-10,-5.961132406360525e-9,1.85714890913689e-8,9.074446817598539e-10,-6.421304031815251e-10,-7.206095474224266e-9,9.881490504014723e-9,-2.143181096651505e-9,2.499061027194237e-9,0.20998543344699938,7.059944627635962e-7,4.0261181185085977e-7,-5.698074991030407e-10,-6.557628103778757e-9,1.4003331259063987e-8,-5.760197343767236e-10,-4.619032004251144e-10,-5.592291635346509e-9,2.1888155840777738e-8,1.985695423059463e-9,-6.40057087152386e-10,-7.158528091525308e-9,9.874369680426548e-9,-2.126080167757391e-9,1.6744064021651727e-14,-1.903119343222643e-15,0.37911090263924735,-7.988874467546222e-13,-1.924010193331669e-13,-3.272824682554389e-12
TAC + ISI,TAC_primary,full_TAC,TAC,ISI,TotEmiss,1,0.0,32.50021056866753,5,0.6,16.257229332135058,10.108165052680418,true,8.622399125389987e-9,0.37986447058740336,3,3,LOCALLY_SOLVED,Solve_Succeeded,0.01654025,0.28825147778779847,1.1928346906396765e7,32.500211370125875,10.108170647071542,503.5799883491297,4.776757887462858e-16,4.776757887462858e-16,9.547922974566253e-9,8.622399125389987e-9,0.2878845854605546,8.622399125389987e-9,0.36689231862145605,0.9999999857130625,0.34788641430248035,6.37026909945845e-7,2.4853841369227086e-7,-4.906368273420516e-9,-4.126812317511874e-9,5.337819846692896e-9,1.284356551269285e-11,-5.885343852207916e-9,-4.733120958873244e-9,3.147802297856545e-9,-1.4589200126387032e-10,1.8320337000836822e-8,0.13790094678036682,1.041789175635221e-7,1.6708670744278982e-8,-5.43729497784356e-9,-4.4100076928620735e-9,3.912987999562672e-9,-6.998759038183897e-11,-4.019367525943822e-9,-3.431290758622834e-9,8.085935809079576e-9,2.0721332075552938e-10,-6.069491452510554e-9,-4.809178073297023e-9,2.6015456809595346e-9,-1.8387792528056237e-10,7.451436573823804e-10,1.0926244546485236e-10,2.9219390546815874e-8,-2.1262863904262515e-9,-2.852658873841179e-9,-3.245950282015221e-9,2.042851814242311e-8,1.245175054146852e-9,0.9999999958091313,-6.7105432734806e-9,-4.614139879472552e-9,-9.547922974566253e-9,-1.3781016718040048e-9,-9.624167380977396e-10,1.8888332822180574e-8,1.004579106847491e-10,5.66737958066977e-9,2.9039580104511166e-9,3.294481767872214e-8,-4.963506311267028e-9,-3.391688390746171e-9,-2.9046758598066926e-9,1.6959397266963342e-8,1.7282560305668055e-9,-5.451520303800571e-10,-6.284009665302172e-9,1.6606550634155674e-8,1.908186876171509e-10,-6.539270946897682e-10,-7.207252369193348e-9,9.793162704442583e-9,-2.167538304491787e-9,2.0355930000929794e-9,0.20998553259737676,3.2411218797540206e-7,2.4824310820071627e-7,-6.041438864270621e-10,-6.715238986858157e-9,1.2173740443083866e-8,-1.0398156285301786e-9,-4.465963917715356e-10,-5.224920018812042e-9,2.515624473935868e-8,3.078597908367865e-9,-6.743879391678391e-10,-7.323066611611377e-9,8.09369767409633e-9,-2.731900604168355e-9,6.007170952628882e-15,-8.15621655706812e-16,0.37911089556519006,-3.082826722487426e-13,1.2432997921270936e-13,-1.3598409873347868e-12
TAC + ISI,TAC_primary,full_TAC,TAC,ISI,TotEmiss,1,0.0,32.50021056866753,6,0.5,15.232385285559285,10.108165052680418,true,8.622399278275864e-9,0.3165536678896234,3,3,LOCALLY_SOLVED,Solve_Succeeded,0.015948958,0.2882514777877984,1.1928346906396763e7,32.50021137012589,10.108170647071459,503.5799883491297,3.1845052583085723e-16,3.1845052583085723e-16,9.54792297337782e-9,8.622399278275864e-9,0.28788458546055457,8.622399278275864e-9,0.3668923186214509,0.9999999857130626,0.347886414302483,6.370269088536286e-7,2.485384086335972e-7,-4.906368272030008e-9,-4.126812315127328e-9,5.337819849331377e-9,1.2843562726716951e-11,-5.885343846992936e-9,-4.73312095483976e-9,3.14780230841539e-9,-1.4589200220454052e-10,1.832033694271071e-8,0.1379009467803678,1.0417891723346359e-7,1.6708670438739692e-8,-5.4372949751444426e-9,-4.410007690096527e-9,3.912988004447157e-9,-6.998759220563983e-11,-4.019367517796419e-9,-3.4312907500079214e-9,8.08593583071367e-9,2.072133174453732e-10,-6.069491451462315e-9,-4.809178071948699e-9,2.60154568240249e-9,-1.8387792665457384e-10,7.451436543321727e-10,1.092624590487035e-10,2.9219390575854294e-8,-2.126286397029287e-9,-2.8526588621647803e-9,-3.2459502621134277e-9,2.042851819562318e-8,1.2451750370990584e-9,0.9999999958091313,-6.71054327374185e-9,-4.614139878118536e-9,-9.54792297337782e-9,-1.3781016680998166e-9,-9.624167255788513e-10,1.8888332833273853e-8,1.0045790435931091e-10,5.667379617160683e-9,2.9039580480211066e-9,3.2944817669703436e-8,-4.9635063310635855e-9,-3.391688391279158e-9,-2.9046758534680964e-9,1.6959397276778194e-8,1.7282560277495001e-9,-5.451520302255562e-10,-6.284009661671158e-9,1.6606550642364283e-8,1.9081864622550895e-10,-6.53927094110326e-10,-7.2072523630514516e-9,9.793162737292324e-9,-2.167538318467459e-9,2.0355929936345227e-9,0.20998553259737823,3.241121869485534e-7,2.482431036612754e-7,-6.0414388612716e-10,-6.715238982646983e-9,1.2173740458280044e-8,-1.0398156556266487e-9,-4.4659639086626855e-10,-5.22492000569388e-9,2.515624480666475e-8,3.0785978591884015e-9,-6.743879390513681e-10,-7.323066609558245e-9,8.093697678585524e-9,-2.7319006245822397e-9,6.0071709512298144e-15,-8.15621651185786e-16,0.37911089556519006,-3.0828267197746655e-13,1.24329977873525e-13,-1.3598409852753003e-12
TAC + ISI,TAC_primary,full_TAC,TAC,ISI,TotEmiss,1,0.0,32.50021056866753,7,0.4,14.207541238983511,10.108165052680418,true,8.622399278275864e-9,0.25324286519184624,3,3,LOCALLY_SOLVED,Solve_Succeeded,0.015396917,0.28825147778779836,1.1928346906396762e7,32.50021137012589,10.10817064707133,503.5799883491297,1.5922526291542861e-16,1.5922526291542861e-16,9.54792297226695e-9,8.622399278275864e-9,0.2878845854605545,8.622399278275864e-9,0.36689231862144284,0.9999999857130626,0.3478864143024864,6.370269067762696e-7,2.4853840096358134e-7,-4.906368273067994e-9,-4.126812316811857e-9,5.337819834530905e-9,1.2843557203306381e-11,-5.885343848496865e-9,-4.733120956353855e-9,3.1478022980303396e-9,-1.4589200558413922e-10,1.8320336981793728e-8,0.13790094678036913,1.0417891675462571e-7,1.670866998175883e-8,-5.437294975702402e-9,-4.41000769140768e-9,3.912987994642384e-9,-6.998759631841402e-11,-4.019367519172055e-9,-3.431290752584648e-9,8.085935807168608e-9,2.0721330842781877e-10,-6.069491451678466e-9,-4.809178072689274e-9,2.6015456759172017e-9,-1.8387792934773575e-10,7.451436735311317e-10,1.092624878810475e-10,2.921939062844274e-8,-2.1262864077834943e-9,-2.8526588561682986e-9,-3.2459502515695984e-9,2.042851822638274e-8,1.2451750343167363e-9,0.9999999958091315,-6.710543276756846e-9,-4.614139882392157e-9,-9.54792297226695e-9,-1.378101654752288e-9,-9.624167076499213e-10,1.888833285551752e-8,1.0045789957875229e-10,5.667379658352919e-9,2.9039580865946173e-9,3.2944817703154474e-8,-4.963506340588935e-9,-3.3916883828763615e-9,-2.9046758401870607e-9,1.695939730051298e-8,1.7282560229677268e-9,-5.45152030340888e-10,-6.284009664236237e-9,1.6606550596318368e-8,1.9081856416340906e-10,-6.539270942774291e-10,-7.207252365357006e-9,9.793162704983278e-9,-2.16753836867864e-9,2.0355929979770803e-9,0.20998553259738023,3.241121854588355e-7,2.482430968718454e-7,-6.041438861891557e-10,-6.715238984643511e-9,1.2173740427776302e-8,-1.0398157167307223e-9,-4.4659639101911705e-10,-5.224920009617533e-9,2.5156244733413445e-8,3.0785977252133073e-9,-6.743879390753848e-10,-7.323066610685939e-9,8.09369765840907e-9,-2.731900664594931e-9,6.007170932458541e-15,-8.156216562918427e-16,0.37911089556519,-3.0828267352231267e-13,1.2432997228835655e-13,-1.3598409885245358e-12
TAC + ISI,TAC_primary,full_TAC,TAC,ISI,TotEmiss,1,0.0,32.50021056866753,8,0.3,13.182697192407737,10.108165052680418,true,8.622399278275864e-9,0.18993206249407435,3,3,LOCALLY_SOLVED,Solve_Succeeded,0.015408917,0.2882514777877981,1.1928346906396754e7,32.50021137012589,10.108170647071114,503.57998834912956,1.3586493389542661e-22,1.258008647179876e-22,9.547922969127653e-9,8.622399278275864e-9,0.28788458546055423,8.622399278275864e-9,0.36689231862142957,0.9999999857130627,0.3478864143024921,6.37026904086315e-7,2.4853838833060734e-7,-4.906368264444573e-9,-4.126812310432614e-9,5.337819842734287e-9,1.2843550349277676e-11,-5.885343829779042e-9,-4.733120944585863e-9,3.14780233029157e-9,-1.458920074958653e-10,1.8320336969442664e-8,0.13790094678037126,1.0417891592756847e-7,1.6708669217646556e-8,-5.4372949642848706e-9,-4.410007683717277e-9,3.912988009220476e-9,-6.998760069838456e-11,-4.019367488415635e-9,-3.4312907277997415e-9,8.085935873031902e-9,2.0721330100150233e-10,-6.06949144599997e-9,-4.8091780690598435e-9,2.601545680299381e-9,-1.8387793273760717e-10,7.451436769044528e-10,1.0926251344197897e-10,2.9219390686291204e-8,-2.1262864216189425e-9,-2.852658815102363e-9,-3.245950198246091e-9,2.0428518367533405e-8,1.245174985863773e-9,0.9999999958091313,-6.710543276752444e-9,-4.614139877430903e-9,-9.547922969127653e-9,-1.378101636488263e-9,-9.624166796266582e-10,1.8888332877103404e-8,1.0045788351971884e-10,5.6673797957370195e-9,2.9039581788491653e-9,3.294481765504637e-8,-4.963506395796063e-9,-3.3916883800804228e-9,-2.9046758277863085e-9,1.6959397318171033e-8,1.7282560170139893e-9,-5.451520293827301e-10,-6.284009654522388e-9,1.6606550621840003e-8,1.9081846233212545e-10,-6.539270921976711e-10,-7.207252347437563e-9,9.793162805351549e-9,-2.1675383970814277e-9,2.0355929966047393e-9,0.20998553259738348,3.2411218288576854e-7,2.482430855193202e-7,-6.04143884920541e-10,-6.715238972933125e-9,1.217374047313037e-8,-1.0398157818045707e-9,-4.4659638760173704e-10,-5.224919971876879e-9,2.515624493832147e-8,3.0785976148794627e-9,-6.743879384444408e-10,-7.323066605159306e-9,8.093697672042517e-9,-2.7319007149587345e-9,6.0071709238803815e-15,-8.156216486325579e-16,0.37911089556518984,-3.0828267228629875e-13,1.2432997008395073e-13,-1.3598409816759963e-12
TAC + ISI,TAC_primary,full_TAC,TAC,ISI,TotEmiss,1,0.0,32.50021056866753,9,0.2,12.157853145831965,10.108165052680418,true,8.622399201832926e-9,0.12662125979631583,3,3,LOCALLY_SOLVED,Solve_Succeeded,0.013826625,0.2882514777877978,1.1928346906396747e7,32.50021137012588,10.108170647070684,503.57998834912945,8.120488408686859e-17,5.65112465852256e-23,9.54792296492329e-9,8.622399201832926e-9,0.287884585460554,8.622399201832926e-9,0.36689231862140304,0.999999985713063,0.347886414302504,6.370268975176133e-7,2.4853836282780706e-7,-4.906368267340649e-9,-4.126812311756196e-9,5.337819808652267e-9,1.2843533032843547e-11,-5.8853438291850966e-9,-4.733120943901453e-9,3.147802315533712e-9,-1.4589201727031613e-10,1.832033693881218e-8,0.1379009467803758,1.0417891431844345e-7,1.670866769335505e-8,-5.4372949641300405e-9,-4.410007683773388e-9,3.912987990104519e-9,-6.998761331280406e-11,-4.019367485680231e-9,-3.431290724563801e-9,8.085935837252333e-9,2.0721327403458824e-10,-6.069491446442484e-9,-4.8091780692905185e-9,2.601545665701619e-9,-1.8387794119716192e-10,7.451437162901376e-10,1.0926260578249681e-10,2.9219390859899835e-8,-2.1262864578282696e-9,-2.852658790157207e-9,-3.245950148173227e-9,2.0428518508348808e-8,1.2451749596287125e-9,0.9999999958091315,-6.710543284844751e-9,-4.614139886969171e-9,-9.54792296492329e-9,-1.3781016022480301e-9,-9.624166178171315e-10,1.8888332948988176e-8,1.0045786369225202e-10,5.667379925836841e-9,2.9039583231850196e-9,3.294481773708519e-8,-4.963506442336015e-9,-3.391688361544981e-9,-2.904675785319588e-9,1.6959397392432393e-8,1.728256001104606e-9,-5.451520297045163e-10,-6.284009656537843e-9,1.6606550515807053e-8,1.9081820505938985e-10,-6.539270921316773e-10,-7.207252346395393e-9,9.793162759438214e-9,-2.167538542301839e-9,2.0355929932013526e-9,0.2099855325973904,3.2411217787960186e-7,2.482430628727035e-7,-6.041438849033375e-10,-6.715238973018566e-9,1.2173740413658501e-8,-1.0398159692188026e-9,-4.465963872978033e-10,-5.2249199669494235e-9,2.5156244827007254e-8,3.078597214228168e-9,-6.743879384936091e-10,-7.323066605510561e-9,8.093697626627259e-9,-2.7319008406435482e-9,6.007170888484852e-15,-8.156216491823421e-16,0.3791108955651897,-3.082826759939403e-13,1.2432995402948982e-13,-1.3598409878258403e-12
TAC + ISI,TAC_primary,full_TAC,TAC,ISI,TotEmiss,1,0.0,32.50021056866753,10,0.1,11.133009099256192,10.108165052680418,true,8.622399201832926e-9,0.06331045709860968,3,3,LOCALLY_SOLVED,Solve_Succeeded,0.014715292,0.28825147778779703,1.1928346906396722e7,32.50021137012588,10.108170647069407,503.5799883491295,5.126570965080088e-17,5.126570965080088e-17,9.547922951379502e-9,8.622399201832926e-9,0.2878845854605533,8.622399201832926e-9,0.36689231862132415,0.9999999857130638,0.34788641430254025,6.370268783631701e-7,2.4853828642723347e-7,-4.906368268144963e-9,-4.126812309170906e-9,5.337819729876151e-9,1.2843482762038628e-11,-5.8853438117575384e-9,-4.733120931539868e-9,3.1478023070164782e-9,-1.4589204390970084e-10,1.832033680607612e-8,0.13790094678038964,1.0417890947030035e-7,1.6708663118682914e-8,-5.43729495441899e-9,-4.410007676859488e-9,3.912987954923172e-9,-6.998764938310031e-11,-4.019367452947914e-9,-3.431290693899435e-9,8.08593580566311e-9,2.0721319861279936e-10,-6.069491443165827e-9,-4.809178066507653e-9,2.6015456327578683e-9,-1.8387796579232358e-10,7.451438153238126e-10,1.0926286596973955e-10,2.921939135804475e-8,-2.1262865632753446e-9,-2.852658692040087e-9,-3.2459499722364863e-9,2.042851899536653e-8,1.2451748492491134e-9,0.9999999958091316,-6.710543305487159e-9,-4.6141399068519315e-9,-9.547922951379502e-9,-1.3781015013962435e-9,-9.624164340520225e-10,1.888833315301455e-8,1.0045779844848688e-10,5.6673803697415405e-9,2.9039587758361514e-9,3.294481790686722e-8,-4.963506610438622e-9,-3.3916883134463562e-9,-2.9046756651837904e-9,1.6959397598965218e-8,1.728255954920646e-9,-5.451520297938846e-10,-6.284009652601152e-9,1.6606550270725802e-8,1.908174581788596e-10,-6.539270901952817e-10,-7.207252327572071e-9,9.793162732940153e-9,-2.167538938086983e-9,2.0355929784529014e-9,0.2099855325974115,3.2411216279649e-7,2.482429949061461e-7,-6.04143883824332e-10,-6.715238962490583e-9,1.2173740304205421e-8,-1.0398165051203472e-9,-4.465963836608791e-10,-5.224919920255957e-9,2.5156244728729674e-8,3.0785960936758755e-9,-6.743879381295361e-10,-7.323066601273016e-9,8.09369752413559e-9,-2.7319012060573783e-9,6.00717077593917e-15,-8.15621650580241e-16,0.3791108955651896,-3.0828268435937143e-13,1.2432991102652149e-13,-1.359840997397554e-12
TAC + ISI,TAC_primary,full_TAC,TAC,ISI,TotEmiss,1,0.0,32.50021056866753,11,0.0,10.108165052680418,10.108165052680418,true,9.273716046394456e-9,-9.502026206870547e-9,3,3,LOCALLY_SOLVED,Solve_Succeeded,0.015807708,0.2882514687762637,1.19283466234863e7,32.50021143066626,10.108165206494531,503.5799876038012,1.5922526291542861e-16,1.5922526291542861e-16,9.846458418949457e-9,9.502026206870547e-9,0.2878845767844658,9.273716046394456e-9,0.3668919825241748,1.0000000080880689,0.34788662064850523,6.005364220281484e-9,-9.50143021709658e-9,-8.516303117350733e-9,-5.851705156473736e-9,-1.545279922994962e-9,-4.6344340423606337e-10,-8.41241933291099e-9,-5.764064360208169e-9,-1.3749272230088314e-9,-4.392945340992575e-10,-5.297102251027575e-9,0.1379009972489607,5.041196210378646e-9,3.753422137938293e-9,-8.492155007488311e-9,-5.836113641086706e-9,-1.4816010721931804e-9,-4.5357091722750336e-10,-7.939888140242875e-9,-5.234383240475023e-9,-6.285719767990484e-10,-3.2468611943535067e-10,-8.562613048479071e-9,-5.886271036827989e-9,-1.5803645183680661e-9,-4.689745895676263e-10,-5.016932274253375e-9,2.3505252452927527e-8,4.954104758668764e-9,-5.015903176221425e-9,-3.6127174930568845e-9,2.992994995609169e-8,3.867658011045608e-9,-7.485586528285076e-9,1.0000000061706964,-8.641960521463798e-9,-8.022068330530655e-9,-9.839278613736675e-9,-4.73357096337734e-9,1.817573057871973e-8,6.954410203984045e-9,-3.3456027267814862e-9,7.325141842856531e-8,1.3763798617852965e-8,-2.198754989108819e-9,-9.296300197425418e-9,-5.5036242565684495e-9,9.30021188820552e-9,6.9026028562738024e-9,5.506450473256085e-11,-9.46255901927859e-10,-8.91055103372137e-9,-4.8075375382065475e-9,-6.885444862935798e-9,-9.34713259212332e-10,-8.777098003044256e-9,-4.277551360471919e-9,-6.5266616494746816e-9,-5.885669167808414e-10,0.20998560944728106,1.568372154340023e-8,5.576512890651178e-8,-9.43572778609812e-10,-8.886809408018392e-9,-4.609425557934339e-9,-6.738767913094334e-9,-8.822097933603193e-10,-7.970538116177875e-9,-1.955557261152595e-9,-4.823908060182352e-9,-9.514014498310075e-10,-8.963185442442618e-9,-4.91668961270065e-9,-6.967622473576162e-9,-5.2388281312842316e-14,-6.652566748978313e-16,0.37911087422655787,-7.916522449299224e-12,-2.9247658372124144e-11,-1.595191564821895e-11
TAC + ISI,TAC_primary,full_TAC,TAC,ISI,TotEmiss,2,0.1,41.79528413016144,2,0.9,19.250463734549026,9.295187679546892,true,1.0191020911052114e-10,0.45927145353985077,3,1,LOCALLY_SOLVED,Solve_Succeeded,1.315879958,0.26781974378637785,1.1255406545869324e7,41.79528412068881,11.816003976246446,503.5799916344603,3.1845052583085723e-16,3.1845052583085723e-16,8.436347623868646e-9,0.0,0.26724734829466296,0.09999999989808979,0.472395491816793,0.9999999472674999,0.36630863300922534,6.458040211340394e-6,2.280698151634457e-6,5.4791898827768125e-9,1.8174144220771645e-9,2.4630107104475612e-8,1.4571796027493358e-9,7.0384508141784345e-9,3.082124422114884e-9,2.8109929964630593e-8,1.8792892339201985e-9,7.91559468451149e-8,0.06769152807773837,1.7810969468258825e-7,2.124332752201219e-8,6.1744654231599635e-9,2.6861096646109844e-9,2.5308260868408936e-8,1.9848289089764785e-9,6.817792003710525e-8,0.07751188618706177,1.277725872783783e-6,1.1893614643155221e-7,1.9421736295324063e-9,-4.06059647985452e-10,1.6293926760609927e-8,9.66775570529564e-10,7.51759666513569e-9,-2.4948740624925574e-9,1.4088029972486977e-8,-7.0715357258101515e-9,9.605889819956993e-9,-3.4404536215565645e-9,8.991936375250857e-9,-7.802866351669391e-9,0.999998851103415,-1.3145168410233407e-10,7.0717507667935915e-9,-8.436347623868646e-9,8.439052474442083e-9,-3.137863871278479e-9,9.128268955718114e-9,-7.351964498775703e-9,8.809192506891808e-7,1.3005870631539218e-8,2.936066545001611e-8,-6.840758208517635e-9,3.0510210849389543e-9,-2.1630742982121945e-9,1.644641425497644e-8,-4.355196948491535e-9,6.087988758640901e-10,2.7674265063447734e-9,7.662699988059079e-8,2.1649525526561558e-8,7.820500904642702e-10,4.693234915493118e-9,8.745311544551739e-8,2.7920868618242946e-8,8.795105205012763e-9,0.10307573593655614,5.541190501236079e-7,3.1561515175560967e-7,6.860517136844401e-10,4.090212443839453e-9,7.873681159060558e-8,2.9488886647650534e-8,7.575324448567247e-9,0.11802946305757134,3.975147159771769e-6,1.7670513184116328e-6,2.1579706994804507e-10,-6.183181003414836e-10,5.069221658856421e-8,1.4363522762153521e-8,2.088927695139217e-14,3.0566384210530877e-15,0.31592218648501663,2.439923511097745e-13,0.10851804153012623,1.3818749012949824e-13
TAC + ISI,TAC_primary,full_TAC,TAC,ISI,TotEmiss,2,0.1,41.79528413016144,3,0.8,18.1443219506599,9.295187679546892,true,1.0191020911052114e-10,0.3909383988977398,3,1,LOCALLY_SOLVED,Solve_Succeeded,1.301224958,0.2678197437863581,1.125540654586872e7,41.79528412068881,11.816003976226291,503.5799916344603,4.5113824492704774e-17,5.126570965080088e-17,8.436347618401768e-9,0.0,0.26724734829464447,0.09999999989808979,0.47239549181554796,0.9999999472674996,0.36630863301189315,6.458027730574184e-6,2.280697590779424e-6,5.479189997153561e-9,1.817414500212493e-9,2.4630106421315975e-8,1.457179598672595e-9,7.038450953452558e-9,3.0821245225326272e-9,2.810992913944404e-8,1.8792892288012392e-9,7.915594693254656e-8,0.06769152807774417,1.7810966588498937e-7,2.124332670985537e-8,6.174465537409365e-9,2.686109745820457e-9,2.5308260187156788e-8,1.9848289014745087e-9,6.817791992031615e-8,0.07751188618811315,1.2777228683399654e-6,1.1893611189056366e-7,1.9421736898063407e-9,-4.0605961038862864e-10,1.6293926406506378e-8,9.667755665434153e-10,7.517596815278931e-9,-2.4948739985795623e-9,1.4088029874381596e-8,-7.071535710551213e-9,9.605890009805865e-9,-3.4404535664412775e-9,8.99193635209722e-9,-7.802866339247691e-9,0.9999988511034338,-1.3145169289510948e-10,7.071750737539347e-9,-8.436347618401768e-9,8.439052626913839e-9,-3.1378638235138804e-9,9.1282689329296e-9,-7.35196448450672e-9,8.809192309123858e-7,1.3005870530239026e-8,2.9360665459713712e-8,-6.840758201911584e-9,3.0510211580404454e-9,-2.1630742534192828e-9,1.6446414102303094e-8,-4.355196929684652e-9,6.087988885726177e-10,2.7674266253235686e-9,7.662699775520525e-8,2.1649525465992836e-8,7.820501059391729e-10,4.693235068401955e-9,8.745311287827034e-8,2.7920868542189843e-8,8.795105214727392e-9,0.103075735936565,5.54118960531078e-7,3.156151396892798e-7,6.860517263788181e-10,4.0902125674993314e-9,7.873680947115443e-8,2.9488886536192698e-8,7.57532443559068e-9,0.1180294630591723,3.975137812613225e-6,1.7670508052312315e-6,2.1579707664514888e-10,-6.183180430917753e-10,5.069221548690873e-8,1.4363522702930743e-8,2.08892769140997e-14,3.0566384103409486e-15,0.31592218648501647,2.4399234891416954e-13,0.10851804153012667,1.3818748788521484e-13
TAC + ISI,TAC_primary,full_TAC,TAC,ISI,TotEmiss,2,0.1,41.79528413016144,4,0.7,17.038180166770772,9.295187679546892,true,1.0191036199639795e-10,0.32260534425418813,3,1,LOCALLY_SOLVED,Solve_Succeeded,1.420161542,0.2678197437863748,1.125540654586926e7,41.7952841206888,11.816003976229453,503.5799916344604,4.0602442043434296e-17,5.126570965080088e-17,8.436347611535345e-9,0.0,0.26724734829466096,0.09999999989808964,0.4723954918157433,0.9999999472675004,0.36630863300956096,6.458040861442043e-6,2.2806970830194196e-6,5.479189982730805e-9,1.8174144891276342e-9,2.463010733205888e-8,1.457179569588012e-9,7.038450909086656e-9,3.0821244888624038e-9,2.8109930185897923e-8,1.8792891825380946e-9,7.915594698879095e-8,0.06769152807774406,1.781096951242474e-7,2.124332582538812e-8,6.174465520169419e-9,2.6861097347526586e-9,2.5308261080544596e-8,1.9848288597655555e-9,6.817792016880475e-8,0.0775118861871889,1.2777260297306395e-6,1.1893608088938305e-7,1.9421737252604433e-9,-4.0605958646615515e-10,1.629392694850471e-8,9.667755592296104e-10,7.51759678891043e-9,-2.494874066632015e-9,1.4088029885206237e-8,-7.071535755439178e-9,9.605889939974411e-9,-3.4404536264471177e-9,8.991936325669754e-9,-7.802866365427688e-9,0.9999988511034127,-1.31451697029836e-10,7.0717507530596165e-9,-8.436347611535345e-9,8.43905259566059e-9,-3.1378638750712556e-9,9.128268907476287e-9,-7.3519645157941044e-9,8.809192523644415e-7,1.300587047750767e-8,2.9360665238084126e-8,-6.840758198603836e-9,3.0510211969782195e-9,-2.1630742738786394e-9,1.6446414235874423e-8,-4.355197010074244e-9,6.087988869700891e-10,2.7674266084443523e-9,7.662700058862762e-8,2.1649525033879034e-8,7.820501010096282e-10,4.693235017131387e-9,8.745311613390464e-8,2.7920867854851686e-8,8.79510522097677e-9,0.10307573593656483,5.541190514976585e-7,3.156151265486235e-7,6.860517244632685e-10,4.090212550646094e-9,7.873681225058319e-8,2.9488885916516823e-8,7.575324463200525e-9,0.11802946305776492,3.975147648050878e-6,1.7670503446422624e-6,2.1579708058449362e-10,-6.183180066643726e-10,5.069221717312576e-8,1.4363522594268494e-8,2.08892769613622e-14,3.056638444470169e-15,0.31592218648501724,2.439923497366971e-13,0.10851804153012472,1.3818748994496086e-13
TAC + ISI,TAC_primary,full_TAC,TAC,ISI,TotEmiss,2,0.1,41.79528413016144,5,0.6,15.932038382881647,9.295187679546892,true,1.0191051488227477e-10,0.2542722896118864,3,1,LOCALLY_SOLVED,Solve_Succeeded,1.40644875,0.2678197437863697,1.1255406545869127e7,41.795284120688784,11.816003976212386,503.57999163446027,1.5922526291542861e-16,1.5922526291542861e-16,8.436347600348088e-9,0.0,0.2672473482946569,0.09999999989808948,0.47239549181468893,0.9999999472675007,0.3663086330101933,6.4580397906249235e-6,2.2806961017506255e-6,5.479190082964186e-9,1.817414556600462e-9,2.4630107431457018e-8,1.4571795409682717e-9,7.038451008429187e-9,3.0821245591183133e-9,2.8109930260526525e-8,1.879289138351177e-9,7.915594712141933e-8,0.06769152807774968,1.781096916876227e-7,2.1243324278311714e-8,6.174465617881644e-9,2.6861098052581538e-9,2.530826116709276e-8,1.9848288170932486e-9,6.817792026421225e-8,0.07751188618743371,1.2777257724313807e-6,1.1893602068501319e-7,1.942173814550419e-9,-4.060595292164873e-10,1.6293927059243043e-8,9.667755491292847e-10,7.51759691420603e-9,-2.494874061404245e-9,1.4088029797761212e-8,-7.07153577844988e-9,9.605890067488584e-9,-3.4404536230625506e-9,8.991936280426728e-9,-7.80286637538545e-9,0.9999988511034132,-1.31451709150364e-10,7.071750737517092e-9,-8.436347600348088e-9,8.439052719096324e-9,-3.1378638717623445e-9,9.128268863424712e-9,-7.351964528262839e-9,8.809192510679042e-7,1.3005870316825726e-8,2.9360665038054034e-8,-6.840758190723205e-9,3.0510213018391493e-9,-2.163074247143802e-9,1.6446414198746057e-8,-4.355197059665438e-9,6.087988981071316e-10,2.767426711187067e-9,7.662700089786628e-8,2.1649524608671463e-8,7.820501120476871e-10,4.693235124111977e-9,8.745311636608251e-8,2.7920867198360336e-8,8.795105235713254e-9,0.10307573593657338,5.541190408059373e-7,3.156151035634883e-7,6.860517353201824e-10,4.090212658006734e-9,7.873681251984415e-8,2.9488885282528263e-8,7.575324473801358e-9,0.11802946305813768,3.9751468475642955e-6,1.7670494501773384e-6,2.1579709050560203e-10,-6.18317919488742e-10,5.069221751764502e-8,1.4363522444206513e-8,2.0889276947689416e-14,3.056638452451745e-15,0.3159221864850177,2.439923483011569e-13,0.10851804153012341,1.38187489487724e-13
TAC + ISI,TAC_primary,full_TAC,TAC,ISI,TotEmiss,2,0.1,41.79528413016144,6,0.5,14.825896598992522,9.295187679546892,true,1.0191074421109e-10,0.1859392349724826,3,3,LOCALLY_SOLVED,Solve_Succeeded,1.410873208,0.26781974378631246,1.1255406545867389e7,41.79528412068876,11.816003976148409,503.57999163446027,4.5113824492704774e-17,1.0064069177439008e-21,8.43634758021249e-9,0.0,0.2672473482946036,0.09999999989808926,0.4723954918107367,0.9999999472675005,0.3663086330179266,6.4580044666171615e-6,2.280694092574873e-6,5.479190458211956e-9,1.817414814438245e-9,2.463010543806546e-8,1.4571795189726376e-9,7.0384514566203515e-9,3.0821248841045193e-9,2.810992783588611e-8,1.8792891077034066e-9,7.915594740717957e-8,0.06769152807776704,1.7810961125764597e-7,2.1243321321622314e-8,6.174465991479973e-9,2.6861100732202266e-9,2.530825917372882e-8,1.984828779987513e-9,6.817791992509006e-8,0.07751188619048076,1.2777172683081862e-6,1.1893589703006838e-7,1.9421740259553243e-9,-4.0605939578220043e-10,1.6293926047078945e-8,9.667755340138188e-10,7.517597405821185e-9,-2.494873869291465e-9,1.4088029468776347e-8,-7.071535741795638e-9,9.605890677217747e-9,-3.4404534581064493e-9,8.991936190883267e-9,-7.802866342357511e-9,0.999998851103469,-1.3145173835282428e-10,7.071750636167907e-9,-8.43634758021249e-9,8.439053216591328e-9,-3.137863728664327e-9,9.128268775865036e-9,-7.351964490758044e-9,8.809191914927173e-7,1.3005869953324846e-8,2.9360664679730936e-8,-6.840758169471324e-9,3.0510215576952486e-9,-2.1630741036197896e-9,1.6446413727750574e-8,-4.355197022368188e-9,6.087989398013281e-10,2.767427103803691e-9,7.662699469620365e-8,2.1649524281879183e-8,7.820501618467053e-10,4.693235618977336e-9,8.745310882275677e-8,2.7920866743022035e-8,8.795105267464392e-9,0.1030757359365998,5.54118790579343e-7,3.156150596355315e-7,6.860517768311078e-10,4.0902130660398905e-9,7.873680631826743e-8,2.9488884731243043e-8,7.575324436121115e-9,0.1180294630627775,3.975120390292134e-6,1.7670476130181585e-6,2.1579711399503593e-10,-6.183177163047142e-10,5.069221436869004e-8,1.436352221963388e-8,2.0889276843987386e-14,3.056638421173014e-15,0.3159221864850174,2.4399234126549446e-13,0.10851804153012405,1.3818748264787372e-13
TAC + ISI,TAC_primary,full_TAC,TAC,ISI,TotEmiss,2,0.1,41.79528413016144,7,0.4,13.719754815103396,9.295187679546892,true,1.0191097353990522e-10,0.11760618033069488,3,3,LOCALLY_SOLVED,Solve_Succeeded,1.3857855,0.26781974378634726,1.1255406545868577e7,41.79528412068874,11.816003976123021,503.5799916344602,4.7369515717340015e-17,5.126570965080088e-17,8.436347539093692e-9,0.0,0.26724734829464003,0.09999999989808903,0.47239549180916834,0.9999999472675033,0.3663086330128466,6.45803802115799e-6,2.2806907584717213e-6,5.479190608208156e-9,1.8174149096154783e-9,2.4630108239825392e-8,1.4571793806597998e-9,7.038451519706329e-9,3.082124919823624e-9,2.810993098025549e-8,1.8792888904358107e-9,7.915594784317268e-8,0.06769152807777896,1.781096823356091e-7,2.1243315827503473e-8,6.174466128953022e-9,2.6861101743131448e-9,2.53082619022356e-8,1.984828578593335e-9,6.817792084675993e-8,0.07751188618845516,1.2777253489167532e-6,1.1893569290340693e-7,1.942174297405127e-9,-4.0605921932724065e-10,1.629392781288689e-8,9.667754934562282e-10,7.517597568155097e-9,-2.4948740549515496e-9,1.40880293393818e-8,-7.071535913981116e-9,9.605890719709385e-9,-3.4404536238344036e-9,8.991936033362295e-9,-7.802866436132651e-9,0.9999988511034096,-1.3145177454275665e-10,7.071750660029493e-9,-8.436347539093692e-9,8.439053361730996e-9,-3.1378638703038894e-9,9.128268622943127e-9,-7.351964603859672e-9,8.809192510311976e-7,1.3005869444866557e-8,2.9360663909076002e-8,-6.840758148568581e-9,3.051021868038366e-9,-2.163074112269579e-9,1.6446414044316728e-8,-4.35519734666677e-9,6.087989564675727e-10,2.76742724873266e-9,7.66270034127901e-8,2.1649522226945596e-8,7.820501688562584e-10,4.693235673367791e-9,8.745311860523929e-8,2.7920863515046326e-8,8.795105315908072e-9,0.10307573593661795,5.541190117107838e-7,3.1561497800862296e-7,6.86051792105891e-10,4.0902132199768335e-9,7.873681480695521e-8,2.9488881739100974e-8,7.57532453852888e-9,0.11802946305969306,3.975145529963231e-6,1.7670445802791883e-6,2.1579714415612514e-10,-6.183174476119346e-10,5.069221986231477e-8,1.436352161706396e-8,2.088927692803401e-14,3.056638530242466e-15,0.31592218648501996,2.439923408737451e-13,0.10851804153011659,1.38187487691616e-13
TAC + ISI,TAC_primary,full_TAC,TAC,ISI,TotEmiss,2,0.1,41.79528413016144,8,0.3,12.61361303121427,9.295187679546892,true,1.0191219662691975e-10,0.0492731257016901,3,3,LOCALLY_SOLVED,Solve_Succeeded,1.130737375,0.26781974378628737,1.1255406545867091e7,41.79528412068863,11.816003975890707,503.57999163446004,1.5922526291542861e-16,1.5922526291542861e-16,8.436347380993626e-9,0.0,0.26724734829459446,0.0999999998980878,0.4723954917948169,0.9999999472675096,0.3663086330200257,6.458031783699678e-6,2.280676955363234e-6,5.479191973507843e-9,1.8174158274609403e-9,2.4630110218485616e-8,1.4571789683678875e-9,7.038452852666569e-9,3.082125860597532e-9,2.8109932710962375e-8,1.8792882529944706e-9,7.915594970808901e-8,0.06769152807785567,1.7810965433567168e-7,2.124329400751024e-8,6.1744674578230595e-9,2.6861111337888683e-9,2.5308263693067125e-8,1.984827964995654e-9,6.81779223258914e-8,0.0775118861912214,1.2777238537618749e-6,1.1893484613704315e-7,1.942175546140986e-9,-4.0605841803336505e-10,1.6293929697964844e-8,9.667753499126987e-10,7.517599269124998e-9,-2.494874029251639e-9,1.408802814795733e-8,-7.071536259900674e-9,9.605892421881631e-9,-3.4404536179512e-9,8.991935395409334e-9,-7.802866590383892e-9,0.9999988511034028,-1.3145194371960718e-10,7.07175045692505e-9,-8.436347380993626e-9,8.439055033959648e-9,-3.1378638597430984e-9,9.12826800195701e-9,-7.351964795989137e-9,8.809192480678562e-7,1.300586720008146e-8,2.9360661019752258e-8,-6.840758038594095e-9,3.0510233326701798e-9,-2.163073759458764e-9,1.6446413625791068e-8,-4.35519808111595e-9,6.087991081675379e-10,2.7674286463609767e-9,7.66270095686219e-8,2.1649516101465752e-8,7.820503169629519e-10,4.693237105909878e-9,8.745312398966071e-8,2.7920854044489273e-8,8.795105523120996e-9,0.10307573593673477,5.541189245998674e-7,3.156146538258664e-7,6.860519397581175e-10,4.0902146809966855e-9,7.873682037843104e-8,2.9488872622792567e-8,7.57532470287682e-9,0.1180294630639053,3.975140878370278e-6,1.767031999750355e-6,2.157972829045539e-10,-6.183162274598967e-10,5.069222572700173e-8,1.4363519484417235e-8,2.088927685104003e-14,3.056638738591498e-15,0.31592218648502657,2.4399232149982243e-13,0.10851804153009854,1.3818748277401972e-13
TAC + ISI,TAC_primary,full_TAC,TAC,ISI,TotEmiss,2,0.1,41.79528413016144,9,0.2,11.507471247325144,9.295187679546892,false,0.018063403219019503,-5.999818819331146e-9,3,3,LOCALLY_SOLVED,Solve_Succeeded,0.155771875,0.27222663399420255,1.140031722580462e7,40.11627751324432,11.507471344447252,503.5799886130852,1.5922526291542861e-16,1.5922526291542861e-16,9.328681487644755e-9,5.999818819331146e-9,0.2716913618285686,0.0819365967809805,0.4533355688529698,0.9999999970892992,0.3629826870616872,5.831052725276381e-7,-4.879533696720925e-9,7.999819347701751e-9,1.4550789786757361e-8,1.9623840891965464e-8,2.534373146151637e-10,7.881486695874668e-9,1.4973816658789083e-8,2.0131976866393785e-8,3.32050357956997e-10,2.204854753559277e-8,0.08037382971599331,3.0522122175250686e-8,9.601476082242078e-10,7.341656947209603e-9,1.4608102387862541e-8,2.0637364707062326e-8,5.678851727010644e-10,1.8919925619706456e-8,0.06351115725417572,3.491547542018974e-8,5.349648731514056e-10,6.995502471613092e-9,1.3399951850714814e-8,1.986545410458166e-8,5.379903711257775e-10,3.14348131726576e-8,-6.511593930031228e-9,-2.597067264330249e-9,-9.302249601359986e-9,3.079255099593169e-8,-6.839212350249157e-9,-3.1740068420266445e-9,-9.328681487644755e-9,0.9999993426869473,-6.781572379193412e-9,-3.6774907667003135e-9,-9.31813151795845e-9,2.8005764250147736e-8,-6.755697022487867e-9,-2.9130096925612714e-9,-9.203352015770903e-9,4.587392988834828e-7,-6.0866166415648724e-9,-2.2809309806563617e-9,-9.303818474257779e-9,2.633332626198025e-8,-5.8684863365245375e-9,-1.225629050688808e-9,-8.951700950155099e-9,8.888688164113053e-10,2.215688444801689e-8,6.105194944167033e-8,3.765354388568146e-9,8.757207439860738e-10,2.28010390031561e-8,6.263281691766955e-8,4.933319603932526e-9,2.4498386150658622e-9,0.12238742252208072,9.495771343411323e-8,1.4265050179331086e-8,8.157396608010667e-10,2.2244155908790686e-8,6.42051346441939e-8,8.437151137272955e-9,2.102213957745161e-9,0.09671017127340394,1.0862592352947919e-7,7.948049543963738e-9,7.772780524014543e-10,2.040447213631574e-8,6.180363499203183e-8,7.99299979958298e-9,7.907606356191534e-15,3.3386767156812586e-15,0.32733626584606934,-4.183299296417866e-14,0.08891578219395375,-4.801914418271853e-14
TAC + ISI,TAC_primary,full_TAC,TAC,ISI,TotEmiss,2,0.1,41.79528413016144,10,0.1,10.401329463436017,9.295187679546892,false,0.08283357069759437,4.4117620645252315e-9,3,3,LOCALLY_SOLVED,Solve_Succeeded,0.060774125,0.28640060991531385,1.1866843385597987e7,34.09584280020798,10.401329392020589,503.57999132924164,1.5922526291542861e-16,1.5922526291542861e-16,8.792544889388132e-9,0.0,0.28599844098221344,0.017166429302405636,0.3850025037980327,0.9999999635663022,0.35104917080433845,1.489385077302084e-6,2.2825789722788954e-8,1.629641976267741e-8,7.594106738521448e-9,3.111804390820898e-8,4.516612665272209e-10,1.6172355737907848e-8,7.821090049100333e-9,3.09872666513338e-8,4.873313046510718e-10,1.376577676972145e-7,0.12584901734483597,8.748783599488798e-8,1.416363757919479e-9,1.5440822379813463e-8,8.049879122445172e-9,3.0024183366889065e-8,5.749227090550548e-10,1.1453322140258931e-7,0.013305586277045658,1.4704791586690147e-7,1.1697223348847828e-9,1.4785870457996572e-8,7.52327249841516e-9,2.912836272715395e-8,5.556552678177653e-10,1.8119587735513635e-8,-5.239798464064635e-9,2.272760587466943e-9,-8.792544889388132e-9,1.7969168495611512e-8,-5.329018985928624e-9,1.8925381610473325e-9,-8.790766307503756e-9,0.9999985981162643,-2.0858006998098634e-10,7.429881925380919e-9,-7.990975348395572e-9,1.7087312950460368e-8,-5.269171388040284e-9,1.7446552606957046e-9,-8.686954477641636e-9,9.460951312871034e-7,-1.7493492894802434e-10,1.042151016623512e-8,-8.22115610299029e-9,1.6304995767765445e-8,-4.831783427742937e-9,2.916673971382007e-9,-8.51722559914117e-9,1.8107133069641559e-9,1.1563753442748568e-8,9.681169215887237e-8,6.710395959832995e-9,1.7969284153230934e-9,1.1909387120220961e-8,9.640482958192735e-8,7.240350811958779e-9,1.529530752191272e-8,0.1916337309569093,2.721843786507626e-7,2.1043118689089397e-8,1.7156469310903843e-9,1.2257770481905149e-8,9.340857047476597e-8,8.541708820246525e-9,1.2725913489176586e-8,0.020260779103683155,4.5748240491924905e-7,1.7378731832573916e-8,1.6428744953329518e-9,1.1455892213495811e-8,9.062157292892339e-8,8.255449693292513e-9,2.2681743310067584e-14,5.350949675510375e-15,0.36826380400754427,2.405178394259902e-13,0.018628284227855924,3.78049557392002e-13
TAC + ISI,TAC_primary,full_TAC,TAC,ISI,TotEmiss,2,0.1,41.79528413016144,11,0.0,9.295187679546892,9.295187679546892,true,1.914642886768697e-9,-9.350387122785529e-9,3,3,LOCALLY_SOLVED,Solve_Succeeded,0.024346833,0.6307214700745606,2.3094007366761666e7,41.795284308128906,9.295187830906347,503.5799877379279,3.1845052583085723e-16,3.1845052583085723e-16,9.739919868600021e-9,9.350387122785529e-9,0.6303048006097292,0.10000000191464288,0.3166694629168258,1.000000007851877,0.3552972418092637,3.041335313148235e-8,-9.3385726676079e-9,-6.447515804524275e-9,3.0765574683682478e-9,1.4698372937249619e-9,1.7383655075794754e-10,-5.765226271138004e-9,0.007397424545270053,2.883763580939736e-9,8.321462654190072e-10,-5.669562572208131e-9,0.09371287197349604,2.947005643639993e-9,9.90248140044712e-10,-6.117780711168745e-9,1.1105905627494724e-8,2.1686874690853198e-9,5.215663519720209e-10,-6.02359272640076e-9,1.983192565245271e-8,2.262345579895387e-9,4.711838094307954e-10,-7.062002733428532e-9,-2.922885970841368e-9,4.987849866708435e-10,-7.069469662743923e-11,1.0749994601308794e-8,2.0606573632722627e-8,-2.417936642938862e-9,-9.221835761441595e-9,3.5459008280581e-7,0.10022341937129464,-2.5223821017032757e-9,-9.300303099098912e-9,0.9999996079470279,-7.978229408731529e-9,-7.023202751175029e-9,-9.722204754113128e-9,3.125888814421317e-8,5.891921524621423e-9,-3.0133491114447893e-9,-9.295372839020725e-9,4.518002552631766e-8,-5.25650537291224e-9,-5.3237534817765455e-9,-9.559844983677405e-9,-6.678299274475875e-10,2.8157394093200284e-8,4.3334294314519287e-10,-8.514695906066398e-9,-7.163906449471413e-10,4.684757963197103e-9,4.572827136033214e-9,2.5827144684037916e-9,-6.405806967931113e-10,0.01126426010302485,8.97170891847918e-9,1.2363315943368104e-8,-6.299513969120142e-10,0.14269914595964164,9.168462002435532e-9,1.4712258080664292e-8,-6.797534123520825e-10,1.691126538732151e-8,6.747027681598772e-9,7.748985800727165e-9,-6.692880807111953e-10,3.019861406168935e-8,7.038408470785649e-9,7.000445168686102e-9,-7.846669703809477e-10,-4.450758182872083e-9,1.5517755140870686e-9,-1.05032120703624e-9,-2.2727706511602267e-14,0.09685882785545087,0.3393414536464321,-4.5548342157052335e-12,-1.7087637809056257e-11,-6.24226351919925e-12
TAC + ISI,TAC_primary,full_TAC,TAC,ISI,TotEmiss,3,0.2,51.09035769165535,1,1.0,20.35660551843815,8.485805937429333,true,7.504334548966504e-8,0.4220768147865812,5,1,LOCALLY_SOLVED,Solve_Succeeded,1.303432834,0.2408037769424765,1.0367766298759606e7,51.09035071632118,13.524234226345436,503.5800239354865,1.5922526291542861e-16,1.5922526291542861e-16,8.140901086245664e-9,0.0,0.24002585383230643,0.1999999249566545,0.5779231852134187,0.9999994856531226,0.38470919559250594,7.867410060519589e-5,2.4722358486788135e-5,1.3787110160819237e-8,3.391427813650087e-9,2.9751657056314642e-8,1.8764019369531483e-9,1.3753069439209195e-8,3.4002088510940963e-9,2.9717889819827678e-8,1.8891335910199515e-9,8.915032072953135e-7,5.966852405069591e-7,1.9810043404934804e-6,2.1188697932015217e-7,1.3701455634016854e-8,3.4312161474977593e-9,2.958712059421021e-8,1.9230687811160734e-9,8.914040764053891e-7,0.15249542119753912,1.6736458838348674e-5,1.3379095141085724e-6,1.3030970903402004e-8,3.1446604555588406e-9,2.8684853612836435e-8,1.8448563751501069e-9,1.018307356011111e-8,-4.6233882032544585e-9,6.481813078072231e-9,-8.140901086245664e-9,1.0157276719474717e-8,-4.62872552578585e-9,6.43156076316253e-9,-8.138883247039536e-9,0.991116151361148,5.726327848159388e-8,1.447634013467401e-7,3.5769663330334507e-9,1.0118152925998799e-8,-4.642171362636589e-9,6.27198845897158e-9,-8.135255638496589e-9,0.008881252913639136,3.2595847163227718e-6,1.06911362064462e-6,5.6346449389663916e-8,9.60884368343358e-9,-4.378988058829102e-9,7.418898989023263e-9,-7.953447039781978e-9,1.5319011289799146e-9,5.164219625330814e-9,9.256071084186776e-8,2.7877971634732484e-8,1.5281188265787988e-9,5.177590750529646e-9,9.245565721724167e-8,2.8067127638010703e-8,9.905591192170145e-8,9.085888889537787e-7,6.163124614868606e-6,3.1480351213279745e-6,1.5223839593352052e-9,5.224806406417042e-9,9.204881962643176e-8,2.857130760515309e-8,9.904489737837652e-8,0.23220893682352545,5.206898305264031e-5,1.9877512781041647e-5,1.4478856559335557e-9,4.788460239146416e-9,8.924176679549111e-8,2.740929471651587e-8,2.1998538277590995e-13,3.644973467119283e-14,0.25273656759893964,3.477544556280386e-12,0.21703460494600935,4.95804873274746e-12
TAC + ISI,TAC_primary,full_TAC,TAC,ISI,TotEmiss,3,0.2,51.09035769165535,3,0.8,17.98244560223639,8.485805937429333,true,6.810594465004086e-9,0.2754378395798679,3,2,LOCALLY_SOLVED,Solve_Succeeded,1.387660291,0.24080314016325885,1.0367746419322649e7,51.090358324705115,13.5237937124066,503.5799887803023,1.5922526291542861e-16,1.5922526291542861e-16,9.451455665620191e-9,6.810594465004086e-9,0.24002524418443977,0.20000000681059446,0.5778959720084823,0.9999999903325485,0.3847334324654144,3.0384483050205386e-6,1.135987243395253e-6,-2.8978747873903094e-9,-1.975096785446107e-9,1.2235401674852226e-8,5.034729919054273e-10,-7.956463417567167e-10,8.861330174566456e-10,2.062365633523737e-8,1.3527510094022512e-9,1.1331957604273683e-8,2.7121436612285348e-8,8.640463723957377e-8,1.4333436409468649e-8,-1.7851816295517687e-9,-5.024003937669775e-10,1.491558843558518e-8,1.1188480944920842e-9,1.1331860698735484e-8,0.15250514197043336,5.740016297462639e-7,5.6267987606408076e-8,-4.922311193372057e-9,-3.804589314766399e-9,5.448446133114606e-9,3.359999026093395e-11,4.67141506071794e-10,8.176025825778735e-11,2.6507378249995387e-8,-4.065933977429714e-9,5.845910084971149e-9,6.580255056797696e-10,1.622551936530333e-8,-6.738449853352864e-9,0.9911208503170948,-7.259436627533837e-9,-4.010468844210348e-9,-9.451455665620191e-9,3.1026374132198433e-9,3.8316205448400753e-10,1.4030686015783421e-8,-4.583429537939397e-9,0.00887912039320268,4.50563660504395e-6,3.6171636990396415e-8,-7.190540841656815e-9,-3.4187761698494037e-9,-2.7221275192159367e-9,1.571396392202535e-8,7.712436548160433e-10,-3.21986087487812e-10,-3.0075337414747542e-9,3.806569409954026e-8,7.480170165452062e-9,-8.840514908407959e-11,1.3493389129453467e-9,6.416248637629403e-8,2.0098014996833444e-8,1.259106400474853e-9,4.129855120507087e-8,2.6881442696756277e-7,2.1295391236924846e-7,-1.9835351439464088e-10,-7.650187814178976e-10,4.640405291070945e-8,1.6622885975310968e-8,1.259095633192831e-9,0.2322237389095235,1.7857828480994876e-6,8.359815301523486e-7,-5.469234659302283e-10,-5.7933519111215615e-9,1.695072130302322e-8,4.991998553053044e-10,6.8263999922952585e-15,5.433002649486979e-16,0.25273587302555073,-1.47074267522282e-15,0.21703601956575788,-2.578964438549821e-13
TAC + ISI,TAC_primary,full_TAC,TAC,ISI,TotEmiss,3,0.2,51.09035769165535,5,0.6,15.608285686034623,8.485805937429333,true,1.2084620279964074e-9,0.12877052347557336,3,1,LOCALLY_SOLVED,Solve_Succeeded,1.468006458,0.2408031888341035,1.0367747969795492e7,51.09035780398278,13.523811966938908,503.5799911863352,4.776757887462858e-16,4.776757887462858e-16,8.580446096577456e-9,1.2084620279964074e-9,0.24002529173319392,0.20000000120846204,0.577897099701127,0.9999999557874494,0.38473236281334294,6.352415455566272e-6,2.2314044893634343e-6,4.302442231622896e-9,1.393254694570684e-9,2.3243927557435823e-8,1.3478604014296095e-9,6.072629307012782e-9,2.89403832101328e-9,2.752048732671105e-8,1.8256554891302025e-9,6.150055411650683e-8,4.859532852065216e-8,1.6887825315876606e-7,2.0428869702977824e-8,5.197944637198055e-9,2.403513840217518e-9,2.4523503256834126e-8,1.8901178298596685e-9,6.149962076993835e-8,0.15250472454069935,1.245585065051598e-6,1.167315288416982e-7,7.388354827708488e-10,-9.920293155104793e-10,1.45584594433454e-8,7.967959039801156e-10,6.684559178581577e-9,-2.1085664760286926e-9,1.578922847924894e-8,-6.7755573490847975e-9,9.216093493997631e-9,-3.1260429145975807e-9,9.887688870339886e-9,-7.69010573024045e-9,0.9911208594388969,-3.1985596693721064e-9,5.55741474455187e-9,-8.580446096577456e-9,7.948118229070833e-9,-2.788052162776213e-9,1.0143998927002887e-8,-7.155965091602866e-9,0.008878915740326647,4.411421151486535e-6,1.0927908965933238e-7,-2.6619082277780437e-9,1.9683145260093353e-9,-2.1743919772806786e-9,1.7373729952071048e-8,-3.6332319651952058e-9,4.780491368469882e-10,2.121546921278087e-9,7.231444128980033e-8,2.0025354535525625e-8,6.747365896680867e-10,4.406831079724767e-9,8.561929390532325e-8,2.7124024409934436e-8,6.83339490183409e-9,7.399743206553852e-8,5.253990098272722e-7,3.0351463558709905e-7,5.77549404133117e-10,3.659896074876675e-9,7.629534346570616e-8,2.8081750615057933e-8,6.833291196659814e-9,0.2322231032778831,3.875153535716082e-6,1.7342969999338016e-6,8.209283141898316e-11,-1.510590094072775e-9,4.529298493485236e-8,1.183811057341886e-8,2.058258817118487e-14,2.8775886529380384e-15,0.25273595440560254,2.2064742435411586e-13,0.2170358195332347,8.252712588125022e-14
TAC + ISI,TAC_primary,full_TAC,TAC,ISI,TotEmiss,3,0.2,51.09035769165535,6,0.5,14.421205727933742,8.485805937429333,true,6.810594541447025e-9,0.05543855696555358,3,3,LOCALLY_SOLVED,Solve_Succeeded,1.27903475,0.2408031401632503,1.0367746419322474e7,51.09035832470512,13.523793712355442,503.57998878030213,1.5922526291542861e-16,1.5922526291542861e-16,9.451455625294422e-9,6.810594541447025e-9,0.24002524418443438,0.20000000681059454,0.577895972005322,0.9999999903325493,0.3847334324669423,3.0384472166340437e-6,1.1359842012103596e-6,-2.8978744340203663e-9,-1.9750964105343106e-9,1.2235402450355848e-8,5.034728144417903e-10,-7.956457744629938e-10,8.861338484415778e-10,2.0623657939120874e-8,1.3527505072356895e-9,1.1331957767237176e-8,2.7121436621074665e-8,8.64046309527534e-8,1.4333429699183336e-8,-1.7851811318440376e-9,-5.02399790586577e-10,1.49155896019585e-8,1.1188477619279556e-9,1.1331860861700863e-8,0.15250514197104148,5.740013671031725e-7,5.626780358214289e-8,-4.922311012175448e-9,-3.804589173819901e-9,5.448446396771356e-9,3.359993039618398e-11,4.671422378184224e-10,8.176107097745698e-11,2.6507378989672933e-8,-4.0659345262823624e-9,5.8459116903008555e-9,6.580258813383363e-10,1.6225518681774157e-8,-6.738450128541425e-9,0.9911208503171783,-7.259436643344771e-9,-4.0104688497162826e-9,-9.451455625294422e-9,3.102638626174325e-9,3.831624235959271e-10,1.403068572036652e-8,-4.58342984265317e-9,0.008879120393113912,4.50563659197604e-6,3.617163831649429e-8,-7.190540162399804e-9,-3.4187758805775676e-9,-2.7221271270132446e-9,1.571396439401852e-8,7.712433839035719e-10,-3.21986048224485e-10,-3.0075331705863363e-9,3.806569651221819e-8,7.480167528849456e-9,-8.840508605144372e-11,1.3493401783087662e-9,6.416249136615384e-8,2.0098007536073098e-8,1.259106418581908e-9,4.12985512184546e-8,2.688144074085661e-7,2.1295381267358095e-7,-1.983534590937819e-10,-7.650178629386513e-10,4.640405653942644e-8,1.6622881034358195e-8,1.2590956513000953e-9,0.23222373891044953,1.785782030987648e-6,8.359787960775513e-7,-5.469234457972717e-10,-5.7933516964984855e-9,1.695072212328866e-8,4.991989658861619e-10,6.826399853226293e-15,5.4330033804140235e-16,0.2527358730255539,-1.4707529178025173e-15,0.21703601956574198,-2.57896436436327e-13
TAC + ISI,TAC_primary,full_TAC,TAC,ISI,TotEmiss,3,0.2,51.09035769165535,7,0.4,13.234125769832861,8.485805937429333,false,0.016959392454658148,-7.44912172452269e-10,3,3,LOCALLY_SOLVED,Solve_Succeeded,0.240521083,0.24571203367142808,1.0528952454827022e7,49.51396968741243,13.234125781891132,503.5799902673746,1.218073261303029e-16,5.126570965080088e-17,8.89435383040901e-9,7.44912172452269e-10,0.24496899162837277,0.18304060754534185,0.5600014355099628,0.9999999801928298,0.38161018677259895,1.1284592281222095e-6,5.854688679100424e-9,1.429400790867929e-8,9.06587579833904e-9,2.836501977912878e-8,3.654626173969877e-10,1.4267223656685653e-8,9.356211513214284e-9,2.8447179025894073e-8,3.983016377238534e-10,8.065554037371298e-8,0.009388984430234708,6.862426367754054e-8,1.087918689992145e-9,1.3656411220816742e-8,9.478517409255956e-9,2.780930970394947e-8,4.750127938831842e-10,6.726341998802523e-8,0.14187989151807523,9.01544080397142e-8,8.750684164792421e-10,1.2962863678492185e-8,8.726653858312865e-9,2.683636717571425e-8,4.5508187612799376e-10,2.0412080322307227e-8,-5.2431400866271946e-9,1.5829643570214457e-9,-8.87566682075772e-9,2.0367847036118522e-8,-5.416945564580277e-9,1.0748449775589154e-9,-8.89435383040901e-9,0.9999989880289591,-2.205254796008805e-9,4.392169165904323e-9,-8.447041005242478e-9,1.9368512132189626e-8,-5.35048833007228e-9,1.058690992863513e-9,-8.796508070119903e-9,6.880942189944445e-7,-1.538754248209214e-9,6.844949824132789e-9,-8.52530547588562e-9,1.825513795215157e-8,-4.743002081286056e-9,2.533136152303167e-9,-8.593566048195992e-9,1.5882231009643649e-9,1.380485632928899e-8,8.824672820173397e-8,5.429730315612388e-9,1.585247072965072e-9,1.4246958440576295e-8,8.8502334747226e-8,5.91762433189725e-9,8.961726708190329e-9,0.014296862655130122,2.13497709219015e-7,1.616336339416901e-8,1.517379024535193e-9,1.4433196964094296e-8,8.651785241228723e-8,7.057332937693021e-9,7.4737133320028e-9,0.21604438026615996,2.8048038056799974e-7,1.300101647340588e-8,1.4403181864991312e-9,1.328831382970368e-8,8.34909201022221e-8,6.761216445330191e-9,2.1882763965251032e-14,5.784177380097387e-15,0.2634498493178891,1.3722015355864765e-13,0.19863215947739238,2.331605340539524e-13
TAC + ISI,TAC_primary,full_TAC,TAC,ISI,TotEmiss,3,0.2,51.09035769165535,8,0.3,12.047045811731978,8.485805937429333,false,0.08646876378073924,4.098203581794823e-10,3,3,LOCALLY_SOLVED,Solve_Succeeded,0.271022,0.26442302133688983,1.1143739363775302e7,43.053022490521236,12.047045805098008,503.57999057670855,1.5922526291542861e-16,1.5922526291542861e-16,8.850588278404699e-9,0.0,0.2638228217605212,0.11353123621926077,0.48666834014940535,0.9999999761216677,0.3688036414719005,1.2118672616314314e-6,9.070642077183246e-9,1.501006278426808e-8,8.520773109439432e-9,2.9103527147484254e-8,3.8019148591775865e-10,1.495410355783581e-8,8.790047903249558e-9,2.912605887962467e-8,4.1320056493638026e-10,9.363812665398919e-8,0.05819142808693162,7.277725988800824e-8,1.1420628838127932e-9,1.4295336767707727e-8,8.951520792111244e-9,2.839476857345971e-8,4.913183937371606e-10,7.942852238018283e-8,0.08800098093019817,1.0279968969086889e-7,9.340965639431496e-10,1.359775096294966e-8,8.272507313405103e-9,2.7435792917193872e-8,4.717251276300922e-10,1.9772036425941967e-8,-5.197856980663456e-9,1.9103388076324152e-9,-8.83862979391607e-9,1.9688296874472294e-8,-5.3431866681407725e-9,1.4406479508463918e-9,-8.850588278404699e-9,0.9999987960959369,-1.453653909058408e-9,5.461319106630873e-9,-8.296964604991216e-9,1.8710814451083798e-8,-5.2788145889335635e-9,1.3807414568207981e-9,-8.749085398374787e-9,8.47580383592406e-7,-9.443464832328743e-10,8.175908467768676e-9,-8.413819665436249e-9,1.7692084821251555e-8,-4.725460502411696e-9,2.768017777769502e-9,-8.554276927048608e-9,1.6677847538075637e-9,1.2974813598464591e-8,9.054430668106211e-8,5.648559219349556e-9,1.661567061981756e-9,1.3384845670857278e-8,9.061440540327675e-8,6.138979821911936e-9,1.0404236294887684e-8,0.0886096745869186,2.2641814187380336e-7,1.696779141664721e-8,1.5883707519675248e-9,1.363072484253303e-8,8.83392800063191e-8,7.2995875640949575e-9,8.825391375575866e-9,0.1340014936891654,3.198212568160365e-7,1.3878006092869647e-8,1.510861218105517e-9,1.2596772499957768e-8,8.535580018682537e-8,7.008487610504226e-9,2.204397352628157e-14,5.592561825918274e-15,0.3073720056410645,1.647424680779984e-13,0.12320176042009431,2.7202551377608865e-13
TAC + ISI,TAC_primary,full_TAC,TAC,ISI,TotEmiss,3,0.2,51.09035769165535,9,0.2,10.859965853631097,8.485805937429333,false,0.1559780280750614,-5.59263290012234e-9,3,3,LOCALLY_SOLVED,Solve_Succeeded,0.205854458,0.2809299629320614,1.1686656592587624e7,36.59208524231077,10.85996594416188,503.57998869825,1.5922526291542861e-16,1.5922526291542861e-16,9.30507695459243e-9,5.59263290012234e-9,0.28047260570819044,0.04402197192493861,0.4133352519460338,0.99999999580619,0.3559972194253023,6.32650726116535e-7,-4.200906229781269e-9,8.97971902378271e-9,1.3950036153754818e-8,2.0953501426665755e-8,2.554980494060136e-10,8.824692536877812e-9,1.4393350666507002e-8,2.142313026064254e-8,3.3344161922616397e-10,2.5703742385620696e-8,0.10699362004870239,3.300159159524045e-8,9.762396173424524e-10,8.18614961222738e-9,1.4122623499329091e-8,2.1767449670988346e-8,5.665739974788917e-10,2.2054331750875335e-8,0.03412235462193276,3.92952551834397e-8,5.493845890384398e-10,7.808690475488901e-9,1.2972220007047249e-8,2.0949508377235908e-8,5.370760552497902e-10,3.047386077166727e-8,-6.468276067273646e-9,-2.3775251298661454e-9,-9.281697063047985e-9,2.9750286453891022e-8,-6.777742597190464e-9,-2.952219192234873e-9,-9.30507695459243e-9,0.99999931194858,-6.6237480024831914e-9,-3.383166660236212e-9,-9.27693259991582e-9,2.6916652974265965e-8,-6.696199409444916e-9,-2.7205618592476846e-9,-9.17390571595464e-9,4.807528915606722e-7,-5.9312630869470864e-9,-1.8867275558223934e-9,-9.270393677550478e-9,2.5344667291761838e-8,-5.852106369991287e-9,-1.0786458222653445e-9,-8.924578215767685e-9,9.977465581980786e-10,2.1242100506853926e-8,6.518867110518234e-8,3.7959710197464866e-9,9.805213929864231e-10,2.1917147605817476e-8,6.664973858866568e-8,4.953989771360151e-9,2.8559713761800758e-9,0.1629221032559786,1.0267161829630362e-7,1.450413145765929e-8,9.095721791363751e-10,2.150490396488748e-8,6.772095453196374e-8,8.41767081968639e-9,2.4504813056528138e-9,0.05195903999248852,1.2225190501514572e-7,8.162285322856819e-9,8.676322750543219e-10,1.9753153192549218e-8,6.517624828473392e-8,7.979415677996882e-9,8.058758555059063e-15,3.2316950954038476e-15,0.35129407131207074,-2.0309498944182048e-14,0.04777147100027544,-1.7893649540265123e-14
TAC + ISI,TAC_primary,full_TAC,TAC,ISI,TotEmiss,3,0.2,51.09035769165535,10,0.1,9.672885895530214,8.485805937429333,false,0.09198787775053471,-9.376770359136837e-9,3,3,LOCALLY_SOLVED,Solve_Succeeded,0.089640083,0.5217699824961819,1.9540288138978288e7,42.54001678708606,9.672886047316748,503.5799877382796,1.5922526291542861e-16,1.5922526291542861e-16,9.73964051657453e-9,9.376770359136837e-9,0.5213219682124081,0.10801212224946528,0.3400021615243463,1.0000000078572961,0.36778697864773047,2.7005827085148214e-8,-9.364210610970277e-9,-5.877419320318099e-9,1.7492054751478286e-8,2.051129416277744e-9,3.4518503125323484e-10,-5.5693367459622625e-9,0.05228923214016161,2.743134022688583e-9,6.781407450922168e-10,-5.4686001289782205e-9,0.09350014170331118,2.791487577121629e-9,7.989270171050375e-10,-5.848167811372266e-9,1.9143563665514712e-8,2.2639946837006906e-9,5.156119456737585e-10,-5.835398519594501e-9,2.140000349713638e-8,2.164893530195506e-9,3.8659880344280023e-10,-6.156469848471954e-9,4.557886768987052e-9,1.6946078937923358e-9,2.76695239983723e-10,4.063296684966715e-8,-1.860900901108609e-9,-4.332119948995484e-9,-9.449935498252342e-9,3.421205437729796e-7,-3.5184753462752535e-9,-4.872532162995247e-9,-9.516237895799858e-9,0.9999995537262567,-7.994303383178908e-9,-7.019937219372303e-9,-9.719191811352065e-9,4.544203167379075e-8,-5.022174991498342e-9,-5.044345381021308e-9,-9.512091753898274e-9,4.78150013872816e-8,-6.9056158147595945e-9,-6.133427673716959e-9,-9.633837109198452e-9,1.6737598233494103e-8,1.6574088542875504e-8,-1.9520487042760458e-9,-9.122720094345795e-9,-6.530465911464552e-10,2.663562882611466e-8,6.3812915173085364e-9,5.128463321476632e-9,-6.188151939958068e-10,0.07962223984979153,8.534194737253367e-9,1.0075233927084363e-8,-6.076222365531354e-10,0.14237521577549656,8.684628017711735e-9,1.1869772825560556e-8,-6.497964234858072e-10,2.9150426490670122e-8,7.043539015957704e-9,7.660520335724411e-9,-6.483776132882776e-10,3.2586368961548575e-8,6.7352243161637965e-9,5.743753651150173e-9,-6.840522053857724e-10,6.940418489139375e-9,5.2721134473539325e-9,4.110900708329598e-9,-2.001016639693464e-14,0.04706036934511065,0.339149982109539,-4.418813576842116e-12,-1.6485394694304736e-11,-5.967478672213954e-12
TAC + ISI,TAC_primary,full_TAC,TAC,ISI,TotEmiss,3,0.2,51.09035769165535,11,0.0,8.485805937429333,8.485805937429333,true,7.854085369836651e-10,-9.077474081769066e-9,3,3,LOCALLY_SOLVED,Solve_Succeeded,0.038339,0.7615401846104959,2.7358122057372462e7,51.09035776465965,8.485806084371006,503.57998786091804,3.1845052583085723e-16,3.1845052583085723e-16,9.642227255017694e-9,9.077474081769066e-9,0.7610735155426912,0.20000000078540853,0.2666690670192252,1.0000000069798396,0.3628044561258543,7.776267232940973e-8,-9.046227756879869e-9,-5.1212017191240235e-9,5.265388544114824e-9,2.8112394260382595e-9,2.165755799387152e-10,-4.049627628992452e-9,0.015154757838763895,4.670143192185355e-9,7.741002677417798e-10,-3.85407020086108e-9,0.04955163366209207,4.765263765146359e-9,9.229332456424579e-10,-4.717689365837488e-9,1.1632043643735352e-8,3.558999405348665e-9,4.860338973913516e-10,-4.57303153945412e-9,1.8612911171589923e-8,3.666066357132082e-9,4.260491052737734e-10,-5.96253421387532e-9,-1.6754039717151604e-9,1.6655977478271955e-9,1.466806286469647e-11,1.5041844817204937e-8,1.5015277050111238e-8,-4.849099332600611e-10,-8.980007201713932e-9,3.378875517583291e-7,0.19956776294717563,-1.4992962795894404e-10,-9.038060882648637e-9,0.9999996098912288,-7.383968008066254e-9,-6.115481605532019e-9,-9.629794706588755e-9,3.1288201129717554e-8,3.5378549081139057e-9,-1.426419155063101e-9,-9.082945196655489e-9,4.220844783578465e-8,-4.635602098419559e-9,-4.158515693450637e-9,-9.43389508567101e-9,2.082736824108394e-9,2.2729814917380654e-8,3.200098781776417e-9,-7.921521488267458e-9,-5.690224132360025e-10,8.01775073762939e-9,8.74607821434125e-9,3.217694330518054e-9,-4.499586254436056e-10,0.0230765630726632,1.4529334375687768e-8,1.1500918263592154e-8,-4.2823002231789766e-10,0.07545362398545837,1.4825265047122005e-8,1.3712151078116514e-8,-5.241877073152762e-10,1.7712430093869738e-8,1.1072442594418066e-8,7.221075046957223e-9,-5.081146154949021e-10,2.8342387465830108e-8,1.1405539777744253e-8,6.329872421210348e-9,-6.62503801541702e-10,-2.551183320566267e-9,5.18185965990683e-9,2.1792550541834753e-10,-1.0112812224845872e-14,0.19325033490118493,0.2995963414980412,-3.139836481140352e-12,-1.123840449707958e-11,-4.377652493200198e-12
TAC + ISI,TAC_primary,full_TAC,TAC,ISI,TotEmiss,4,0.3,60.38543125314926,2,0.9,19.08858738707348,7.676424204791473,true,6.17582578135321e-8,0.23822404220819357,5,1,LOCALLY_SOLVED,Solve_Succeeded,1.416563583,0.20976491317756876,9.348947429154076e6,60.38542551267376,15.232334093718475,503.58001867808895,8.120488408686859e-17,5.126570965080088e-17,8.127793487436455e-9,0.0,0.20878147041524495,0.2999999382417422,0.6834428240820744,0.9999995716867671,0.40311945426403656,7.874948886819843e-5,2.477580836090075e-5,1.3498903913825085e-8,3.362003839890772e-9,2.9649478732457487e-8,1.8681407791015974e-9,1.3516067230108153e-8,3.393000246883796e-9,2.9691784143889142e-8,1.886940093384153e-9,7.465257107704802e-7,6.207056874829233e-7,2.064761445133993e-6,2.2048180168132246e-7,1.344786606637714e-8,3.4159027092364834e-9,2.9539012632162405e-8,1.918892787199738e-9,7.465235794934463e-7,0.1597434004080167,1.667424975686117e-5,1.3330434716028785e-6,1.266095486703353e-8,3.073559722519151e-9,2.8460850362086297e-8,1.8255270414317438e-9,1.0120781277050759e-8,-4.5680799768429164e-9,6.673018014720801e-9,-8.116004782292084e-9,1.0134012676666787e-8,-4.595148125087815e-9,6.530878042444397e-9,-8.127793487436455e-9,0.7435998111908371,5.026597585058178e-8,1.2691675747334167e-7,1.9221724212391896e-9,1.0081428554124767e-8,-4.601834846214086e-9,6.40033886265817e-9,-8.119383683402732e-9,0.2563980027162968,0.0001287899243224786,1.074644887067063e-6,5.275786021555761e-8,9.473319255758088e-9,-4.292038562023777e-9,7.76341862339881e-9,-7.90133440724083e-9,1.4998782126472312e-9,5.119414938015493e-9,9.224282272320106e-8,2.775523443236659e-8,1.5017852477897945e-9,5.166614012300324e-9,9.23744395587662e-8,2.8034538530278843e-8,8.294730119671999e-8,9.451654786671785e-7,6.4237022737501985e-6,3.2757296249796475e-6,1.4942073407085707e-9,5.201488216337372e-9,9.189915041117192e-8,2.8509264266967532e-8,8.294706438816066e-8,0.24324563243948,5.187544368801253e-5,1.980521729238562e-5,1.4067727630037248e-9,4.680193213835979e-9,8.854486779315735e-8,2.7122116044128762e-8,2.193592550078842e-13,3.62032181990108e-14,0.1896199149748011,3.4432843509985224e-12,0.3255390476241211,4.840979197602531e-12
TAC + ISI,TAC_primary,full_TAC,TAC,ISI,TotEmiss,4,0.3,60.38543125314926,5,0.6,15.284532992979479,7.676424204791473,true,7.309033000600306e-9,0.003251956735994819,3,3,LOCALLY_SOLVED,Solve_Succeeded,0.173977084,0.20976425672071194,9.348926911825104e6,60.38543193252925,15.23189192133622,503.5799885830474,3.1845052583085723e-16,3.1845052583085723e-16,9.524510119342572e-9,7.309033000600306e-9,0.20878084120497784,0.300000007309033,0.6834155084250777,0.9999999935630149,0.4031438257199634,3.029394038981713e-6,1.1346012972736055e-6,-3.814642575160723e-9,-2.481198768324149e-9,1.0560395835693284e-8,3.8265737888770927e-10,-2.039814961668291e-9,1.1151502760300413e-10,1.832169925796681e-8,1.1327245467770616e-9,7.58144296741145e-9,2.8054574969671895e-8,8.899125039375876e-8,1.4675187066277447e-8,-2.909123646918347e-9,-1.2442241353569605e-9,1.2973065451544085e-8,8.626382230142384e-10,7.581441436927009e-9,0.1597532219057439,5.761187718705217e-7,5.641541107193217e-8,-5.458187859251008e-9,-4.055817397315595e-9,4.720266688096112e-9,-2.4635602761869242e-11,-5.792835424785565e-10,3.153231845821657e-10,2.767054247336325e-8,-3.5807039374223952e-9,4.312704771027138e-9,1.936882209896211e-9,1.8624189386037598e-8,-6.425722559758274e-9,0.743604843647769,-7.577792338514391e-9,-4.73497473851641e-9,-9.524510119342572e-9,1.7119954737193363e-9,1.0878562868834097e-9,1.5591746476686724e-8,-4.0071160148022065e-9,0.2563951473590878,0.00012997150641879442,3.0473002460894726e-8,-7.582931430315273e-9,-3.934942403028159e-9,-2.781813059568254e-9,1.595157387763702e-8,1.1105559155224252e-9,-4.23849175017858e-10,-3.778189033584499e-9,3.285456482215688e-8,5.685195343474536e-9,-2.2664610685203222e-10,1.6980697385002903e-10,5.700084213589673e-8,1.6829050409259196e-8,8.423825519346055e-10,4.271946643109129e-8,2.7686166789169394e-7,2.180313506989792e-7,-3.23235960768705e-10,-1.8946140242935534e-9,4.0360648071470476e-8,1.2816339313354397e-8,8.423823818807784e-10,0.24326058790192817,1.7923695124860672e-6,8.381718216401349e-7,-6.064653176945561e-10,-6.175903764094201e-9,1.4685274140743456e-8,-3.660146696049144e-10,6.720872006681222e-15,3.9833874612632516e-16,0.18961929211003428,-2.5399748952238333e-14,0.3255403370480967,-3.663768478942214e-13
TAC + ISI,TAC_primary,full_TAC,TAC,ISI,TotEmiss,4,0.3,60.38543125314926,6,0.5,14.016514861614812,7.676424204791473,false,0.07111217228643456,-1.1735064335759442e-9,3,3,LOCALLY_SOLVED,Solve_Succeeded,0.207399708,0.23236115263781895,1.0090535033664241e7,53.77550252794888,14.016514880610956,503.5799901490147,1.5922526291542861e-16,1.5922526291542861e-16,8.91386395979461e-9,1.1735064335759442e-9,0.23152393047748054,0.22888782771356544,0.6083343326248473,0.9999999814964289,0.39005716902644955,1.0863157370485529e-6,4.708274548412958e-9,1.4075244532696859e-8,9.260369742281673e-9,2.8000831247659665e-8,3.624360721180738e-10,1.4056131795823267e-8,9.560367874450248e-9,2.810713771157464e-8,3.953827464185273e-10,7.026056974908032e-8,4.981754534099205e-8,6.405549498887296e-8,1.0427197193727641e-9,1.3455692289411224e-8,9.670779500160227e-9,2.751354440289291e-8,4.720026536084182e-10,7.026045277980063e-8,0.15461717895083915,8.559857837849343e-8,8.599910426583995e-10,1.2763771882946159e-8,8.89192400267574e-9,2.6541679958431105e-8,4.5188471215520305e-10,2.082081211562802e-8,-5.272671888359412e-9,1.4267445633221211e-9,-8.8924967028719e-9,2.0787822654584987e-8,-5.457703063657815e-9,9.045802380923326e-10,-8.91386395979461e-9,0.9196379276401043,-4.040098354554331e-9,3.74180703107881e-9,-8.531238801296613e-9,1.976165547536852e-8,-5.389544620812443e-9,9.068930458484932e-10,-8.817772815290166e-9,0.0803617573586377,-2.088523816819249e-10,8.784198618440256e-9,-8.362913580649811e-9,1.86031043088024e-8,-4.7604219880436814e-9,2.4138616125247832e-9,-8.612051169224492e-9,1.5639160591885393e-9,1.4101017562110726e-8,8.711369721494117e-8,5.384764500039953e-9,1.5617924217581402e-9,1.4557832899731059e-8,8.744442843600999e-8,5.874257946789547e-9,7.806729972120033e-9,7.585853495105608e-8,1.9928376218760476e-7,1.5491835830681067e-8,1.495076921045691e-9,1.47259596934258e-8,8.559769369788905e-8,7.012610853610784e-9,7.8067169755334e-9,0.235439795220596,2.663066882886462e-7,1.2777009776639078e-8,1.418196875882906e-9,1.3539975185892605e-8,8.257411542623009e-8,6.713715723448731e-9,2.1823377166912583e-14,5.875203485134105e-15,0.2345077316611293,1.2575149568077263e-13,0.24834092180959338,2.1702495361546547e-13
TAC + ISI,TAC_primary,full_TAC,TAC,ISI,TotEmiss,4,0.3,60.38543125314926,7,0.4,12.748496730250144,7.676424204791473,false,0.14539536182243964,-2.707279721288828e-10,3,3,LOCALLY_SOLVED,Solve_Succeeded,0.293899125,0.25362905069859276,1.0789016548268188e7,46.87082541675326,12.748496734632555,503.57999039854667,3.1845052583085723e-16,3.1845052583085723e-16,8.87483487997671e-9,2.707279721288828e-10,0.25294444486240286,0.15460463817756037,0.530001198012337,0.9999999784358848,0.3763710872902194,1.16184576856181e-6,7.1281726760287755e-9,1.4646942761097158e-8,8.806348379398317e-9,2.866784953261686e-8,3.7128165902886156e-10,1.4606681475497065e-8,9.087846840775464e-9,2.872508987898061e-8,4.041654252203974e-10,8.588652042462684e-8,0.02935385270978666,7.009565927604543e-8,1.1071390829676734e-9,1.3970447686447821e-8,9.22980796204478e-9,2.8048234486207906e-8,4.813970891327377e-10,7.260919046186499e-8,0.11983826380093444,9.535102666657089e-8,8.997877741588285e-10,1.3272564560552545e-8,8.51112303030011e-9,2.7081274620859855e-8,4.6161769452875337e-10,2.0182478376930414e-8,-5.221954568426523e-9,1.72987574625424e-9,-8.85905905238626e-9,2.011878679060353e-8,-5.383027772957067e-9,1.2384623296428682e-9,-8.87483487997671e-9,0.9999988770382803,-1.87711064916886e-9,4.840673215656062e-9,-8.384651414115346e-9,1.912137765884623e-8,-5.317232415006175e-9,1.2035521094183358e-9,-8.775319151735631e-9,7.850480542649515e-7,-1.2719493702759404e-9,7.430944102090549e-9,-8.476204664952596e-9,1.8046521613312935e-8,-4.733711518148843e-9,2.6402638290351083e-9,-8.57577937210967e-9,1.6274380845663503e-9,1.3409666850447436e-8,8.91888652125858e-8,5.5161846484288e-9,1.6229646083885622e-9,1.3838312234817183e-8,8.93669462901619e-8,6.004743460417332e-9,9.542946713847423e-9,0.0446979120808115,2.1807538441436356e-7,1.6448923518376857e-8,1.5522719651608687e-9,1.4054480305840915e-8,8.726117395709126e-8,7.152185324257816e-9,8.067687829096107e-9,0.18248099260596834,2.9664763851822054e-7,1.3368275501788308e-8,1.4747293956169488e-9,1.2960119159775166e-8,8.425285437600843e-8,6.85832003299862e-9,2.1949091438597588e-14,5.696924805763446e-15,0.2814182048429749,1.4907766664620937e-13,0.16777392447039954,2.499490651098318e-13
TAC + ISI,TAC_primary,full_TAC,TAC,ISI,TotEmiss,4,0.3,60.38543125314926,8,0.3,11.480478598885476,7.676424204791473,false,0.21964395548469828,-5.9870531974100906e-9,3,3,LOCALLY_SOLVED,Solve_Succeeded,0.288148583,0.2726049921587182,1.1412760665895531e7,39.96936401747162,11.48047869580094,503.5799886160126,1.5922526291542861e-16,1.5922526291542861e-16,9.32775381535955e-9,5.9870531974100906e-9,0.27207296804418396,0.08035604451530172,0.4516680700189304,0.9999999970483351,0.36269148297381226,5.846962152604474e-7,-4.858803833016022e-9,8.033070119864538e-9,1.4529013307640604e-8,1.9667136862789038e-8,2.534956597281121e-10,7.913557339402884e-9,1.4952887664282305e-8,2.0174149457089306e-8,3.3208337020596164e-10,2.216404507098377e-8,0.08148353261554814,3.060113833965423e-8,9.60604577773636e-10,7.370422303554888e-9,1.4590461255067288e-8,2.0674390255208836e-8,5.678104932093261e-10,1.902032988144923e-8,0.0622860221714096,3.5051634354347384e-8,5.354357021919081e-10,7.023092988803028e-9,1.3383973604878136e-8,1.990072199666519e-8,5.37919738884932e-10,3.140389602284005e-8,-6.50937841795089e-9,-2.5882965923172122e-9,-9.301420869390117e-9,3.0758542200527246e-8,-6.836464866847837e-9,-3.1652788988625676e-9,-9.32775381535955e-9,0.9999993414887469,-6.7755195049575445e-9,-3.6664533945820643e-9,-9.316623684027552e-9,2.7969119703248392e-8,-6.753004728014729e-9,-2.90518094031356e-9,-9.202182162094939e-9,4.596568138102947e-7,-6.0803583180917905e-9,-2.2662110869283875e-9,-9.30255818170508e-9,2.6299530223021353e-8,-5.867043375148414e-9,-1.21895680798186e-9,-8.950522143484528e-9,8.92563346651615e-10,2.2123724809361827e-8,6.118664801756589e-8,3.766221230246237e-9,8.792841488225424e-10,2.2769169852429872e-8,6.276402053316673e-8,4.93381007163143e-9,2.4626716745537512e-9,0.12407719739185737,9.520354150114647e-8,1.4271839441208306e-8,8.189358115060983e-10,2.221729327476155e-8,6.432032523842748e-8,8.4360416133957e-9,2.1133699868276915e-9,0.09484462467010096,1.0904952910241408e-7,7.955044718279777e-9,7.803436654225583e-10,2.0380141625609886e-8,6.191335732295837e-8,7.991950406290418e-9,7.911902690729356e-15,3.3343991185105782e-15,0.3283349982155005,-4.113815331342529e-14,0.08720059356409685,-4.704467996949281e-14
TAC + ISI,TAC_primary,full_TAC,TAC,ISI,TotEmiss,4,0.3,60.38543125314926,9,0.2,10.212460467520808,7.676424204791473,false,0.2938926726852423,-2.674442784337509e-9,3,3,LOCALLY_SOLVED,Solve_Succeeded,0.077602958,0.2882086624038162,1.1926541550567558e7,33.067891135215476,10.212460510813369,503.5799890754779,1.6240976817373719e-16,5.126570965080088e-17,9.255219198683853e-9,2.674442784337509e-9,0.28782922014350487,0.006107327314757736,0.37333493299658815,0.999999987296794,0.34901170857450936,9.237511635775727e-7,1.8425164511701765e-9,1.3305114225966143e-8,1.1650950713390423e-8,2.7695317086448122e-8,2.809656071280957e-10,1.2935608663830135e-8,1.2168009484111473e-8,2.781457586192747e-8,3.592141076038463e-10,5.0828162285528476e-8,0.1336134397342936,4.6801029570656416e-8,1.1250995117856057e-9,1.18078745136883e-8,1.2342917825470794e-8,2.7152238710969105e-8,5.94021473112208e-10,4.222516851406841e-8,0.004733511221189082,7.17487521042193e-8,6.47317679241514e-10,1.1354499073189262e-8,1.1511165065885549e-8,2.6239386989078313e-8,5.685063356668958e-10,2.5992308242205873e-8,-6.55448154288776e-9,-1.976112320609559e-9,-9.245557257151814e-9,2.5075718396637483e-8,-6.765747840932739e-9,-2.4992269355166164e-9,-9.255219198683853e-9,0.9999992193495418,-6.231231659379026e-9,-2.582041265894737e-9,-9.145524757781069e-9,2.2391776166685242e-8,-6.6898251513814946e-9,-2.419364663851379e-9,-9.1172348478018e-9,5.148442598254173e-7,-5.65412958997632e-9,-7.604237502574422e-10,-9.177869014756228e-9,2.1358270176377275e-8,-6.070219412816793e-9,-1.0892354820811262e-9,-8.90734180318882e-9,1.4783460251073485e-9,1.774122040448087e-8,8.616320871339415e-8,4.1743461630459925e-9,1.4372898515366812e-9,1.852855989626065e-8,8.653423601488546e-8,5.33689531297143e-9,5.647573587280939e-9,0.20345682868631068,1.4560320310870885e-7,1.6715764175100424e-8,1.3119860570764773e-9,1.879489759787598e-8,8.44736315452372e-8,8.825461886238518e-9,4.691685390452043e-9,0.007207846632265192,2.2321833987979334e-7,9.61729123444535e-9,1.2616110081321396e-9,1.7528364986689357e-8,8.163364841046587e-8,8.44637984419388e-9,8.948530322439221e-15,3.0075642681178902e-15,0.3752518970233557,7.90811630927479e-14,0.006627127763283348,1.2079356369095969e-13
TAC + ISI,TAC_primary,full_TAC,TAC,ISI,TotEmiss,4,0.3,60.38543125314926,10,0.1,8.94444233615614,7.676424204791473,false,0.011228965388642804,-8.827483084969366e-9,3,3,LOCALLY_SOLVED,Solve_Succeeded,0.094491333,0.6506672389111696,2.3738951365774132e7,59.34169066008022,8.944442479051082,503.5799879984843,1.3534147347811433e-16,5.126570965080088e-17,9.532956635537753e-9,8.827483084969366e-9,0.6500834660711183,0.28877103461135717,0.2950018054398966,1.0000000059783314,0.4010903150044399,1.2528740862783697e-7,-8.764957795627299e-9,-2.605465930477545e-9,1.6849502796017442e-8,5.126156624312735e-9,3.257550927825675e-10,-1.5009143765085283e-9,0.13979592823751052,6.787048338329995e-9,6.479356017550703e-10,-1.0974855821120757e-9,0.019194770613492715,6.897897585994675e-9,7.694646584807735e-10,-2.5561166004893264e-9,1.749441852430201e-8,5.46578332828146e-9,4.676126850521141e-10,-2.5078292439183007e-9,1.931734396536412e-8,5.298499638355075e-9,3.5267383023386116e-10,-2.8590894497537803e-9,1.123278957850496e-8,5.026565044988152e-9,3.866318511334194e-10,3.793190248042448e-8,-3.439220473554382e-9,-2.5041598777811935e-9,-9.244222706489071e-9,3.0798471907657845e-7,-1.9829130571045764e-9,-2.2201960331927746e-9,-9.237918968059352e-9,0.9999995632458525,-6.844230476260578e-9,-5.1550781050013984e-9,-9.527327133766394e-9,4.0100371728853406e-8,-4.8881262027474665e-9,-3.147816861778455e-9,-9.286561385861783e-9,4.238947680901429e-8,-6.172448462334384e-9,-4.387069670410878e-9,-9.45085614230916e-9,2.891145462453692e-8,2.5199819561691043e-9,4.4926576159084355e-10,-8.797811867369593e-9,-2.894962144975049e-10,2.5657197439390195e-8,1.5948042831195173e-8,4.839789949912431e-9,-1.667682640565031e-10,0.21287107254348192,2.111526149702665e-8,9.626471797503903e-9,-1.2194284245689724e-10,0.02922840070690936,2.1460125823094544e-8,1.1432046354571492e-8,-2.8401295560992505e-10,2.6639228207459873e-8,1.7004659243542317e-8,6.947388463631409e-9,-2.7864769376869997e-10,2.9415046492713544e-8,1.6484221097104676e-8,5.239725477760222e-9,-3.1767660552819774e-10,1.7104475039996186e-8,1.563820236218536e-8,5.744244645410801e-9,7.731403848524261e-16,0.12581639206314443,0.2722751548051325,-2.1457974266169072e-12,-7.106143781675438e-12,-2.9131902663808368e-12
TAC + ISI,TAC_primary,full_TAC,TAC,ISI,TotEmiss,4,0.3,60.38543125314926,11,0.0,7.676424204791473,7.676424204791473,true,5.191457809668992e-10,-8.864303503899068e-9,3,3,LOCALLY_SOLVED,Solve_Succeeded,0.043598,0.8567096558466377,3.045978392317598e7,60.38543130140424,7.6764243482824455,503.57998794827637,1.5922526291542861e-16,1.5922526291542861e-16,9.572837421944624e-9,8.864303503899068e-9,0.8561929871743515,0.30000000051914577,0.21666867176698526,1.000000006325451,0.37031167263239134,1.196422914004402e-7,-8.811343884487302e-9,-4.221566941998195e-9,6.184137144989848e-9,3.981043073483679e-9,2.2708736859734635e-10,-2.792025505222345e-9,0.022912107747700864,6.4080996235117715e-9,7.446296809792456e-10,-2.4742015086799735e-9,0.0053903860459462065,6.585022850161307e-9,9.035598163842869e-10,-3.7651350693426055e-9,1.1620805779836604e-8,4.826046269697623e-9,4.6249053003660554e-10,-3.57264194593305e-9,1.797990382197641e-8,4.976519339076324e-9,4.033604829375026e-10,-5.232278162258192e-9,-9.94502629704394e-10,2.613915989533428e-9,4.8266968067201206e-11,1.651313004757617e-8,1.2155720708100633e-8,9.266114675142545e-10,-8.824420823201829e-9,3.021103954172882e-7,0.2989120893134224,1.744118390753091e-9,-8.850605175922664e-9,0.9999996391640621,-7.040721273023909e-9,-5.499006681211277e-9,-9.569808728373745e-9,3.002151666158808e-8,2.576055855368955e-9,-3.03744118450399e-10,-8.946982263035866e-9,3.960992870643007e-8,-4.3629463573713425e-9,-3.369370634805349e-9,-9.355975282719805e-9,3.4151395070181437e-9,1.9244882230331952e-8,5.315466934176236e-9,-7.495384185125232e-9,-4.690629935553548e-10,9.416754288961813e-9,1.2385467339727e-8,3.3738694763034314e-9,-3.10225056135816e-10,0.03488889134308995,1.99363099398144e-8,1.1063069545977362e-8,-2.7491127874221915e-10,0.008208087842690812,2.04867377560574e-8,1.3424317271995119e-8,-4.1834834103806706e-10,1.769531789202392e-8,1.5014366172392604e-8,6.871287874829566e-9,-3.969602162147832e-10,2.7378489910736802e-8,1.5482504610459674e-8,5.99278431792861e-9,-5.813642402509101e-10,-1.5143562770498727e-9,8.13218307854844e-9,7.171092398555608e-10,-4.433438126824857e-15,0.2896418361680974,0.25985122756258233,-2.5082408957442874e-12,-8.586880166913352e-12,-3.5487428374901733e-12
TAC + ISI,TAC_primary,full_TAC,TAC,ISI,TotEmiss,5,0.4,69.68050481464317,3,0.8,17.712651691414123,7.136836383317997,true,4.778585554871186e-8,0.047704588125168236,5,1,LOCALLY_SOLVED,Solve_Succeeded,1.342364875,0.17228579479781495,8.120124322907275e6,69.68050037291275,16.94043334871195,503.58001285803704,6.315935428978668e-17,5.126570965080088e-17,8.11214045779645e-9,0.0,0.17109683242048046,0.3999999522141445,0.7889624251203481,0.999999656096732,0.42152981817020696,7.839311130983829e-5,2.474336373704909e-5,1.3080260880106878e-8,3.3143717393182554e-9,2.948497468995646e-8,1.8548358184500637e-9,1.3176410773642896e-8,3.381142290317542e-9,2.9649352772416845e-8,1.8833766903008585e-9,5.939643888299686e-7,6.283857268916093e-7,2.093370268558119e-6,2.2341156371454015e-7,1.3082464778786024e-8,3.391112850798682e-9,2.9461330335014303e-8,1.912153474762726e-9,5.939640659453637e-7,0.16699136867903308,1.6608279341416336e-5,1.328936531389692e-6,1.211350449331364e-8,2.958730521177777e-9,2.809911609313631e-8,1.794382756286812e-9,1.0035882656550937e-8,-4.484238217018342e-9,6.962903906546183e-9,-8.078148576797517e-9,1.0111956666938029e-8,-4.545656251077801e-9,6.674294513775788e-9,-8.11214045779645e-9,0.49608356719451907,4.1158434158627384e-8,1.0481238086111196e-7,-7.081676102756062e-11,1.0037626749587819e-8,-4.541633278939528e-9,6.590198079730681e-9,-8.096103313792727e-9,0.5039146723575066,0.0002544965100725101,8.954678473804708e-7,4.168180946047262e-8,9.269133786284687e-9,-4.1591135885842574e-9,8.298995873955344e-9,-7.818815685922967e-9,1.4533623200118748e-9,5.046884239416434e-9,9.173103236875344e-8,2.755756073125809e-8,1.4640456415158769e-9,5.148557578438076e-9,9.224243084751908e-8,2.798159654161275e-8,6.599604320332982e-8,9.568600841304051e-7,6.512707502180815e-6,3.3192575180445963e-6,1.4536071976428912e-9,5.163740022807084e-9,9.165747215337782e-8,2.840913733933192e-8,6.59960073272626e-8,0.25428231139761853,5.1670202395517485e-5,1.974419989493257e-5,1.345944943701515e-9,4.505339657247978e-9,8.74194722897574e-8,2.665940095054692e-8,2.1843530305389926e-13,3.584677173598961e-14,0.12650323671403518,3.3923612942611746e-12,0.4340435777207094,4.6644674923774155e-12
TAC + ISI,TAC_primary,full_TAC,TAC,ISI,TotEmiss,5,0.4,69.68050481464317,4,0.7,16.390674777902106,7.136836383317997,false,0.031945506438697945,-7.655825598043021e-9,3,3,LOCALLY_SOLVED,Solve_Succeeded,0.087794709,0.1851790767317726,8.542698403099965e6,66.71114649157442,16.390674901830835,503.5799881865782,5.126570965080088e-17,1.0253141930160176e-16,9.567864986168263e-9,7.655825598043021e-9,0.18405602171068722,0.36805449356130215,0.7550005275241,1.00000000202036,0.41569760701389624,3.585221085428283e-7,-7.144916989011766e-9,2.9844719790853466e-9,1.818092637793811e-8,1.3184678274257094e-8,2.525914033998527e-10,2.9702135987699214e-9,1.8436026956285572e-8,1.3722845207814619e-8,3.369737602469838e-10,7.755655312271414e-9,2.8678700569673602e-8,1.8744941248719533e-8,8.779685802323305e-10,2.8039648659116527e-9,1.7670588535792488e-8,1.4716709986291072e-8,5.994825092942437e-10,7.755654884350847e-9,0.16478095147533925,1.923078548792293e-8,4.871426605337347e-10,2.65444763157228e-9,1.6429735172004946e-8,1.430376659643511e-8,5.738691251175399e-10,3.712567025976038e-8,-7.2116612519188935e-9,-4.4767628076151015e-9,-9.480568880355019e-9,3.6934752242420426e-8,-7.55412698326485e-9,-4.979324321811627e-9,-9.515585932358701e-9,0.5752580324802585,-8.079391999334493e-9,-5.710570388063655e-9,-9.567864986168263e-9,3.478976942266019e-8,-7.467717433610756e-9,-4.667350675774245e-9,-9.439642856562446e-9,0.42474179779403665,-7.195258246694424e-9,-4.6288702953805425e-9,-9.509339437715515e-9,3.297986385674148e-8,-6.539679039695863e-9,-3.0636675966702065e-9,-9.233502368643261e-9,3.3160799767614943e-10,2.768459243913303e-8,4.101899907546652e-8,3.7527865647978115e-9,3.3002373319665776e-10,2.8073041047071208e-8,4.2693296202089924e-8,5.0064672950980445e-9,8.617394791412678e-10,4.3669839503821164e-8,5.8317594996016324e-8,1.3044104620594623e-8,3.115516517679613e-10,2.6907487088593105e-8,4.578531995735e-8,8.906597280943048e-9,8.617394315945382e-10,0.2509164488374484,5.982911040687134e-8,7.237548099358343e-9,2.9493862573025324e-10,2.5018005830098444e-8,4.450060718890923e-8,8.52605557317488e-9,7.577313001246524e-15,4.502265367135037e-15,0.1466908012489135,-1.5113105226630636e-13,0.399174210322511,-2.0160282087484638e-13
TAC + ISI,TAC_primary,full_TAC,TAC,ISI,TotEmiss,5,0.4,69.68050481464317,5,0.6,15.068697864390089,7.136836383317997,false,0.10943616575418033,-2.0459321680695273e-9,3,3,LOCALLY_SOLVED,Solve_Succeeded,0.118933583,0.212930502491506,9.452808491016023e6,59.508332704913705,15.06869789750863,503.5799898939862,1.5922526291542861e-16,1.5922526291542861e-16,8.961377407898747e-9,2.0459321680695273e-9,0.21196660462872322,0.2905638342458197,0.6733340285369644,0.9999999843254558,0.40142047997263663,1.0135283975473867e-6,2.568153389970072e-9,1.3475530419285592e-8,9.780279549987792e-9,2.7179115904973993e-8,3.549637046147155e-10,1.3474001427490702e-8,1.0101611727059937e-8,2.733653242267331e-8,3.8810251746850885e-10,6.098127663785875e-8,5.0372082716465666e-8,5.965076956571689e-8,1.0033037743350138e-9,1.290890937920951e-8,1.0178650792878729e-8,2.6844578031255292e-8,4.645174714074247e-10,6.098125197553788e-8,0.15912155253941154,7.624711799797323e-8,8.23646536685946e-10,1.223054098821404e-8,9.33534399460818e-9,2.5881904448911036e-8,4.4413202795628697e-10,2.169561553312172e-8,-5.3536782298803035e-9,1.0380902934971938e-9,-8.93414511975806e-9,2.1692684931949932e-8,-5.564838986272541e-9,4.860431269490315e-10,-8.961377407898747e-9,0.7670152720904364,-4.460165731107053e-9,2.6948217216660156e-9,-8.666881687203414e-9,2.062139152062533e-8,-5.4932145663614775e-9,5.29552825388581e-10,-8.8697041775088e-9,0.23298443546912634,-1.0711664474777615e-9,7.098070314022067e-9,-8.502641147960306e-9,1.9365633529728997e-8,-4.814281605134535e-9,2.1061881830148507e-9,-8.658801298834376e-9,1.4972811576983985e-9,1.4892698405663225e-8,8.45572494821413e-8,5.273746468561486e-9,1.4971112697211885e-9,1.538199967529581e-8,8.504698975942807e-8,5.766094545246417e-9,6.7756974042065245e-9,7.670294413643635e-8,1.855801719822303e-7,1.4906227504405917e-8,1.4343232643566117e-9,1.5499309161883515e-8,8.351646498612757e-8,6.90140243233888e-9,6.7756946639486516e-9,0.24229872773046754,2.3721325599369452e-7,1.2237034259334052e-8,1.358948998690448e-9,1.4215182900880634e-8,8.052148050772321e-8,6.5985329867791194e-9,2.1710845825211905e-14,6.1095698155863394e-15,0.19558895026863565,1.000308867376765e-13,0.3151873633658539,1.8067004660585546e-13
TAC + ISI,TAC_primary,full_TAC,TAC,ISI,TotEmiss,5,0.4,69.68050481464317,6,0.5,13.746720950878075,7.136836383317997,false,0.18692673197931509,-9.43973462471424e-10,3,3,LOCALLY_SOLVED,Solve_Succeeded,0.214906958,0.23703288278475132,1.0243930265829016e7,52.30552757106928,13.746720966158652,503.57999021477593,1.5922526291542861e-16,1.5922526291542861e-16,8.902760891049085e-9,9.43973462471424e-10,0.23622814198267286,0.213073268020685,0.591667534057764,0.9999999807237733,0.3871434630417235,1.1043312966022156e-6,5.300170995892605e-9,1.4227154818688178e-8,9.134259494759851e-9,2.8184116644652732e-8,3.6473695968290174e-10,1.420277754323686e-8,9.42918168980341e-9,2.827742257142364e-8,3.976624769696491e-10,7.273444225012182e-8,4.955647240798409e-8,6.507320787829456e-8,1.0531429056891527e-9,1.3592836497615953e-8,9.548091555421139e-9,2.7660630181748587e-8,4.744208050673998e-10,7.273418973894607e-8,0.15346219699222874,8.806767871767555e-8,8.703036752775176e-10,1.2898562537169842e-8,8.785342075234569e-9,2.668886717364637e-8,4.5437653998182894e-10,2.063860712541267e-8,-5.256270595302932e-9,1.5147213099264861e-9,-8.8828843080025e-9,2.059752914296247e-8,-5.434838828193494e-9,1.0005068189817671e-9,-8.902760891049085e-9,0.9587724351209886,-3.939244719495821e-9,3.996534418769711e-9,-8.497275545961928e-9,1.95796232175718e-8,-5.367377024600891e-9,9.926841945806543e-10,-8.805664576959129e-9,0.04122724368791938,6.782275360405806e-12,9.20970598325396e-9,-8.327724686409495e-9,1.8443591016753744e-8,-4.750485187526759e-9,2.4814597438886835e-9,-8.601435175182099e-9,1.5807949798542414e-9,1.3908986048838864e-8,8.768391845003071e-8,5.4189491152888255e-9,1.5780863936929837e-9,1.435807211856428e-8,8.79742035555402e-8,5.908128229263357e-9,8.081604694457978e-9,7.546099207579395e-8,2.0244998006580532e-7,1.5646694598810266e-8,1.510315166401772e-9,1.4539139413936734e-8,8.605529389877338e-8,7.048537675287081e-9,8.081576637660671e-9,0.2336810726927119,2.7398833378832384e-7,1.2930226032694545e-8,1.433173615241093e-9,1.3377679978198093e-8,8.303203120689981e-8,6.750737165444315e-9,2.1852979611348117e-14,5.82338375866805e-15,0.24448703202666036,1.3187937809606623e-13,0.23120059271777654,2.256880207316554e-13
TAC + ISI,TAC_primary,full_TAC,TAC,ISI,TotEmiss,5,0.4,69.68050481464317,7,0.4,12.42474403736606,7.136836383317997,false,0.26435267459824924,3.512866950697377e-11,3,3,LOCALLY_SOLVED,Solve_Succeeded,0.306819791,0.25870135087782486,1.0955684767386151e7,45.108729248959285,12.424744036797414,503.57999048021753,1.5922526291542861e-16,1.5922526291542861e-16,8.863324684597532e-9,0.0,0.2580557025127217,0.13564732540175084,0.51000103970142,0.999999977381662,0.3728783541425544,1.1843136964687675e-6,7.985779423104903e-9,1.4821796403725148e-8,8.669579410651708e-9,2.886688232105856e-8,3.751686387058664e-10,1.4774226559759877e-8,8.945419315779517e-9,2.890826897826269e-8,4.080970812995821e-10,8.935999354415504e-8,0.04266375555943789,7.127912264935534e-8,1.1222000803600281e-9,1.4126836021841789e-8,9.096829869386921e-9,2.820635902840572e-8,4.856996844894994e-10,7.573312872776799e-8,0.10514385448240979,9.86958451996443e-8,9.151338280996264e-10,1.3428460347660978e-8,8.396756938741334e-9,2.724280734302165e-8,4.660075816188518e-10,1.9997413788977292e-8,-5.209723600499496e-9,1.8162450071520353e-9,-8.84931854126969e-9,1.9924086804020235e-8,-5.363421948161491e-9,1.334846611764813e-9,-8.863324684597532e-9,0.99999883515484,-1.679336593966744e-9,5.128127132340617e-9,-8.34433019781162e-9,1.8934909869740102e-8,-5.298264290549507e-9,1.2883432734384893e-9,-8.762846208409384e-9,8.18546449038384e-7,-1.1164877667750446e-9,7.780086384707237e-9,-8.446974358170495e-9,1.788569412526167e-8,-4.728804161923878e-9,2.702318700399218e-9,-8.565435914872578e-9,1.6468662670805711e-9,1.3201405011674192e-8,8.980807833218218e-8,5.5739340607728715e-9,1.6415807288622079e-9,1.362143395811881e-8,8.99368368212617e-8,6.0631566364509335e-9,9.92888817157278e-9,0.06496526414732587,2.2175727046466104e-7,1.667268690820613e-8,1.5696484468713092e-9,1.3851990937475538e-8,8.775311697726223e-8,7.216109598129704e-9,8.414792080863105e-9,0.16010541478003304,3.070537406211156e-7,1.3596274017480162e-8,1.4920511497401081e-9,1.2785970793083394e-8,8.475540062273402e-8,6.92354121262294e-9,2.1991196411088925e-14,5.646850288079936e-15,0.29339710834585575,1.5626999496425575e-13,0.1472017679763134,2.60095532349491e-13
TAC + ISI,TAC_primary,full_TAC,TAC,ISI,TotEmiss,5,0.4,69.68050481464317,8,0.3,11.102767123854044,7.136836383317997,false,0.34176092842045686,1.6360399326240063e-9,3,3,LOCALLY_SOLVED,Solve_Succeeded,0.232825417,0.27776513728873803,1.1582505063882349e7,37.91357511351717,11.102767097370636,503.57999085857676,1.5922526291542861e-16,1.5922526291542861e-16,8.819915722577534e-9,0.0,0.2772785636724352,0.05823907157954323,0.4283345447232668,0.9999999721343323,0.35861649886553837,1.3005200553080105e-6,1.2873857803166472e-8,1.5511551528328098e-8,8.137019214863923e-9,2.981780451085907e-8,3.9888230737268363e-10,1.543089110808087e-8,8.388449305714716e-9,2.9784332435020396e-8,4.3238140761642683e-10,1.0752427442284007e-7,0.09701196913688728,7.763487949780231e-8,1.2149539361399652e-9,1.474365561687118e-8,8.576492324654518e-9,2.8967934308550042e-8,5.126991096487752e-10,9.091579503470998e-8,0.04514229431542749,1.1630868944624157e-7,9.993779141968166e-10,1.4055364546687177e-8,7.956370878949192e-9,2.8027071950400967e-8,4.933617850692272e-10,1.91247869713975e-8,-5.185446389519653e-9,2.1239215208480367e-9,-8.81362154292309e-9,1.901360249200258e-8,-5.307929488913126e-9,1.6882516029779012e-9,-8.819915722577534e-9,0.9999987096139431,-8.682984884749117e-10,6.346189191670641e-9,-8.166559231127043e-9,1.807335270036668e-8,-5.245663814770755e-9,1.5916654238149123e-9,-8.716333661761881e-9,9.022962289647949e-7,-5.323432101523434e-10,9.20285240165022e-9,-8.327428668685212e-9,1.7144048890951986e-8,-4.737547540078962e-9,2.8998029994543734e-9,-8.52997866474051e-9,1.7235057253697878e-9,1.2390461077179152e-8,9.276650292267265e-8,5.926251423822728e-9,1.7145434564534293e-9,1.2773320533701953e-8,9.266236757561901e-8,6.4239523417297695e-9,1.1947141602537782e-8,0.14772277118571475,2.4153073621538496e-7,1.805074419407948e-8,1.6381839574301305e-9,1.3059658767087562e-8,9.012246229326679e-8,7.617243914781803e-9,1.0101755003856661e-8,0.06873940270758276,3.618492560549738e-7,1.4847900439495558e-8,1.56170717185413e-9,1.2115382929308995e-8,8.7195334956803e-8,7.329946521028518e-9,2.2233304208285096e-14,5.4660745469069064e-15,0.34231047673500875,1.907531502302537e-13,0.06319963301842453,3.0852075809877287e-13
TAC + ISI,TAC_primary,full_TAC,TAC,ISI,TotEmiss,5,0.4,69.68050481464317,9,0.2,9.780790210342028,7.136836383317997,false,0.3187637370558993,-9.808272631787272e-9,3,3,LOCALLY_SOLVED,Solve_Succeeded,0.089483,0.492733587237153,1.8594123236445352e7,40.05118096793032,9.780790369113507,503.57998751207117,4.5113824492704774e-17,5.126570965080088e-17,9.919320759793089e-9,9.808272631787272e-9,0.4923056829114186,0.08123626294410081,0.34666806279033746,1.0000000093418162,0.362853748853066,-5.399629615526967e-9,-9.808842106867283e-9,-8.695781081206169e-9,1.8835865186013564e-8,1.5267611561342488e-9,2.895307249574897e-10,-8.67611618750668e-9,0.03932690519443178,2.1637062404241426e-9,6.692244582798028e-10,-8.660157153778019e-9,0.10450695394990007,2.289825529345346e-9,1.0489154261301797e-9,-8.694206451732505e-9,2.125916716410971e-8,2.0200889133918464e-9,8.203333682784995e-10,-8.693162392041284e-9,2.3482841380516732e-8,1.6915029328882651e-9,3.510662309639033e-10,-8.835855882599698e-9,-3.5804750559210983e-9,1.5516945767718326e-10,-8.068293767645876e-11,4.963077396660054e-8,-2.7955662738218906e-9,-7.16932722127251e-9,-9.797177423803335e-9,1.7595164473911094e-7,-7.839769742514501e-9,-7.951553864821746e-9,-9.844533991234136e-9,0.9999997338925607,-9.36457995187108e-9,-8.93822290971591e-9,-9.911382567303673e-9,5.311128255101137e-8,-7.543953467373755e-9,-7.743588961742448e-9,-9.827487726475869e-9,5.5646771030707795e-8,-8.777688150669833e-9,-8.412715640209692e-9,-9.874786589628582e-9,-8.297956403195049e-10,3.461253067601808e-8,-5.6665550738600115e-9,-9.68504339036586e-9,-9.661978979117962e-10,2.8681885624157017e-8,4.749923596862106e-9,4.30159934222556e-9,-9.64012909722964e-10,0.059884151091521114,6.731530525763999e-9,9.942763380157068e-9,-9.622396837531128e-10,0.159135588969166,7.123901646852186e-9,1.5583886331076955e-8,-9.660229390813893e-10,3.2371913636257966e-8,6.284721063885744e-9,1.2187810042994848e-8,-9.659069324490314e-10,3.575796301124138e-8,5.262453568985713e-9,5.21584114574942e-9,-9.817617647332994e-10,-5.452087016970762e-9,4.827494238845701e-10,-1.1987179311931014e-9,-4.1202629089107946e-14,0.03539422617162587,0.3490561564785346,-5.452281939435449e-12,-2.122051710599657e-11,-7.304242157597364e-12
TAC + ISI,TAC_primary,full_TAC,TAC,ISI,TotEmiss,5,0.4,69.68050481464317,10,0.1,8.458813296830012,7.136836383317997,true,6.918234989663556e-9,-9.677321470912476e-9,3,3,LOCALLY_SOLVED,Solve_Succeeded,0.063348167,0.709443390658247,2.5652879200910196e7,69.6805054576982,8.458813453481719,503.579987566929,3.1845052583085723e-16,3.1845052583085723e-16,9.875746494415924e-9,9.677321470912476e-9,0.7087783890820466,0.40000000691823506,0.2650015692821444,1.0000000089518681,0.4205740692747767,-4.068065382807758e-10,-9.676647982510875e-9,-8.339343404243646e-9,-2.531874751289951e-9,2.352884822346255e-10,-1.0322511156846076e-10,-7.986277340942195e-9,0.16307327419302714,2.321323760573878e-9,8.893067481945567e-10,-7.98627726109697e-9,2.8353495119507996e-8,2.427825196980849e-9,1.37215926402873e-9,-8.097334493184378e-9,4.9538479048331414e-9,1.700630789785778e-9,6.858104453706022e-10,-8.05452244636606e-9,2.302727596407499e-8,1.8389565519310055e-9,4.829142072390315e-10,-8.64012569822939e-9,-5.207884537362809e-9,-8.576610204654971e-10,-3.1828908948203007e-10,-5.331253901592783e-10,3.286213946338912e-8,-4.9089061065183695e-9,-9.582675617644028e-9,0.09457863567942316,0.00918448331569541,-5.424751691988675e-9,-9.65418001135102e-9,0.9054213623268602,-9.145209403548256e-9,-8.518499482914537e-9,-9.871396912199712e-9,2.448002313629925e-8,1.5659292585222758e-8,-4.95842742316796e-9,-9.595302416385978e-9,4.7372130542166166e-8,-7.204754278488087e-9,-7.225485689482193e-9,-9.775146090431253e-9,-5.813576390117126e-9,3.4936353009207e-8,-8.880093840427761e-10,-8.906959431620263e-9,-9.26593711582627e-10,-3.855354734918789e-9,7.320086113966127e-10,-1.5336302290171314e-9,-8.873641489935769e-10,0.24831612206665493,7.22189614400762e-9,1.3212557401747697e-8,-8.873641401218851e-10,4.3174640295614445e-8,7.55323394616264e-9,2.0386366208426845e-8,-8.997038325760415e-10,7.543359309632284e-9,5.290851346000198e-9,1.0189183759791803e-8,-8.949469384851176e-10,3.5064261127114184e-8,5.721198161563128e-9,7.174725364694182e-9,-9.600139664699319e-10,-7.930187818257004e-9,-2.668278730337102e-9,-4.728866472304446e-9,-2.3842426960755783e-14,0.17914950948622851,0.23088244010961492,-3.443765020795213e-12,-1.2942381843716097e-11,-4.737454229218422e-12
TAC + ISI,TAC_primary,full_TAC,TAC,ISI,TotEmiss,5,0.4,69.68050481464317,11,0.0,7.136836383317997,7.136836383317997,true,6.558082646962863e-9,-9.544891558742252e-9,3,3,LOCALLY_SOLVED,Solve_Succeeded,0.042419125,0.9004838631106395,3.1885002234309305e7,69.68050542422178,7.136836537825993,503.5799876219764,8.120488408686859e-17,5.126570965080088e-17,9.832337269822593e-9,9.544891558742252e-9,0.899900528028309,0.4000000065580827,0.18333507577247263,1.0000000085441736,0.3850595893679699,8.131432960984095e-9,-9.54053595911983e-9,-7.748632639183753e-9,-1.2877823942720921e-9,5.156278427723595e-10,-3.613481900749186e-11,-7.2250169147731535e-9,0.020887376263261336,2.2965578080352026e-9,8.207727698122735e-10,-7.225016813378571e-9,2.8208337401555905e-8,2.3988081709114627e-9,1.2598320974689605e-9,-7.412137372538731e-9,6.848468320555475e-9,1.7657545057239112e-9,6.967195792496963e-10,-7.354940384964882e-9,2.2337995678879635e-8,1.807503781503913e-9,4.3914240032565443e-10,-8.164479977170206e-9,-4.763573473186842e-9,-5.064677359341159e-10,-2.4575751385831243e-10,1.920532332275906e-9,2.9737150088436945e-8,-3.8396515450815664e-9,-9.432426327196451e-9,0.12962322984229432,0.3323662492920856,-4.354958318589186e-9,-9.527014739345221e-9,0.8703767567366397,-8.937756485478468e-9,-8.145598891366001e-9,-9.832337269822593e-9,2.833753405210934e-8,1.1664972522301112e-8,-3.899567928517581e-9,-9.438035605351347e-9,4.6434187281896774e-8,-6.691690364758347e-9,-6.621111713287393e-9,-9.707355990261243e-9,-4.582320591414134e-9,3.102265257571813e-8,9.614300465512531e-10,-8.137333320425347e-9,-8.609591821315278e-10,-1.96094137309614e-9,1.6041755108473409e-9,-5.368601681113076e-10,-8.027796571970168e-10,0.0318057774917843,7.144846513887295e-9,1.2194338294353778e-8,-8.02779645930952e-10,4.2953604679641934e-8,7.462958753946771e-9,1.871750544811027e-8,-8.235708191709698e-10,1.0428349488118563e-8,5.4934584622521675e-9,1.03512623202812e-8,-8.17215598329431e-10,3.401467523829399e-8,5.6233450980121734e-9,6.524401376266865e-9,-9.071644419078004e-10,-7.253623243261782e-9,-1.5756774006839161e-9,-3.651254491609213e-9,-1.4863448220931815e-14,0.35098216287515593,0.2219460658530065,-2.431460995922852e-12,-8.770539892698327e-12,-3.4034721958058254e-12
TAC + ISI,TAC_primary,full_TAC,TAC,ISI,TotEmiss,6,0.5,78.97557837613707,2,0.9,18.977543030009286,6.5659806341494775,true,5.818161327593065e-9,0.020351223436113935,3,3,LOCALLY_SOLVED,Solve_Succeeded,0.773097333,0.12286289997088456,6.501838639053174e6,78.97557891693944,18.64810746308724,503.57998927069343,9.022764898540955e-17,5.126570965080088e-17,9.249971356114206e-9,5.818161327593065e-9,0.1214684442024099,0.5000000058181613,0.8944557626564953,0.9999999842786838,0.439963527902586,6.273629648489023e-6,2.2254964009028657e-6,-1.4089310795412565e-9,-1.2154593711889486e-9,1.471044135781926e-8,6.940168955871095e-10,8.463812391888586e-10,1.440183964494576e-9,2.2937356952164145e-8,1.4178361195041365e-9,1.9557549315938787e-8,5.1838022507809756e-8,1.7846109550399106e-7,2.1554854853304604e-8,-1.0405772382174859e-10,3.14760447613239e-10,1.8586317448870056e-8,1.2267659806908865e-9,1.9557553701367462e-8,0.17424894124591073,1.2524127429613217e-6,1.173673148033051e-7,-3.968464310367789e-9,-3.4027869461050582e-9,7.233224713834858e-9,1.6152391877099292e-10,1.8024951189863136e-9,-4.868892930250749e-10,2.4463196503450243e-8,-4.67119692933319e-9,6.599075704103515e-9,-6.337754951181088e-10,1.5944509836113393e-8,-7.0185264532252205e-9,0.24857273781760222,-6.106581257664297e-9,-1.4277375508220047e-9,-9.249971356114206e-9,4.447616698992373e-9,-3.814985506604548e-10,1.683295594072596e-8,-5.779831293735139e-9,0.7514271978635357,0.00038085889168733235,5.616001535006494e-8,-6.1942878024688395e-9,-2.5627873617580142e-9,-3.2551311848283157e-9,1.8254083886598477e-8,-7.417478399655835e-13,-1.565478977268062e-10,-1.8508131334013535e-9,4.5765817557659916e-8,1.0311108163008483e-8,9.404235990987314e-11,2.1930074004803773e-9,7.136066607339954e-8,2.1064993775490025e-8,2.173061035104309e-9,7.893517063689213e-8,5.552122971235276e-7,3.2024355782052553e-7,-1.1561969313527616e-11,4.79294317956523e-10,5.7824098729817954e-8,1.8226237427407455e-8,2.1730615223741615e-9,0.2653336150790004,3.896395200324111e-6,1.7437429627919615e-6,-4.409404789297541e-10,-5.1815164861145205e-9,2.250336577637511e-8,2.39978393602618e-9,1.9187348922835462e-14,1.8324028790979902e-15,0.06338617485527553,6.463525876574179e-14,0.5425488531022484,-3.9194166742842347e-13
TAC + ISI,TAC_primary,full_TAC,TAC,ISI,TotEmiss,6,0.5,78.97557837613707,3,0.8,17.598480541580415,6.5659806341494775,false,0.06114741566440509,-5.242616731749087e-9,3,3,LOCALLY_SOLVED,Solve_Succeeded,0.08068575,0.15509151533161222,7.556859671535185e6,73.29188110917816,17.59848062644531,503.57998918878286,6.315935428978668e-17,2.6489646836824503e-24,9.132413306854599e-9,5.242616731749087e-9,0.15382304876984879,0.4388525843355948,0.8296139774278347,0.9999999917869307,0.42874150488023816,7.884420353039261e-7,-2.2848643037828405e-9,1.1038224208443191e-8,1.1828155185433014e-8,2.378374306786989e-8,3.4450391135348916e-10,1.1069630403029955e-8,1.221408075467262e-8,2.407064452666187e-8,3.790059598032436e-10,3.703107922889013e-8,5.1573742604925076e-8,4.527738702793368e-8,9.090384705397106e-10,1.0650090236445876e-8,1.2161624897135258e-8,2.395036135314114e-8,4.5775612467597933e-10,3.703108246843884e-8,0.16995150137621037,5.155353467013895e-8,7.384501445267747e-10,1.008154869914236e-8,1.1109131958164582e-8,2.311186842049131e-8,4.370629917800936e-10,2.5341745651684747e-8,-5.740272922732628e-9,-4.706767841181879e-10,-9.08947995639233e-9,2.543432523549911e-8,-6.0329155275880985e-9,-1.090686493746443e-9,-9.132413306854599e-9,0.4000618401838575,-5.768577699774152e-9,-4.960728537897657e-10,-9.048764115328738e-9,2.421525874168319e-8,-5.94819239601345e-9,-9.277361488560764e-10,-9.05725498039553e-9,0.5999379240990421,-3.5482932222132125e-9,2.309943129721703e-9,-8.904358550491257e-9,2.2621973386086068e-8,-5.108486866313618e-9,8.218260712967364e-10,-8.839129665377708e-9,1.2264693564936875e-9,1.8011054486909358e-8,7.399386732226187e-8,5.118343825823266e-9,1.2299589336699944e-9,1.8598713876433306e-8,7.488644963850359e-8,5.630945688505332e-9,4.114564358765568e-9,7.85327444211359e-8,1.4086298186468257e-7,1.3505714419447126e-8,1.183343359605097e-9,1.851883791154687e-8,7.451223532088355e-8,6.800948138043121e-9,4.114564718715425e-9,0.2587897861865021,1.6038877452932115e-7,1.0971259290112081e-8,1.120172077682484e-9,1.6916178209023337e-8,7.19035906415285e-8,6.493507306447103e-9,2.1359940042055423e-14,7.166583348492775e-15,0.10201581275806033,-1.4372749805032482e-15,0.4759074810019505,3.710694059826326e-14
TAC + ISI,TAC_primary,full_TAC,TAC,ISI,TotEmiss,6,0.5,78.97557837613707,4,0.7,16.21941805315155,6.5659806341494775,false,0.14198418501864105,-3.0572557261821273e-9,3,3,LOCALLY_SOLVED,Solve_Succeeded,0.097841125,0.18902973407946033,8.668933207301108e6,65.77804393296677,16.219418102640898,503.57998959669334,1.5922526291542861e-16,1.5922526291542861e-16,9.025726808618102e-9,3.0572557261821273e-9,0.1879272973031439,0.35801581498135887,0.7444209613350831,0.9999999875077615,0.413847969754885,9.23766781236629e-7,3.5219097030359584e-10,1.2629368990947122e-8,1.0508591359369622e-8,2.5989389945323508e-8,3.4881059054910684e-10,1.264491271885525e-8,1.0856847143724274e-8,2.6205263357004098e-8,3.823743062219307e-10,5.060244912018916e-8,5.087097053290037e-8,5.398864040944759e-8,9.61260604366536e-10,1.2130047555800288e-8,1.088756762347674e-8,2.5853152954867404e-8,4.5920160241439857e-10,5.0602443750897895e-8,0.1640477622209412,6.566513341805496e-8,7.856448449277091e-10,1.14821781892413e-8,9.961445278037225e-9,2.492154254324576e-8,4.385622929046573e-10,2.2980522673157504e-8,-5.482662378482937e-9,4.890346585664937e-10,-8.991626347935398e-9,2.3015157358696204e-8,-5.7268937390513115e-9,-9.561820713004346e-11,-9.025726808618102e-9,0.60009946710528,-4.987581424172638e-9,1.3978135161791114e-9,-8.827447790379672e-9,2.1882027273791197e-8,-5.650321198349758e-9,-1.7917486620838233e-12,-8.940195694940625e-9,0.3999002652603106,-2.1040429853627667e-9,5.0949670823690875e-9,-8.669629278510736e-9,2.0496241075011836e-8,-4.9073929765972226e-9,1.6539829093173657e-9,-8.724586079834952e-9,1.4032632212163462e-9,1.6001718660858288e-8,8.085587982989536e-8,5.182328773872444e-9,1.4049903020950274e-9,1.6532017241580147e-8,8.15274859995683e-8,5.680989692440112e-9,5.622494346687682e-9,7.746261422055283e-8,1.679646590516147e-7,1.4281586122017103e-8,1.3477830617555869e-9,1.6578796153930484e-8,8.043203141514302e-8,6.822423807299634e-9,5.622493750099765e-9,0.2498000015637059,2.0429152618950431e-7,1.1672437696068818e-8,1.2757975765823662e-9,1.516856440064759e-8,7.753368791232014e-8,6.515782637440621e-9,2.1573830828788398e-14,6.463688766360453e-15,0.15302541484597673,6.424617093718521e-14,0.3882939908144939,1.3005334311947085e-13
TAC + ISI,TAC_primary,full_TAC,TAC,ISI,TotEmiss,6,0.5,78.97557837613707,5,0.6,14.840355564722682,6.5659806341494775,false,0.22282094883885936,-1.855902613171068e-9,3,3,LOCALLY_SOLVED,Solve_Succeeded,0.144319125,0.21732226298651072,9.596911724400582e6,58.26420727114638,14.840355594765118,503.5799899501495,1.5922526291542861e-16,1.5922526291542861e-16,8.950325951426094e-9,1.855902613171068e-9,0.21638585598912324,0.27717905116114055,0.659227946226339,0.9999999837138993,0.3989544406348326,1.0298630694722288e-6,3.0189781084793607e-9,1.3614820890861136e-8,9.658990354504587e-9,2.7374245838124814e-8,3.5642660527259954e-10,1.360966171576742e-8,9.975455234998575e-9,2.7520404864774295e-8,3.895091310603253e-10,6.299122836458415e-8,5.0270232744728196e-8,6.065986918157717e-8,1.0117150668223793e-9,1.3036399417625947e-8,1.0060215866661872e-8,2.7004654269163038e-8,4.659260561516524e-10,6.299119578314123e-8,0.15814402385632137,7.828097843421958e-8,8.312913299691949e-10,1.2354213546873287e-8,9.231568404211545e-9,2.6038716326568624e-8,4.4559717440323476e-10,2.148533800083015e-8,-5.3336315248114835e-9,1.1298969669720652e-9,-8.924393712178784e-9,2.1475691317952323e-8,-5.5388601609814605e-9,5.84322139434113e-10,-8.950325951426094e-9,0.8001370846302079,-4.364770662320004e-9,2.9312667924725433e-9,-8.636748320406293e-9,2.0415227332452995e-8,-5.4680678570984875e-9,6.185609824283027e-10,-8.857613148485519e-9,0.19986261808373618,-8.788700924740236e-10,7.472638293821129e-9,-8.471547036554917e-9,1.9182009864290293e-8,-4.8004903607007764e-9,2.1799232044541085e-9,-8.647773060813587e-9,1.5127578767623478e-9,1.4708008039813804e-8,8.516432038527719e-8,5.295480992621478e-9,1.5121846350852682e-9,1.5189897744202373e-8,8.561903735707559e-8,5.786992804324832e-9,6.99902537384268e-9,7.65478544067452e-8,1.887195930093512e-7,1.503119527850392e-8,1.4484888241806603e-9,1.5318965069689667e-8,8.401447994850722e-8,6.922329977110264e-9,6.9990217536823564e-9,0.24081021814485298,2.435408217953498e-7,1.2350614045256608e-8,1.3726903940970314e-9,1.4057160979140306e-8,8.100933968265794e-8,6.620300876848059e-9,2.1735733891324208e-14,6.053146818626097e-15,0.20403501342231026,1.0601703329385687e-13,0.30068050459501816,1.8913323676786617e-13
TAC + ISI,TAC_primary,full_TAC,TAC,ISI,TotEmiss,6,0.5,78.97557837613707,6,0.5,13.461293076293813,6.5659806341494775,false,0.3036575285331793,-6.895059166219426e-9,3,3,LOCALLY_SOLVED,Solve_Succeeded,0.269027584,0.241842341773941,1.040187793848355e7,50.7503877239637,13.46129318790763,503.5799883729058,1.5922526291542861e-16,1.5922526291542861e-16,9.430605732773548e-9,6.895059166219426e-9,0.24107196436511608,0.19634247146682063,0.5740349373581046,1.0000000006469836,0.38406104793322815,4.87108276726095e-7,-6.220753595339531e-9,4.101698472713723e-9,1.886294064817884e-8,1.6662486329480305e-8,2.3561262631909674e-10,4.210008733733491e-9,1.8843285785866475e-8,1.7289418689298936e-8,3.159244983155505e-10,1.4448928178492734e-8,4.958617756169556e-5,2.8549736114504223e-8,1.0485527059478334e-9,4.164502369934376e-9,1.753832812563331e-8,1.8211712408453338e-8,5.58794679567355e-10,9.540901233879246e-9,0.15219077414368315,2.5375064831322823e-8,4.5319194812626124e-10,3.931076282308385e-9,1.6152437463346436e-8,1.7574332099259237e-8,5.304598356857686e-10,2.6257366579230384e-8,-6.765245798512903e-9,-3.456670192448827e-9,-9.38634236314577e-9,2.699885479348416e-8,-7.138130847081197e-9,-4.013386435289492e-9,-9.419015869453411e-9,0.999999722974694,-7.36726695826405e-9,-4.510265890031603e-9,-9.430605732773548e-9,2.6685028141262357e-8,-7.064291119695683e-9,-3.6930108437888213e-9,-9.316414536086863e-9,1.2771870201084058e-7,-6.7391895457134575e-9,-3.662276749410802e-9,-9.424636907449433e-9,2.5126654429282587e-8,-6.100017773210821e-9,-1.9474206602463327e-9,-9.075385133540077e-9,4.55744274745969e-10,2.8723114168817778e-8,5.183884635838316e-8,3.500530448169437e-9,4.6777874819261e-10,2.8693185173933038e-8,5.3789302588930014e-8,4.6937354035453215e-9,1.6054364642769698e-9,7.550622492349096e-5,8.882140124512425e-8,1.5578497345510664e-8,4.627224855482638e-10,2.670609055494163e-8,5.6658660826299264e-8,8.302092382143558e-9,1.0601001370976936e-9,0.23174504244606292,7.894464614189322e-8,6.733137515018738e-9,4.3678625358982044e-10,2.4595757046459343e-8,5.467569986436207e-8,7.88111755875999e-9,7.648101663899982e-15,3.809941155187797e-15,0.2550445403114568,-9.878856619271618e-14,0.21306710428730255,-1.2895145001076226e-13
TAC + ISI,TAC_primary,full_TAC,TAC,ISI,TotEmiss,6,0.5,78.97557837613707,7,0.4,12.082230587864947,6.5659806341494775,false,0.38440852203946774,3.735845593029433e-10,3,3,LOCALLY_SOLVED,Solve_Succeeded,0.31250725,0.26389887290411107,1.1126509841270665e7,43.24452347591702,12.082230581817544,503.5799905675644,1.5922526291542861e-16,1.5922526291542861e-16,8.851751742559811e-9,0.0,0.26329443950996845,0.11559147796053221,0.48884191618207,0.9999999762424213,0.36918322456203184,1.2092083482353028e-6,8.964116100074879e-9,1.4992815413243173e-8,8.534395312186421e-9,2.9081036643202197e-8,3.7969214159647386e-10,1.493764701583435e-8,8.804284146715621e-9,2.910536013171686e-8,4.126920771859644e-10,9.322422226820474e-8,0.05674493557451002,7.263166536148243e-8,1.1400855676698155e-9,1.4279900786933057e-8,8.964838566240858e-9,2.8376841068896544e-8,4.907569528751387e-10,7.907583600415006e-8,0.08959793877552596,1.0240238198354288e-7,9.322477303191296e-10,1.3582183642291544e-8,8.28386100037948e-9,2.7417400242103846e-8,4.711545192614893e-10,1.9793443000417706e-8,-5.198841240357348e-9,1.901828341049175e-9,-8.8396013363607e-9,1.9710658198936418e-8,-5.344950025196091e-9,1.431031585694008e-9,-8.851751742559811e-9,0.9999987994741404,-1.4746127235058434e-9,5.430208778323907e-9,-8.301419838533447e-9,1.8732017707122845e-8,-5.280503694501859e-9,1.3723792926291964e-9,-8.75034009029043e-9,8.451633139377448e-7,-9.600785688241538e-10,8.139230646532157e-9,-8.416893329430588e-9,1.7710398089150723e-8,-4.72564245936877e-9,2.762185041634887e-9,-8.555280101148606e-9,1.6658683792492405e-9,1.2995556498102048e-8,9.047433622329572e-8,5.641140389433325e-9,1.6597385573149274e-9,1.340652358704424e-8,9.055000929867466e-8,6.131425146762899e-9,1.0358246918689412e-8,0.08640706098845843,2.2596518112461196e-7,1.693841414823726e-8,1.5866556429925614e-9,1.3651004180412213e-8,8.828350554767811e-8,7.29124615700206e-9,8.786204000461116e-9,0.1364332249536418,3.185851883932445e-7,1.3850537707598497e-8,1.509131515810171e-9,1.261406106875966e-8,8.529857853098974e-8,7.0000100004564115e-9,2.203878544196128e-14,5.5974742258109986e-15,0.3060701630508162,1.6393681624348728e-13,0.12543750007171983,2.708920754411987e-13
TAC + ISI,TAC_primary,full_TAC,TAC,ISI,TotEmiss,6,0.5,78.97557837613707,8,0.3,10.70316809943608,6.5659806341494775,false,0.46515942161010776,2.6102023955131377e-9,3,3,LOCALLY_SOLVED,Solve_Succeeded,0.170778917,0.2828929177223825,1.1751279989653716e7,35.73866795925796,10.703168057183412,503.57999104452165,1.5922526291542861e-16,1.5922526291542861e-16,8.805631897490651e-9,0.0,0.28245442824395456,0.034840578389892164,0.40364890003806136,0.9999999690731854,0.3543055072754871,1.3687746149081622e-6,1.616240884659156e-8,1.5830671625511685e-8,7.911520928428533e-9,3.032521734103378e-8,4.1603285447551663e-10,1.5733025108200188e-8,8.152508953268303e-9,3.025365695435018e-8,4.5015669224856007e-10,1.182883089925992e-7,0.11344001650577586,8.129886072551716e-8,1.2803059493432385e-9,1.5028132367566437e-8,8.357353155682502e-9,2.9379866940111316e-8,5.327355122262979e-10,9.951611223037062e-8,0.027005386099476964,1.271040098672229e-7,1.055531896507947e-9,1.4350989358028385e-8,7.775250541814273e-9,2.8454981068524492e-8,5.13508573574799e-10,1.8715348574933712e-8,-5.198147030626554e-9,2.208930336555902e-9,-8.802751630664305e-9,1.8587592119554776e-8,-5.306687197090291e-9,1.7956409465482989e-9,-8.805631897490651e-9,0.9999986625882671,-5.637776718923599e-10,6.829452520003282e-9,-8.091067172263634e-9,1.7671583345224574e-8,-5.245524159693678e-9,1.6772905283428092e-9,-8.701547607155768e-9,9.249894880237027e-7,-3.4878109251033016e-10,9.75252876369701e-9,-8.280471478600113e-9,1.6801751124455233e-8,-4.766354626009774e-9,2.9314454596687376e-9,-8.521569095773375e-9,1.758963513945742e-9,1.204708868647072e-8,9.434512061654954e-8,6.181059552207675e-9,1.748113900911131e-9,1.2414047724294915e-8,9.412248830242277e-8,6.688042284835749e-9,1.3143145443622126e-8,0.17273820695197686,2.5292978892383115e-7,1.90216883902424e-8,1.6697924852851592e-9,1.2725969577971081e-8,9.140403048034629e-8,7.914927610219282e-9,1.1057345803374507e-8,0.041121837924203555,3.9543469736469346e-7,1.5682188176689496e-8,1.5945543731142644e-9,1.1839586052308099e-8,8.852660776874287e-8,7.629270235968442e-9,2.239641664900709e-14,5.40885136738377e-15,0.3570957119209888,2.0983743007549903e-13,0.037807979608324445,3.352046627635408e-13
TAC + ISI,TAC_primary,full_TAC,TAC,ISI,TotEmiss,6,0.5,78.97557837613707,9,0.2,9.324105611007212,6.5659806341494775,false,0.3054401987357371,-9.67564228629427e-9,3,3,LOCALLY_SOLVED,Solve_Succeeded,0.211605917,0.593427045434832,2.1874766698523205e7,50.58468721727712,9.324105767631737,503.5799875773585,3.1845052583085723e-16,3.1845052583085723e-16,9.867462196544092e-9,9.67564228629427e-9,0.5929140297351513,0.19455980126426287,0.3184558984165151,1.0000000088886645,0.3837326848384908,1.6834383753349765e-11,-9.673841005615564e-9,-7.813800522515893e-9,2.0315213524065054e-8,1.4394538567426077e-9,2.6412287444668695e-10,-7.76036427903503e-9,0.0941876444132937,1.9909163804678997e-9,5.910119904362637e-10,-7.713209031907231e-9,0.05792254897000933,2.112212067048918e-9,9.296995729102799e-10,-7.811733019614772e-9,2.097800284976939e-8,1.8416627282529432e-9,7.168989350130231e-10,-7.809460563235425e-9,2.3213741850699636e-8,1.5374066204955302e-9,3.0099412903339996e-10,-7.929383717852193e-9,9.087109859247966e-10,1.0701237118207532e-9,2.6854199532170236e-10,5.018567971736396e-8,-5.037302183603184e-9,-6.492071583547135e-9,-9.709814849171557e-9,1.6563197301594798e-7,-7.276626309360851e-9,-7.1885758617293925e-9,-9.763761261981043e-9,0.9999997259426817,-9.0420670471816e-9,-8.41256612636923e-9,-9.859567756642795e-9,5.17941157833642e-8,-7.272130990941665e-9,-7.004559289260282e-9,-9.740097449424713e-9,5.3660359911937486e-8,-8.372949270290005e-9,-7.79337527165597e-9,-9.811371936142043e-9,1.3716022653646866e-8,2.3505795713596316e-8,-4.169316205757988e-9,-9.49078692152634e-9,-8.682000580573212e-10,3.093452968437178e-8,4.478300887643668e-9,3.924111277493635e-9,-8.622626976705586e-10,0.14342209490206087,6.193962072566798e-9,8.780749572195917e-9,-8.570232257674698e-10,0.0882002450225142,6.571326430818856e-9,1.381267936895273e-8,-8.679703355127521e-10,3.19437770666943e-8,5.729617376786934e-9,1.0651069891622056e-8,-8.677178403594913e-10,3.534819781811081e-8,4.783042819319427e-9,4.4719127742105125e-9,-8.810426353169099e-10,1.3837190012945767e-9,3.3292737701090096e-9,3.989766787636721e-9,-2.0056198972550535e-14,0.08476888975190008,0.3071301904353995,-3.127843167860539e-12,-1.1684600182732362e-11,-4.2501432450590646e-12
TAC + ISI,TAC_primary,full_TAC,TAC,ISI,TotEmiss,6,0.5,78.97557837613707,10,0.1,7.945043122578345,6.5659806341494775,true,1.5332169329666578e-9,-8.97190075341131e-9,3,3,LOCALLY_SOLVED,Solve_Succeeded,0.060702,0.7629586303828477,2.739568172020516e7,78.9755785186507,7.945043267811049,503.5799878961867,3.1845052583085723e-16,3.1845052583085723e-16,9.61481848777677e-9,8.97190075341131e-9,0.7622253674975091,0.5000000015332169,0.2332628838053827,1.0000000066931605,0.4360145030890455,9.779545273247518e-8,-8.930938613878189e-9,-4.804876017927157e-9,5.401170984136481e-9,3.3449862163450646e-9,2.1722705432086527e-10,-3.3904667547707563e-9,0.15843083285956397,5.520355477122742e-9,7.670472437464697e-10,-3.3904665115803333e-9,5.086640456880803e-8,5.591912986476272e-9,9.011553972217274e-10,-4.3472294445106974e-9,1.1730747954895173e-8,4.200793640618346e-9,4.82752493310428e-10,-4.180458938383416e-9,1.9082260234059657e-8,4.345651630609552e-9,4.2616264656826423e-10,-5.736593210531721e-9,-1.5850197316567752e-9,2.035920290273763e-9,1.693494370930523e-11,1.4164357047163524e-8,1.440368321818224e-8,2.6904010476509434e-10,-8.89715981506625e-9,0.242533038595529,0.036336477493370406,7.175685832357486e-10,-8.956945071730435e-9,0.7574669133969785,-7.558306425587288e-9,-5.955280580532595e-9,-9.61481848777677e-9,2.885492176236725e-8,3.4442136976210145e-9,-8.096345137867275e-10,-9.013076176456263e-9,3.8438979991279496e-8,-4.552852877792045e-9,-3.82272375364638e-9,-9.403023461044554e-9,1.9647177075157894e-9,2.128122832390561e-8,4.45582189982978e-9,-7.624780666854433e-9,-5.338751131030173e-10,8.224510362207824e-9,1.0406623784184645e-8,3.2273733784814262e-9,-3.767185283078617e-10,0.2412469500361542,1.717443926215964e-8,1.1396130478518977e-8,-3.7671850128670354e-10,7.745566150250313e-8,1.739706262459284e-8,1.338859447300852e-8,-4.830254938345218e-10,1.7862729840408556e-8,1.3069135770812632e-8,7.17232275775493e-9,-4.644954375981571e-10,2.9057078083681748e-8,1.3519805073007492e-8,6.331559320442782e-9,-6.373992456146355e-10,-2.4135527732046345e-9,6.333974236407261e-9,2.516048779668205e-10,-7.046105868287386e-15,0.2371364850308902,0.19315407960181072,-2.8023904849585478e-12,-9.701825229290299e-12,-3.95513908767296e-12
TAC + ISI,TAC_primary,full_TAC,TAC,ISI,TotEmiss,6,0.5,78.97557837613707,11,0.0,6.5659806341494775,6.5659806341494775,true,8.863014434698512e-10,-8.62633609226782e-9,3,3,LOCALLY_SOLVED,Solve_Succeeded,0.037076667,0.9408490659837048,3.3199122496848036e7,78.97557845851944,6.565980773788351,503.57998803158597,3.1845052583085723e-16,3.1845052583085723e-16,9.526697818257457e-9,8.62633609226782e-9,0.940200996113266,0.5000000008863014,0.14806986955242715,1.0000000056524834,0.3989664245364799,1.6590657945030618e-7,-8.543033002765673e-9,-3.4391137861839423e-9,6.586979215243714e-9,5.261255991981748e-9,2.323917655117326e-10,-1.2839725813382099e-9,0.010105055375001327,8.508957058592088e-9,7.351981906401859e-10,-1.28397225090513e-9,5.058059497111227e-8,8.59532663136385e-9,8.631444817876193e-10,-2.911574620257088e-9,1.1491314449832167e-8,6.266989506882215e-9,4.509508475912334e-10,-2.6608214295200432e-9,1.7701043707765274e-8,6.506545583835238e-9,3.956254994338127e-10,-4.635433261040695e-9,-6.076075218838605e-10,3.56194468830499e-9,6.359280397543162e-11,1.633803050700946e-8,1.0299272242808704e-8,2.3743211302180837e-9,-8.67611197241392e-9,0.27909093000428625,0.3734738922123913,3.778509672928737e-9,-8.666323334017321e-9,0.7209090097229156,-7.1344080201033854e-9,-5.043912343799919e-9,-9.526697818257457e-9,2.765832604748735e-8,2.010852119354322e-9,8.1168662893208e-10,-8.820259858140809e-9,3.6079633821333605e-8,-4.209294440858495e-9,-2.6520934516008616e-9,-9.290527515298049e-9,3.865832819060157e-9,1.624100308183538e-8,7.533876696347543e-9,-7.026012272115493e-9,-3.821237540204379e-10,1.0030172895939291e-8,1.6368351975054328e-8,3.452677659031455e-9,-1.4266362014868995e-10,0.015387243411933838,2.647231084895316e-8,1.0922944546654188e-8,-1.4266358343390326e-10,7.702045143328458e-8,2.674101618646531e-8,1.2823860872273199e-8,-3.2350829113967635e-10,1.7498137912244432e-8,1.9497300688078e-8,6.69984116421261e-9,-2.9564682550222693e-10,2.6953862009551666e-8,2.0242586260820736e-8,5.877864563016644e-9,-5.150481401156326e-10,-9.252205446867876e-10,1.1081605696948858e-8,9.448073733492696e-10,-1.6869467845821468e-16,0.41638922374566517,0.1838318160646992,-2.038036053907877e-12,-6.542006010408976e-12,-2.941202212079208e-12
TAC + ISI,TAC_primary,full_TAC,TAC,ISI,TotEmiss,7,0.6,88.27065193763099,1,1.0,20.35660551843815,6.057660734876088,true,9.73049211035712e-9,2.4663707897833892e-5,3,3,LOCALLY_SOLVED,Solve_Succeeded,0.031197416,0.009533473353019465,2.799683790947864e6,88.27065284208739,20.356206274499858,503.5799875325264,2.5263741715914673e-16,1.5922526291542861e-16,9.947820875503236e-9,9.73049211035712e-9,0.00793349800699687,0.6000000097304922,0.999975336292102,1.0000000083254907,0.4583739580842846,6.06678646302217e-6,2.14528107687485e-6,-9.193471595025258e-9,-6.0286545415512505e-9,-1.4659559413257512e-9,-4.993742200560305e-10,-9.178098014944605e-9,-5.99836055061346e-9,-1.3186013901010475e-9,-4.875675092095145e-10,-8.46292357356835e-9,5.5682667535487386e-8,1.8781040394496866e-7,2.2569538433445306e-8,-9.193767650214285e-9,-6.024035615774198e-9,-1.3899321903826513e-9,-4.920133821918846e-10,-8.462919107199702e-9,0.1814970042972603,1.2688822853387618e-6,1.17135169347535e-7,-9.208478890642117e-9,-6.044811512869139e-9,-1.4675282563877036e-9,-4.994399193974504e-10,-8.30338244464545e-9,2.313037079096588e-8,1.966351100819131e-8,-6.086325524900152e-9,-8.2338827519048e-9,2.398078050029517e-8,2.498899350577029e-8,-7.068263544494374e-9,0.0010565040970794842,-9.707454577223608e-9,-9.379640321286687e-9,-9.947820875503236e-9,-8.304692134821553e-9,1.1964211396569948e-8,3.582699963439168e-8,-3.880667419437392e-9,0.9989435971051179,0.0005063794508361749,-5.1106327755944685e-9,-9.737006167452173e-9,-8.368461900045542e-9,6.921647521199616e-9,3.536669355906119e-8,-1.944656059636631e-9,-1.021496843891695e-9,-9.179996688271222e-9,-4.560751817457891e-9,-7.419274126546739e-9,-1.019788668327178e-9,-9.133867202070494e-9,-4.102315435869925e-9,-7.243860136827073e-9,-9.40324841507594e-10,8.478951647449213e-8,5.842990344954581e-7,3.3531885672547307e-7,-1.0215297389126981e-9,-9.172963324019802e-9,-4.32423348119047e-9,-7.309913106850855e-9,-9.40324345244411e-10,0.27637043836173725,3.947633776609481e-6,1.7402939445919483e-6,-1.023164321182457e-9,-9.204599349141642e-9,-4.565643464317299e-9,-7.420250231047833e-9,9.091864898056764e-15,-1.3380716982961755e-14,0.0002695295043150192,-3.6285392558801065e-12,0.6510533298431809,-1.95622784043126e-11
TAC + ISI,TAC_primary,full_TAC,TAC,ISI,TotEmiss,7,0.6,88.27065193763099,2,0.9,18.926711040081948,6.057660734876088,false,0.08329026402377977,-7.672641147262438e-9,3,3,LOCALLY_SOLVED,Solve_Succeeded,0.076195167,0.11242971888090515,6.160526706762253e6,80.52876062705816,18.926711164282878,503.57998868805316,1.0253141930160176e-16,2.516017294359752e-22,9.319806062181504e-9,7.672641147262438e-9,0.1110013423500025,0.5167097359762203,0.9116667949264335,0.99999999696718,0.44308608028858343,5.926982254774493e-7,-4.998735172289127e-9,7.964264410016e-9,1.4244390268697047e-8,1.9650256141679094e-8,3.453390328371726e-10,7.997889006936028e-9,1.4662348797387905e-8,1.998382777651756e-8,3.816276436314935e-10,2.1523332326509767e-8,5.262274406777039e-8,3.291576311457662e-8,8.507442990999259e-10,7.745771733708686e-9,1.4468817138817278e-8,2.018687975465813e-8,4.658240901743049e-10,2.1523338877660235e-8,0.17563763095951512,3.4813480682340556e-8,6.852981246834122e-10,7.354318355415954e-9,1.3270079480354731e-8,1.9578071909452136e-8,4.4633744983562887e-10,2.9706788615056776e-8,-6.2620433947133546e-9,-2.0996800116625666e-9,-9.250475214389569e-9,2.987700393576567e-8,-6.606758841149132e-9,-2.725999497855037e-9,-9.300845803077232e-9,0.2073975452941215,-6.817861733134023e-9,-2.992129421154533e-9,-9.319806062181504e-9,2.8620760258049585e-8,-6.511611232493892e-9,-2.4951192996844465e-9,-9.242252679098589e-9,0.7926022543673723,-5.346061648983443e-9,-1.1393424195753988e-9,-9.200601525310552e-9,2.6757894801004224e-8,-5.56017817490995e-9,-7.102079872067878e-10,-9.033888326670985e-9,8.849182677795553e-10,2.1690321545515953e-8,6.113413021855718e-8,5.1307513450094216e-9,8.886543341040026e-10,2.2326758396022493e-8,6.217190863805463e-8,5.669896419667902e-9,2.3914813696121956e-9,8.013008755774127e-8,1.024045963564606e-7,1.263962958662747e-8,8.606413037454091e-10,2.2032062461380853e-8,6.280362590338084e-8,6.920815054018243e-9,2.391482097517803e-9,0.2674482107792616,1.0830860656728172e-7,1.0181572138153551e-8,8.171464839351057e-10,2.02067119359947e-8,6.090955705162886e-8,6.63129925470077e-9,2.1030161736779493e-14,8.71023614799302e-15,0.052886408566076425,-1.3301732132854097e-13,0.5602915611427634,-1.4880324163080948e-13
TAC + ISI,TAC_primary,full_TAC,TAC,ISI,TotEmiss,7,0.6,88.27065193763099,3,0.8,17.49681656172574,6.057660734876088,false,0.16710667285411268,-5.073188518132749e-9,3,3,LOCALLY_SOLVED,Solve_Succeeded,0.08239075,0.15786117619813128,7.64757206316391e6,72.73796376967624,17.496816643848014,503.57998922166576,3.1845052583085723e-16,3.1845052583085723e-16,9.122911537447146e-9,5.073188518132749e-9,0.15660494929140462,0.4328933271458874,0.8233335795807731,0.9999999914444203,0.4276435586234419,8.000118069680332e-7,-2.0876489764870193e-9,1.119068710949178e-8,1.1704281524768134e-8,2.3992864891494562e-8,3.4467920669712664e-10,1.1221221925792734e-8,1.2087290257907258e-8,2.4274746305413177e-8,3.7908966045604837e-10,3.8095923169465655e-8,5.1513721253623225e-8,4.6023213605216376e-8,9.130624931321841e-10,1.0792642261256992e-8,1.204253795382899e-8,2.4134143424494633e-8,4.5761542597739295e-10,3.809592601520856e-8,0.16951627986170015,5.2675362720123116e-8,7.420952692593653e-10,1.0215733561682742e-8,1.1000566158023523e-8,2.3285419587452154e-8,4.369047523404423e-10,2.5119212206142067e-8,-5.71510726560507e-9,-3.828374392432728e-10,-9.080636054936911e-9,2.5206854230757333e-8,-6.003830278187091e-9,-1.0006587762611303e-9,-9.122911537447146e-9,0.41480854095725106,-5.703199400177127e-9,-3.386750677072202e-10,-9.030922283776131e-9,2.3994106499849227e-8,-5.919811642407105e-9,-8.430999326111006e-10,-9.046823585612515e-9,0.5851912208459983,-3.43104849383419e-9,2.5355250529920267e-9,-8.885213988591042e-9,2.2418626995826e-8,-5.088124656970887e-9,9.001342680662181e-10,-8.828655193658145e-9,1.2434096788324196e-9,1.7822428685442384e-8,7.464446855131641e-8,5.120948213785881e-9,1.2468024361991921e-9,1.840564652908605e-8,7.552143295017432e-8,5.632189241061289e-9,4.2328803521628495e-9,7.844134827256263e-8,1.431833312162287e-7,1.3565499897963875e-8,1.1991824734729985e-9,1.833750097514869e-8,7.508400176509441e-8,6.798857757378408e-9,4.232880668356505e-9,0.2581270625166798,1.63878906240383e-7,1.1025415428996283e-8,1.1350815068536377e-9,1.675086210426309e-8,7.244352760540669e-8,6.491156320486571e-9,2.137868502360013e-14,7.097068536639647e-15,0.10577622204255997,4.839230280297787e-15,0.4694486465285639,4.5987682719914925e-14
TAC + ISI,TAC_primary,full_TAC,TAC,ISI,TotEmiss,7,0.6,88.27065193763099,4,0.7,16.066922083369533,6.057660734876088,false,0.2509230699891717,-2.9016259723921233e-9,3,3,LOCALLY_SOLVED,Solve_Succeeded,0.094605833,0.19238762511336296,8.779026201867118e6,64.94716799937864,16.066922130339623,503.57998963780375,6.315935428978668e-17,1.258008647179876e-22,9.01621247367779e-9,2.9016259723921233e-9,0.19130354781868913,0.3490769300108284,0.7350003646630029,0.9999999870718833,0.4122010513004585,9.365516645340181e-7,6.426212813389812e-10,1.2759152948309572e-8,1.0398082416582853e-8,2.6171484221105188e-8,3.4950636722979377e-10,1.2772569385593475e-8,1.0742524673815255e-8,2.6379461353065536e-8,3.829986020506169e-10,5.201285982226385e-8,5.0803191352276675e-8,5.480432921496795e-8,9.668450894998718e-10,1.2249936466680543e-8,1.0780272417949236e-8,2.6006568187821275e-8,4.5972436971924225e-10,5.201285305429477e-8,0.16339493005517286,6.711200224900817e-8,7.906850979107383e-10,1.1596684311567287e-8,9.866132752455274e-9,2.506911253422299e-8,4.391136533952633e-10,2.2784137633650553e-8,-5.462324290922586e-9,5.716985233116456e-10,-8.983053773261846e-9,2.281335159336596e-8,-5.701827003263123e-9,-8.66726391247835e-12,-9.01621247367779e-9,0.622219516875588,-4.912500588258861e-9,1.5814931342186093e-9,-8.805176614438231e-9,2.1689089586353696e-8,-5.625991842121338e-9,7.811503404224989e-11,-8.929765747198692e-9,0.37778021213838536,-1.9599813091163556e-9,5.3736418189201135e-9,-8.646317643076528e-9,2.032238001249043e-8,-4.8922980655633486e-9,1.7232236066525313e-9,-8.714698603924132e-9,1.4176836609232853e-9,1.5833443679796618e-8,8.142239535454947e-8,5.192666027414077e-9,1.419174376177052e-9,1.6357935298764137e-8,8.206943532064833e-8,5.690264944752021e-9,5.7792066469182035e-9,7.735940501369403e-8,1.7050235755767807e-7,1.4364555615426666e-8,1.3611040518533931e-9,1.6415414818240883e-8,8.090932325099951e-8,6.830190635828741e-9,5.779205894921639e-9,0.24880591622037684,2.0879289588580315e-7,1.1747321454673825e-8,1.2885204790630315e-9,1.502342941851144e-8,7.799279455091596e-8,6.52397427901534e-9,2.1593494063169395e-14,6.408401133340517e-15,0.15866602825661824,6.967295678702801e-14,0.3786057396781204,1.3773151134934126e-13
TAC + ISI,TAC_primary,full_TAC,TAC,ISI,TotEmiss,7,0.6,88.27065193763099,5,0.6,14.637027605013326,6.057660734876088,false,0.334739461653697,-1.6875836139136928e-9,3,3,LOCALLY_SOLVED,Solve_Succeeded,0.175067708,0.22114774446223406,9.722451493954862e6,57.15637273757116,14.637027632331097,503.57998999963263,1.5922526291542861e-16,1.5922526291542861e-16,8.940865319841102e-9,1.6875836139136928e-9,0.22023581677318502,0.2652605383463031,0.6466671507027528,0.9999999831710197,0.3967585499309505,1.0441130452493763e-6,3.4254453748511122e-9,1.3733402958511781e-8,9.555682434383535e-9,2.753937238695847e-8,3.5779843781747503e-10,1.3724943031630952e-8,9.867930988883138e-9,2.7675598120674564e-8,3.908377792699126e-10,6.477653291729204e-8,5.017519012877831e-8,6.153255844195777e-8,1.019258542881777e-9,1.3144733715646522e-8,9.959281250802974e-9,2.7139539563440796e-8,4.672765720110297e-10,6.47764906265228e-8,0.1572735810618653,8.008383512348233e-8,8.381760730755074e-10,1.2459611966876081e-8,9.143309020099533e-9,2.6171320705439955e-8,4.4699880350630595e-10,2.1308024301889103e-8,-5.317007088778985e-9,1.2078543044134985e-9,-8.91607555107518e-9,2.1292534338284923e-8,-5.517095167156654e-9,6.680364799926389e-10,-8.940865319841102e-9,0.8296304836430732,-4.281953541897193e-9,3.1370862768447964e-9,-8.610288712917205e-9,2.02412862274863e-8,-5.44700703920431e-9,6.941908080806927e-10,-8.847267533085725e-9,0.17036921475234273,-7.104171989775658e-10,7.801339073929934e-9,-8.444288712529848e-9,1.9027408495885397e-8,-4.789245821065411e-9,2.2420604558598163e-9,-8.638401531468803e-9,1.5259336620568639e-9,1.4550698252356745e-8,8.567804742609301e-8,5.31586250471677e-9,1.5249936701812162e-9,1.502616764216296e-8,8.61018608198764e-8,5.8067327205815576e-9,7.1973925463657796e-9,7.640313042336697e-8,1.914346262638686e-7,1.514326977995783e-8,1.4605259684051686e-9,1.5165269177359074e-8,8.443412308626024e-8,6.942394784163868e-9,7.197387847391419e-9,0.23948477116238576,2.4914970927305614e-7,1.2452901657121822e-8,1.3844013296528975e-9,1.3922766007878834e-8,8.142188663914651e-8,6.641125080665116e-9,2.175753790438481e-14,6.005789036671615e-15,0.21155583100542605,1.1112686230945659e-13,0.28776283671362296,1.963563504198851e-13
TAC + ISI,TAC_primary,full_TAC,TAC,ISI,TotEmiss,7,0.6,88.27065193763099,6,0.5,13.20713312665712,6.057660734876088,false,0.4185399445296892,-7.156625146258471e-10,3,3,LOCALLY_SOLVED,Solve_Succeeded,0.314309917,0.2461628101720381,1.0543757316675719e7,49.367056209360584,13.207133138241911,503.5799902756298,3.157967714489334e-17,1.258008647179876e-22,8.893108289992467e-9,7.156625146258471e-10,0.24542301617958315,0.18146005547031094,0.558333936984624,0.9999999800747121,0.38131898273160847,1.1303656127330778e-6,5.930815404478344e-9,1.4321612931310452e-8,9.046840347912806e-9,2.838219664252249e-8,3.658260215227654e-10,1.4293825399078356e-8,9.336658816590862e-9,2.8462832987979154e-8,3.9866774827400993e-10,8.096543382963482e-8,0.010498689763755769,6.868138284551684e-8,1.088812256292404e-9,1.3680835911371456e-8,9.460541557479127e-9,2.7822687982895298e-8,4.754113907727594e-10,6.76331138191147e-8,0.14065475400673813,9.047667938057983e-8,8.767050642216208e-10,1.298679926273455e-8,8.71099964764345e-9,2.685024494291695e-8,4.554908126102276e-10,2.0404131602499688e-8,-5.241913345829256e-9,1.5922213615472339e-9,-8.874607410520664e-9,2.0358365938878966e-8,-5.414863778137131e-9,1.0852054324520366e-9,-8.893108289992467e-9,0.9999989778468756,-2.1842309336139056e-9,4.418445265428292e-9,-8.443372715226122e-9,1.935818235679411e-8,-5.348413977982052e-9,1.067887168773083e-9,-8.795156119324395e-9,6.973250645265324e-7,-1.5213203612074858e-9,6.882787809769813e-9,-8.522130086122356e-9,1.824695748645008e-8,-4.742519693853773e-9,2.5398527007530897e-9,-8.592435060051421e-9,1.5912903257011608e-9,1.3775870529776317e-8,8.830016733229219e-8,5.435129462623943e-9,1.5882028221198167e-9,1.4217185016172448e-8,8.85510359626018e-8,5.923063688642432e-9,8.996159314403864e-9,0.015986641231173555,2.1367541329716346e-7,1.617663923634429e-8,1.5200928790412721e-9,1.4405824644343212e-8,8.655947372456314e-8,7.063254948623853e-9,7.514790424346074e-9,0.21417882996480578,2.8148300251735945e-7,1.3025332382721222e-8,1.4429776958593942e-9,1.3264476736184341e-8,8.353409537796382e-8,6.767292073066237e-9,2.1887041695569487e-14,5.778519337855466e-15,0.2644485816545022,1.3798597777744205e-13,0.1969169709721082,2.342489865518531e-13
TAC + ISI,TAC_primary,full_TAC,TAC,ISI,TotEmiss,7,0.6,88.27065193763099,7,0.4,11.777238648300914,6.057660734876088,false,0.5022673006651268,7.011413316329013e-10,3,3,LOCALLY_SOLVED,Solve_Succeeded,0.3201715,0.26838103905655664,1.1273861319305535e7,41.58453686547767,11.777238636951184,503.57999064864043,1.5922526291542861e-16,1.5922526291542861e-16,8.841778233506408e-9,0.0,0.26781330563440015,0.0977326993348733,0.4700007228216125,0.9999999751578288,0.3658928870500156,1.2331743546495346e-6,9.939439736221051e-9,1.514261791433078e-8,8.416606117889055e-9,2.928127696769842e-8,3.84315889178703e-10,1.508043562751513e-8,8.681118943561336e-9,2.92896712567521e-8,4.1740938508421273e-10,9.696246046294967e-8,0.06928355587941432,7.394711566887202e-8,1.1583544224122072e-9,1.441394390099454e-8,8.849635338554975e-9,2.8536657831874068e-8,4.959780752993199e-10,8.22335120069786e-8,0.07575504085202273,1.0599777306959578e-7,9.491075903993968e-10,1.3717781506271304e-8,8.185905022602235e-9,2.7581600441552257e-8,4.764555174992907e-10,1.9604178755123737e-8,-5.191265295395125e-9,1.9740712699400626e-9,-8.831313311306233e-9,1.951310467731776e-8,-5.330556752779269e-9,1.5130686013960807e-9,-8.841778233506408e-9,0.9999987712143479,-1.2924095912193237e-9,5.701729164619897e-9,-8.262281144443266e-9,1.854493721647793e-8,-5.266760865342155e-9,1.443424080318089e-9,-8.73960495920948e-9,8.647870320905604e-7,-8.252479113734358e-10,8.457801691938033e-9,-8.390180463040821e-9,1.7548948666302183e-8,-4.725152367743156e-9,2.8107572030166576e-9,-8.546818961689513e-9,1.682513101592308e-9,1.2816195679512879e-8,9.109730612172841e-8,5.709836067797872e-9,1.6756039586127918e-9,1.3218976573150217e-8,9.11234216876732e-8,6.2015108641083035e-9,1.0773606718105514e-8,0.10549996008910816,2.3005769319204628e-7,1.720983713298136e-8,1.601549322332726e-9,1.3475581083708709e-8,8.878071325471931e-8,7.3688171187327525e-9,9.137056889664285e-9,0.11535426675194368,3.2977084954985353e-7,1.4101027057362466e-8,1.5241979451412554e-9,1.2464900829871584e-8,8.580942359594035e-8,7.078767688560888e-9,2.2086488163295477e-14,5.555655305350794e-15,0.3173549158289876,1.7112946334487383e-13,0.10605745410525463,2.810045109246491e-13
TAC + ISI,TAC_primary,full_TAC,TAC,ISI,TotEmiss,7,0.6,88.27065193763099,8,0.3,10.347344169944707,6.057660734876088,false,0.5859945547605107,-4.513020342722415e-9,3,3,LOCALLY_SOLVED,Solve_Succeeded,0.079395084,0.28696742475341885,1.1885537941488853e7,33.80202700629282,10.347344242999254,503.5799888680623,1.5922526291542861e-16,1.5922526291542861e-16,9.276087280534089e-9,4.513020342722415e-9,0.2865717517928898,0.014005445239489376,0.38166751528956644,0.999999992556347,0.35046690033092603,7.521092947240228e-7,-2.219749750360426e-9,1.1002513758892674e-8,1.2863173736407244e-8,2.3970931781449957e-8,2.629857009186702e-10,1.0756727460980854e-8,1.3337857197107747e-8,2.4318576577934443e-8,3.402412546955587e-10,3.5167101083269985e-8,0.12806817537928378,3.892977584021183e-8,1.0264042130802116e-9,9.901738322834181e-9,1.3267878908043831e-8,2.426049508579171e-8,5.711372831284333e-10,2.988197592011108e-8,0.010855604296991752,5.114897992490725e-8,5.851015857311816e-10,9.479758232100211e-9,1.226740427462931e-8,2.3381720875916513e-8,5.435344136820131e-10,2.8400627189094462e-8,-6.4831440225415705e-9,-2.1280510985449685e-9,-9.259210338984901e-9,2.7552766702426073e-8,-6.7466752219189675e-9,-2.6824008352523813e-9,-9.276087280534089e-9,0.9999992656889094,-6.410459676162322e-9,-2.953581175843085e-9,-9.211023207564649e-9,2.4741701233286123e-8,-6.669239880811219e-9,-2.520875569454272e-9,-9.139753945134388e-9,5.047553731750785e-7,-5.762492016583721e-9,-1.2972647604422627e-9,-9.221869949479543e-9,2.3428286254215907e-8,-5.933368850469555e-9,-1.0182833019771736e-9,-8.906647041120503e-9,1.2225015287658522e-9,1.9587105462256484e-8,7.457623220895542e-8,3.907216127934529e-9,1.1951919401089834e-9,2.0309918913777702e-8,7.565779379801825e-8,5.055012926905444e-9,3.907455675918886e-9,0.1950129034184548,1.211148581695479e-7,1.5249434022906e-8,1.100193146981575e-9,2.0203361064521287e-8,7.54770958224631e-8,8.48546820647958e-9,3.3202195466790078e-9,0.01653012472496471,1.591301597663781e-7,8.692937845148982e-9,1.0533064702333565e-9,1.8679911054549174e-8,7.274313161396248e-8,8.075368431847052e-9,8.467887787427442e-15,3.1013439116632837e-15,0.3702611640145079,2.724713529124562e-14,0.015198039244743585,4.8462709397271665e-14
TAC + ISI,TAC_primary,full_TAC,TAC,ISI,TotEmiss,7,0.6,88.27065193763099,9,0.2,8.917449691588502,6.057660734876088,false,0.3045309732078489,-9.567288789180645e-9,3,3,LOCALLY_SOLVED,Solve_Succeeded,0.3702665,0.6542005864238503,2.3854002954671048e7,59.96427396042813,8.917449846459053,503.57998762705785,3.1845052583085723e-16,3.1845052583085723e-16,9.827985380166648e-9,9.567288789180645e-9,0.6536117830894604,0.2954690267921512,0.29333430759762724,1.000000008522046,0.4023243847905109,6.902476122145509e-9,-9.561670407478574e-9,-7.113761382754529e-9,2.114503504512049e-8,1.5580912246605337e-9,2.457837036706507e-10,-7.019091271934031e-9,0.14303852525764507,2.10724827702922e-9,5.453859153354745e-10,-6.930537359609999e-9,0.016441348582517574,2.256327664903567e-9,8.789498281615933e-10,-7.109261078597832e-9,2.1072592284594006e-8,1.951995484239079e-9,6.640596424661823e-10,-7.107673035474591e-9,2.3472220475855e-8,1.6389382145514687e-9,2.7439386687169747e-10,-7.185239186853049e-9,6.619007400729773e-9,1.5775357603927768e-9,4.4799438300489373e-10,4.8186779726453386e-8,-5.714342599580202e-9,-6.189213713778732e-9,-9.661407123427052e-9,1.521076159713476e-7,-7.084537098450258e-9,-6.7774614093593145e-9,-9.713197209857944e-9,0.9999997260989865,-8.843559421748309e-9,-8.075608466636547e-9,-9.82347664235116e-9,5.0074520993881656e-8,-7.2348972590391264e-9,-6.627375047687134e-9,-9.68634232119831e-9,5.076875338805968e-8,-8.185953352939572e-9,-7.446947615935594e-9,-9.771667680633101e-9,2.8469348490722662e-8,1.2250596500032608e-8,-3.5737015304278176e-9,-9.374004385105943e-9,-7.904179314171697e-10,3.2198121545978926e-8,4.847394921166104e-9,3.651643597392525e-9,-7.798990302148919e-10,0.21780866346050498,6.55588352853535e-9,8.102876456412763e-9,-7.700597066233329e-10,0.025035689887015395,7.019686068588874e-9,1.3058683161257955e-8,-7.899178976219811e-10,3.2087810978813594e-8,6.072874839854912e-9,9.866028973783278e-9,-7.897414483860653e-10,3.5741790270051934e-8,5.09891888971568e-9,4.076708879236647e-9,-7.983599096503385e-10,1.007894308747488e-8,4.907889032333083e-9,6.655916547501277e-9,-1.2263874455942667e-14,0.12873467958741627,0.26979711060598693,-2.2796047573590798e-12,-8.170640391677619e-12,-3.124285870886413e-12
TAC + ISI,TAC_primary,full_TAC,TAC,ISI,TotEmiss,7,0.6,88.27065193763099,10,0.1,7.4875552132322944,6.057660734876088,true,1.8659005759515358e-9,-8.861367509619881e-9,3,3,LOCALLY_SOLVED,Solve_Succeeded,0.058960375,0.7982267046947036,2.8543366117820203e7,88.27065211106782,7.487555356675741,503.57998793362236,5.126570965080088e-17,1.0253141930160176e-16,9.595890051245108e-9,8.861367509619881e-9,0.7974217035986921,0.6000000018659006,0.20500109414549825,1.000000006376112,0.452966963141053,1.1916073563596082e-7,-8.808694364370679e-9,-4.426215224964544e-9,5.574978267602696e-9,3.920412708244305e-9,2.1828127509556582e-10,-2.7911149491404868e-9,0.15984193384984666,6.452377191555863e-9,7.585159654145093e-10,-2.7911148529812704e-9,5.1250075583348255e-8,6.539772366242419e-9,8.935296192311205e-10,-3.927697564320892e-9,1.1600455363740314e-8,4.863397377203837e-9,4.726778077111373e-10,-3.732924081978551e-9,1.873392592774686e-8,5.044921965635784e-9,4.1818269679104027e-10,-5.458037387415611e-9,-1.4343484402770354e-9,2.448311215402381e-9,2.264349498031048e-11,1.444228764473631e-8,1.340659242060125e-8,1.0143513142533587e-9,-8.817665132091445e-9,0.3889954422312522,0.049729116851022374,1.6405894437409622e-9,-8.872273942067323e-9,0.6110045072018276,-7.491127996488264e-9,-5.751494988590548e-9,-9.595890051245108e-9,2.8290860119916364e-8,3.078231409744725e-9,-2.420905397457189e-10,-8.948625008606794e-9,3.7683694239196754e-8,-4.503536757270466e-9,-3.492141814375586e-9,-9.372603169698662e-9,2.2229725883661818e-9,1.9690380629745066e-8,5.662618387508399e-9,-7.345240685494044e-9,-4.91801691662727e-10,8.489171452940468e-9,1.2196839536760059e-8,3.2430360871341204e-9,-3.101238832378318e-10,0.2433956719986301,2.0074062373729348e-8,1.1269380057586994e-8,-3.101238725534744e-10,7.803988782009847e-8,2.0345958472754193e-8,1.3275297200005216e-8,-4.364108404800989e-10,1.7664329758422747e-8,1.5130569617967488e-8,7.022641714565468e-9,-4.1476934244206104e-10,2.8526659935432715e-8,1.569531278197799e-8,6.213000066609741e-9,-6.064485986017344e-10,-2.184121488603667e-9,7.616968225696296e-9,3.3641763970746995e-10,-4.426986060579337e-15,0.2878077651389877,0.15580616693652447,-2.5123216719538255e-12,-8.411065446161087e-12,-3.5866787180490255e-12
TAC + ISI,TAC_primary,full_TAC,TAC,ISI,TotEmiss,7,0.6,88.27065193763099,11,0.0,6.057660734876088,6.057660734876088,true,1.4726906374221336e-9,-8.52541700892457e-9,3,3,LOCALLY_SOLVED,Solve_Succeeded,0.035833792,0.9677545735734121,3.40742221752317e7,88.27065207451867,6.057660872881334,503.57998805634406,1.5922526291542861e-16,1.5922526291542861e-16,9.5213329133283e-9,8.52541700892457e-9,0.9670379056908761,0.6000000014726907,0.11666788106334006,1.0000000053905185,0.41455330056401285,1.8478380343959313e-7,-8.427197775733102e-9,-3.2058411230300877e-9,6.437670253535473e-9,5.74492530943917e-9,2.2869465248573166e-10,-8.316698441850946e-10,0.006048898154838099,9.429990607368337e-9,7.335536624521616e-10,-8.316697448230621e-10,5.097675755133479e-8,9.534253661659773e-9,8.63849496796695e-10,-2.6371005362490782e-9,1.129187126221531e-8,6.851901563016751e-9,4.4510003367241177e-10,-2.3551961337134212e-9,1.7495445310884982e-8,7.1486538820229405e-9,3.9298574853226674e-10,-4.49894747332943e-9,-6.706840198516662e-10,3.849087610822858e-9,5.70611524444179e-11,1.602749495745086e-8,9.982082168668012e-9,2.9682968577371224e-9,-8.618301702342339e-9,0.42690085489216045,0.3992933487120909,4.54610146844337e-9,-8.606016648591567e-9,0.5730990840991871,-7.1504496212324026e-9,-4.969840916866408e-9,-9.5213329133283e-9,2.7069013959370205e-8,1.884997238314288e-9,1.2228801102583416e-9,-8.777940657563425e-9,3.5596236743397486e-8,-4.249226729286214e-9,-2.4604377698990683e-9,-9.275973599979277e-9,3.6624530055592373e-9,1.5267820638984374e-8,8.512796193230462e-9,-6.778798946583764e-9,-3.5620456922556514e-10,9.802816067883559e-9,1.787310096269964e-8,3.3977491226451557e-9,-9.240776046501047e-11,0.00921082219032165,2.9337748556257045e-8,1.0898511556432115e-8,-9.240774942478464e-11,7.762369899862343e-8,2.9662122502941513e-8,1.2834335380979467e-8,-2.9301117069434186e-10,1.7194440331100586e-8,2.1317027084941e-8,6.612914785990117e-9,-2.616884593014912e-10,2.664079172339304e-8,2.224025652184915e-8,5.838645406765105e-9,-4.998830525921586e-10,-1.0212688484104916e-9,1.197493923367111e-8,8.47765693459923e-10,1.2091973622197206e-15,0.47366772468380586,0.14614028579165297,-1.8871522385054503e-12,-5.8124887204145906e-12,-2.7584116000771777e-12
TAC + ISI,TAC_primary,full_TAC,TAC,ISI,TotEmiss,8,0.7,97.56572549912488,1,1.0,20.35660551843815,5.787866809327553,false,0.09947838625893768,3.3306817349450954e-6,3,3,LOCALLY_SOLVED,Solve_Succeeded,0.041662791,0.0016005209237917172,2.540987862364919e6,88.31913631856958,20.356551603005055,503.58002439540604,3.1845052583085723e-16,3.1845052583085723e-16,8.352676358893868e-9,0.0,2.6407323899082586e-9,0.6005216137410623,0.9999966693182648,0.9999990783813819,0.45852787120168387,2.9137162585620975e-6,9.61661535519304e-7,1.533150042529267e-8,3.693038973409916e-9,3.115585734724174e-8,1.9323440201079997e-9,1.4189789708091028e-8,3.7237784694975007e-9,2.8998123772144735e-8,2.209798660564144e-9,1.193194183161439e-8,3.850846040693436e-9,2.5080353034828453e-8,3.01827502097311e-9,1.1877974546598373e-8,3.816181582047108e-9,2.4999898650426058e-8,2.9985692786747603e-9,3.7378447407262364e-6,0.1817587561446001,5.455536130059867e-7,4.9985407912233045e-8,1.1755857395760789e-8,3.738378868504389e-9,2.4820744990004418e-8,2.954740716192606e-9,1.0725346350825348e-8,-5.035050509637376e-9,4.896025785172514e-9,-8.352676358893868e-9,9.913437423023073e-9,-4.92590634050073e-9,4.52982918375037e-9,-8.184060806746295e-9,8.286287007013447e-9,-4.991988292401116e-9,2.8492499722406287e-9,-7.958133485983326e-9,8.247024235902842e-9,-4.958800089387772e-9,2.9463512826954844e-9,-7.930084567422166e-9,0.9999948075713897,7.73330222936408e-8,9.727556716272926e-8,1.3811355228816418e-9,8.158113942860012e-9,-4.885899301298113e-9,3.161695217354898e-9,-7.86665229464149e-9,1.7035000472547403e-9,5.623491164056008e-9,9.692933396919652e-8,2.8709111155890274e-8,1.5766433008990023e-9,5.6702990330984666e-9,9.021638506889473e-8,3.283129438552442e-8,1.3257713146238206e-9,5.863788289237732e-9,7.802776499724408e-8,4.484294316874334e-8,1.319774949622041e-9,5.8110037726626406e-9,7.777746246799218e-8,4.455017214031072e-8,4.15316082302915e-7,0.2767690150383683,1.6972779071297365e-6,7.426403461246052e-7,1.3062063773067539e-9,5.692531458858954e-9,7.722009552445818e-8,4.389900492629014e-8,8.468601469043505e-15,1.4892326821122357e-15,1.7826381453897832e-14,1.423150404541461e-13,0.651128937073315,2.1533136695494768e-13
TAC + ISI,TAC_primary,full_TAC,TAC,ISI,TotEmiss,8,0.7,97.56572549912488,2,0.9,18.89973164752709,5.787866809327553,false,0.18487172065624832,-7.617556824768567e-9,3,3,LOCALLY_SOLVED,Solve_Succeeded,0.069983208,0.11346383959367266,6.194353297109129e6,80.38176306972707,18.899731770836343,503.5799887000901,2.5263741715914673e-16,1.5922526291542861e-16,9.313310586220152e-9,7.617556824768567e-9,0.11203871119938281,0.5151282793437516,0.9100001149460926,0.9999999968432942,0.4427947089733905,5.979124082237033e-7,-4.939389314609782e-9,8.058216873052508e-9,1.4172323904880124e-8,1.977463972174072e-8,3.452468654906879e-10,8.092044869228487e-9,1.458998710564819e-8,2.010798475544713e-8,3.814828946101227e-10,2.1879227470825517e-8,5.2593554876227815e-8,3.323503107665276e-8,8.52087496425548e-10,7.835367936739381e-9,1.4400344971450242e-8,2.0303559744915432e-8,4.654951039234065e-10,2.1879233983048924e-8,0.17552213267436514,3.520798405221021e-8,6.86533602335918e-10,7.4385927975895085e-9,1.3204294567047655e-8,1.96875290182921e-8,4.4595062646029766e-10,2.957593185095439e-8,-6.2457231043733035e-9,-2.053142680622605e-9,-9.245941293612189e-9,2.9744325731181352e-8,-6.589524107243276e-9,-2.6801261663998834e-9,-9.296214692096767e-9,0.21131099715571364,-6.791426969561702e-9,-2.9300021069015743e-9,-9.313310586220152e-9,2.8486661340041155e-8,-6.494584625327549e-9,-2.450372093154276e-9,-9.237165184711583e-9,0.7886888017147878,-5.3026163067866154e-9,-1.0562002787537744e-9,-9.19337548169051e-9,2.6629558276039553e-8,-5.545248806660305e-9,-6.642984129710114e-10,-9.028299420036279e-9,8.953574303391672e-10,2.1580584127885643e-8,6.152110135652668e-8,5.129382001575935e-9,8.991160965809427e-10,2.2216571274509745e-8,6.255817479472441e-8,5.667745862778966e-9,2.4310252745361673e-9,8.008564037971052e-8,1.0339787446069746e-7,1.265958566117957e-8,8.705964374154864e-10,2.1927798024708323e-8,6.316663031751467e-8,6.91592725829061e-9,2.431025998116546e-9,0.2672723383905105,1.0953595038465399e-7,1.0199927806133637e-8,8.265103108432784e-10,2.010653945436802e-8,6.125009027913096e-8,6.625552164552993e-9,2.1039236432421956e-14,8.657983656269962e-15,0.05388433900693671,-1.2875106130491416e-13,0.5585775277706566,-1.4278630291571414e-13
TAC + ISI,TAC_primary,full_TAC,TAC,ISI,TotEmiss,8,0.7,97.56572549912488,3,0.8,17.44285777661603,5.787866809327553,false,0.2702695853861886,-4.983932097319782e-9,3,3,LOCALLY_SOLVED,Solve_Succeeded,0.083648041,0.15931045695279328,7.695042134356682e6,72.44396872313406,17.442857857293465,503.579989238896,3.1845052583085723e-16,3.1845052583085723e-16,9.118000758784437e-9,4.983932097319782e-9,0.15806072631853846,0.42973041461381134,0.8200002196410037,0.9999999912648084,0.42706081689388864,8.060219892938234e-7,-1.983296359332368e-9,1.1268629524094697e-8,1.1640764929323956e-8,2.409994974007577e-8,3.4478290053433414e-10,1.1298675929146101e-8,1.2022228470646479e-8,2.4379136367180775e-8,3.7914651790230893e-10,3.8655995913046083e-8,5.1482580085177405e-8,4.6410853448079947e-8,9.151824325025091e-10,1.0865460469339357e-8,1.198143786833433e-8,2.4227988681377536e-8,4.5756010483692137e-10,3.865599853941607e-8,0.16928528335780227,5.3264265126159034e-8,7.440147913698466e-10,1.0284318621459334e-8,1.0944970706627706e-8,2.3374116836926804e-8,4.3684223090858436e-10,2.5005162390729972e-8,-5.702273567635512e-9,-3.376165495194008e-10,-9.076075181864044e-9,2.5090234099843625e-8,-5.988937298944213e-9,-9.542322093263094e-10,-9.118000758784437e-9,0.42263544342179343,-5.669112382992427e-9,-2.565284090622395e-10,-9.021572457606677e-9,2.3880877317223174e-8,-5.905285321016061e-9,-7.995206351821992e-10,-9.041432687181947e-9,0.5773643170753192,-3.369662756613373e-9,2.653665070186289e-9,-8.87519780255263e-9,2.2314667397378196e-8,-5.0777959015384355e-9,9.402800942168054e-10,-8.82326269477834e-9,1.2520699471216323e-9,1.772571023328875e-8,7.497762141356904e-8,5.122488807938677e-9,1.2554084365717884e-9,1.830657517121168e-8,7.584620203122907e-8,5.633033980262875e-9,4.295110657005119e-9,7.839392876606558e-8,1.4438932183847094e-7,1.3596996140037278e-8,1.2072733854821505e-9,1.82444622086e-8,7.537596478650789e-8,6.798035843291404e-9,4.295110948824006e-9,0.2577753178402898,1.6571104705916142e-7,1.1053934043209149e-8,1.1427020690510366e-9,1.6666205394183098e-8,7.271947460377226e-8,6.490227430641825e-9,2.1388387507932818e-14,7.0617256744167396e-15,0.1077720824784454,8.04595466762993e-15,0.4660205802610637,5.052513253177141e-14
TAC + ISI,TAC_primary,full_TAC,TAC,ISI,TotEmiss,8,0.7,97.56572549912488,4,0.7,15.98598390570497,5.787866809327553,false,0.35566734574459735,-7.398929774779668e-9,3,3,LOCALLY_SOLVED,Solve_Succeeded,0.107745917,0.19414388737831867,8.836612258197587e6,64.50618407795169,15.985984025475195,503.5799882263468,1.5922526291542861e-16,1.5922526291542861e-16,9.544593019092261e-9,7.398929774779668e-9,0.19306955439467874,0.3443326542554026,0.7300003293845372,1.0000000015990043,0.4113270484097156,3.804610752876877e-7,-6.967155723614158e-9,3.5014003937606586e-9,1.7800104716890018e-8,1.3853422336213766e-8,2.5289811530099423e-10,3.4818154875657984e-9,1.8074553306348746e-8,1.4401230346296748e-8,3.366864022535479e-10,8.82729576389367e-9,2.855747049944151e-8,1.982050966840055e-8,8.828868551150897e-10,3.289119963267626e-9,1.7339664757511405e-8,1.5377889180254472e-8,5.962212012627436e-10,8.8272949740549e-9,0.1630484791019603,2.0538318418789114e-8,4.915012865755423e-10,3.1215920268587687e-9,1.6085391832501962e-8,1.492607728571719e-8,5.698256244346472e-10,3.645030632231131e-8,-7.1212541028589286e-9,-4.262983121922153e-9,-9.46033945748027e-9,3.621452326518093e-8,-7.467204713975718e-9,-4.777294439406951e-9,-9.495120879882965e-9,0.633959791575636,-7.99457913243334e-9,-5.506570582274091e-9,-9.544593019092261e-9,3.398338777540716e-8,-7.380458535061648e-9,-4.46297753706821e-9,-9.414096008622976e-9,0.3660400367109533,-7.055786814737503e-9,-4.358345247948893e-9,-9.48523173449122e-9,3.216584352067413e-8,-6.445208761749061e-9,-2.8313701970094434e-9,-9.200940742419418e-9,3.890444881956286e-10,2.7104704909809797e-8,4.309953615710949e-8,3.757343427329056e-9,3.8686838750731076e-10,2.7522615261940135e-8,4.480382774403432e-8,5.002197976338425e-9,9.808106404326297e-10,4.348523916960411e-8,6.166380785724614e-8,1.3117176133138474e-8,3.654577736964028e-10,2.6403580426210552e-8,4.784232189412502e-8,8.858143561617905e-9,9.808105526727664e-10,0.2482783659052577,6.38969906362328e-8,7.302304829122342e-9,3.4684355853986306e-10,2.449366483585526e-8,4.6436684888897914e-8,8.465980705886184e-9,7.598376740102486e-15,4.334008034075892e-15,0.16165975049239012,-1.3788543814177732e-13,0.3734637185318022,-1.8302979576797568e-13
TAC + ISI,TAC_primary,full_TAC,TAC,ISI,TotEmiss,8,0.7,97.56572549912488,5,0.6,14.52911003479391,5.787866809327553,false,0.4410651873749657,-6.952082199643232e-9,3,3,LOCALLY_SOLVED,Solve_Succeeded,0.2224505,0.22314678503250068,9.788059996127134e6,56.56839187848088,14.529110147330787,503.5799883592538,1.5922526291542861e-16,1.5922526291542861e-16,9.466711844724412e-9,6.952082199643232e-9,0.22224784978360942,0.25893481262503426,0.6400004362662254,1.0000000001624376,0.39559318271825217,4.505992205352116e-7,-6.3408273488245514e-9,5.1303347800232245e-9,1.6589871511710223e-8,1.5953885002591426e-8,2.539346572764752e-10,5.0870106394347715e-9,1.69235170903198e-8,1.651344507869132e-8,3.358985702164912e-10,1.2547208014403582e-8,2.812650513600395e-8,2.327553521186682e-8,8.991684854006852e-10,4.7927294086064975e-9,1.6301564264591324e-8,1.7380490102518626e-8,5.864509419885998e-10,1.2547202782265124e-8,0.15681163561606146,2.503693863597617e-8,5.066401304208729e-10,4.562295677957911e-9,1.502771885538992e-8,1.6803322382861296e-8,5.579325310690377e-10,3.444194633777422e-8,-6.853069328630207e-9,-3.5987695401673957e-9,-9.397356688044485e-9,3.406092076308952e-8,-7.203421843702476e-9,-4.14564778508487e-9,-9.430433657293393e-9,0.8452841960273475,-7.722274035394601e-9,-4.846182396001794e-9,-9.466711844724412e-9,3.15850512035328e-8,-7.116729059805549e-9,-3.8349160646965905e-9,-9.332662280138477e-9,0.15471562464416538,-6.597580996198006e-9,-3.462718401061303e-9,-9.405890653622304e-9,2.977324927200888e-8,-6.174160275091046e-9,-2.1407460929663167e-9,-9.099602241760054e-9,5.70037197780358e-10,2.526184980192238e-8,4.9634308896951105e-8,3.772743479536203e-9,5.65223404381641e-10,2.576990102389606e-8,5.1375162467039654e-8,4.990493043216439e-9,1.3941342238226196e-9,4.282899645709692e-8,7.241277621469676e-8,1.335907464023875e-8,5.325254898451663e-10,2.4822836493809515e-8,5.407263587450239e-8,8.712985423830627e-9,1.3941336424739021e-9,0.23878135423354813,7.789269797859251e-8,7.527224794824396e-9,5.069217419953233e-10,2.2883117347980105e-8,5.2277002968901804e-8,8.289283318739988e-9,7.672768308124779e-15,3.88090179443388e-15,0.21554747583668263,-1.0048524693553825e-13,0.2809067923998727,-1.3048285278810497e-13
TAC + ISI,TAC_primary,full_TAC,TAC,ISI,TotEmiss,8,0.7,97.56572549912488,6,0.5,13.072236163882852,5.787866809327553,false,0.5264388253887812,-5.783912022087034e-10,3,3,LOCALLY_SOLVED,Solve_Succeeded,0.391876375,0.2483953597123831,1.061708573933157e7,48.63284942297321,13.072236173245564,503.5799903140639,1.5922526291542861e-16,1.5922526291542861e-16,8.887313481241962e-9,5.783912022087034e-10,0.2476717980005508,0.1735611746112188,0.5500005372210705,0.9999999795448001,0.37986367726341064,1.1397202237683043e-6,6.292956098530499e-9,1.4436974546470567e-8,8.964627317662076e-9,2.846725274103528e-8,3.6750787764228283e-10,1.4404912474390079e-8,9.251930589175013e-9,2.85406861106346e-8,4.003613667574862e-10,8.245154836478581e-8,0.01604448942793658,6.903679599489829e-8,1.0937165519113945e-9,1.378320645187174e-8,9.38232173455341e-9,2.7889450489125925e-8,4.772537196873205e-10,6.926782843204541e-8,0.13453207673089534,9.198431448108631e-8,8.840836724267745e-10,1.3087386815983609e-8,8.643024603720691e-9,2.6918970808755973e-8,4.5737923827957946e-10,2.035023848675951e-8,-5.235801086314239e-9,1.6356760942860734e-9,-8.869673125066229e-9,2.0298098446964197e-8,-5.404894565060242e-9,1.1336640352737239e-9,-8.887313481241962e-9,0.9999989380438642,-2.0870377521538645e-9,4.546128078225748e-9,-8.425616532649025e-9,1.9296417128735697e-8,-5.338567310924995e-9,1.1108700662678134e-9,-8.788864085494001e-9,7.32880419700506e-7,-1.4413447557612193e-9,7.057167599375083e-9,-8.507508834153045e-9,1.819592108919569e-8,-4.739891914941354e-9,2.5715608787822714e-9,-8.58714918061338e-9,1.6041082829411736e-9,1.3650682506439977e-8,8.856478630544309e-8,5.460117039256773e-9,1.6005458304877858e-9,1.4088167033516497e-8,8.879324567752987e-8,5.948226020396937e-9,9.161283151642864e-9,0.024431381628903428,2.147811430952391e-7,1.624950305696929e-8,1.5314673835413037e-9,1.4286717186706326e-8,8.676717929950287e-8,7.090626692497333e-9,7.696425381338377e-9,0.20485566229477245,2.8617342283004623e-7,1.3134957418912078e-8,1.4541540906648448e-9,1.3160969282938324e-8,8.374790918279634e-8,6.795348683010894e-9,2.1906600634516553e-14,5.752358354902218e-15,0.26943979186206585,1.4150846172672354e-13,0.1883452384793945,2.3924523892515055e-13
TAC + ISI,TAC_primary,full_TAC,TAC,ISI,TotEmiss,8,0.7,97.56572549912488,7,0.4,11.615362292971792,5.787866809327553,false,0.6117459578205429,8.911088855308846e-10,3,3,LOCALLY_SOLVED,Solve_Succeeded,0.305324541,0.27070248157777516,1.135019423067054e7,40.703488710239924,11.61536227854696,503.5799906939458,3.1845052583085723e-16,3.1845052583085723e-16,8.83655679009377e-9,0.0,0.2701542268925156,0.08825404217945701,0.4600006430801062,0.9999999745353897,0.36414651989835933,1.2469926352125292e-6,1.051774498923593e-8,1.5223884123162687e-8,8.353456461568602e-9,2.9394342995092068e-8,3.8711204018993143e-10,1.515776689442471e-8,8.615038220219628e-9,2.9393788951553518e-8,4.202712767275966e-10,9.912410525336516e-8,0.07593850593723211,7.47067052905978e-8,1.1693374830499369e-9,1.4486627788579102e-8,8.787862841942792e-9,2.862713629699561e-8,4.991582931607498e-10,8.403552208007733e-8,0.06840783731898692,1.0808712111835452e-7,9.590514966081775e-10,1.3791704328576121e-8,8.13363664574899e-9,2.7674788120442037e-8,4.796787630043718e-10,1.9499244080155412e-8,-5.188236465830602e-9,2.0111369141844472e-9,-8.827016830762795e-9,1.9403687258784066e-8,-5.323802713675088e-9,1.5555996335870657e-9,-8.83655679009377e-9,0.9999987567846509,-1.194534877611807e-9,5.848650659461227e-9,-8.240842514720247e-9,1.8441506042502272e-8,-5.260359043063709e-9,1.4799460550301817e-9,-8.734007084322232e-9,8.742579925986691e-7,-7.547746894633339e-10,8.6289058872294e-9,-8.375813272475865e-9,1.7459852575990217e-8,-4.7260616553680575e-9,2.834655773891251e-9,-8.54253825470698e-9,1.6915426803514092e-9,1.272003597557037e-8,9.144906709584197e-8,5.751378882821837e-9,1.684196321602745e-9,1.311835365351625e-8,9.144734340483316e-8,6.24403039709572e-9,1.1013789472596124e-8,0.11563363404078526,2.32420860904082e-7,1.7373014033884776e-8,1.609625309842122e-9,1.3381518418412887e-8,8.906220181287524e-8,7.416066069816852e-9,9.3372802311197e-9,0.1041664795539119,3.362710434793251e-7,1.424876509246435e-8,1.532411592064013e-9,1.238531034693596e-8,8.609934081915299e-8,7.126655907493523e-9,2.2115043781873217e-14,5.534014446216699e-15,0.32334436817845374,1.7521722585920745e-13,0.09577137482395676,2.8674488061362744e-13
TAC + ISI,TAC_primary,full_TAC,TAC,ISI,TotEmiss,8,0.7,97.56572549912488,8,0.3,10.158488422060731,5.787866809327553,false,0.6999993018210805,0.0031077141831239727,3,3,LOCALLY_SOLVED,Solve_Succeeded,0.049590375,0.288251459537128,1.1928346265363887e7,32.50027546491169,10.108182277716978,503.5799952698866,1.5922526291542861e-16,1.5922526291542861e-16,8.824265770501286e-9,0.0,0.28788456580183247,6.981789194585002e-7,0.36689303711662696,0.9999993813771414,0.3478868081150473,1.5452281075775384e-6,5.384564023608876e-7,1.619840717557513e-8,4.2574250567701965e-9,3.436865133272394e-8,2.2891494224801344e-9,1.5784487307728708e-8,4.324145432756716e-9,3.354162347249934e-8,2.434475191599742e-9,1.4071715138016415e-6,0.1379010663173426,2.063862968105933e-7,2.4578504289600815e-8,1.466315295341193e-8,4.4521941645531326e-9,3.1411408091206404e-8,2.8241158075102253e-9,1.6300169589021025e-8,4.326274074484428e-9,3.4598665400851235e-8,2.32010502061725e-9,1.4391196493343055e-8,4.310176039575468e-9,3.0997184030450056e-8,2.7662548597640887e-9,1.1841358231485283e-8,-5.9284584008716895e-9,1.638699483995915e-9,-8.789914053924856e-9,1.153580777157161e-8,-5.924844499139268e-9,1.464508359130186e-9,-8.769531710658432e-9,0.9999976754228788,2.0249279293644664e-9,1.1646376656429255e-8,-7.900433945251535e-9,1.0704414273164467e-8,-5.908620458717173e-9,1.064993671440981e-9,-8.714027166178168e-9,1.1916370464180737e-8,-6.013511751785914e-9,1.3396045126341093e-9,-8.824265770501286e-9,1.050194819026914e-8,-5.739419754502214e-9,1.6026273252415848e-9,-8.63101208752958e-9,1.7998230195083471e-9,6.4828972455364345e-9,1.0692469303514113e-7,3.4010219991133427e-8,1.7538319230809672e-9,6.584494181697726e-9,1.0435171746999796e-7,3.616934570376759e-8,1.5635239042240457e-7,0.20998571461958984,6.420907011885125e-7,3.6516634944549785e-7,1.6292392170457696e-9,6.77947747784227e-9,9.772438072819768e-8,4.1958291997294773e-8,1.811129954335669e-9,6.587735522510377e-9,1.0764029235820383e-7,3.4470131734884854e-8,1.599021832593672e-9,6.563222605717191e-9,9.643568365028908e-8,4.1098643630780736e-8,2.5284314317041352e-14,5.347280941256195e-15,0.37911083052254624,4.925366944731233e-13,3.88921330122492e-12,7.360786837354379e-13
TAC + ISI,TAC_primary,full_TAC,TAC,ISI,TotEmiss,8,0.7,97.56572549912488,9,0.2,8.701614551149673,5.787866809327553,false,0.350680051997257,-8.6505356314351e-9,3,3,LOCALLY_SOLVED,Solve_Succeeded,0.411294708,0.6809323612902627,2.472435319698106e7,64.96975670049476,8.701614691180277,503.579988076276,4.776757887462858e-16,4.776757887462858e-16,9.477281404735632e-9,8.6505356314351e-9,0.6803030404749811,0.3493199480027429,0.2800008672788225,1.0000000054058278,0.4122459514519433,1.600567511150967e-7,-8.563772168521435e-9,-1.7150032830178813e-9,1.7006606034289063e-8,6.260924556955444e-9,3.2693128028992643e-10,1.3100799763649433e-10,1.0397218538735752e-7,8.351478005963921e-9,6.458553272495362e-10,1.3100783532513944e-10,0.16341264883295484,8.42033887925479e-9,7.567430985677252e-10,-1.6494943078795935e-9,1.7451186881406697e-8,6.651389735766655e-9,4.657291290399482e-10,-1.5980790371785223e-9,1.9345974748629214e-8,6.462161996913866e-9,3.5216174629260435e-10,-1.9741648481050773e-9,1.2094358027625734e-8,6.1811906943425615e-9,3.965224175186088e-10,3.499389122082662e-8,-3.637424795828277e-9,-2.052729315252565e-9,-9.201654014544288e-9,0.5965437044365677,-2.8230112403055038e-9,-1.513360633774554e-9,-9.170657625802463e-9,0.40345616943717244,-6.566702596080765e-9,-4.658663951443286e-9,-9.477281404735632e-9,3.7014664858584633e-8,-4.883828464208514e-9,-2.679067334380832e-9,-9.235886649707498e-9,3.8707900314035486e-8,-6.039558345424285e-9,-3.9412598684229125e-9,-9.40798758079892e-9,2.8231992695192026e-8,9.465025115670736e-10,8.888429783378124e-10,-8.752829590700737e-9,-1.9055592033532008e-10,2.5896422824940162e-8,1.947843195497249e-8,4.857264735736049e-9,1.4556444181832695e-11,1.583212822943853e-7,2.5982376018554417e-8,9.595564861993108e-9,1.455642614723771e-11,0.24883289708654482,2.6196609846570455e-8,1.124304032157763e-8,-1.8327714531995477e-10,2.657339820577838e-8,2.0693212511274037e-8,6.91940420287923e-9,-1.775643374642802e-10,2.9458643367230844e-8,2.010450399039869e-8,5.232117373490121e-9,-2.19351649789453e-10,1.841640881479373e-8,1.9230371049065747e-8,5.891190203133614e-9,3.893807723416847e-15,0.15211871678644295,0.24995268101118734,-1.8062637336844771e-12,-5.698328749554173e-12,-2.4491994847000084e-12
TAC + ISI,TAC_primary,full_TAC,TAC,ISI,TotEmiss,8,0.7,97.56572549912488,10,0.1,7.244740680238612,5.787866809327553,true,2.999459302762314e-9,-8.810779466759659e-9,3,3,LOCALLY_SOLVED,Solve_Succeeded,0.063950041,0.7985124274700267,2.8549911302879505e7,97.56572577792683,7.2447408228631645,503.57998794222436,1.804552979708191e-16,1.0253141930160176e-16,9.599319735841234e-9,8.810779466759659e-9,0.7976224264922597,0.7000000029994593,0.19000097476760214,1.0000000062544663,0.4756865563492314,1.2846852414079893e-7,-8.752456773118949e-9,-4.3466545836660175e-9,5.323152488600758e-9,4.138552869517284e-9,2.1258270248967123e-10,-2.6130974621786145e-9,0.18434234230037924,6.897781243870835e-9,7.59463909349859e-10,-2.6130974880902023e-9,5.168567143087864e-8,6.999485808726839e-9,8.973073729005621e-10,-3.8133511133524944e-9,1.1433275071579484e-8,5.164986292256299e-9,4.696515876419998e-10,-3.602135793293477e-9,1.8688318419014865e-8,5.378892002524922e-9,4.184327577136398e-10,-5.436646537295203e-9,-1.575846209301774e-9,2.54282734835022e-9,1.176756123140925e-11,1.3955950951253587e-8,1.3509506740675189e-8,1.3706482016904764e-9,-8.781713374777844e-9,0.5297670220608774,0.010640862432465653,1.990032953660692e-9,-8.847306037352291e-9,0.47023292793723087,-7.546142875204705e-9,-5.7729901510410705e-9,-9.599319735841234e-9,2.7845786848203727e-8,3.107539642352294e-9,8.875970558994783e-12,-8.9247575883595e-9,3.7486941874044736e-8,-4.5755156736012514e-9,-3.4258521714571164e-9,-9.369194467693019e-9,1.884326027219716e-9,1.915093486694447e-8,6.349648680262877e-9,-7.141858988711155e-9,-4.829616204073351e-10,8.105709471278426e-9,1.2875497816275994e-8,3.1583715798465437e-9,-2.903441624642904e-10,0.28070311213921384,2.1459763869820372e-8,1.1283463796055046e-8,-2.9034416534335574e-10,7.870318149701974e-8,2.177617807159461e-8,1.3331423825951207e-8,-4.2370567926138806e-10,1.7409759768086936e-8,1.606884624257515e-8,6.977680730681139e-9,-4.002373103659417e-10,2.845721213804536e-8,1.673433067452198e-8,6.216715257459791e-9,-6.040718374772447e-10,-2.3995840005277013e-9,7.911018417089573e-9,1.748323382952231e-10,-3.4124364409989674e-15,0.31057545695966626,0.11990941473771359,-2.4021411361342666e-12,-7.821661937718819e-12,-3.4633171918281824e-12
TAC + ISI,TAC_primary,full_TAC,TAC,ISI,TotEmiss,8,0.7,97.56572549912488,11,0.0,5.787866809327553,5.787866809327553,true,2.7916291466500128e-9,-8.473827238395591e-9,3,3,LOCALLY_SOLVED,Solve_Succeeded,0.034463667,0.9647633864891272,3.3973968019441366e7,97.56572575860886,5.787866946497688,503.5799880560893,3.1845052583085723e-16,3.1845052583085723e-16,9.535268290950449e-9,8.473827238395591e-9,0.9639633854045764,0.700000002791629,0.1000010817591858,1.0000000052944138,0.4365481014986847,1.9355077477460992e-7,-8.367865237166819e-9,-3.2185501434887277e-9,6.027996114410008e-9,5.921144628595962e-9,2.2118983165009637e-10,-7.569077954159933e-10,0.02764752566950072,9.912682043243562e-9,7.370930171947248e-10,-7.569078899444493e-10,5.1413120897282195e-8,1.0037280113718546e-8,8.708586477695072e-10,-2.6061891984398325e-9,1.1101659489631281e-8,7.141626090289555e-9,4.4372989932089314e-10,-2.304426660711454e-9,1.7519574724607845e-8,7.490736392594064e-9,3.9547945994994625e-10,-4.579150930769641e-9,-9.582617651914529e-10,3.8516612688194515e-9,3.930105877392655e-11,1.525887772805566e-8,1.0378764153664033e-8,3.318345217878246e-9,-8.585892339231443e-9,0.5683876403549506,0.36680070409474236,4.815258087730233e-9,-8.596136209804382e-9,0.43161230027438974,-7.2672452097107805e-9,-5.091803831631117e-9,-9.535268290950449e-9,2.6634786096784355e-8,1.993899106079614e-9,1.4300342771363416e-9,-8.76249329221537e-9,3.555047656944937e-8,-4.368909771017706e-9,-2.4740074840689897e-9,-9.281996485794363e-9,3.0233024512941576e-9,1.4943149812577964e-8,9.204078521047163e-9,-6.541701837336445e-9,-3.5761668260985854e-10,9.178994083306149e-9,1.8421338844520765e-8,3.2862489273728598e-9,-8.410086615733255e-11,0.04209964136037609,3.0839455245646634e-8,1.095109625546448e-8,-8.410087666049432e-11,7.828816136631607e-8,3.122709368712436e-8,1.293847133828982e-8,-2.8957657760442576e-10,1.6904799677393087e-8,2.2218392280900835e-8,6.592558504196125e-9,-2.56047406745717e-10,2.6677534239743758e-8,2.3304513221403755e-8,5.875694833542058e-9,-5.087945478632932e-10,-1.459171324268803e-9,1.1982946169660514e-8,5.839014446411944e-10,1.810777346248125e-15,0.4999422398505812,0.11006115631465858,-1.822717128075336e-12,-5.394263442730502e-12,-2.6986403769489507e-12
TAC + ISI,TAC_primary,full_TAC,TAC,ISI,TotEmiss,9,0.8,106.8607990606188,1,1.0,20.35660551843815,5.24827898382911,false,0.1994783862579855,3.33068079867512e-6,3,3,LOCALLY_SOLVED,Solve_Succeeded,0.04699925,0.0016005209237954336,2.5409878623649785e6,88.3191363186581,20.35655160302021,503.5800243954206,3.1845052583085723e-16,3.1845052583085723e-16,8.352676403133434e-9,0.0,2.6407342178194117e-9,0.6005216137420146,0.9999966693192011,0.9999990783808839,0.45852787120262045,2.9137162544215514e-6,9.61661520473472e-7,1.533150098654089e-8,3.6930390412695582e-9,3.115585757830825e-8,1.932344031957019e-9,1.4189790119364557e-8,3.7237784995087077e-9,2.899812385404499e-8,2.2097986625774433e-9,1.193194194819278e-8,3.850845943644852e-9,2.5080352794934876e-8,3.018274951817155e-9,1.1877974898212902e-8,3.816181636853358e-9,2.49998987628924e-8,2.998569295890627e-9,3.737849418661625e-6,0.1817587561449743,5.455536120443091e-7,4.9985406925392783e-8,1.1755857912737722e-8,3.738379029721388e-9,2.4820745350564007e-8,2.9547407939926917e-9,1.0725346377630343e-8,-5.035050616940295e-9,4.8960254306312155e-9,-8.352676403133434e-9,9.913437374609638e-9,-4.92590640050278e-9,4.5298290298434894e-9,-8.184060827154783e-9,8.286286803287773e-9,-4.991988218621018e-9,2.8492502334194706e-9,-7.958133401667833e-9,8.247024204488415e-9,-4.958800161335308e-9,2.9463511182578988e-9,-7.930084605646458e-9,0.9999948075656921,7.733301466616598e-8,9.727556559947418e-8,1.3811356406495385e-9,8.158114034963202e-9,-4.88589947220593e-9,3.161694760258919e-9,-7.86665242110005e-9,1.7035001096156539e-9,5.6234912673877356e-9,9.69293346880701e-8,2.8709111331932854e-8,1.576643346596061e-9,5.67029907879735e-9,9.02163853236955e-8,3.283129441543629e-8,1.325771327576975e-9,5.863788141459206e-9,7.80277642509085e-8,4.484294214128344e-8,1.3197749886903222e-9,5.811003856117611e-9,7.777746281788745e-8,4.4550172396089316e-8,4.153166020735137e-7,0.27676901503893814,1.697277904137851e-6,7.426403314629784e-7,1.3062064347486354e-9,5.692531704348477e-9,7.722009664619912e-8,4.389900608217713e-8,8.468601512095439e-15,1.4892327145216945e-15,1.7826381108204857e-14,1.4231504313705713e-13,0.6511289370734193,2.1533137705580637e-13
TAC + ISI,TAC_primary,full_TAC,TAC,ISI,TotEmiss,9,0.8,106.8607990606188,2,0.9,18.84577286497725,5.24827898382911,false,0.288034561003324,-1.0142518708519051e-8,3,3,LOCALLY_SOLVED,Solve_Succeeded,0.072879458,0.11550318767488704,6.26106431929897e6,80.0877747328338,18.84577302915934,503.57998788695295,4.776757887462858e-16,4.776757887462858e-16,9.740344088522034e-9,1.0142518708519051e-8,0.11408455547811168,0.5119654389966761,0.9066667577786799,1.0000000051383116,0.4422120524567727,1.795014732734458e-7,-8.371941535263696e-9,-1.4235688628766293e-9,2.138724803029678e-8,7.569562250840033e-9,2.492112030912643e-10,-1.4190711426204073e-9,2.1459725173342867e-8,7.94379449633124e-9,3.388163601769477e-10,2.0466638864329615e-10,2.971828305920233e-8,1.0243013611896315e-8,8.437314417170674e-10,-1.4500751396039063e-9,2.050103524670155e-8,8.773273943037224e-9,6.276272079940006e-10,2.046670723149324e-10,0.17529117094334964,9.899319782937685e-9,4.5540343329437787e-10,-1.492547803385937e-9,1.9502071215704687e-8,8.630316586866288e-9,6.101687239524357e-10,4.3168818397159716e-8,-8.048184313702777e-9,-6.299642805799463e-9,-9.652880205839093e-9,4.334378353853223e-8,-8.32684891593663e-9,-6.6805499176076345e-9,-9.68457572608001e-9,0.21913786038580954,-8.761498970574593e-9,-7.31412081824334e-9,-9.740344088522034e-9,4.215703536189445e-8,-8.252209383661154e-9,-6.442749925908973e-9,-9.645730681488002e-9,0.7808619814544551,-8.264784440424097e-9,-6.682668595094106e-9,-9.694695888328714e-9,4.060166417475774e-8,-7.476066488294648e-9,-5.211392981747871e-9,-9.506626244305323e-9,-1.5817431809740316e-10,3.256694586431555e-8,2.3549749224835653e-8,3.702566445927355e-9,-1.576745714022674e-10,3.267730878668118e-8,2.471402732191941e-8,5.0338430654860794e-9,2.274070984925512e-11,4.525284011287627e-8,3.186715345923298e-8,1.2535438562653572e-8,-1.6111945995598953e-10,3.1217485489295543e-8,2.7294630045004702e-8,9.32474709019658e-9,2.2740785812770255e-11,0.2669206466637369,3.079788376913946e-8,6.765993866087898e-9,-1.658386448206596e-10,2.969633571482304e-8,2.6849873825806227e-8,9.0653638987219e-9,7.406015458541726e-15,6.720713722687617e-15,0.055880152375129395,-3.1485524821656984e-13,0.5551495133965851,-4.298413695057161e-13
TAC + ISI,TAC_primary,full_TAC,TAC,ISI,TotEmiss,9,0.8,106.8607990606188,3,0.8,17.334940211516344,5.24827898382911,false,0.37659532438744575,-8.56767749439871e-9,3,3,LOCALLY_SOLVED,Solve_Succeeded,0.093307917,0.16216772665026652,7.7886358277389e6,71.85598662965911,17.33494035020568,503.5799880861463,1.5922526291542861e-16,1.5922526291542861e-16,9.626318634557092e-9,8.56767749439871e-9,0.16093098847081397,0.42340467561255435,0.8133335038399997,1.000000003074496,0.42589543517147865,3.0108669391812037e-7,-7.577028633269689e-9,1.6091762251373304e-9,1.918990552032232e-8,1.141151805748669e-8,2.517300708758018e-10,1.60526166939809e-9,1.9391035104601537e-8,1.1912218531282988e-8,3.3771090448793505e-10,5.124345414795158e-9,2.8993528233742805e-8,1.5957511245752405e-8,8.65767084285121e-10,1.4974033455244568e-9,1.8553446788504126e-8,1.2911173636460576e-8,6.082956356327888e-10,5.124345619741605e-9,0.16882333033293417,1.599760428939681e-8,4.763040065897678e-10,1.3902880015185567e-9,1.7363958501446905e-8,1.2595995241331971e-8,5.849663781181105e-10,3.8963071130302456e-8,-7.460945595270154e-9,-5.04637802809858e-9,-9.534412623696354e-9,3.889239377649819e-8,-7.789802984240334e-9,-5.51496245227779e-9,-9.569384463433147e-9,0.4382891832716786,-8.299712550786121e-9,-6.236259788728703e-9,-9.626318634557092e-9,3.700507053470692e-8,-7.70529427464594e-9,-5.21656068709918e-9,-9.506237875371264e-9,0.5617106515361568,-7.550679971270581e-9,-5.3151122995331634e-9,-9.57079832331994e-9,3.5238546943936696e-8,-6.8073978481363724e-9,-3.7043413887336525e-9,-9.319865695582924e-9,1.787973583485922e-10,2.9220992496854437e-8,3.550250062329192e-8,3.739989624440484e-9,1.783624077108988e-10,2.9527258000188703e-8,3.7060235430658173e-8,5.0174191523921765e-9,5.693717127550173e-10,4.414923617410836e-8,4.964559054234081e-8,1.2862825252236083e-8,1.6637814950271737e-10,2.825183942794946e-8,4.016809575787734e-8,9.037535157972861e-9,5.693717355268448e-10,0.25707188937060427,4.9770324455901176e-8,7.0765166693336925e-9,1.5447644461317292e-10,2.6440573172657784e-8,3.918754075081058e-8,8.690929046326214e-9,7.524067923798547e-15,5.0202977633616625e-15,0.11176374299765574,-1.9074582659274102e-13,0.45916451582001827,-2.570380601537054e-13
TAC + ISI,TAC_primary,full_TAC,TAC,ISI,TotEmiss,9,0.8,106.8607990606188,4,0.7,15.824107558055438,5.24827898382911,false,0.46515608128151203,-7.3475514660700124e-9,3,3,LOCALLY_SOLVED,Solve_Succeeded,0.135657958,0.19760484252988436,8.950102799523637e6,63.624199129739864,15.824107676993977,503.57998824182545,3.1845052583085723e-16,3.1845052583085723e-16,9.53552217507044e-9,7.3475514660700124e-9,0.19654999836090983,0.334843918718488,0.7200002502560348,1.000000001434219,0.40957882506640775,3.888784906129644e-7,-6.896859601503039e-9,3.6985609292812503e-9,1.7654591372838797e-8,1.4108613115860209e-8,2.5301501908921285e-10,3.6767061362211883e-9,1.793629640263951e-8,1.4659392532793374e-8,3.365780103007781e-10,9.249203020199012e-9,2.8510265123893068e-8,2.0234367925759643e-8,8.848068688543362e-10,3.47323512595385e-9,1.721361812439747e-8,1.562723866032482e-8,5.949903351062124e-10,9.249201949629845e-9,0.1623554901681071,2.1051626315654456e-8,4.93211496038457e-10,3.298559351213347e-9,1.5955102627032897e-8,1.516038946184248e-8,5.683087434267498e-10,3.6195743168190935e-8,-7.087324249597628e-9,-4.1816059684957394e-9,-9.452634606913287e-9,3.594287424810458e-8,-7.4343546820834825e-9,-4.7002383548625694e-9,-9.487288255400245e-9,0.6574404948113189,-7.96195759383067e-9,-5.427880830596576e-9,-9.53552217507044e-9,3.368030564756634e-8,-7.34753033037481e-9,-4.385453026189766e-9,-9.404289142600535e-9,0.3425593326701534,-7.0017419648533126e-9,-4.253297717342046e-9,-9.475888410713374e-9,3.1861082766873795e-8,-6.410134893276223e-9,-2.744170873181585e-9,-9.18853165116913e-9,4.109512143645832e-10,2.688312777227726e-8,4.389346302712065e-8,3.759080283611161e-9,4.0852290402457634e-10,2.7312087704019254e-8,4.560699899091271e-8,5.00058758161156e-9,1.0276892244665566e-9,4.341335825683717e-8,6.29513668801411e-8,1.3145702051550136e-8,3.859150139948721e-10,2.6211645780332507e-8,4.861807583212166e-8,8.839856407292298e-9,1.0276891055144268e-9,0.24722313275598126,6.549394853759164e-8,7.327713655428503e-9,3.665065945792606e-10,2.4295269909345545e-8,4.716565610350994e-8,8.443444188054568e-9,7.606648627165404e-15,4.273134655899013e-15,0.16764733007922256,-1.330288894152486e-13,0.36317952198079106,-1.7621507029800668e-13
TAC + ISI,TAC_primary,full_TAC,TAC,ISI,TotEmiss,9,0.8,106.8607990606188,5,0.6,14.313274904594534,5.24827898382911,false,0.5537169338060294,-1.4201267706754205e-9,3,3,LOCALLY_SOLVED,Solve_Succeeded,0.312507333,0.22708213573037397,9.91723149227365e6,55.39240274089984,14.313274927582846,503.5799900777004,1.5922526291542861e-16,1.5922526291542861e-16,8.926460556309077e-9,1.4201267706754205e-9,0.22620918567221523,0.24628306619397064,0.6266669919647713,0.9999999823043813,0.3932621024895144,1.066330377149383e-6,4.085138188895433e-9,1.3914116008290939e-8,9.398693434246459e-9,2.778747993152602e-8,3.601260680684265e-10,1.3900237743749095e-8,9.70444124509071e-9,2.7908040142919628e-8,3.9310973280241196e-10,6.762315291022553e-8,5.000783640259471e-8,6.287521471841615e-8,1.0314060946388767e-9,1.330941165916786e-8,9.805857647612244e-9,2.7341188328454204e-8,4.696213238353477e-10,6.762308538451613e-8,0.1558876024745991,8.29512072882652e-8,8.493595660859069e-10,1.2620391856706039e-8,9.009466858671621e-9,2.637045792707609e-8,4.494261216886252e-10,2.1043722100436247e-8,-5.29272535617752e-9,1.3253479618325039e-9,-8.903465173460813e-9,2.1019102311994796e-8,-5.484862843131586e-9,7.947043292203636e-10,-8.926460556309077e-9,0.8765918931024426,-4.153861164834542e-9,3.456579016920131e-9,-8.568777020133297e-9,1.9981609185960192e-8,-5.415825091441742e-9,8.082826891406096e-10,-8.831525732634664e-9,0.12340779837093258,-4.4680700120596275e-10,8.317009547472811e-9,-8.401572571305544e-9,1.8797244061740196e-8,-4.773206678350252e-9,2.3348126652057255e-9,-8.624264855871883e-9,1.546012889810104e-9,1.4311646820329834e-8,8.64499375647476e-8,5.350444439873764e-9,1.5444708604165655e-9,1.4777217350479035e-8,8.682501377797216e-8,5.84048745877869e-9,7.513683656691722e-9,7.614829634031467e-8,1.9561177912396135e-7,1.5323747691777596e-8,1.478823517685317e-9,1.4931646872500463e-8,8.50614747996353e-8,6.977231096982306e-9,7.51367615383512e-9,0.23737430376813953,2.5807042267460285e-7,1.2619056410419187e-8,1.4022657618562259e-9,1.3718960898431786e-8,8.20414246620145e-8,6.677188093659573e-9,2.179186070458898e-14,5.935299345933436e-15,0.2235309917131424,1.18907353730223e-13,0.267194441396688,2.073527917181333e-13
TAC + ISI,TAC_primary,full_TAC,TAC,ISI,TotEmiss,9,0.8,106.8607990606188,6,0.5,12.80244225113363,5.24827898382911,false,0.6422365862046138,-3.213121193510225e-10,3,3,LOCALLY_SOLVED,Solve_Succeeded,0.453466875,0.2527684712164247,1.0760743047755301e7,47.16443593407271,12.802442256334873,503.57999038481165,1.5922526291542861e-16,1.5922526291542861e-16,8.876828689295786e-9,3.213121193510225e-10,0.2520773740641272,0.15776341379538625,0.5333337385021177,0.9999999786137305,0.37695306640146864,1.1581544040372449e-6,6.988864598846772e-9,1.4615407752391147e-8,8.830652575817304e-9,2.86346450194955e-8,3.7065431078720207e-10,1.4576416322291996e-8,9.11310433242064e-9,2.8694537361626533e-8,4.03532272327694e-10,8.531598670661034e-8,0.02713608037096014,6.990818013112405e-8,1.1047825364248416e-9,1.394227386433314e-8,9.253346031794384e-9,2.8021892345564832e-8,4.807063091239111e-10,7.207815261579592e-8,0.12228673049687944,9.479792552702078e-8,8.972411552339341e-10,1.3244600230056352e-8,8.531428547968078e-9,2.7054380149144318e-8,4.6091185754711085e-10,2.0212201570131204e-8,-5.22415841812914e-9,1.7148348718186998e-9,-8.860752110208168e-9,2.015024445227321e-8,-5.3865038682172215e-9,1.2217208616750564e-9,-8.876828689295786e-9,0.9999988853550776,-1.9108896992906394e-9,4.792274170567709e-9,-8.39140056309519e-9,1.9151732455270153e-8,-5.320608842090204e-9,1.188776483348461e-9,-8.777482198346107e-9,7.781464870705877e-7,-1.2989053699845374e-9,7.371040320922861e-9,-8.481220044764102e-9,1.8072612438860536e-8,-4.734673895679448e-9,2.62934180034408e-9,-8.577588509781156e-9,1.6239341947101267e-9,1.3446675513176349e-8,8.908556228287488e-8,5.5068640459812875e-9,1.619601813587999e-9,1.3876772506185972e-8,8.927189401394921e-8,5.995336617440024e-9,9.479554078512256e-9,0.041320849655780215,2.1749211596349703e-7,1.64139119697405e-8,1.5491415404814594e-9,1.4090322366595993e-8,8.717922063064615e-8,7.14192230698382e-9,8.008683623977321e-9,0.1862093396202482,2.9492687941739795e-7,1.3330440020618447e-8,1.4716222477840386e-9,1.2991038925315025e-8,8.416918268622676e-8,6.847833312128503e-9,2.1942152329816213e-14,5.7057005325092264e-15,0.27942221159341907,1.4785897724849673e-13,0.17120177455816601,2.4822779740357526e-13
TAC + ISI,TAC_primary,full_TAC,TAC,ISI,TotEmiss,9,0.8,106.8607990606188,7,0.4,11.291609597672727,5.24827898382911,false,0.7307032716541172,1.326490884503153e-9,3,3,LOCALLY_SOLVED,Solve_Succeeded,0.25553625,0.27521774393752846,1.149869852468773e7,38.94139244412595,11.291609576200146,503.5799907927103,3.1845052583085723e-16,3.1845052583085723e-16,8.826119429894065e-9,0.0,0.2747084467246921,0.06929672834588294,0.4400004844904759,0.9999999731248256,0.36065378508136114,1.278409763221955e-6,1.1877817909519579e-8,1.5397395177364102e-8,8.221398169094975e-9,2.9645564945095146e-8,3.9383812480994717e-10,1.532260831136991e-8,8.476791491815715e-9,2.962534907873687e-8,4.271802985646311e-10,1.0405075295999205e-7,0.08924840572403728,7.642948170210593e-8,1.1955185314988979e-9,1.4641711332646862e-8,8.65880007115675e-9,2.8828932357852744e-8,5.068689830184591e-10,8.809153865450421e-8,0.05371343040175314,1.1288719815929513e-7,9.823533934172182e-10,1.3950374370140157e-8,8.025089757541477e-9,2.788316333894112e-8,4.874780408356686e-10,1.927326291221801e-8,-5.18495224895542e-9,2.083061096525764e-9,-8.818549722314706e-9,1.9168219688528493e-8,-5.312587532470313e-9,1.6394393095325417e-9,-8.826119429894065e-9,0.9999987276795348,-9.928013357483602e-10,6.154557214446402e-9,-8.19551386838957e-9,1.8219201231828028e-8,-5.249871977071082e-9,1.551049664737796e-9,-8.722884340001579e-9,8.921219587040964e-7,-6.146650597614173e-10,8.98273863969851e-9,-8.346031174722918e-9,1.7268891622148405e-8,-4.731341576822945e-9,2.87797123757006e-9,-8.534419027739763e-9,1.7108216863737886e-9,1.2518947212030984e-8,9.223064649585155e-8,5.851309282890643e-9,1.7025120345966558e-9,1.2907841589810293e-8,9.216775268940357e-8,6.34667872153166e-9,1.1561194773332446e-8,0.1359009814434204,2.3778060973988507e-7,1.7761989610840765e-8,1.6268568147385397e-9,1.3184991017443233e-8,8.969001177998631e-8,7.530624890559964e-9,9.787948739389355e-9,0.08179090538448773,3.5120461649558483e-7,1.4594964702198669e-8,1.5500415966822392e-9,1.2220023039892703e-8,8.674761927670569e-8,7.242530892415646e-9,2.2183040291933687e-14,5.491231282008685e-15,0.33532327275579826,1.8438896155421034e-13,0.0751992165178825,2.996077183969824e-13
TAC + ISI,TAC_primary,full_TAC,TAC,ISI,TotEmiss,9,0.8,106.8607990606188,8,0.3,9.780776944211823,5.24827898382911,false,0.7186922836139911,-9.471900085343587e-9,3,3,LOCALLY_SOLVED,Solve_Succeeded,0.044172667,0.4928247323855032,1.8597093000097044e7,40.057822617917914,9.78077709753827,503.5799876902947,1.5922526291542861e-16,1.5922526291542861e-16,9.777755565198812e-9,9.471900085343587e-9,0.49239675742619216,0.08130771638600909,0.34666724292502804,1.0000000081910387,0.3628669115977084,1.5521438359051547e-8,-9.464157847335404e-9,-6.5040846280574274e-9,1.819703090097401e-8,1.7418592336044735e-9,3.5536065134415273e-10,-6.2255261344295774e-9,1.1233708105917968e-7,2.352634758775667e-9,6.910904735091697e-10,-6.225525960550868e-9,0.14383896173948196,2.3895152343045233e-9,8.089133872229465e-10,-6.474194718199434e-9,2.0277772952237253e-8,1.953522148394023e-9,5.394046252205359e-10,-6.469615223126116e-9,2.3019858804997116e-8,1.858899889748036e-9,4.0377423038063395e-10,-6.790683790914321e-9,2.6014337655201517e-9,1.2595361696242593e-9,2.1868715844193e-10,3.7280524791708436e-8,-1.103565742174055e-9,-4.7057836007736345e-9,-9.503742962630517e-9,0.1388509085428061,-4.579114235751883e-9,-5.386854435974366e-9,-9.57738058259201e-9,0.861149006055563,-8.249135988709877e-9,-7.3813927150054355e-9,-9.757818421795179e-9,4.34156442201654e-8,-5.099599507814459e-9,-5.439313615210347e-9,-9.566189429215722e-9,4.4488357217555746e-8,-7.125294539420893e-9,-6.4971765139943394e-9,-9.67617090651333e-9,1.1396621973031338e-8,2.1000663987511236e-8,-2.5759068793999316e-9,-9.22751103019579e-9,-7.226760697841584e-10,2.7709115235574057e-8,5.419117615658362e-9,5.279643962827411e-9,-6.917251260477305e-10,1.7105873706738724e-7,7.3193081384131855e-9,1.0267629892136236e-8,-6.91725106727874e-10,0.21902750992148387,7.4340473956140725e-9,1.2018141753026634e-8,-7.193549686888258e-10,3.087751790454309e-8,6.0776244616702935e-9,8.014011574705105e-9,-7.188461359029015e-10,3.505296681670014e-8,5.7832441014383335e-9,5.998931422797989e-9,-7.545204212127021e-10,3.96127414295114e-9,3.918556972164361e-9,3.2490663539943885e-9,-2.7941520757429607e-14,0.03540705446230257,0.3490480297760367,-5.290372450592299e-12,-2.0068354297203795e-11,-7.118727266039773e-12
TAC + ISI,TAC_primary,full_TAC,TAC,ISI,TotEmiss,9,0.8,106.8607990606188,9,0.2,8.269944290750917,5.24827898382911,false,0.3434739307863313,-9.379662019957278e-9,3,3,LOCALLY_SOLVED,Solve_Succeeded,0.286053334,0.7249843602042603,2.6158177389876485e7,74.93464452947464,8.26994444258426,503.5799877050964,4.0602442043434296e-17,1.0253141930160176e-16,9.774693169234911e-9,9.379662019957278e-9,0.7242745001445776,0.4565260692136688,0.25333399046895105,1.000000007893718,0.4319978263031564,2.60162183156931e-8,-9.363879496643104e-9,-5.944120655408276e-9,2.16526094451168e-8,2.1594233357098786e-9,2.4170607256965157e-10,-5.6280907766829275e-9,5.3220550304148236e-8,2.79948324017338e-9,5.214666075935576e-10,-5.62809090077826e-9,0.17124226261385225,2.9362996712815198e-9,8.168100944817832e-10,-5.935014797528377e-9,2.0999381653413154e-8,2.609753039105743e-9,6.406926585207601e-10,-5.93483168904324e-9,2.339969195313131e-8,2.235755201531004e-9,2.640607775326201e-10,-5.980104768016268e-9,1.4691599564674648e-8,2.4391902847828833e-9,5.616104226378353e-10,4.5968486996886715e-8,-6.350390998534874e-9,-5.857742013107528e-9,-9.609442904457493e-9,0.77962309952716,-7.2659706121632335e-9,-6.291220955828975e-9,-9.651847246387366e-9,0.22037676598719586,-8.605473608367804e-9,-7.639465562181014e-9,-9.774693169234911e-9,4.775804193840173e-8,-7.292695996753897e-9,-6.1955632638834725e-9,-9.622491388168667e-9,4.7795117601082015e-8,-8.028681644469287e-9,-7.0252705693893785e-9,-9.722612601202887e-9,3.9802441877149825e-8,-2.4733645181881657e-10,-3.3807944960968805e-9,-9.289145944380217e-9,-6.604578506009194e-10,3.297101892779148e-8,6.718205933319621e-9,3.591061649606251e-9,-6.253434196314361e-10,8.104038341768026e-8,8.709503413872737e-9,7.74750388424714e-9,-6.253434334198065e-10,0.26075526352563866,9.135154532875837e-9,1.2135464260872206e-8,-6.59446088614264e-10,3.197633115406094e-8,8.119231677217865e-9,9.518862355165578e-9,-6.594257432270264e-10,3.563134911044994e-8,6.955682849207567e-9,3.923188694770355e-9,-6.644560853351406e-10,2.2371299337118215e-8,7.588591997102302e-9,8.343926279190697e-9,-5.039094591858731e-15,0.1988039069648934,0.21031407923749068,-1.5027920338546793e-12,-4.91124461982454e-12,-2.0710927104588536e-12
TAC + ISI,TAC_primary,full_TAC,TAC,ISI,TotEmiss,9,0.8,106.8607990606188,10,0.1,6.7591116372900135,5.24827898382911,true,4.848462778722245e-9,-8.696738886726247e-9,3,3,LOCALLY_SOLVED,Solve_Succeeded,0.076572417,0.8235695519369262,2.936469307674821e7,106.86079951128698,6.759111778068533,503.5799879634719,1.5922526291542861e-16,1.5922526291542861e-16,9.601504534477313e-9,8.696738886726247e-9,0.8226095511946555,0.8000000048484628,0.16000073742218907,1.0000000059781784,0.4918830148955578,1.4950491254635156e-7,-8.624466063567875e-9,-4.144947783820069e-9,4.962263965182206e-9,4.640032288410218e-9,2.0366559310579047e-10,-2.1942537941073294e-9,0.18272671303451685,7.914774116702943e-9,7.590466233423505e-10,-2.1942539900351532e-9,5.213222458773195e-8,8.042193043516153e-9,9.001888719458398e-10,-3.5445822396406593e-9,1.1122857989317292e-8,5.838416342332919e-9,4.624023629740823e-10,-3.297425518650529e-9,1.8502264279502784e-8,6.126047419628258e-9,4.1695834863438986e-10,-5.353303876537293e-9,-1.7609905414449928e-9,2.783896424569222e-9,-4.310123638874445e-12,1.3287939819368697e-8,1.341777108208156e-8,2.1377222667075374e-9,-8.70548018859973e-9,0.6769754335118293,0.030913116166825776,2.7840080427738337e-9,-8.789475755492796e-9,0.3230245166123173,-7.61781986412931e-9,-5.771442440743996e-9,-9.601504534477313e-9,2.7070303527583538e-8,3.0606362829302855e-9,5.403292516489562e-10,-8.873568468411286e-9,3.710191664656805e-8,-4.680886043060924e-9,-3.2568573986407734e-9,-9.358572326468725e-9,1.4258352959549274e-9,1.779361651058918e-8,7.76245210228276e-9,-6.711955658169049e-9,-4.6054975375778536e-10,7.556174674254722e-9,1.4435656008387344e-8,3.0258888118574585e-9,-2.438059771230365e-10,0.2782429493934688,2.4623741696409157e-8,1.1277264118229205e-8,-2.438059988927947e-10,7.938316016768273e-8,2.5020156135383587e-8,1.3374234668909619e-8,-3.938424710711842e-10,1.6937079211005873e-8,1.8163961953924635e-8,6.8699779641863635e-9,-3.66380613183392e-10,2.817390242560651e-8,1.9058814194399024e-8,6.194809751139505e-9,-5.948115418374768e-10,-2.6815083244730566e-9,8.661011098659801e-9,-6.403612263470604e-11,-1.4014234934962834e-15,0.36490456466473575,0.08237127059337188,-2.1829396845724364e-12,-6.691954559026038e-12,-3.2103706530477427e-12
TAC + ISI,TAC_primary,full_TAC,TAC,ISI,TotEmiss,9,0.8,106.8607990606188,11,0.0,5.24827898382911,5.24827898382911,true,4.906420132878626e-9,-8.35856386694925e-9,3,3,LOCALLY_SOLVED,Solve_Succeeded,0.039299792,0.9826011789565109,3.4553450044250056e7,106.86079951667416,5.248279119133419,503.5799880598357,1.5922526291542861e-16,1.5922526291542861e-16,9.556025365598368e-9,8.35856386694925e-9,0.9817345114668843,0.8000000049064203,0.06666748472017522,1.0000000050742162,0.451294975601804,2.130718917411213e-7,-8.233965518389315e-9,-3.201492678796577e-9,5.355562593570887e-9,6.319267154007053e-9,2.077585706294216e-10,-5.491266947145849e-10,0.020228334581480736,1.0994046813311575e-8,7.421377578451258e-10,-5.491270729595188e-10,5.194323807558168e-8,1.1153531266997814e-8,8.80792294174508e-10,-2.5069810318090095e-9,1.0738866219754178e-8,7.774020740958534e-9,4.396828609255285e-10,-2.1640496849666327e-9,1.7484578296982088e-8,8.239506010047883e-9,3.985856979206524e-10,-4.6876146165169265e-9,-1.392377982255001e-9,3.903754543521546e-9,9.991976257992278e-12,1.4025525990800041e-8,1.0894849415683322e-8,4.046124949909171e-9,-8.51934338170638e-9,0.7170264630155376,0.40026417703044653,5.431000064001877e-9,-8.56906074031942e-9,0.2829734798816861,-7.4440701729287645e-9,-5.272146342571873e-9,-9.556025365598368e-9,2.5845647063570582e-8,2.1361894810896897e-9,1.8608559462883331e-9,-8.729253345846285e-9,3.542945499538711e-8,-4.566165052088102e-9,-2.4658146649816223e-9,-9.289647457119468e-9,2.0523554166949564e-9,1.3983289713817035e-8,1.0559351614337305e-8,-6.051114729314866e-9,-3.557214087551751e-10,8.155061222028396e-9,1.9659942256910827e-8,3.086698763637121e-9,-6.10140771905094e-11,0.030802236749072936,3.4203701196969346e-8,1.1026046687984724e-8,-6.101411921772427e-11,7.90953852514539e-8,3.469987505288209e-8,1.3086056942021259e-8,-2.7855344797877874e-10,1.6352364470989315e-8,2.4185842305204323e-8,6.532431076607851e-9,-2.404499649962924e-10,2.6624244224949993e-8,2.563401869792674e-8,5.921844654821121e-9,-5.208460685018806e-10,-2.120211927524661e-9,1.2145014135400366e-8,1.4845221869017096e-10,3.0358615310413016e-15,0.561284993907209,0.07215825772571371,-1.6914374667337645e-12,-4.5826177190715634e-12,-2.569493488990042e-12
TAC + ISI,TAC_primary,full_TAC,TAC,ISI,TotEmiss,10,0.9,116.1558726221127,1,1.0,20.35660551843815,4.708691157882223,false,0.2994783862576687,3.3306804870240733e-6,3,3,LOCALLY_SOLVED,Solve_Succeeded,0.042566833,0.0016005209237966473,2.5409878623649976e6,88.31913631868753,20.356551603025256,503.5800243954257,1.5922526291542861e-16,1.5922526291542861e-16,8.352676417828326e-9,0.0,2.640734803322203e-9,0.6005216137423312,0.9999966693195128,0.9999990783807184,0.45852787120293176,2.913716253050596e-6,9.616615154872115e-7,1.5331501172965545e-8,3.6930390638059666e-9,3.115585765505543e-8,1.9323440358970235e-9,1.41897902559712e-8,3.723778509472479e-9,2.8998123881242145e-8,2.2097986632506802e-9,1.1931941986909051e-8,3.8508459114020666e-9,2.508035271523943e-8,3.018274928850583e-9,1.1877975015002412e-8,3.816181655053013e-9,2.4999898800242245e-8,2.9985693016145913e-9,3.737850972610547e-6,0.1817587561450987,5.455536117259184e-7,4.9985406598295645e-8,1.1755858084456648e-8,3.738379083268159e-9,2.4820745470324423e-8,2.954740819841151e-9,1.0725346386525386e-8,-5.035050652584078e-9,4.896025312862505e-9,-8.352676417828326e-9,9.913437358519046e-9,-4.925906420434518e-9,4.529828978720052e-9,-8.184060833933682e-9,8.286286735606697e-9,-4.991988194113738e-9,2.8492503201763264e-9,-7.95813337366054e-9,8.247024194044909e-9,-4.958800185235134e-9,2.9463510636355622e-9,-7.930084618343836e-9,0.9999948075637995,7.733301213294e-8,9.727556508046555e-8,1.381135679768445e-9,8.158114065549303e-9,-4.8858995289779146e-9,3.1616946084227363e-9,-7.866652463106661e-9,1.7035001303295044e-9,5.62349130170454e-9,9.69293349268391e-8,2.870911139047006e-8,1.5766433617745774e-9,5.670299093969456e-9,9.021638540830888e-8,3.2831294425438675e-8,1.325771331878783e-9,5.863788092362236e-9,7.802776400296711e-8,4.4842941800065795e-8,1.3197750016669342e-9,5.811003883830724e-9,7.777746293408699e-8,4.4550172481131066e-8,4.153167747345051e-7,0.2767690150391276,1.6972779031473018e-6,7.426403266032495e-7,1.3062064538285158e-9,5.692531785885606e-9,7.722009701878709e-8,4.3899006466211385e-8,8.468601514922132e-15,1.4892327068125837e-15,1.782638099457404e-14,1.4231504401245835e-13,0.6511289370734541,2.1533138040812766e-13
TAC + ISI,TAC_primary,full_TAC,TAC,ISI,TotEmiss,10,0.9,116.1558726221127,2,0.9,18.791814082382558,4.708691157882223,false,0.39119747335659544,-1.0082134781924298e-8,3,3,LOCALLY_SOLVED,Solve_Succeeded,0.070157125,0.11750581694966214,6.3265780147125935e6,79.79377970291162,18.791814245587183,503.57998789541926,1.5922526291542861e-16,1.5922526291542861e-16,9.735557291858112e-9,1.0082134781924298e-8,0.11609368102499558,0.5088025266434045,0.9033333980231508,1.0000000050511093,0.4416293108056601,1.8481499294623906e-7,-8.339681441954804e-9,-1.2865857539131633e-9,2.1289273016311638e-8,7.739670006697355e-9,2.493529430762617e-10,-1.282157141976716e-9,2.136762953922826e-8,8.120438278451588e-9,3.387897647072474e-10,4.058797007292493e-10,2.968314090812598e-8,1.0486558814437076e-8,8.445700976047316e-10,-1.3153548186978324e-9,2.041347410878097e-8,8.96182365586571e-9,6.267732378277632e-10,4.058803659445497e-10,0.17506017460018342,1.0148047373433977e-8,4.562725084621637e-10,-1.3599405655863065e-9,1.9403654748070166e-8,8.812621181256644e-9,6.090289578011449e-10,4.297427008965175e-8,-8.020610281022441e-9,-6.2431069414244385e-9,-9.647527138593827e-9,4.3139972203893263e-8,-8.302105346711188e-9,-6.628346280762952e-9,-9.679459904719287e-9,0.22696476237028496,-8.741210032507116e-9,-7.267568785784769e-9,-9.735557291858112e-9,4.191859452882152e-8,-8.226843131527052e-9,-6.387095153004057e-9,-9.639633957199582e-9,0.7730350792222673,-8.234249835536809e-9,-6.624488802709175e-9,-9.689381833145202e-9,4.035047363132799e-8,-7.443559608361572e-9,-5.140944920660713e-9,-9.498323252467891e-9,-1.4295397265701808e-10,3.241775663847454e-8,2.4078973354169544e-8,3.7046722971330306e-9,-1.4246190466407947e-10,3.253707225291576e-8,2.526358575518271e-8,5.033447932793389e-9,4.509774452547212e-11,4.519932820101001e-8,3.2624849644915346e-8,1.2547898592984582e-8,-1.461505354108702e-10,3.1084153756552836e-8,2.7881229151582207e-8,9.312059533441053e-9,4.509781843828329e-11,0.2665689022320975,3.157170293957237e-8,6.778905840009288e-9,-1.5110450728736735e-10,2.9546474275470478e-8,2.741704367502067e-8,9.048430230188439e-9,7.411745916732511e-15,6.619337312897125e-15,0.05787601251555614,-3.0759797878373325e-13,0.551721447579547,-4.197645650433582e-13
TAC + ISI,TAC_primary,full_TAC,TAC,ISI,TotEmiss,10,0.9,116.1558726221127,3,0.8,17.227022646326965,4.708691157882223,false,0.48292114841803996,-8.461521466372759e-9,3,3,LOCALLY_SOLVED,Solve_Succeeded,0.091603375,0.1649724241143126,7.880515245235961e6,71.26799663264471,17.2270227832979,503.57998809828473,1.804552979708191e-16,1.5922526291542861e-16,9.619283093820996e-9,8.461521466372759e-9,0.1637486784783871,0.41707885158195995,0.8066667843435535,1.00000000294771,0.42472995261555263,3.0818222349756395e-7,-7.526007208618416e-9,1.7808524211030856e-9,1.9064285033568828e-8,1.1632194209355994e-8,2.518435721523414e-10,1.7759179025950841e-9,1.9272350260807702e-8,1.213842383066145e-8,3.3762362582516915e-10,5.43684409442497e-9,2.895436397911512e-8,1.6299271718573118e-8,8.672178234338148e-10,1.6616711021348542e-9,1.8443101555970216e-8,1.313987484879568e-8,6.071900914447089e-10,5.436844244731732e-9,0.16836133768163558,1.6383197233608334e-8,4.776032176263268e-10,1.5497144968879964e-9,1.724598299462811e-8,1.2813037341827803e-8,5.835609544689611e-10,3.873107397078892e-8,-7.4291982558523436e-9,-4.975288876540664e-9,-9.527695886935435e-9,3.864536222142792e-8,-7.760084162685446e-9,-5.448319032134663e-9,-9.562724960764823e-9,0.4539429860502261,-8.272629869502668e-9,-6.171991371231222e-9,-9.619283093820996e-9,3.6723594249193184e-8,-7.675254706327115e-9,-5.147676407096357e-9,-9.498040674865635e-9,0.5460568482455803,-7.507518142218705e-9,-5.231992116865938e-9,-9.563330389652868e-9,3.4949823875317077e-8,-6.772736029535965e-9,-3.622727561281379e-9,-9.309126578235334e-9,1.978724912336761e-10,2.9029706755661622e-8,3.6189048651329746e-8,3.7416759291205e-9,1.9732421139945372e-10,2.934653335168445e-8,3.776398525094673e-8,5.0161224408310844e-9,6.040937882694408e-10,4.4089599695470756e-8,5.0708845346671925e-8,1.2884379091016676e-8,1.8463012245942815e-10,2.8083813732954644e-8,4.087961064069767e-8,9.021109930035675e-9,6.040938049701923e-10,0.25636840056067234,5.09699469490037e-8,7.095819233305425e-9,1.7219049965422176e-10,2.626092865091098e-8,3.986278284124205e-8,8.670048466395991e-9,7.530582177019768e-15,4.949299424509886e-15,0.11575546291148449,-1.853962799552261e-13,0.4523083845618256,-2.495615468275343e-13
TAC + ISI,TAC_primary,full_TAC,TAC,ISI,TotEmiss,10,0.9,116.1558726221127,4,0.7,15.662231210271372,4.708691157882223,false,0.5746448167922907,-7.296748943642656e-9,3,3,LOCALLY_SOLVED,Solve_Succeeded,0.19024375,0.20099976780263823,9.061440234302118e6,62.74221418395737,15.662231328387545,503.57998825708694,6.315935428978668e-17,5.126570965080088e-17,9.526573795852913e-9,7.296748943642656e-9,0.19996441244831073,0.3253551832077091,0.7100001711197972,1.000000001271253,0.4078306017609978,3.971119987644429e-7,-6.826916145990651e-9,3.890824714903243e-9,1.751253281262908e-8,1.4357455094550108e-8,2.5312974526799973e-10,3.8666188107464775e-9,1.7801258066785786e-8,1.4910739564991443e-8,3.364738514399916e-10,9.66790899804872e-9,2.846351673904237e-8,2.063969226835683e-8,8.86700626864656e-10,3.652260007100665e-9,1.7090806737913073e-8,1.586879029481086e-8,5.937988131327479e-10,9.66790768036955e-9,0.16166250123754808,2.156023191322771e-8,4.949066958590443e-10,3.4704728663042067e-9,1.582862886722037e-8,1.5387191015175143e-8,5.668452661905722e-10,3.594945501555536e-8,-7.054559433947197e-9,-4.102384413183164e-9,-9.445131274257635e-9,3.567991110325118e-8,-7.4025061870071895e-9,-4.62514062036238e-9,-9.479639824908571e-9,0.6809211980127591,-7.930013864073763e-9,-5.35070826696596e-9,-9.526573795852913e-9,3.338739452981134e-8,-7.315631262666318e-9,-4.310131029398381e-9,-9.394697784977226e-9,0.31907862865677505,-6.948602638606484e-9,-4.14987946215813e-9,-9.466699746516156e-9,3.1567188245938545e-8,-6.376469153602303e-9,-2.6599469536165585e-9,-9.176445842593332e-9,4.323138572114713e-10,2.6666811328321543e-8,4.466763807193367e-8,3.760784786838852e-9,4.2962431230516406e-10,2.710646114715108e-8,4.638896753552893e-8,4.999040078537017e-9,1.074212110894302e-9,4.334217321626906e-8,6.421237594599901e-8,1.3173837884846317e-8,4.058066674556293e-10,2.602463753273127e-8,4.9369569806078226e-8,8.822153795115112e-9,1.074211964485505e-9,0.24616789961172092,6.70762770633751e-8,7.352899481334372e-9,3.856080962560228e-10,2.410268486599465e-8,4.787126093610044e-8,8.421701097688498e-9,7.614866057464429e-15,4.215444172472326e-15,0.17363490965307946,-1.283890887642349e-13,0.35289532543927843,-1.697020422311749e-13
TAC + ISI,TAC_primary,full_TAC,TAC,ISI,TotEmiss,10,0.9,116.1558726221127,5,0.6,14.097439774215779,4.708691157882223,false,0.6663685816788035,-1.241085768314456e-9,3,3,LOCALLY_SOLVED,Solve_Succeeded,0.434408,0.2309363733692086,1.004375804517157e7,54.21642276438429,14.097439794305863,503.5799901295407,1.3534147347811433e-16,1.5379712895240266e-16,8.917249337065478e-9,1.241085768314456e-9,0.23008940839788225,0.23363141832119635,0.6133335530051501,0.9999999817191741,0.39093113762243914,1.0808925349694594e-6,4.536135131367453e-9,1.403133732037529e-8,9.297785286122976e-9,2.7943888874165473e-8,3.6178709450271844e-10,1.401368829462004e-8,9.599332811701149e-9,2.8054077869306736e-8,3.9474249966045595e-10,6.953638026917104e-8,4.987517852291877e-8,6.373875967103607e-8,1.039616432132576e-9,1.3415895106941662e-8,9.70729156534687e-9,2.7467646041185152e-8,4.713287462881034e-10,6.95362814058045e-8,0.15496361679738818,8.487274005035181e-8,8.570415990782134e-10,1.2724715274237073e-8,8.923671575572434e-9,2.649597732909458e-8,4.5118952384525946e-10,2.0879650368764264e-8,-5.277936929592063e-9,1.3996331898816764e-9,-8.895438668754303e-9,2.0848962844156656e-8,-5.464895411818484e-9,8.751429132912141e-10,-8.917249337065478e-9,0.9078994989932372,-4.070802528661916e-9,3.6646571813814147e-9,-8.54143948915345e-9,1.9819864899618216e-8,-5.396506272992653e-9,8.805080720938244e-10,-8.821467569897475e-9,0.09210018779163219,-2.73508661721887e-10,8.657063554970645e-9,-8.373430553591665e-9,1.8654384618806146e-8,-4.76372735812643e-9,2.392827402266146e-9,-8.615318450357768e-9,1.5590374800416983e-9,1.4157991231141802e-8,8.693654316407035e-8,5.37512254689753e-9,1.5570764771800038e-9,1.4617165872363113e-8,8.72793533711765e-8,5.864745709241059e-9,7.726264474352334e-9,7.594629456898993e-8,1.9829836342100112e-7,1.5445729848826842e-8,1.490655011882406e-9,1.4781557610869096e-8,8.545489879479825e-8,7.002598516280393e-9,7.72625348953383e-9,0.23596732557784109,2.640485246010945e-7,1.2733189472019166e-8,1.4138572526930077e-9,1.3588318080985296e-8,8.243192946829424e-8,6.703387211415282e-9,2.1814735505786105e-14,5.891216007821913e-15,0.23151443205093195,1.2390505396155982e-13,0.2534821780593294,2.1441553063706967e-13
TAC + ISI,TAC_primary,full_TAC,TAC,ISI,TotEmiss,10,0.9,116.1558726221127,6,0.5,12.532648338160186,4.708691157882223,false,0.7580343469802185,-6.768106027380646e-11,3,3,LOCALLY_SOLVED,Solve_Succeeded,0.4435955,0.25702818414536543,1.09007026481274e7,45.6960224489114,12.532648339255774,503.579990453037,1.5922526291542861e-16,1.5922526291542861e-16,8.86708615226785e-9,6.768106027380646e-11,0.2563695515525729,0.14196565301978126,0.5166669397727615,0.999999977732708,0.37404245545286,1.1767460103848993e-6,7.694637856940772e-9,1.4765623518772952e-8,8.713799079287199e-9,2.8800454165548565e-8,3.738424791996601e-10,1.4720451853490164e-8,8.991516154137684e-9,2.8847129917121865e-8,4.0675393776093974e-10,8.81890980761724e-8,0.03822766690081141,7.08745192600709e-8,1.117001608665878e-9,1.4076572826186737e-8,9.139904588898813e-9,2.8153548601890227e-8,4.842272244354345e-10,7.469678579185175e-8,0.11004138858811696,9.757122810920491e-8,9.099741935260007e-10,1.3378230187487464e-8,8.433737204510404e-9,2.7188827436090374e-8,4.6450646947917537e-10,2.0060086425007526e-8,-5.213603498024735e-9,1.788127446493901e-9,-8.852494654456394e-9,1.9989858820879065e-8,-5.369723005805181e-9,1.303410979118603e-9,-8.86708615226785e-9,0.9999988479110146,-1.7445397573065051e-9,5.032745430172138e-9,-8.35775885506753e-9,1.8997696513417462e-8,-5.3043473731861e-9,1.2607443641312143e-9,-8.766919227752885e-9,8.085821798810867e-7,-1.167287864167076e-9,7.665257071112463e-9,-8.456588324205391e-9,1.7939913753926592e-8,-4.730258464603864e-9,2.6822609686160695e-9,-8.568794407944422e-9,1.6406248354192164e-9,1.3268739507096416e-8,8.960141295948441e-8,5.554231119537806e-9,1.6356057614989067e-9,1.3691626871073292e-8,8.974662640882358e-8,6.043201361019676e-9,9.798788675130262e-9,0.058210310962599196,2.2049850436466502e-7,1.6595452471607328e-8,1.5640636473540812e-9,1.3917581987641372e-8,8.758881787254737e-8,7.194233048755025e-9,8.299642865761302e-9,0.16756302353190536,3.0355493189530417e-7,1.3519616589529152e-8,1.4864700208319396e-9,1.284228165232266e-8,8.458746313450338e-8,6.901238975119176e-9,2.1976985690192147e-14,5.66310573823617e-15,0.2894046312605763,1.5388374825830676e-13,0.1540583106838811,2.5673128476615217e-13
TAC + ISI,TAC_primary,full_TAC,TAC,ISI,TotEmiss,10,0.9,116.1558726221127,7,0.4,10.967856902104595,4.708691157882223,false,0.8496605865830962,1.8995030335413392e-9,3,3,LOCALLY_SOLVED,Solve_Succeeded,0.210182083,0.2795405098944412,1.164092588362657e7,37.17929607619327,10.967856871356377,503.5799909118885,3.1845052583085723e-16,3.1845052583085723e-16,8.815345307423902e-9,0.0,0.2790701701552777,0.05033941341690371,0.42000032574659363,0.9999999712986363,0.3571610485788953,1.3191827938408877e-6,1.3740389180255426e-8,1.5603493815777232e-8,8.07058893717889e-9,2.9960289267475595e-8,4.0333814413831053e-10,1.5518020424878612e-8,8.318911740270022e-9,2.991599415923721e-8,4.3698753961307315e-10,1.1046004061137755e-7,0.10255830696662793,7.86461114453167e-8,1.2320139736479408e-9,1.482570243388663e-8,8.511808991676858e-9,2.9083296562029027e-8,5.178768492135191e-10,9.328290762294166e-8,0.039019021432039336,1.1922523495336016e-7,1.0141765054812844e-9,1.4140241982070752e-8,7.902648349359128e-9,2.81467051397808e-8,4.985784268619292e-10,1.90059201999689e-8,-5.187442522717306e-9,2.1527616316006953e-9,-8.810059075683722e-9,1.8889865623195302e-8,-5.305834765498313e-9,1.7235272238895548e-9,-8.815345307423902e-9,0.9999986955962297,-7.738933545549599e-10,6.4934719286546875e-9,-8.143959314293547e-9,1.795666432773772e-8,-5.2439104111597055e-9,1.6204908059652726e-9,-8.711548793460714e-9,9.096606431443926e-7,-4.724765861081356e-10,9.371228510590716e-9,-8.313138580495769e-9,1.704441680198255e-8,-4.744169818614127e-9,2.9132730172559355e-9,-8.526963994690109e-9,1.7337215350863583e-9,1.2289305881613307e-8,9.320978883214629e-8,5.992452427197757e-9,1.7242244916531788e-9,1.266743378632026e-8,9.307198182873799e-8,6.4923863028228e-9,1.2273337845708611e-8,0.15616833106281977,2.4467679116320747e-7,1.830420760848369e-8,1.647300270431847e-9,1.2961163691871578e-8,9.048136708186807e-8,7.694170331172282e-9,1.036476751366018e-8,0.059415328089696254,3.709229531882316e-7,1.506776522429337e-8,1.5711379980078608e-9,1.2033578168342306e-8,8.756752710154026e-8,7.407450913377233e-9,2.227699941923513e-14,5.4476588738455e-15,0.34730217846807365,1.9606374382649408e-13,0.05462705640404616,3.1595172403388835e-13
TAC + ISI,TAC_primary,full_TAC,TAC,ISI,TotEmiss,10,0.9,116.1558726221127,8,0.3,9.403065466049,4.708691157882223,false,0.7248869046259697,-9.697354487979614e-9,3,3,LOCALLY_SOLVED,Solve_Succeeded,0.044169291,0.579465505559004,2.141998296873363e7,48.777101599492624,9.403065623024991,503.5799875670212,3.1845052583085723e-16,3.1845052583085723e-16,9.875673258762886e-9,9.697354487979614e-9,0.5789670587383455,0.1751130953740302,0.32333372528446713,1.0000000089656182,0.3801497881623373,-1.048106846814952e-9,-9.696088688198138e-9,-7.965133584448285e-9,2.1658081911038152e-8,1.44586504808326e-9,2.738711029287003e-10,-7.886375464334167e-9,5.748443293334623e-8,1.98728295977038e-9,6.008501801506637e-10,-7.88637544721434e-9,0.1506898846340919,2.0845201969127897e-9,9.234071370258559e-10,-7.959383186273257e-9,2.1778524477525183e-8,1.8605685693574721e-9,7.453110396672092e-10,-7.960999775722255e-9,2.4991339458357365e-8,1.5499145669159729e-9,3.13553256449804e-10,-8.090106019816375e-9,-8.981966422795455e-12,9.456491826079094e-10,2.178646307615151e-10,4.4574671926106747e-8,-4.7253352542337414e-9,-6.5579298074213195e-9,-9.720794286866358e-9,0.29904547269681503,-7.534056832522958e-9,-7.286489337999937e-9,-9.775212202055499e-9,0.7009544381911257,-9.087943228099845e-9,-8.489914481482733e-9,-9.867493179259159e-9,4.903947202623323e-8,-7.275599476837119e-9,-7.087376419823189e-9,-9.751828874941732e-9,4.7714768098754426e-8,-8.413249349263458e-9,-7.871459025010786e-9,-9.82015585634615e-9,9.802513960212059e-9,2.588803860119424e-8,-4.347228816740099e-9,-9.519056505185808e-9,-8.850148427164757e-10,3.2979352000899e-8,4.498246816259031e-9,4.068942100654976e-9,-8.762639404815737e-10,8.753311378486813e-8,6.182658097063405e-9,8.926916962238429e-9,-8.762639385793708e-10,0.22945959705645808,6.485173945950901e-9,1.3719191750098427e-8,-8.843759095859171e-10,3.316275318168607e-8,5.788435549112134e-9,1.1073192589341392e-8,-8.845555306358058e-10,3.805499417522599e-8,4.821956430405249e-9,4.658505524397088e-9,-8.989006688684858e-10,-1.3677085234711259e-11,2.942019679224607e-9,3.2368459427425096e-9,-2.230533555521875e-14,0.07625661452075226,0.31436424400625146,-3.3719831397659584e-12,-1.2697685826572034e-11,-4.570253300212469e-12
TAC + ISI,TAC_primary,full_TAC,TAC,ISI,TotEmiss,10,0.9,116.1558726221127,9,0.2,7.838274029993409,4.708691157882223,true,2.550440056645798e-9,-5.651184559982665e-9,3,3,LOCALLY_SOLVED,Solve_Succeeded,0.310875208,0.7712285432853341,2.765251942311965e7,116.15587285917798,7.838274121471997,503.579988454121,9.022764898540955e-17,1.0253141930160176e-16,9.476702592769504e-9,5.651184559982665e-9,0.7701018761736044,0.9000000025504399,0.2266671091793134,0.9999999985514288,0.5137041515100448,6.914271946003859e-7,-4.415478376528035e-9,3.749664492871092e-9,1.2188214624168123e-8,1.957899815092224e-8,2.90443024925235e-10,1.177313426725854e-8,0.15386137233272945,3.669535039109405e-8,6.704888506819156e-10,1.177312755067573e-8,5.365528060275623e-8,3.56056264532095e-8,7.953083252274673e-10,3.9359691894418854e-9,1.3436496358306459e-8,2.0762782349340275e-8,4.1675032805841463e-10,1.1134319969519921e-8,0.04976902568348869,3.7798718342676313e-8,6.369507722941913e-10,1.9428163648787737e-9,6.272956709920943e-9,1.6128596471200953e-8,2.7602619389077973e-10,2.617708122537897e-8,-3.854496754375891e-9,1.5190014825917314e-9,-8.930965257651949e-9,0.884548832207881,-2.2973927416645143e-9,2.0990397809403733e-9,-8.929720274196163e-9,0.11545036815957374,-7.452278811437874e-9,-4.413430601536698e-9,-9.476702592769504e-9,2.7525751157419466e-8,-5.264816883848385e-9,-5.4156807192619e-10,-9.05557241276055e-9,6.795119894532554e-7,-5.0977243367729306e-9,-1.080098398250516e-9,-9.22408485995172e-9,1.5736894592963218e-8,1.0181755161016986e-9,9.056175979411256e-9,-7.733060401149344e-9,4.166293880967879e-10,1.8559326814074186e-8,6.091243869175808e-8,4.31515351317492e-9,1.3081260296953932e-9,0.23428890787029255,1.1416331232784813e-7,9.961548638702745e-9,1.308125283408414e-9,8.170235909965152e-8,1.1077306007665174e-7,1.1816009403379514e-8,4.3732990993798714e-10,2.0460119454693924e-8,6.459532286461418e-8,6.191719159725017e-9,1.2371466632799908e-9,0.0757846527453123,1.1759601262165964e-7,9.463268616942268e-9,2.1586848498653034e-10,9.552002262834164e-9,5.017785568818074e-8,4.100960594948728e-9,1.8072679474943066e-14,0.36403517909184396,0.02943987611070429,-2.5087811458457533e-13,0.06967688636667058,-6.479403455070677e-13
TAC + ISI,TAC_primary,full_TAC,TAC,ISI,TotEmiss,10,0.9,116.1558726221127,10,0.1,6.273482593937816,4.708691157882223,true,7.214182143965896e-9,-8.572348364460247e-9,3,3,LOCALLY_SOLVED,Solve_Succeeded,0.068829167,0.8369647975534656,2.979920355290256e7,116.15587329267623,6.273482732702763,503.57998796060355,1.5922526291542861e-16,1.5922526291542861e-16,9.631416065582483e-9,8.572348364460247e-9,0.83593479704621,0.9000000072141819,0.13000050004149333,1.0000000057633203,0.5080794740994945,1.7039451309270264e-7,-8.483745014326482e-9,-4.2039182142111e-9,3.898523617689129e-9,5.005058283452622e-9,1.7834470677709963e-10,-2.0618704766576027e-9,0.18111108761946915,9.064079493778501e-9,7.673189182768196e-10,-2.061871040645612e-9,5.2864559525239935e-8,9.237688931805776e-9,9.159810130273497e-10,-3.491721840797508e-9,1.0540599737301585e-8,6.543007629635833e-9,4.564607535441499e-10,-3.1989947257541217e-9,1.855650068381535e-8,6.970833088684575e-9,4.231893186437463e-10,-5.542976928937619e-9,-2.345357759494602e-9,2.751030927186968e-9,-5.0203729835250056e-11,1.1349276535516244e-8,1.4507940459281276e-8,3.0041577809413002e-9,-8.625138272201749e-9,0.8241838544009896,0.05118536195940446,3.3670251308381632e-9,-8.771854574152636e-9,0.1758160997116542,-7.861420190993838e-9,-6.044128926441684e-9,-9.631416065582483e-9,2.5888393437914326e-8,3.4821644011220093e-9,1.0822212348158552e-9,-8.83599083961844e-9,3.714358354677205e-8,-4.99479753186071e-9,-3.316777120952359e-9,-9.374980534955963e-9,1.1537087998656579e-10,1.6190140642734983e-8,9.618366202597114e-9,-5.917378846124428e-9,-4.671020238012331e-10,5.936388236026628e-9,1.5571292437408156e-8,2.6496927864026225e-9,-2.2909671962862244e-10,0.27578279251146437,2.819935842508867e-8,1.1400166785827031e-8,-2.290967822939568e-10,8.049830654979714e-8,2.8739476676729075e-8,1.3608860764977765e-8,-3.8796909342194516e-10,1.6050458690891048e-8,2.0356023736644812e-8,6.781702624084512e-9,-3.554438584171245e-10,2.8256489677627918e-8,2.1687036275907565e-8,6.287384162707088e-9,-6.15886325437513e-10,-3.571340224684962e-9,8.558762884581677e-9,-7.458839861237151e-10,3.741232461669211e-16,0.41923367092208425,0.04483312498577007,-1.996274325200524e-12,-5.44910599361113e-12,-3.042034005101375e-12
TAC + ISI,TAC_primary,full_TAC,TAC,ISI,TotEmiss,10,0.9,116.1558726221127,11,0.0,4.708691157882223,4.708691157882223,true,7.64600983189206e-9,-8.210295058487463e-9,3,3,LOCALLY_SOLVED,Solve_Succeeded,0.034358916,0.9879288976629809,3.4725002776993066e7,116.15587333281493,4.70869129078643,503.57998802492966,1.6240976817373719e-16,1.5922526291542861e-16,9.616956229598645e-9,8.210295058487463e-9,0.9869955637677144,0.9000000076460096,0.033333887620456124,1.0000000049455142,0.46604185014228394,2.3451911879869785e-7,-8.060552705870906e-9,-3.5906241540116835e-9,3.744143127100903e-9,6.509883077336325e-9,1.710920610731738e-10,-8.226340368217269e-10,0.012809148628262624,1.242054559768901e-8,7.571106507255714e-10,-8.22635091562232e-10,5.288684960628117e-8,1.2656808997384492e-8,9.062503890579278e-10,-2.738290607244599e-9,1.0009376670280107e-8,8.525473727348641e-9,4.357355057711596e-10,-2.341136005470296e-9,1.777068263427748e-8,9.244697373187712e-9,4.111007456923747e-10,-5.2075553730830175e-9,-2.353298665970881e-9,3.515678697169358e-9,-6.008264382083086e-11,1.1089522497222505e-8,1.2930844431612279e-8,5.065673704852418e-9,-8.43327445934485e-9,0.8656652994179881,0.4337276393851125,5.718542265392684e-9,-8.606235440611425e-9,0.13433465134459355,-7.856719490355558e-9,-5.8569853103604415e-9,-9.616956229598645e-9,2.449338874764728e-8,2.8712864198103507e-9,2.3837929485184705e-9,-8.710745790059317e-9,3.587537727563522e-8,-5.047145080531978e-9,-2.796656899285825e-9,-9.336734623741324e-9,-2.7716760442047196e-11,1.226463744355904e-8,1.2637614712438836e-8,-4.921455397291165e-9,-3.9895823933463143e-10,5.701308852630919e-9,2.025296957393523e-8,2.5419391930871538e-9,-9.140378186908074e-11,0.019504839956672633,3.864169741503247e-8,1.1248501096494204e-8,-9.14038990624702e-11,8.053224826410996e-8,3.937673910297397e-8,1.3464291494574925e-8,-3.0425451191606637e-10,1.5241550838835618e-8,2.6523696040640213e-8,6.473784657171514e-9,-2.6012622283003285e-10,2.705990310219525e-8,2.876128071658399e-8,6.107782507429566e-9,-5.786172636758907e-10,-3.583432059546569e-9,1.0937667057860223e-8,-8.926564224809154e-10,4.3070647311085596e-15,0.6226277463155634,0.034255357031824696,-1.563889765224408e-12,-3.4134066006983478e-12,-2.508817440742051e-12
TAC + ISI,TAC_primary,full_TAC,TAC,ISI,TotEmiss,11,1.0,125.45094618360662,1,1.0,20.35660551843815,4.169098759633046,false,0.39947838625751064,3.3306803314180227e-6,3,3,LOCALLY_SOLVED,Solve_Succeeded,0.042520208,0.0016005209237972757,2.540987862365008e6,88.31913631870223,20.356551603027775,503.58002439542827,2.5263741715914673e-16,5.032034588719504e-22,8.352676425166505e-9,0.0,2.6407351174944326e-9,0.6005216137424895,0.9999966693196686,0.9999990783806358,0.45852787120308736,2.913716252360642e-6,9.616615129831276e-7,1.5331501266064147e-8,3.693039075065179e-9,3.1155857693387294e-8,1.9323440378594065e-9,1.4189790324193993e-8,3.723778514454152e-9,2.899812389483265e-8,2.209798663581343e-9,1.1931942006251595e-8,3.850845895309048e-9,2.508035267545541e-8,3.0182749173759897e-9,1.1877975073329665e-8,3.81618166414767e-9,2.499989881890308e-8,2.9985693044662667e-9,3.7378517484909845e-6,0.18175875614516088,5.455536115656529e-7,4.9985406434094655e-8,1.1755858170211974e-8,3.738379110012786e-9,2.4820745530135623e-8,2.9547408327418066e-9,1.0725346390978028e-8,-5.035050670381796e-9,4.896025254054968e-9,-8.352676425166505e-9,9.913437350495387e-9,-4.9259064303864886e-9,4.529828953191516e-9,-8.184060837318998e-9,8.286286701821555e-9,-4.991988181875591e-9,2.8492503634974737e-9,-7.95813335967522e-9,8.247024188840487e-9,-4.958800197168394e-9,2.946351036360961e-9,-7.930084624683832e-9,0.9999948075628545,7.733301086747936e-8,9.727556482097825e-8,1.3811356993027193e-9,8.158114080832296e-9,-4.885899557325419e-9,3.1616945326057515e-9,-7.866652484081811e-9,1.7035001406737936e-9,5.623491318849249e-9,9.692933504609379e-8,2.870911141962546e-8,1.5766433693548874e-9,5.6702991015551854e-9,9.021638545059048e-8,3.283129443035138e-8,1.3257713340279545e-9,5.863788067856958e-9,7.802776387919459e-8,4.484294162958613e-8,1.31977500814774e-9,5.811003897679406e-9,7.777746299214289e-8,4.455017252349882e-8,4.1531686094344254e-7,0.2767690150392222,1.6972779026486978e-6,7.426403241636919e-7,1.3062064633568856e-9,5.6925318266103785e-9,7.722009720486639e-8,4.3899006657878265e-8,8.468601517820781e-15,1.48923271421499e-15,1.782638093699899e-14,1.4231504445361842e-13,0.6511289370734715,2.1533138208069196e-13
TAC + ISI,TAC_primary,full_TAC,TAC,ISI,TotEmiss,11,1.0,125.45094618360662,2,0.9,18.737854842557642,4.169098759633046,false,0.4943604124919928,-1.0022187386267413e-8,3,3,LOCALLY_SOLVED,Solve_Succeeded,0.079801625,0.11947356989942474,6.390954462465164e6,79.49978218357117,18.737855004791868,503.57998790374364,1.5922526291542861e-16,1.5922526291542861e-16,9.730845224449717e-9,1.0022187386267413e-8,0.11806793030189455,0.5056395875080073,0.9000000100221873,1.0000000049653308,0.4410465642367976,1.9003311634270015e-7,-8.307836198103242e-9,-1.1525724597590922e-9,2.1193254781418273e-8,7.906538207718728e-9,2.4948837712753545e-10,-1.1482335603980641e-9,2.127737885621476e-8,8.293656693011276e-9,3.387611158226505e-10,6.044005843690078e-10,2.964907683215148e-8,1.0726324412351868e-8,8.454062194524357e-10,-1.1836783547767824e-9,2.0327734980232124e-8,9.146386609570419e-9,6.25935096133617e-10,6.044012478936192e-10,0.17482917630015393,1.039372104361556e-8,4.5712912519450333e-10,-1.2304004335717347e-9,1.930749950321031e-8,8.990925176367963e-9,6.079128863112497e-10,4.278440840203689e-8,-7.99373002608875e-9,-6.187794630227437e-9,-9.642291379270149e-9,4.2940766688149364e-8,-8.277944021060958e-9,-6.57723793283184e-9,-9.674448264643586e-9,0.23479173064251127,-8.721318200084013e-9,-7.221847921167426e-9,-9.730845224449717e-9,4.168569936936816e-8,-8.202089157699404e-9,-6.332663303103677e-9,-9.633652015369306e-9,0.7652081107022116,-8.204240101402755e-9,-6.567281705853159e-9,-9.684160740282673e-9,4.01053814169574e-8,-7.411971080171572e-9,-5.0722169727301675e-9,-9.490187577610816e-9,-1.2806360663989909e-10,3.2271547053523275e-8,2.459811886845826e-8,3.7066844601805263e-9,-1.2758150671089597e-10,3.2399645076508835e-8,2.5802487489368413e-8,5.033022292222236e-9,6.715562048544527e-11,4.514745790350338e-8,3.3370787060650255e-8,1.2560320974721901e-8,-1.3151981719742022e-10,3.095359644717164e-8,2.8455425007552413e-8,9.299607142556596e-9,6.71556942104021e-11,0.2662171548206889,3.233602102458174e-8,6.791632717175477e-9,-1.3671115928574827e-10,2.9400056061706605e-8,2.797176721536699e-8,9.031848596624278e-9,7.417289320177966e-15,6.523108615641612e-15,0.059871889557782505,-3.006976466787642e-13,0.5482933527247236,-4.1018077035897536e-13
TAC + ISI,TAC_primary,full_TAC,TAC,ISI,TotEmiss,11,1.0,125.45094618360662,3,0.8,17.119104166677133,4.169098759633046,false,0.589247113012114,-4.457271896237602e-9,3,3,LOCALLY_SOLVED,Solve_Succeeded,0.107214708,0.16772721116479541,7.97076718730122e6,70.67999357015148,17.11910423882925,503.57998933930577,3.1845052583085723e-16,3.1845052583085723e-16,9.090283662377037e-9,4.457271896237602e-9,0.16651645827335027,0.4107528869878861,0.8000000044572719,0.9999999902160257,0.42356435715005936,8.403685735378357e-7,-1.3609604315162507e-9,1.1697772733412897e-8,1.1288631253028581e-8,2.4691743512143967e-8,3.455499308884935e-10,1.1724556302238112e-8,1.1660916540174458e-8,2.4954440098499533e-8,3.796561238510664e-10,4.1948260013773354e-8,5.1304919472935326e-8,4.862717251910481e-8,9.277046963687125e-10,1.1265678096052843e-8,1.1642214301222824e-8,2.4743338600702065e-8,4.5748651668671663e-10,4.1948260026936623e-8,0.1678993005191759,5.671097315017854e-8,7.553383084452847e-10,1.0661864055077731e-8,1.0637604302908796e-8,2.3862251579519438e-8,4.36751095704837e-10,2.4373608937538803e-8,-5.6320283762865975e-9,-8.466791897019592e-11,-9.050459332490287e-9,2.4443947140505534e-8,-5.906661811331651e-9,-6.935306330646599e-10,-9.090283662377037e-9,0.4695969881870831,-5.472788787957171e-9,2.1769010382232257e-10,-8.96707757611589e-9,2.325519116959687e-8,-5.825106336120787e-9,-5.556531559105737e-10,-9.011010576636569e-9,0.5304027646070345,-3.012643549223873e-9,3.341221229786092e-9,-8.817037924005533e-9,2.174205926677616e-8,-5.021944843753854e-9,1.162733909340592e-9,-8.793094300734836e-9,1.2997525259347658e-9,1.7189506680748063e-8,7.681875759333677e-8,5.1338846874861895e-9,1.3027284780264564e-9,1.77563956407202e-8,7.763603586199854e-8,5.640605268644414e-9,4.660917779308149e-9,7.812340010651513e-8,1.512845367261038e-7,1.3783041203192298e-8,1.2517420106725375e-9,1.772791723140748e-8,7.697927564662864e-8,6.796942533631218e-9,4.660917780770735e-9,0.25566484397238143,1.7643413868944432e-7,1.122216915404423e-8,1.184651561675303e-9,1.6198170188520207e-8,7.423811602517157e-8,6.488873421900435e-9,2.144337749586299e-14,6.869371400126814e-15,0.11974727818072205,2.5697022666797958e-14,0.44545212571101506,7.550280333304097e-14
TAC + ISI,TAC_primary,full_TAC,TAC,ISI,TotEmiss,11,1.0,125.45094618360662,4,0.7,15.50035349079662,4.169098759633046,false,0.6841337273619357,-2.409887258712671e-9,3,3,LOCALLY_SOLVED,Solve_Succeeded,0.248782875,0.20433187181371668,9.170729197957315e6,61.86021296632452,15.500353529806686,503.57998978562796,1.5922526291542861e-16,1.5922526291542861e-16,8.983663983505754e-9,2.409887258712671e-9,0.20331600553866871,0.3158662726380643,0.7000000024098872,0.9999999854944674,0.40608225227774036,9.81494997605973e-7,1.7284392252235454e-9,1.3190244587277778e-8,1.0027767153247162e-8,2.6777835612344384e-8,3.524159999315675e-10,1.3195371303785246e-8,1.0358710768801397e-8,2.6956850247070593e-8,3.8568499384837953e-10,5.7149284704709484e-8,5.0558248913609944e-8,5.764976949269735e-8,9.875158225577828e-10,1.2647093701678759e-8,1.0420010169827499e-8,2.6513105080000473e-8,4.621659336053493e-10,5.714927005075023e-8,0.1609694614311996,7.235664663919595e-8,8.093512577593334e-10,1.1977701668020801e-8,9.54755204273868e-9,2.5558905817100262e-8,4.416772758187861e-10,2.212912609105597e-8,-5.396041078642762e-9,8.506531897018971e-10,-8.95391942069704e-9,2.213946493199806e-8,-5.618939115604636e-9,2.863475407063517e-10,-8.983663983505754e-9,0.7044021828261802,-4.648151495366321e-9,2.2306585376027482e-9,-8.725243834791472e-9,2.1046373454148565e-8,-5.545615407234715e-9,3.479913980034334e-10,-8.894102960321795e-9,0.2955975339313583,-1.44501632570314e-9,6.371538526483777e-9,-8.56306188744725e-9,1.9745335540949803e-8,-4.844115315218875e-9,1.953899872238037e-9,-8.681290469563572e-9,1.4655827319197526e-9,1.526955452880818e-8,8.330882190507141e-8,5.235894856126145e-9,1.4661523670872489e-9,1.5773491397947582e-8,8.386575632421961e-8,5.730177051461638e-9,6.349920522745496e-9,7.698642448208786e-8,1.7935483842172505e-7,1.4671663649429914e-8,1.4052326335198616e-9,1.586683366769187e-8,8.24852158044459e-8,6.866465299279475e-9,6.3499188945278e-9,0.2451125889975085,2.2510956732194293e-7,1.2024647258138667e-8,1.3308557408911996e-9,1.4538317883261168e-8,7.951659587542304e-8,6.562062383593393e-9,2.1662135493184166e-14,6.227113855032265e-15,0.17962261064342736,8.785276491046954e-14,0.3426109604963428,1.6344858029277062e-13
TAC + ISI,TAC_primary,full_TAC,TAC,ISI,TotEmiss,11,1.0,125.45094618360662,5,0.6,13.88160281491611,4.169098759633046,false,0.7790203367418653,-1.0598403834799236e-9,3,3,LOCALLY_SOLVED,Solve_Succeeded,0.50715975,0.23471225476630664,1.0167729559864782e7,53.04043282445268,13.881602832072284,503.5799901816532,2.7172986779085323e-22,1.258008647179876e-22,8.908286595132637e-9,1.0598403834799236e-9,0.23389127510198865,0.2209796632581347,0.6000000010598404,0.9999999811179741,0.38860015304375845,1.0953286571707405e-6,5.000065395531626e-9,1.4149431948404912e-8,9.197946142485206e-9,2.809376415627682e-8,3.635559936331039e-10,1.4127784730440743e-8,9.495389483997766e-9,2.8193589973027198e-8,3.964904693829717e-10,7.148218139691347e-8,4.970517105367952e-8,6.457325527238596e-8,1.0479209563378793e-9,1.352279375348347e-8,9.609948683858672e-9,2.7588266602365943e-8,4.731740440709192e-10,7.148201856843132e-8,0.1540396233420103,8.682035839855466e-8,8.650297139165516e-10,1.2829694070862636e-8,8.839066043910299e-9,2.6616289071880236e-8,4.530922359646178e-10,2.072653490318133e-8,-5.264239879799019e-9,1.4711444374188678e-9,-8.887660498739993e-9,2.0689619183816674e-8,-5.446057903336047e-9,9.529030757250098e-10,-8.908286595132637e-9,0.9392073703378647,-3.989396376689938e-9,3.869558275403583e-9,-8.514264173934456e-9,1.966796011070747e-8,-5.3782649905951065e-9,9.50147574184358e-10,-8.811688480040919e-9,0.06079231162642808,-1.0118885761432851e-10,8.99629992021984e-9,-8.345371860496591e-9,1.852078435087488e-8,-4.75523031699704e-9,2.44811849266012e-9,-8.60669712140532e-9,1.5721591053783232e-9,1.4005963444238835e-8,8.740282181952786e-8,5.401403333977543e-9,1.5697538589378597e-9,1.4458888532451142e-8,8.771339102719573e-8,5.8907155451184366e-9,7.94246459965705e-9,7.5687419559012e-8,2.0089457195853407e-7,1.5569111351305632e-8,1.5025326392759406e-9,1.4633330950421159e-8,8.583016276291626e-8,7.030014369053656e-9,7.942446507603477e-9,0.23456033554351563,2.701077816843922e-7,1.2851870035331622e-8,1.425521563429181e-9,1.345948693049977e-8,8.280623266807184e-8,6.731656077188607e-9,2.1837964197573822e-14,5.8490410296145214e-15,0.23949794004330238,1.288119558347842e-13,0.2397697985070499,2.2135071496957144e-13
TAC + ISI,TAC_primary,full_TAC,TAC,ISI,TotEmiss,11,1.0,125.45094618360662,6,0.5,12.2628521390356,4.169098759633046,false,0.8738322416451573,1.9231239881510784e-10,3,3,LOCALLY_SOLVED,Solve_Succeeded,0.42835475,0.26117947026325355,1.1037126669022877e7,44.22759651863805,12.262852135922541,503.5799905212049,4.5113824492704774e-17,2.516017294359752e-22,8.857793061053088e-9,0.0,0.260553302505091,0.12616775835484284,0.4999999998076876,0.999999976849821,0.37113181972017506,1.1958849652209223e-6,8.436371169662158e-9,1.4903612749781347e-8,8.604935610065578e-9,2.8967243945883755e-8,3.772383916814472e-10,1.4852463401773657e-8,8.877965255961942e-9,2.9000635691519646e-8,4.101969743961855e-10,9.115360704817428e-8,0.04931934539404058,7.190477296934038e-8,1.1303693332362128e-9,1.4200061303983508e-8,9.033759553466418e-9,2.8286207717983013e-8,4.880071066670402e-10,7.729722954542752e-8,0.09779594486781737,1.0041628351580255e-7,9.230509010527287e-10,1.3501855941214894e-8,8.34272923599058e-9,2.7324512506056613e-8,4.683575346584676e-10,1.9901949008249527e-8,-5.204296821523139e-9,1.8573466817480042e-9,-8.844662640855393e-9,1.982410066997957e-8,-5.354399421787981e-9,1.3809325806499392e-9,-8.857793061053088e-9,0.9999988175512714,-1.5823012418379678e-9,5.270875325848792e-9,-8.324129000673764e-9,1.8839726881782293e-8,-5.2895750285007825e-9,1.3286919274622426e-9,-8.756863202692276e-9,8.319195068899088e-7,-1.0417497485791361e-9,7.950544697595613e-9,-8.432700188426966e-9,1.7803455021242035e-8,-4.727013655060651e-9,2.7313201383200014e-9,-8.560544569182215e-9,1.6559569721979265e-9,1.3102970133508946e-8,9.012031449830501e-8,5.604684676410072e-9,1.6502737113081834e-9,1.3518719821578411e-8,9.022419992917223e-8,6.094355048171898e-9,1.012817856090825e-8,0.07509991230456177,2.237037381268367e-7,1.679405866522373e-8,1.5777845893315004e-9,1.3755952047323865e-8,8.80015351226138e-8,7.250391299053168e-9,8.588581060603054e-9,0.14891655241235827,3.124062153824968e-7,1.3713899101354825e-8,1.5002062156905433e-9,1.2703701336622019e-8,8.500959446328723e-8,6.9584548006400885e-9,2.201311877958778e-14,5.623131579902957e-15,0.29938713554121155,1.5986418690038714e-13,0.13691470146836235,2.651592516358708e-13
TAC + ISI,TAC_primary,full_TAC,TAC,ISI,TotEmiss,11,1.0,125.45094618360662,7,0.4,10.644101463155089,4.169098759633046,false,0.9686180650282005,2.831380594633135e-9,3,3,LOCALLY_SOLVED,Solve_Succeeded,0.16561675,0.28361190340408865,1.177495648446234e7,35.41718450931648,10.644101417322096,503.5799910829407,1.5922526291542861e-16,1.5922526291542861e-16,8.803214649124127e-9,0.0,0.2831805214719482,0.03138193497179948,0.3999999971686194,0.999999968387938,0.3536682781335245,1.3839769299795437e-6,1.6940826130087618e-8,1.589578639007169e-8,7.86690908177079e-9,3.043280346567012e-8,4.2016393407743246e-10,1.579457645283337e-8,8.105875782449026e-9,3.035327443914901e-8,4.5445364310501914e-10,1.206997882782288e-7,0.11586832545273153,8.21006226579519e-8,1.2959843113032393e-9,1.5086052527403956e-8,8.31412342659091e-9,2.9467461957565016e-8,5.375969492218236e-10,1.0141534067352186e-7,0.024324481959663396,1.2955693507126594e-7,1.0688309160232958e-9,1.4411613385926868e-8,7.739765082566531e-9,2.8546224262819787e-8,5.183819376069998e-10,1.863261824490736e-8,-5.202568040503465e-9,2.2214623938723195e-9,-8.801003255337858e-9,1.8501595302557038e-8,-5.308348226868721e-9,1.8127524503307835e-9,-8.803214649124127e-9,0.9999986534440752,-5.090804585248181e-10,6.9191351906166715e-9,-8.07659339522449e-9,1.7590442951568558e-8,-5.247384261175538e-9,1.6901601905542833e-9,-8.699105919445046e-9,9.287051152275958e-7,-3.190323767000835e-10,9.853570440531194e-9,-8.271712963376877e-9,1.6732804711994814e-8,-4.774075273926072e-9,2.933081689904084e-9,-8.520500507189247e-9,1.7661984877857426e-9,1.1979157010878247e-8,9.4679833004307e-8,6.242435592007566e-9,1.7549529392037072e-9,1.2343038123274651e-8,9.443240936624136e-8,6.751882697560283e-9,1.3411087586469861e-8,0.1764358592121139,2.5542415938029476e-7,1.9254624053648124e-8,1.6762280586004389e-9,1.2660142490490705e-8,9.16765483124245e-8,7.987154674152806e-9,1.126837118594687e-8,0.03703955207494198,4.0306602022171626e-7,1.5879773609488964e-8,1.601290376214096e-9,1.1785551375726305e-8,8.881047548432821e-8,7.70167450158971e-9,2.2433345212108187e-14,5.399276093695735e-15,0.359281188633483,2.1394117910346934e-13,0.034054717297684056,3.409371227406274e-13
TAC + ISI,TAC_primary,full_TAC,TAC,ISI,TotEmiss,11,1.0,125.45094618360662,8,0.3,9.02535078727458,4.169098759633046,false,0.06493132176000654,-4.6879674135351215e-9,3,3,LOCALLY_SOLVED,Solve_Succeeded,0.608447542,0.6780684752078674,2.4611215149360117e7,119.41553206156371,9.025350863161083,503.57998907324304,3.1845052583085723e-16,3.1845052583085723e-16,9.302861492494962e-9,4.6879674135351215e-9,0.6768334065249394,0.9350686782399935,0.3000000046879675,0.9999999926245384,0.5201652643405482,7.685298553795843e-7,-2.870034931688045e-9,1.0772038496449239e-8,1.211758052936601e-8,2.3008608133066304e-8,3.46645194860368e-10,3.5307835413786286e-8,0.10764915147492454,4.6521573069847214e-8,7.799818343285413e-10,1.0883023635301026e-8,1.3507638104929801e-8,2.401146539853365e-8,4.804926644179597e-10,1.0379844406226122e-8,1.2470344421932994e-8,2.326552172126342e-8,4.6171236450884294e-10,3.22214365826658e-8,0.09854244804952537,4.8125231553782564e-8,7.356862700219792e-10,9.841760171272953e-9,1.141250097201792e-8,2.248148865073794e-8,4.4140936376102597e-10,2.6763974195010485e-8,-5.883044880618525e-9,-8.716441458644879e-10,-9.129048477791515e-9,0.9999987798513779,-3.3531887889006665e-9,2.2681157344880736e-9,-8.863917988638929e-9,2.7128110711277285e-8,-6.9261263726906544e-9,-3.051893376083044e-9,-9.302861492494962e-9,2.5504100173297895e-8,-6.094275880243337e-9,-1.3098220061830512e-9,-9.102911911969848e-9,9.879740080313814e-7,-4.582679654126925e-9,5.823695729722646e-10,-9.053508622272075e-9,2.3840813309930912e-8,-5.2430691454045045e-9,4.3341009941570576e-10,-8.888925552914653e-9,1.1968931662721373e-9,1.8451770351534603e-8,7.158233641398404e-8,5.150157180782609e-9,3.92309282375403e-9,0.1639202988368169,1.447337828839691e-7,1.158830153859547e-8,1.2092248483667803e-9,2.056844893250674e-8,7.470233679543802e-8,7.138748157066828e-9,1.1533160451362356e-9,1.8988933551579783e-8,7.238162313281953e-8,6.859726558417095e-9,3.5801596202961986e-9,0.1500532731663227,1.4972294261176796e-7,1.093019601175512e-8,1.0935289079192166e-9,1.7378126480118195e-8,6.994240913562915e-8,6.5580819758780985e-9,2.1439481232316078e-14,0.3518839252976763,8.098308268390385e-14,-1.4399292718662542e-14,0.1379598154616364,1.8588821097093903e-14
TAC + ISI,TAC_primary,full_TAC,TAC,ISI,TotEmiss,11,1.0,125.45094618360662,9,0.2,7.406600111394068,4.169098759633046,false,0.017103115442467263,-4.191150543575958e-9,3,3,LOCALLY_SOLVED,Solve_Succeeded,0.51700675,0.7232514568673871,2.6086245950670924e7,123.86119902192206,7.406600179238346,503.57998920392953,1.804552979708191e-16,1.0253141930160176e-16,9.26781162975471e-9,4.191150543575958e-9,0.7220685599786384,0.9828968845575328,0.20000000419115058,0.9999999910139664,0.5289772105503798,8.27340470727835e-7,-1.9673558073206014e-9,1.1540600822322791e-8,1.1589308350996525e-8,2.4053267113901397e-8,3.484634684883438e-10,4.0311737797133895e-8,0.1635084412934009,5.1042634596484954e-8,7.9727909105609e-10,1.1641981447986913e-8,1.2968993833058e-8,2.5004211766417587e-8,4.814768692808808e-10,1.1095777084274548e-8,1.196630757776529e-8,2.4202867332404378e-8,4.6242914128541253e-10,3.67308218173167e-8,0.046176183563328324,5.339737706213127e-8,7.541091332699128e-10,1.0524324677528656e-8,1.096412911468597e-8,2.3378303507171717e-8,4.422556544646835e-10,2.5786491645361385e-8,-5.811021676899067e-9,-5.656931937169247e-10,-9.098594443976605e-9,0.9999987258859189,-2.9393521697227147e-9,3.0638457840421663e-9,-8.789354753315982e-9,2.6079967304956662e-8,-6.8154667015327715e-9,-2.743778131224348e-9,-9.26781162975471e-9,2.4523557150416196e-8,-6.006285330893139e-9,-1.0135479345918047e-9,-9.066705914520586e-9,1.030396575208815e-6,-4.278561636800981e-9,1.2533470345939819e-9,-8.996741583643815e-9,2.295785232247128e-8,-5.19772722311313e-9,6.895781681856242e-10,-8.854930727941885e-9,1.2822889802580873e-9,1.7647355898108342e-8,7.483238657658212e-8,5.177171531826823e-9,4.4790819774593205e-9,0.2489787628785877,1.5879930763350872e-7,1.1845289352833333e-8,1.2935534942207676e-9,1.9748240609429224e-8,7.779088105107694e-8,7.153370629315941e-9,1.2328641204749493e-9,1.8221422902506237e-8,7.52978094785914e-8,6.8703758133832714e-9,4.081202424146298e-9,0.07031373406234086,1.6612517308218618e-7,1.1203907122867276e-8,1.1693694086142948e-9,1.6695378424635453e-8,7.273249980008979e-8,6.570655437761012e-9,2.1641522908149113e-14,0.40215727576164234,7.858684386752019e-14,2.1914638921106396e-14,0.06464706714407434,6.961568065678381e-14
TAC + ISI,TAC_primary,full_TAC,TAC,ISI,TotEmiss,11,1.0,125.45094618360662,10,0.1,5.787849435513557,4.169098759633046,true,1.203185493018437e-8,-7.865775251372353e-9,3,3,LOCALLY_SOLVED,Solve_Succeeded,0.122952708,0.8179171172313748,2.9175813015835125e7,125.45094730197638,5.787849562840847,503.57998774378797,1.5922526291542861e-16,1.5922526291542861e-16,9.84802148502047e-9,1.203185493018437e-8,0.8168171172114772,1.0000000120318548,0.10000000786577527,1.0000000060555165,0.5140479084074685,2.5424886560124543e-7,-7.665888452336245e-9,-6.633356168248092e-9,-2.7307411919435797e-9,3.6167934191828206e-9,-1.025913556394339e-10,-4.624595346987644e-9,0.12456735744896741,1.5935913413894997e-8,8.867507901654087e-10,-5.118245123672392e-9,2.1151903023169086e-8,1.2774563904143406e-8,7.153960817585733e-10,-5.601619005161035e-9,4.25218423906811e-9,8.89717582150462e-9,3.669573637894619e-10,-4.675221625151255e-9,0.013979262778730907,1.6462177163890912e-8,8.744504972860048e-10,-7.507376338689092e-9,-4.81468196053493e-9,9.263798101351609e-10,-3.0421986466521636e-10,-9.418237349062971e-10,2.4764465926624562e-8,6.508488886860253e-9,-8.39073605062558e-9,0.9999988786957518,0.16453249928441624,1.8909545443353383e-9,-9.145248713690885e-9,4.5567728314828026e-8,-9.198434232016294e-9,-8.295908586743055e-9,-9.84802148502047e-9,1.4645402674408404e-8,1.2912553803758822e-8,2.549433942424269e-9,-8.955558938337311e-9,1.1113863025885487e-6,-6.740877211406386e-9,-5.207191706540999e-9,-9.609623609053525e-9,-5.341830010608674e-9,4.940202376850758e-9,1.5838518441818476e-8,-3.5648964262598936e-10,-7.370395742497878e-10,-4.158174087732269e-9,1.1252246193013218e-8,-1.5242144266430177e-9,-5.138439274430714e-10,0.18968211247910946,4.9578397287673326e-8,1.3174583168171786e-8,-5.686939026302656e-10,3.220857960346201e-8,3.974308770177948e-8,1.0628741786127373e-8,-6.224021116845591e-10,6.474916909490076e-9,2.768010255579215e-8,5.451937976300576e-9,-5.194690694612504e-10,0.021286604685794786,5.121566228766061e-8,1.2991835959677783e-8,-8.341529265210098e-10,-7.331447530814551e-9,2.8820705204205006e-9,-4.5198379893117865e-9,6.288397244304095e-15,0.5151895688191234,3.1786868754522007e-13,-1.5224797752041545e-12,0.01957136918620853,-3.7319951714446585e-12
TAC + ISI,TAC_primary,full_TAC,TAC,ISI,TotEmiss,11,1.0,125.45094618360662,11,0.0,4.169098759633046,4.169098759633046,false,0.010648132137209962,-9.974404093090678e-9,3,3,LOCALLY_SOLVED,Solve_Succeeded,0.016212834,0.9425324509442172,3.324288587650363e7,124.46119446852788,4.16909892109378,503.579987440939,3.1845052583085723e-16,3.1845052583085723e-16,9.975821930657579e-9,9.974404093090678e-9,0.94154309906638,0.9893518678627901,9.974404093090678e-9,1.000000009805025,0.4776748597634653,-9.42129448949201e-9,-9.969346285935643e-9,-9.778091182577092e-9,-6.517298024987411e-9,-3.0880228618897315e-9,-6.670553188890044e-10,-9.776628571069654e-9,-6.516995266532861e-9,-3.087281844127123e-9,-6.670440473123933e-10,-9.777032961041912e-9,-6.5169252336470974e-9,-3.0871190408967794e-9,-6.670365701184865e-10,-9.778476369221747e-9,-6.5172916346467594e-9,-3.0878462151851226e-9,-6.670525431723062e-10,-9.777057825325328e-9,-6.517061197935893e-9,-3.0873206224956204e-9,-6.670428910147207e-10,-9.779065526852224e-9,-6.517399686672617e-9,-3.088071347144626e-9,-6.670574305279094e-10,2.7623222736941762e-8,3.426185453608973e-9,1.1782335156356024e-8,-1.0683079127071254e-9,0.9999996684722109,0.4776749716510201,4.2875239376903925e-8,7.268816329626611e-8,1.8261892701805192e-7,-9.708346184489766e-9,-9.303749196479698e-9,-9.935174868995005e-9,1.9057040786499863e-8,1.6374345588118947e-9,1.4612766230400932e-8,1.2239108045337424e-10,1.6569131646755084e-7,-8.890986228112988e-9,-7.388074436865073e-9,-9.745958665517616e-9,1.1527143501536939e-8,2.9428916609619105e-10,1.416124298845222e-8,1.4344060581167596e-9,-1.0864545758418988e-9,-9.924067447139921e-9,-9.607182236990276e-9,-9.910536166350923e-9,-1.0862920634521833e-9,-9.92360642858413e-9,-9.604876848395493e-9,-9.910368702926984e-9,-1.086336995671323e-9,-9.923499787598987e-9,-9.604370349456647e-9,-9.910257613188942e-9,-1.0864973743579717e-9,-9.924057716393928e-9,-9.606632669464826e-9,-9.910494927131406e-9,-1.0863397583694804e-9,-9.923706824129653e-9,-9.604997492208597e-9,-9.910351523647278e-9,-1.0865628363169134e-9,-9.924222250160575e-9,-9.607333080005503e-9,-9.910567539271794e-9,-1.3790032831168652e-12,0.6849075691735313,-4.584732582790847e-12,-1.3722156585660765e-10,-4.008194869901983e-9,-1.8611559251119549e-10
Total emissions + ISI,TotEmiss_primary,full_TotEmiss,TotEmiss,ISI,TAC,1,0.0,2.540987776255747e6,3,0.8,20.356587285119712,20.356514351845963,true,9.870713129618418e-9,2.5251356772734785e-6,3,1,LOCALLY_SOLVED,Solve_Succeeded,0.385498917,0.6015203149813325,2.540988098120597e6,88.31901593639108,20.35654640946887,503.57998838353666,1.5922526291542861e-16,1.5922526291542861e-16,9.630552365433628e-9,9.870713129618418e-9,9.870713129618418e-9,0.6005203186229796,0.9999963484821868,0.9999999891657827,0.4585269528356875,1.1503254925151912e-6,6.226792915992938e-7,-3.0475359463804367e-9,-2.4071832745666618e-9,1.0688078179641882e-8,4.2425865317968644e-10,-8.013218337918242e-10,7.507149116200728e-10,1.6789538913103398e-8,2.3782142403101804e-9,-8.850882534013647e-10,6.633212890676555e-9,1.7699182968877952e-8,8.005655247580033e-9,-2.2461233728420805e-9,-7.692752397087654e-10,9.872259674340168e-9,1.614858150991811e-9,1.4573286620821833e-8,0.1817578741423961,2.077936317193348e-7,2.887362161393431e-8,-5.113010421460843e-9,-4.096143525290537e-9,3.2008806804592175e-9,-1.0139708794614995e-10,1.897704568619272e-9,1.2061544999649538e-9,2.582418445919984e-8,-4.115036949545484e-9,1.0560228285059282e-8,-2.2440495005638975e-10,6.899439912252471e-9,-6.3475611666510455e-9,1.0142126286530227e-8,-8.332020954217995e-9,-6.664984362371579e-9,-9.630552365433628e-9,4.476253354319971e-9,4.864136125017927e-11,3.1022109371396345e-9,-3.0932502983376634e-9,0.9999999624428694,1.4123414791931125e-6,1.9345011013933876e-8,-8.014253691710785e-9,-3.1091846684675777e-9,1.3830399932347443e-9,8.084945108034152e-9,6.416030990389033e-10,-3.3861510515338175e-10,-3.6654836226355985e-9,3.3251798781108076e-8,6.303271418669626e-9,-8.903575931020265e-11,1.143134069966929e-9,5.2234121062988346e-8,3.533346871317982e-8,-9.834313926681826e-11,1.0100574174439299e-8,5.506412479206473e-8,1.189411636783319e-7,-2.4956926364911995e-10,-1.1713963877383473e-9,3.071369676461385e-8,2.3992178243306903e-8,1.619254068980203e-9,0.2767676719895577,6.464690764601526e-7,4.289795211213097e-7,-5.681122690512046e-10,-6.237309458965136e-9,9.958295450317563e-9,-1.506471020914228e-9,9.722991300438636e-16,9.738993500064951e-17,8.668567439749332e-15,-8.328918543221388e-18,0.6511298387299596,-4.798891798254486e-14
Total emissions + ISI,TotEmiss_primary,full_TotEmiss,TotEmiss,ISI,TAC,1,0.0,2.540987776255747e6,5,0.6,20.356569051801277,20.356514351845963,true,9.870251524930022e-9,1.4090059547505665e-6,3,1,LOCALLY_SOLVED,Solve_Succeeded,0.419433166,0.6015203148737996,2.540988098105545e6,88.31901592734884,20.35654624350786,503.5799883853949,1.5922526291542861e-16,1.5922526291542861e-16,9.630062481931516e-9,9.870251524930022e-9,9.870251524930022e-9,0.6005203185256996,0.9999963382297733,0.9999999892070492,0.45852695733500054,1.1498859070828983e-6,6.12326352263215e-7,-3.048420960174853e-9,-2.405344490737564e-9,1.0686541142701271e-8,4.193302543091555e-10,-7.977834721993557e-10,7.583488740194518e-10,1.6809711157150688e-8,2.349652546856837e-9,-8.77726989503482e-10,6.649312843688851e-9,1.774256644961854e-8,7.987417041260205e-9,-2.2450482765877286e-9,-7.66564517639647e-10,9.883085605516515e-9,1.5976220983394973e-9,1.4538386027031392e-8,0.1817578758428031,2.0758389944256965e-7,2.8289061118444626e-8,-5.114259331611037e-9,-4.095671871909644e-9,3.2031005458891737e-9,-1.025260978686227e-10,1.9013543307405726e-9,1.2223069871435912e-9,2.585068688492714e-8,-4.11992092834262e-9,1.0596837576360675e-8,-2.064727848356123e-10,6.929738057840846e-9,-6.338463488988173e-9,1.019650015514745e-8,-8.331710683973477e-9,-6.663030840549312e-9,-9.630062481931516e-9,4.489304671738052e-9,5.1290036881823847e-11,3.1178751420696347e-9,-3.08254243860743e-9,0.9999999624046892,1.4124464024062554e-6,1.9368321315557765e-8,-8.002418750874492e-9,-3.1095777617969555e-9,1.3781820001542848e-9,8.101265333330456e-9,6.423571078266182e-10,-3.387134400194279e-10,-3.6626836563503813e-9,3.324701688840395e-8,6.230049492593166e-9,-8.86426080221506e-11,1.154758512711438e-9,5.229687915557991e-8,3.490912355330157e-8,-9.752522105594242e-11,1.0125090011980749e-8,5.5199095621035455e-8,1.1867019604158017e-7,-2.494498085097475e-10,-1.1672686973149168e-9,3.0747377439384705e-8,2.3736099746758242e-8,1.6153762252257094e-9,0.2767676745788138,6.4581657604355e-7,4.2029462233117723e-7,-5.682510368456705e-10,-6.236591259498776e-9,9.965201698321872e-9,-1.523244882619537e-9,9.751621433937674e-16,9.75692099059118e-17,8.69261069772472e-15,-7.957308885715536e-17,0.6511298389656106,-4.825282988202901e-14
Total emissions + ISI,TotEmiss_primary,full_TotEmiss,TotEmiss,ISI,TAC,1,0.0,2.540987776255747e6,7,0.4,20.356550818482837,20.356514351845963,true,9.867088396082261e-9,3.4896472599785427e-7,3,1,LOCALLY_SOLVED,Solve_Succeeded,0.064449958,0.6015203142780166,2.5409880980024016e6,88.3190158781371,20.356545169613977,503.57998838023605,3.1845052583085723e-16,3.1845052583085723e-16,9.626806456729514e-9,9.867088396082261e-9,9.867088396082261e-9,0.6005203179962606,0.9999962718888661,0.9999999894782301,0.4585269862503998,1.1468860336816473e-6,5.459930764257914e-7,-3.0548282325779527e-9,-2.393512189040182e-9,1.0674876561128234e-8,3.8773320697401703e-10,-7.760313046290357e-10,8.077008755087463e-10,1.6939305907184686e-8,2.16878881158501e-9,-8.28329184886105e-10,6.758455570134492e-9,1.8036638520064788e-8,7.863747869829955e-9,-2.238239687032281e-9,-7.490910555507923e-10,9.954854683077822e-9,1.4886100841870007e-9,1.4307842019218922e-8,0.18175788703265536,2.061709797585598e-7,2.454744812726116e-8,-5.122645147679063e-9,-4.092586545065514e-9,3.2179686224074255e-9,-1.09872827181198e-10,1.9242290974133953e-9,1.3291407905853893e-9,2.6024205386158106e-8,-4.152532256952181e-9,1.0834462977039471e-8,-8.903183879284021e-11,7.129438091560922e-9,-6.28432057177378e-9,1.0566756170452536e-8,-8.329617826857995e-9,-6.649928923772615e-9,-9.626806456729514e-9,4.575627583252411e-9,6.97957906799221e-11,3.2245851848833984e-9,-3.017253510846065e-9,0.9999999621475355,1.4124394443041036e-6,1.952341509639175e-8,-7.924192107790561e-9,-3.1123459230653716e-9,1.3451675049786864e-9,8.211975519798761e-9,6.472477206251609e-10,-3.3942535917532796e-10,-3.6446662878566404e-9,3.3210727079065617e-8,5.7606076464711095e-9,-8.622570051433726e-11,1.2299081513428636e-9,5.2700062822352355e-8,3.222200520069157e-8,-9.203657609845608e-11,1.0291284618159342e-8,5.611398650686822e-8,1.1683282549461646e-7,-2.486932985591422e-10,-1.1406613800432518e-9,3.097065901401989e-8,2.211649267934972e-8,1.5897602243576572e-9,0.276767691617907,6.414208259155193e-7,3.6470494360502294e-7,-5.691827941865623e-10,-6.231893148167941e-9,1.0011457936378657e-8,-1.6323962895492272e-9,9.947842523547606e-16,9.886095576247917e-17,8.85755592253178e-15,-5.650848364345319e-16,0.6511298399252823,-5.0060335026808213e-14
Total emissions + ISI,TotEmiss_primary,full_TotEmiss,TotEmiss,ISI,TAC,1,0.0,2.540987776255747e6,9,0.2,20.356532585164402,20.356514351845963,true,9.062462641829131e-9,6.581231719856863e-10,3,1,LOCALLY_SOLVED,Solve_Succeeded,0.724132958,0.6015203564033028,2.540988071765113e6,88.31901986611092,20.35653257451103,503.5799882908176,2.5263741715914673e-16,1.5922526291542861e-16,9.630409954637608e-9,9.062462641829131e-9,9.062462641829131e-9,0.600520360900427,0.9999954938133334,0.9999999963234094,0.4585272780707807,9.838017982325196e-7,1.4452022308980974e-8,-3.6117525513715854e-9,-2.224260040509512e-9,9.566412689606411e-9,1.120223529451056e-11,-1.1276219857425019e-9,1.8983890121526896e-9,1.9006155694416504e-8,3.587236108637765e-10,8.588938013542408e-10,1.1646753474184615e-8,3.314405707905797e-8,1.1987956169980172e-9,-2.214157239136114e-9,-2.896573664586138e-10,1.352142301464952e-8,2.98285865130272e-10,7.534533702076127e-9,0.18175809842327265,1.3765919949231888e-7,1.4448664256611629e-9,-5.464242994599793e-9,-4.0763453547149415e-9,4.105067410445998e-9,-1.9459534530285385e-10,1.6462182276933958e-9,4.277419070336555e-9,2.8541092111932774e-8,-4.999578542001529e-9,1.397327063646541e-8,3.814484524582595e-9,1.3949815617863218e-8,-7.636467000746168e-9,3.7965845909091674e-8,-8.258786527834081e-9,-6.182856279740298e-9,-9.630409954637608e-9,7.366753837513653e-9,3.639693270900478e-9,1.493712286010206e-8,-5.381638949426573e-9,0.9999999431784329,1.1466705093249098e-6,2.3223367434036914e-8,-8.028691067496217e-9,-3.3356150923841702e-9,-1.5492415068994574e-9,1.7212626590733413e-8,6.976787719201822e-10,-4.0130583904128713e-10,-3.386941425321302e-9,2.9762172812108833e-8,1.6643321008987118e-10,-1.2529133174916682e-10,2.890728723050686e-9,5.91302621604069e-8,5.329607932833251e-9,9.543264459491561e-11,1.7734829153872023e-8,1.0311484424595813e-7,1.781067773825625e-8,-2.460174710151237e-10,-4.4106917165288914e-10,4.206664937890962e-8,4.431675710506898e-9,8.371704113417916e-10,0.27676801350816516,4.282730650872143e-7,2.1466586895537273e-8,-6.071381105110878e-10,-6.2071622446795695e-9,1.2771320832498656e-8,-2.8911308444995426e-9,6.0435495043697974e-15,6.603264829134844e-16,5.630514669744772e-14,-1.1327719010505158e-13,0.6511296365096169,-5.093719888979931e-13
Total emissions + ISI,TotEmiss_primary,full_TotEmiss,TotEmiss,ISI,TAC,1,0.0,2.540987776255747e6,10,0.1,20.35652346850518,20.356514351845963,true,3.4093015970264295e-9,-1.1013267343383823e-9,5,2,LOCALLY_SOLVED,Solve_Succeeded,0.245055,0.6015204750776374,2.540987887426473e6,88.31903094968857,20.356523486332915,503.5799882762318,3.1845052583085723e-16,3.1845052583085723e-16,9.659062815466594e-9,3.4093015970264295e-9,3.4093015970264295e-9,0.6005204801418463,0.999994932381715,0.9999999970508385,0.4585273811187869,9.42347098293697e-7,7.980182055280022e-9,-3.7165163297622024e-9,-2.2144124191336015e-9,9.36044083754324e-9,3.3982865961337076e-11,-1.3100863555212398e-9,2.0434283488133876e-9,1.901274209693198e-8,3.5886026070905825e-10,1.0071125214561329e-9,1.049319382498095e-8,3.345876882557268e-8,7.688196157011365e-10,-2.3543041913585998e-9,-1.1377116215073835e-10,1.451196515100777e-8,2.4086946742398523e-10,6.7257855396845635e-9,0.18175839615666906,1.2386906269327526e-7,1.6122596566358332e-9,-5.529505640021574e-9,-4.130875478320894e-9,4.3660053337855586e-9,-1.7649749278413246e-10,1.5277093214533081e-9,4.573421431603689e-9,2.8151139106612182e-8,-5.0421717814300996e-9,1.360628763431217e-8,4.337897558990187e-9,1.4614618125541787e-8,-7.903379945897043e-9,4.602581893457181e-8,-8.285656722907657e-9,-6.1748491794323755e-9,-9.659062815466594e-9,7.1784320910708486e-9,5.616416040898201e-9,2.0763494794455174e-8,-6.875755708143096e-9,0.9999999378663695,4.990759698003349e-7,2.2502937413581147e-8,-8.108825808587312e-9,-3.4009853144151723e-9,-2.5628924669166157e-9,2.1442819954015575e-8,5.621387612554444e-10,-4.129462588624668e-10,-3.3719461836807114e-9,2.9121371494578967e-8,5.048882942827222e-10,-1.4556515061347106e-10,3.111584076602204e-9,5.915075319045504e-8,5.331638159106008e-9,1.1190139127290363e-10,1.5978272415311897e-8,1.0409394745733723e-7,1.1422462861845455e-8,-2.6158935459539985e-10,-1.7324245145680609e-10,4.51483360253575e-8,3.578632087442066e-9,7.473095044093957e-10,0.27676846687492784,3.853704172679675e-7,2.395357204144666e-8,-6.143895155579524e-10,-6.290196751079542e-9,1.3583127705110627e-8,-2.622248464221396e-9,4.1423560229583424e-14,4.848338473111445e-15,4.0286773417909636e-13,-8.803373609594635e-13,0.6511291381752408,-3.729031892457332e-12
Total emissions + ISI,TotEmiss_primary,full_TotEmiss,TotEmiss,ISI,TAC,1,0.0,2.540987776255747e6,11,0.0,20.356514351845963,20.356514351845963,true,1.0461051274245099e-10,-1.1253171490691894e-8,3,2,LOCALLY_SOLVED,Solve_Succeeded,0.173700916,0.6015205486163824,2.5409877728446005e6,88.31903783690103,20.356514534006752,503.5799876196579,1.5922526291542861e-16,1.5922526291542861e-16,9.90437803936069e-9,1.1253171490691894e-8,-1.0461051274245099e-10,0.6005205542371445,0.9999943793424918,1.000000007474859,0.45852760639532436,1.0150757881120903e-7,-8.634850527898762e-9,-7.913865604420391e-9,-4.508487290166166e-9,6.711509478867305e-10,-2.4163400611356096e-10,-6.9023247845149114e-9,1.0632216671319964e-8,6.167574361606306e-9,6.21651702708964e-10,-6.851541888429149e-9,1.5163312883407843e-8,6.858652907603168e-9,8.041286377034895e-10,-7.255777013721873e-9,-1.7472652970098837e-10,3.928315763523253e-9,2.141596450098529e-10,-6.586255404982102e-9,0.1817586563236016,9.272245406697513e-9,1.4490502343604227e-9,-8.353718101980663e-9,-5.4448980471636985e-9,-5.671949876615852e-10,-3.849621230651698e-10,-4.235072940698251e-9,3.158308177260549e-8,2.0580975872434243e-9,-8.767645369020331e-9,4.9588807802030414e-8,7.249906798968903e-10,-3.774876455978284e-9,-9.525269518200332e-9,7.64500596809095e-8,-9.48506925952416e-9,-8.91644379871795e-9,-9.90437803936069e-9,7.119707203333367e-9,2.4159881941947768e-8,-1.3025299868942518e-9,-9.32923524784833e-9,0.999999933972935,-7.722435356002241e-9,-6.784717921286333e-9,-9.739784473297894e-9,-6.684374798410906e-9,8.248439619655557e-9,1.1979433521592506e-8,-4.150727454631579e-10,-8.793184004911541e-10,-6.865196555480298e-9,2.088025171203162e-9,-3.5899909479729056e-9,-7.669249760572121e-10,1.618996629496449e-8,1.9188009124997396e-8,9.235968154533178e-9,-7.612824320476829e-10,2.308959007246194e-8,2.1338031268098738e-8,1.1947054045880413e-8,-8.061974459690967e-10,-2.6606085204468684e-10,1.2221426819850117e-8,3.181800440146385e-9,-7.318061561091221e-10,0.2767688630382115,2.88469857097256e-8,2.1528746339069134e-8,-9.281909002200734e-10,-8.29109475363563e-9,-1.7646066282804872e-9,-5.719437256968237e-9,-9.954751979068115e-15,3.3948756021295344e-14,1.960573126116741e-12,-1.0372477946303048e-11,0.651128715447758,-2.581935228878397e-11
Total emissions + ISI,TotEmiss_primary,full_TotEmiss,TotEmiss,ISI,TAC,2,0.1,5.8017942258693045e6,1,1.0,20.35660551843815,19.27756240483817,true,9.333233320152073e-9,0.07118456700605381,3,2,LOCALLY_SOLVED,Solve_Succeeded,0.444678458,0.5335805662397012,5.801794530207979e6,82.00128755830717,19.20430485890504,503.5799878171186,3.1845052583085723e-16,3.1845052583085723e-16,9.829000596851655e-9,9.333233320152073e-9,0.10000000933323333,0.532551750797374,0.9288154329939461,1.0000000037597467,0.44594830379483785,2.512346605564468e-6,1.0041881617510247e-6,-7.199819466288846e-9,-4.574810334696189e-9,3.5005864838766132e-9,-1.1841043068681663e-10,-6.954469003340485e-9,-4.174949571937931e-9,4.93933882051397e-9,1.757963297060019e-11,-4.7863542506794886e-9,0.04765506878347558,7.98638434749748e-8,1.4427558096485573e-8,-7.1438534820058775e-9,-4.525207158541465e-9,3.5216420191487064e-9,-6.481020413876373e-11,-3.956704100839328e-9,0.12891630859117284,4.937285231683888e-7,5.1187840890572866e-8,-7.556862843377259e-9,-5.041129062627702e-9,1.7227088202364248e-9,-2.4044713691085953e-10,-4.256930277797244e-9,8.296045245264986e-9,3.288352401687168e-8,-4.2937189048058854e-9,-3.118509797948489e-9,1.1415587220441289e-8,2.7748483305509885e-8,-5.437775754660137e-9,1.0812818178833071e-7,-9.020988318324138e-9,-8.02425881848002e-9,-9.829000596851655e-9,-4.016168774890212e-9,5.452959356945544e-9,2.066002657582086e-8,-1.9297897557821837e-9,0.9999999543811591,0.0005069039650535862,5.3492544590206954e-9,-9.138524132106846e-9,-5.582359604572527e-9,6.066511493855697e-10,1.937004456748577e-8,7.836131580206032e-10,-7.999799406987604e-10,-6.966188464196468e-9,1.0890713505393905e-8,-1.7592406844898468e-9,-7.727187781489424e-10,-6.357309575450939e-9,1.536683188604346e-8,2.6118311842034566e-10,-5.318171389643875e-10,0.07256567292029237,2.484652908110327e-7,2.143522917192142e-7,-7.937614980006527e-10,-6.8906563550517756e-9,1.0956219615129308e-8,-9.62894461490204e-10,-4.3963378898214737e-10,0.1963043789911041,1.5360442943016538e-6,7.605050646599397e-7,-8.396514270419173e-10,-7.676264709001274e-9,5.359538551846655e-9,-3.5723574626756267e-9,4.3835950737419575e-15,-6.28264834870227e-16,0.042889611866013325,-2.2998547496679315e-13,0.5778595259059646,-1.3682306462461503e-12
Total emissions + ISI,TotEmiss_primary,full_TotEmiss,TotEmiss,ISI,TAC,2,0.1,5.8017942258693045e6,2,0.9,20.248701207078152,19.27756240483817,true,9.333233348713184e-9,0.06451866638503832,3,2,LOCALLY_SOLVED,Solve_Succeeded,0.846892708,0.5335805662397003,5.8017945302079795e6,82.00128755830711,19.204304858901253,503.5799878171186,2.5263741715914673e-16,1.5922526291542861e-16,9.8290005966563e-9,9.333233348713184e-9,0.10000000933323336,0.5325517507973734,0.9288154329937122,1.0000000037597467,0.4459483037949498,2.5123465310181515e-6,1.0041879357605198e-6,-7.19981946914095e-9,-4.574810336661769e-9,3.5005864674369494e-9,-1.184104372366592e-10,-6.954469001354457e-9,-4.1749495657281766e-9,4.939338830613733e-9,1.7579625743060537e-11,-4.786354257065454e-9,0.04765506878347762,7.986384294572776e-8,1.4427557571857102e-8,-7.143853481672962e-9,-4.5252071566315846e-9,3.521642018327613e-9,-6.481021019316142e-11,-3.95670410835056e-9,0.12891630859121514,4.937285055890463e-7,5.1187827192589096e-8,-7.556862844814057e-9,-5.04112906320332e-9,1.722708813140834e-9,-2.40447140611446e-10,-4.256930282107483e-9,8.296045319599312e-9,3.288352402673068e-8,-4.293718923358782e-9,-3.1185097767390866e-9,1.1415587372941677e-8,2.774848323012909e-8,-5.437775800616604e-9,1.0812818175574806e-7,-9.020988319890168e-9,-8.024258821136726e-9,-9.8290005966563e-9,-4.016168765067266e-9,5.452959421620849e-9,2.066002658537912e-8,-1.929789776292155e-9,0.9999999543811592,0.0005069039650533381,5.349254458058389e-9,-9.138524125804341e-9,-5.582359604717871e-9,6.066511809426657e-10,1.937004458578591e-8,7.836131491872029e-10,-7.999799410156608e-10,-6.966188467189512e-9,1.0890713454248286e-8,-1.7592407818017937e-9,-7.727187779282727e-10,-6.357309565995178e-9,1.5366831917464945e-8,2.611830110397565e-10,-5.318171396739391e-10,0.07256567292029545,2.4846528916448635e-7,2.1435228392473407e-7,-7.937614979636622e-10,-6.890656352143549e-9,1.0956219612574794e-8,-9.628945514412553e-10,-4.3963378981672866e-10,0.19630437899116848,1.536044239610366e-6,7.60504861147038e-7,-8.396514272015616e-10,-7.676264709877783e-9,5.359538529771483e-9,-3.5723575176557693e-9,4.383595057740054e-15,-6.282648258794154e-16,0.04288961186601371,-2.299854755226429e-13,0.5778595259059636,-1.3682306451343692e-12
Total emissions + ISI,TotEmiss_primary,full_TotEmiss,TotEmiss,ISI,TAC,2,0.1,5.8017942258693045e6,3,0.8,20.140796895718154,19.27756240483817,true,9.333233320152073e-9,0.057852765764076594,3,3,LOCALLY_SOLVED,Solve_Succeeded,0.297437792,0.5335805662396996,5.801794530207979e6,82.00128755830707,19.204304858896595,503.57998781711865,4.776757887462858e-16,4.776757887462858e-16,9.829000596415926e-9,9.333233320152073e-9,0.10000000933323333,0.5325517507973729,0.9288154329934244,1.0000000037597467,0.4459483037950881,2.512346439296277e-6,1.0041876576924328e-6,-7.199819472985208e-9,-4.5748103390460255e-9,3.5005864473216404e-9,-1.1841044528760387e-10,-6.9544689993220175e-9,-4.174949558074265e-9,4.9393388430863145e-9,1.7579616853848644e-11,-4.786354265346146e-9,0.04765506878348011,7.98638422945184e-8,1.4427556926331549e-8,-7.1438534815998005e-9,-4.525207154244072e-9,3.521642017455559e-9,-6.481021762921454e-11,-3.956704119248646e-9,0.12891630859126732,4.937284839587065e-7,5.118781033801088e-8,-7.556862846823777e-9,-5.041129063881131e-9,1.722708804512534e-9,-2.404471451557536e-10,-4.256930288671026e-9,8.296045411900083e-9,3.288352403904938e-8,-4.293718946384425e-9,-3.118509752528735e-9,1.1415587560983908e-8,2.774848313782014e-8,-5.43777585713635e-9,1.0812818156121539e-7,-9.020988321817084e-9,-8.024258824405659e-9,-9.829000596415926e-9,-4.0161687542961555e-9,5.4529595016472016e-9,2.0660026597462785e-8,-1.929789801601821e-9,0.9999999543811591,0.0005069039650533355,5.34925445687406e-9,-9.138524118049483e-9,-5.582359605599119e-9,6.066512201506111e-10,1.9370044608672266e-8,7.836131382021434e-10,-7.999799414428006e-10,-6.966188470820084e-9,1.0890713391667324e-8,-1.7592409014158287e-9,-7.727187777024461e-10,-6.357309554340359e-9,1.5366831956268533e-8,2.6118287897146556e-10,-5.318171405940161e-10,0.07256567292029925,2.484652871385017e-7,2.143522743340687e-7,-7.937614979555331e-10,-6.890656348508018e-9,1.095621960986174e-8,-9.628946619197587e-10,-4.3963379102762714e-10,0.19630437899124795,1.5360441723159758e-6,7.605046107361616e-7,-8.396514274248637e-10,-7.676264710909904e-9,5.359538502927883e-9,-3.572357585171196e-9,4.3835950296226766e-15,-6.282648209266846e-16,0.04288961186601414,-2.29985476220339e-13,0.577859525905963,-1.3682306437720704e-12
Total emissions + ISI,TotEmiss_primary,full_TotEmiss,TotEmiss,ISI,TAC,2,0.1,5.8017942258693045e6,4,0.7,20.03289258435816,19.27756240483817,true,9.333233348713184e-9,0.05118686514318993,3,1,LOCALLY_SOLVED,Solve_Succeeded,0.300922292,0.5335805662396984,5.8017945302079795e6,82.001287558307,19.204304858890726,503.57998781711876,3.1845052583085723e-16,3.1845052583085723e-16,9.829000596112946e-9,9.333233348713184e-9,0.10000000933323336,0.5325517507973722,0.9288154329930618,1.0000000037597467,0.4459483037952621,2.512346323682358e-6,1.0041873072003892e-6,-7.199819477546945e-9,-4.574810342080325e-9,3.5005864218717302e-9,-1.1841045544244577e-10,-6.954468996411493e-9,-4.174949548438541e-9,4.939338858764896e-9,1.757960564663846e-11,-4.786354275425063e-9,0.04765506878348323,7.986384147369959e-8,1.442755611267654e-8,-7.143853481222495e-9,-4.525207151266507e-9,3.5216420162392156e-9,-6.481022701348761e-11,-3.956704131582126e-9,0.12891630859133305,4.937284566946024e-7,5.118778909359896e-8,-7.556862849152048e-9,-5.0411290647612895e-9,1.7227087935501514e-9,-2.4044715089131467e-10,-4.256930295876386e-9,8.296045527531583e-9,3.288352405441988e-8,-4.293718975240073e-9,-3.118509720412121e-9,1.1415587797646986e-8,2.7748483021129597e-8,-5.437775928397734e-9,1.0812818144687305e-7,-9.020988324245868e-9,-8.02425882852599e-9,-9.829000596112946e-9,-4.0161687396050986e-9,5.4529596021379695e-9,2.0660026612420126e-8,-1.9297898334413725e-9,0.9999999543811592,0.0005069039650531492,5.349254455381585e-9,-9.13852410827483e-9,-5.582359606114764e-9,6.066512692495851e-10,1.9370044637206725e-8,7.836131244543083e-10,-7.999799419496603e-10,-6.966188475440495e-9,1.0890713312489824e-8,-1.7592410522877654e-9,-7.727187773790545e-10,-6.357309539667778e-9,1.5366832005046342e-8,2.611827124643428e-10,-5.318171417138957e-10,0.072565672920304,2.4846528458484316e-7,2.1435226224548e-7,-7.937614979136102e-10,-6.890656343973998e-9,1.0956219606077558e-8,-9.628948013432444e-10,-4.396337923980138e-10,0.196304378991348,1.5360440874943184e-6,7.605042951048988e-7,-8.396514276835607e-10,-7.676264712250145e-9,5.359538468822692e-9,-3.572357670385246e-9,4.383594998887057e-15,-6.282648153249131e-16,0.042889611866014685,-2.2998547709179283e-13,0.5778595259059618,-1.3682306420480322e-12
Total emissions + ISI,TotEmiss_primary,full_TotEmiss,TotEmiss,ISI,TAC,2,0.1,5.8017942258693045e6,5,0.6,19.92498827299816,19.27756240483817,true,9.333233348713184e-9,0.04452096452241256,3,3,LOCALLY_SOLVED,Solve_Succeeded,0.590974792,0.5335805662396963,5.8017945302079795e6,82.00128755830684,19.204304858883084,503.57998781711854,3.1845052583085723e-16,3.1845052583085723e-16,9.829000595719238e-9,9.333233348713184e-9,0.10000000933323336,0.5325517507973705,0.9288154329925897,1.000000003759747,0.4459483037954875,2.512346173444763e-6,1.004186851753445e-6,-7.199819483100098e-9,-4.574810346061581e-9,3.5005863886747897e-9,-1.184104686473907e-10,-6.954468992168168e-9,-4.174949535929511e-9,4.93933887909263e-9,1.757959107859331e-11,-4.78635428804888e-9,0.047655068783487235,7.986384040708825e-8,1.4427555055372543e-8,-7.1438534803559e-9,-4.525207147439266e-9,3.5216420145041067e-9,-6.481023922302066e-11,-3.9567041457568566e-9,0.1289163085914181,4.937284212662811e-7,5.1187761487558274e-8,-7.55686285190706e-9,-5.041129065939058e-9,1.7227087791905722e-9,-2.404471583545107e-10,-4.256930303830006e-9,8.29604567685378e-9,3.2883524074178426e-8,-4.293719012515503e-9,-3.1185096765625062e-9,1.1415588104692914e-8,2.7748482869124357e-8,-5.437776021030241e-9,1.0812818147101462e-7,-9.02098832740195e-9,-8.024258833880153e-9,-9.829000595719238e-9,-4.01616871904359e-9,5.452959732220692e-9,2.066002663149543e-8,-1.929789874733292e-9,0.9999999543811594,0.0005069039650532202,5.349254453442284e-9,-9.138524095573153e-9,-5.582359605999218e-9,6.066513326274787e-10,1.9370044673873457e-8,7.836131067194976e-10,-7.999799425666772e-10,-6.966188481502861e-9,1.0890713209210457e-8,-1.7592412484755185e-9,-7.727187769075739e-10,-6.357309520619937e-9,1.5366832068288177e-8,2.6118249602481487e-10,-5.318171431165419e-10,0.0725656729203101,2.4846528126649677e-7,2.1435224653696344e-7,-7.937614978173218e-10,-6.890656338146155e-9,1.0956219600679442e-8,-9.62894982742021e-10,-4.3963379397298383e-10,0.19630437899147754,1.5360439772728744e-6,7.605038849580085e-7,-8.396514279896729e-10,-7.676264714043565e-9,5.359538424148447e-9,-3.5723577812670156e-9,4.38359495236738e-15,-6.282648102695089e-16,0.0428896118660154,-2.2998547821685943e-13,0.5778595259059605,-1.368230639802959e-12
Total emissions + ISI,TotEmiss_primary,full_TotEmiss,TotEmiss,ISI,TAC,2,0.1,5.8017942258693045e6,6,0.5,19.81708396163816,19.27756240483817,true,9.333233291590961e-9,0.03785506390180002,3,3,LOCALLY_SOLVED,Solve_Succeeded,0.351188375,0.5335805662396944,5.801794530207978e6,82.00128755830673,19.204304858872774,503.57998781711876,1.2631870857957337e-16,2.0506283860320352e-16,9.829000595186874e-9,9.333233291590961e-9,0.1000000093332333,0.5325517507973693,0.9288154329919528,1.000000003759747,0.4459483037957931,2.5123459702999553e-6,1.0041862359081843e-6,-7.199819490988559e-9,-4.574810351406097e-9,3.5005863439142638e-9,-1.1841048649348744e-10,-6.954468986897736e-9,-4.174949519002263e-9,4.939338906630886e-9,1.7579571384604357e-11,-4.786354305598108e-9,0.0476550687834927,7.986383896483636e-8,1.4427553625707614e-8,-7.143853479565433e-9,-4.525207142221629e-9,3.521642012314566e-9,-6.481025571716075e-11,-3.95670416680033e-9,0.12891630859153347,4.93728373360903e-7,5.11877241592699e-8,-7.556862855906397e-9,-5.041129067497105e-9,1.7227087598898896e-9,-2.40447168435836e-10,-4.2569303160129624e-9,8.296045879712118e-9,3.2883524101111586e-8,-4.293719063142498e-9,-3.118509619414575e-9,1.1415588520398887e-8,2.7748482663829938e-8,-5.437776146250582e-9,1.081281813286305e-7,-9.020988331669546e-9,-8.024258841119952e-9,-9.829000595186874e-9,-4.016168692731565e-9,5.452959908622564e-9,2.0660026657654508e-8,-1.9297899306504693e-9,0.9999999543811596,0.0005069039650531532,5.349254450819611e-9,-9.138524078398223e-9,-5.582359606639045e-9,6.066514187551851e-10,1.937004472387124e-8,7.836130826073133e-10,-7.999799434431729e-10,-6.966188489641103e-9,1.0890713069955487e-8,-1.7592415136175273e-9,-7.727187763219703e-10,-6.357309494844356e-9,1.5366832153962754e-8,2.611822034284076e-10,-5.318171450664562e-10,0.07256567292031843,2.484652767794908e-7,2.143522252962274e-7,-7.937614977294923e-10,-6.890656330201117e-9,1.0956219593867536e-8,-9.628952277978168e-10,-4.3963379631114766e-10,0.1963043789916532,1.5360438282339204e-6,7.605033303662956e-7,-8.396514284340439e-10,-7.676264716416045e-9,5.359538364101878e-9,-3.5723579310467056e-9,4.3835949041372976e-15,-6.282647989262846e-16,0.04288961186601636,-2.299854797509493e-13,0.5778595259059585,-1.3682306367683728e-12
Total emissions + ISI,TotEmiss_primary,full_TotEmiss,TotEmiss,ISI,TAC,2,0.1,5.8017942258693045e6,7,0.4,19.709179650278163,19.27756240483817,true,9.333233348713184e-9,0.03118916328146116,3,3,LOCALLY_SOLVED,Solve_Succeeded,0.347208708,0.5335805662396907,5.8017945302079795e6,82.00128755830647,19.204304858858034,503.57998781711854,3.1845052583085723e-16,3.1845052583085723e-16,9.829000594426952e-9,9.333233348713184e-9,0.10000000933323336,0.5325517507973665,0.9288154329910422,1.000000003759747,0.445948303796229,2.512345680323196e-6,1.004185356821135e-6,-7.1998195025820785e-9,-4.5748103590010464e-9,3.50058628013285e-9,-1.1841051195968567e-10,-6.954468979784056e-9,-4.174949494827475e-9,4.939338945985957e-9,1.7579543275830597e-11,-4.786354331069582e-9,0.04765506878350063,7.986383690609215e-8,1.4427551584933327e-8,-7.143853478771747e-9,-4.525207134736406e-9,3.5216420093264913e-9,-6.481027924824946e-11,-3.956704198485953e-9,0.12891630859169792,4.937283049781896e-7,5.118767087507272e-8,-7.556862861855776e-9,-5.041129069690861e-9,1.7227087324409873e-9,-2.404471828174153e-10,-4.256930334656973e-9,8.29604617011479e-9,3.2883524139743865e-8,-4.29371913560638e-9,-3.118509539715447e-9,1.1415589114184418e-8,2.7748482371326297e-8,-5.437776324976563e-9,1.0812818097177336e-7,-9.020988337761317e-9,-8.024258851454387e-9,-9.829000594426952e-9,-4.016168656480892e-9,5.452960160871935e-9,2.066002669531639e-8,-1.9297900105423013e-9,0.9999999543811597,0.0005069039650528578,5.349254447076249e-9,-9.138524053881879e-9,-5.582359608251018e-9,6.066515420748838e-10,1.9370044795607646e-8,7.836130480729385e-10,-7.999799447313417e-10,-6.9661885012061375e-9,1.089071287152442e-8,-1.7592418919724727e-9,-7.727187755315614e-10,-6.357309458032744e-9,1.5366832276400755e-8,2.611817858123403e-10,-5.3181714789662e-10,0.07256567292033049,2.484652703745089e-7,2.1435219497615227e-7,-7.93761497641305e-10,-6.890656318803162e-9,1.0956219584571306e-8,-9.628955774025633e-10,-4.3963379983177233e-10,0.19630437899190362,1.5360436154877012e-6,7.60502538715366e-7,-8.39651429095086e-10,-7.676264719756538e-9,5.3595382787052945e-9,-3.572358144715884e-9,4.38359481955558e-15,-6.282647828951531e-16,0.042889611866017814,-2.299854819339379e-13,0.5778595259059554,-1.3682306324512634e-12
Total emissions + ISI,TotEmiss_primary,full_TotEmiss,TotEmiss,ISI,TAC,2,0.1,5.8017942258693045e6,8,0.3,19.601275338918164,19.27756240483817,true,9.33375844475304e-9,0.02460310304506103,3,2,LOCALLY_SOLVED,Solve_Succeeded,0.430112459,0.5335167137564882,5.801794530225102e6,81.9953598442444,19.20301244208866,503.57998781714855,1.5922526291542861e-16,1.5922526291542861e-16,9.829007796253711e-9,9.33375844475304e-9,0.10000000933375845,0.5324879781545483,0.9287355926061929,1.0000000043862043,0.44594592651548065,2.4942402659603054e-6,9.969320510513633e-7,-7.339326768170643e-9,-4.5609752527707364e-9,3.5464805747640882e-9,-1.1504350143930179e-10,-7.124703386673336e-9,-4.170722598473159e-9,4.956205249942324e-9,1.8996562723152067e-11,-4.604764275720791e-9,2.60962716718331e-8,7.897048864714201e-8,1.4312207030004757e-8,-7.284422378225752e-9,-4.510004267124001e-9,3.5779060394931995e-9,-5.925720556900739e-11,-4.6047640005923976e-9,0.1766041946492531,4.899367330096072e-7,5.084058003418914e-8,-7.658655032847711e-9,-5.0285634185724825e-9,1.7650545465056068e-9,-2.366906852038559e-10,-4.761200147650068e-9,8.633430002590807e-9,3.295614674125713e-8,-4.372975138132591e-9,-3.857401964738339e-9,1.1577547871617962e-8,2.7905032057411176e-8,-5.425774963242297e-9,0.16815991321642187,-9.07376132986504e-9,-8.025040578505625e-9,-9.829007796253711e-9,-4.5437612829544314e-9,5.632690800177484e-9,2.0784506846286352e-8,-1.9584605745041396e-9,0.8318401531105387,0.0004216709189130894,5.340121165657983e-9,-9.138760043596588e-9,-5.871019632701745e-9,7.640746153680738e-10,1.9517708784218502e-8,7.358955596297918e-10,-8.1548075201896e-10,-6.945121407628166e-9,1.1033495121488272e-8,-1.7092177356696267e-9,-7.916337096303704e-10,-6.350873047675037e-9,1.5419305222042784e-8,2.8223464617254494e-10,-5.116404750800877e-10,3.97375045912004e-8,2.4568596467999736e-7,2.1263850444578492e-7,-8.093802642473055e-10,-6.867506497666092e-9,1.1131263233978841e-8,-8.803927684538239e-10,-5.116404445102662e-10,0.26892002367045353,1.5242476138076666e-6,7.553457605079528e-7,-8.50961670316412e-10,-7.657130660099007e-9,5.491280811350776e-9,-3.516547323028716e-9,4.385814855348211e-15,-6.291686153261227e-16,0.04288082320671368,-2.313604477484329e-13,0.57779984902039,-1.3705135778014839e-12
Total emissions + ISI,TotEmiss_primary,full_TotEmiss,TotEmiss,ISI,TAC,2,0.1,5.8017942258693045e6,9,0.2,19.49337102755817,19.27756240483817,true,9.333758473314153e-9,0.01793720244064556,3,3,LOCALLY_SOLVED,Solve_Succeeded,0.431928041,0.5335167137461486,5.801794530225103e6,81.9953598432849,19.203012441816163,503.57998781253576,1.0150610510858574e-17,5.126570965080088e-17,9.829010656103843e-9,9.333758473314153e-9,0.10000000933375848,0.5324879781442255,0.9287355925893591,1.0000000043862045,0.4459459265055666,2.4942394999231346e-6,9.96929776653261e-7,-7.339326797211552e-9,-4.560975273599272e-9,3.54648040126306e-9,-1.1504357066908157e-10,-7.124703370713263e-9,-4.170722533753991e-9,4.956205355521124e-9,1.8996486890129512e-11,-4.604764347063997e-9,2.6096271528368017e-8,7.897048321872211e-8,1.431220400640891e-8,-7.284422377055184e-9,-4.5100042468419e-9,3.5779060318693968e-9,-5.925726986991246e-11,-4.60476407193562e-9,0.17660419464531582,4.899365523636076e-7,5.084044034041001e-8,-7.658655048042713e-9,-5.02856342448417e-9,1.7650544723663394e-9,-2.366907244256962e-10,-4.761200192816114e-9,8.633430789626535e-9,3.295614681763163e-8,-4.372975331651135e-9,-3.857401798966469e-9,1.1577549478676903e-8,2.790503127750248e-8,-5.425775442651846e-9,0.168159913216802,-9.073761344659538e-9,-8.025040606168733e-9,-9.829010656103843e-9,-4.5437612049683164e-9,5.632691481954315e-9,2.078450694808412e-8,-1.958460787620927e-9,0.8318401531101588,0.00042167091892836945,5.340121154620376e-9,-9.138763570555422e-9,-5.871019638045168e-9,7.640749511402647e-10,1.9517708975472238e-8,7.35895466040736e-10,-8.154807552457278e-10,-6.945121439344345e-9,1.1033494581707295e-8,-1.7092187642263545e-9,-7.916337078570288e-10,-6.350872949125393e-9,1.541930555051016e-8,2.822335195104956e-10,-5.116404830071106e-10,3.9737504372742204e-8,2.4568594779157986e-7,2.1263845952378948e-7,-8.093802641172425e-10,-6.867506466781983e-9,1.1131263210260345e-8,-8.803937237815565e-10,-5.116404524372909e-10,0.26892002366445816,1.5242470517978903e-6,7.553436850575201e-7,-8.509616720047454e-10,-7.657130669100896e-9,5.491280580695277e-9,-3.5165479057532008e-9,4.3858146497338045e-15,-6.291685841886734e-16,0.0428808232067945,-2.3136045358204884e-13,0.5777998490141233,-1.3705135662392871e-12
Total emissions + ISI,TotEmiss_primary,full_TotEmiss,TotEmiss,ISI,TAC,2,0.1,5.8017942258693045e6,10,0.1,19.38546671619817,19.27756240483817,true,8.16350964603954e-9,0.011270308916976095,3,3,LOCALLY_SOLVED,Solve_Succeeded,0.314158541,0.5335167721290212,5.801794492065554e6,81.9953651778336,19.203028514430798,503.5799885314242,1.5922526291542861e-16,1.5922526291542861e-16,9.539186260371018e-9,8.16350964603954e-9,0.10000000816350965,0.5324880355353658,0.9287365854917792,0.9999999945256113,0.44594511917948865,4.876749831731981e-6,1.8555578962699477e-6,-4.153776093871253e-9,-2.697025336538374e-9,9.8351846442887e-9,3.371337493569494e-10,-2.6030688076661075e-9,-4.005208249398401e-10,1.7083434220127595e-8,9.492110827719121e-10,6.363496695085107e-9,4.2565437654035506e-8,1.4304687221608325e-7,1.908920281275094e-8,-3.3969809267317922e-9,-1.655978964967425e-9,1.2545476603537218e-8,6.81886457724339e-10,6.36349916478335e-9,0.17660386889658466,9.711720125883184e-7,9.787593117795627e-8,-5.643146966716517e-9,-4.176860194352566e-9,4.689372165017282e-9,-3.0473945145117376e-11,-1.0080285271220858e-9,2.971823876147928e-10,2.80653562060315e-8,-3.3306379505143973e-9,3.307738421637888e-9,2.576261317780661e-9,2.183510671383598e-8,-6.355369004549835e-9,0.16815968791032102,-7.560321390313925e-9,-4.7021278918591266e-9,-9.539186260371018e-9,9.285059912928944e-10,1.4993023176404675e-9,2.0756890065371223e-8,-4.2455306134745436e-9,0.8318403109119591,0.00042164441331115504,3.09503409197258e-8,-7.675815027273213e-9,-4.113799036572943e-9,-3.4328768408438047e-9,1.7646816809678854e-8,1.2443010931167177e-9,-4.6153067709680573e-10,-4.106834035183433e-9,3.0598352226675956e-8,5.00884427616039e-9,-2.892298675184563e-10,-6.098839834311201e-10,5.314846201817474e-8,1.4102564658325551e-8,7.070551883427895e-10,6.481555279137225e-8,4.4503471356114785e-7,2.83611013218014e-7,-3.7744232519242124e-10,-2.5216043330185786e-9,3.903037165544912e-8,1.0130884514761608e-8,7.070554627537053e-10,0.2689195276379812,3.0214240391636566e-6,1.4541566917867787e-6,-6.270163296351683e-10,-6.3602189323095885e-9,1.4589157846720431e-8,-4.5275575644174376e-10,1.3469246698916523e-14,6.184340459662884e-16,0.04288081634293508,-7.765117643220825e-14,0.5777998321224715,-8.621880255241827e-13
Total emissions + ISI,TotEmiss_primary,full_TotEmiss,TotEmiss,ISI,TAC,2,0.1,5.8017942258693045e6,11,0.0,19.27756240483817,19.27756240483817,true,9.333758644680823e-9,0.004605401209477585,3,3,LOCALLY_SOLVED,Solve_Succeeded,0.4028715,0.5335167137563888,5.801794530225108e6,81.99535984423778,19.203012441632744,503.5799878171486,1.5922526291542861e-16,1.5922526291542861e-16,9.829007772592263e-9,9.333758644680823e-9,0.10000000933375865,0.532487978154477,0.9287355925780282,1.000000004386206,0.4459459265289715,2.4942313151660934e-6,9.969048454621141e-7,-7.339327107330538e-9,-4.560975495860856e-9,3.546478548439135e-9,-1.1504430721943289e-10,-7.124703200370747e-9,-4.170721842523104e-9,4.9562064824603145e-9,1.899568120461521e-11,-4.604765109285485e-9,2.6096270000524112e-8,7.897042521950499e-8,1.431214385894784e-8,-7.284422364887422e-9,-4.51000403054491e-9,3.5779059488721203e-9,-5.925795346330611e-11,-4.604764834157213e-9,0.17660419465458937,4.899346222740122e-7,5.083893109991485e-8,-7.658655210438007e-9,-5.028563487633332e-9,1.7650536802453925e-9,-2.3669114167154e-10,-4.761200674825119e-9,8.633439182674837e-9,3.2956147584518615e-8,-4.372977391105859e-9,-3.857400028634291e-9,1.1577566627856255e-8,2.7905022917258074e-8,-5.425780558054581e-9,0.16815991321727572,-9.073761502745104e-9,-8.02504090173166e-9,-9.829007772592263e-9,-4.543760373124649e-9,5.632698753037501e-9,2.078450801342062e-8,-1.95846306007294e-9,0.8318401531096864,0.0004216709189046861,5.340121036704919e-9,-9.13875928088945e-9,-5.8710196952911335e-9,7.640785313693461e-10,1.9517710995838746e-8,7.358944696654653e-10,-8.154807897033927e-10,-6.9451217777881205e-9,1.1033488817366196e-8,-1.7092297072601454e-9,-7.916336889300827e-10,-6.3508718965692715e-9,1.54193090565432e-8,2.8222154932571164e-10,-5.11640567698387e-10,3.973750204625262e-8,2.456857673495711e-7,2.126375659043679e-7,-8.093802627652689e-10,-6.867506137420657e-9,1.1131262952046596e-8,-8.804038800262622e-10,-5.11640537128579e-10,0.26892002367857926,1.5242410470747044e-6,7.553212620558777e-7,-8.509616900486672e-10,-7.657130765259846e-9,5.491278116318998e-9,-3.516554104834308e-9,4.385812469380908e-15,-6.291681234024933e-16,0.04288082320675683,-2.3136051589780176e-13,0.577799849020301,-1.370513442679535e-12
Total emissions + ISI,TotEmiss_primary,full_TotEmiss,TotEmiss,ISI,TAC,3,0.2,9.062600675482862e6,1,1.0,20.35660551843815,15.74065459976855,true,9.098282788641985e-9,0.28925406862696496,3,2,LOCALLY_SOLVED,Solve_Succeeded,1.260108333,0.3267712908519045,9.062600972160254e6,62.78918792607014,15.67430332752728,503.5799885158702,3.1845052583085723e-16,3.1845052583085723e-16,9.55134709146044e-9,9.098282788641985e-9,0.20000000909828278,0.3258605449114332,0.710745931373035,0.9999999943706084,0.4078731899392417,2.7236645759375695e-6,1.1563991503498436e-6,-4.106041022548785e-9,-2.6760775357877138e-9,9.950297822795647e-9,3.4752810810442696e-10,-2.4688412453007658e-9,-2.734334700702989e-10,1.723239546436028e-8,1.0564396311789457e-9,6.342633849401836e-9,0.1615004757079329,9.065194736527761e-8,1.521559502198435e-8,-3.296053339564317e-9,-1.5689799510844916e-9,1.2124662402043992e-8,7.770444370253813e-10,6.342637974265749e-9,2.2611619513681007e-7,5.018796802905227e-7,5.7419163728763254e-8,-5.627183909866758e-9,-4.144871164018814e-9,4.468305138397307e-9,-4.095373259800261e-11,-8.874070225322906e-10,3.643470982907923e-10,2.8018386420619046e-8,-3.3989179857196526e-9,3.767100555766096e-9,2.399594911004446e-9,1.962934455864492e-8,-6.2666777502830536e-9,0.11024602045008546,-7.355818159400044e-9,-4.991476979870683e-9,-9.55134709146044e-9,1.219553585815815e-9,1.2886481609413054e-9,1.613757659844603e-8,-3.749061796227542e-9,0.8897539770283989,0.0004509928308498705,3.2916605068607914e-8,-7.566003008544639e-9,-4.081736543987645e-9,-2.7894033223514927e-9,1.6024176506044076e-8,1.216199612810912e-9,-4.562267802831982e-10,-4.0749362476767454e-9,3.095648211536423e-8,5.163274748980057e-9,-2.743156939223072e-10,-4.1636460215250057e-10,5.361189700023197e-8,1.5695674520372907e-8,7.047370943779816e-10,0.2459211789188978,2.820282806919747e-7,2.2606026889805315e-7,-3.662281488404795e-10,-2.3891285618786572e-9,3.772117191747019e-8,1.1544660207234238e-8,7.04737552696194e-10,3.4431329714014254e-7,1.5614034497927374e-6,8.53084718255911e-7,-6.252426566518616e-10,-6.311508363392285e-9,1.3901393763902731e-8,-6.08455455741753e-10,6.630242118065214e-15,3.3038681701122924e-16,0.17346319662350462,-3.5157539299722274e-14,0.35356788013042595,-4.139026408221425e-13
Total emissions + ISI,TotEmiss_primary,full_TotEmiss,TotEmiss,ISI,TAC,3,0.2,9.062600675482862e6,2,0.9,19.89501042657119,15.74065459976855,true,9.09828284576421e-9,0.26073855362250004,3,3,LOCALLY_SOLVED,Solve_Succeeded,0.714736834,0.32677129085190404,9.062600972160256e6,62.789187926070106,15.674303327525903,503.57998851587024,9.022764898540955e-17,5.126570965080088e-17,9.551347091172815e-9,9.09828284576421e-9,0.20000000909828283,0.3258605449114328,0.71074593137295,0.9999999943706084,0.4078731899392824,2.723664551810708e-6,1.1563990680430105e-6,-4.106041021735109e-9,-2.6760775322978057e-9,9.950297825472096e-9,3.4752810366083266e-10,-2.4688412411740456e-9,-2.734334576778035e-10,1.7232395484802337e-8,1.0564396205294956e-9,6.342633833380726e-9,0.16150047570794931,9.065194714051971e-8,1.521559483147516e-8,-3.2960533363131497e-9,-1.5689799437158498e-9,1.212466241332456e-8,7.770444300265532e-10,6.3426379582586305e-9,2.261161949101892e-7,5.018796746086437e-7,5.741915875353348e-8,-5.6271839098228744e-9,-4.144871163009424e-9,4.468305137757177e-9,-4.095373435673755e-11,-8.874070154558488e-10,3.6434712124382516e-10,2.8018386453708173e-8,-3.3989179959886524e-9,3.7671005813495676e-9,2.3995949346589606e-9,1.9629344550971226e-8,-6.266677757473752e-9,0.11024602045003148,-7.35581816243052e-9,-4.9914769846882695e-9,-9.551347091172815e-9,1.219553602741091e-9,1.288648178244375e-9,1.6137576596390345e-8,-3.749061801479256e-9,0.8897539770284525,0.00045099283084965854,3.2916605056487594e-8,-7.566002997227349e-9,-4.081736541746478e-9,-2.7894033124719573e-9,1.6024176516813938e-8,1.216199609147114e-9,-4.5622678019278976e-10,-4.074936242362567e-9,3.095648212369096e-8,5.163274682960942e-9,-2.7431569346378275e-10,-4.163645832821098e-10,5.361189706382949e-8,1.5695674362152502e-8,7.047370925978583e-10,0.24592117891892282,2.8202827999272796e-7,2.260602660676309e-7,-3.6622814847923864e-10,-2.389128550658226e-9,3.77211719525653e-8,1.1544660103251646e-8,7.047375509176253e-10,3.443132967950608e-7,1.5614034321157802e-6,8.530846443382116e-7,-6.252426566469858e-10,-6.3115083618552586e-9,1.3901393761911216e-8,-6.084554818715292e-10,6.6302421003455265e-15,3.303868192065318e-16,0.17346319662350507,-3.515753967448133e-14,0.35356788013042517,-4.139026408473117e-13
Total emissions + ISI,TotEmiss_primary,full_TotEmiss,TotEmiss,ISI,TAC,3,0.2,9.062600675482862e6,3,0.8,19.433415334704232,15.74065459976855,true,9.098282788641985e-9,0.2322230386181854,3,3,LOCALLY_SOLVED,Solve_Succeeded,0.9554135,0.32677129085133083,9.062600972160254e6,62.789187926016844,15.674303327522097,503.5799885158702,1.5922526291542861e-16,1.5922526291542861e-16,9.55134709061992e-9,9.098282788641985e-9,0.20000000909828278,0.3258605449108598,0.7107459313727147,0.9999999943706084,0.40787318993868915,2.723666070369552e-6,1.1563990780257181e-6,-4.106041014729301e-9,-2.676077520763395e-9,9.950297749158466e-9,3.475280984795517e-10,-2.46884123019571e-9,-2.734334332731477e-10,1.7232395320071597e-8,1.0564396062127646e-9,6.342633813473508e-9,0.16150047570750853,9.065194476283105e-8,1.5215594546307225e-8,-3.296053327949804e-9,-1.5689799296973303e-9,1.2124662318481247e-8,7.770444201828317e-10,6.3426379382918884e-9,2.261161946032305e-7,5.01879602515355e-7,5.7419151289381234e-8,-5.628907489273938e-9,-4.1448029388540904e-9,4.468505291709719e-9,-4.0935969226550923e-11,-8.87406992253789e-10,3.643471849362591e-10,2.801838630844164e-8,-3.398917995815997e-9,3.767100632861083e-9,2.3995950073920875e-9,1.9629344470464648e-8,-6.266677756832677e-9,0.11024602045159274,-7.355818166200814e-9,-4.991476985631737e-9,-9.55134709061992e-9,1.219553635971699e-9,1.2886482204222608e-9,1.6137576539510194e-8,-3.749061798967499e-9,0.8897539770286402,0.00045099283084957165,3.291660531349079e-8,-7.5660029797039e-9,-4.0815702515752365e-9,-2.7890562057545147e-9,1.6025179786447083e-8,1.216051213599134e-9,-4.5622677941436663e-10,-4.074936224798806e-9,3.0956481886270776e-8,5.163274605981912e-9,-2.7431569224396763e-10,-4.1636454612047495e-10,5.361189655133386e-8,1.5695674149446786e-8,7.047370903859451e-10,0.24592117891825163,2.820282725954743e-7,2.2606026183085022e-7,-3.662281475499781e-10,-2.389128529311844e-9,3.7721171657497204e-8,1.1544659957002069e-8,7.047375486990984e-10,3.443132963276464e-7,1.5614032078255487e-6,8.530845334422353e-7,-6.254341654748817e-10,-6.311404475073273e-9,1.3902016463096902e-8,-6.081915427944708e-10,6.630242089153194e-15,3.3038681440663437e-16,0.17346319662350515,-3.5157540291658367e-14,0.3535678801304388,-4.1391268889948093e-13
Total emissions + ISI,TotEmiss_primary,full_TotEmiss,TotEmiss,ISI,TAC,3,0.2,9.062600675482862e6,4,0.7,18.97182024283727,15.74065459976855,true,9.672875235192583e-9,0.20370806284341217,3,3,LOCALLY_SOLVED,Solve_Succeeded,0.594907959,0.3267712322533893,9.062600990896601e6,62.78918252936347,15.674294598736441,503.5799878115057,3.1845052583085723e-16,3.1845052583085723e-16,9.832374475675168e-9,9.672875235192583e-9,0.20000000967287523,0.3258604868515735,0.710745392142938,1.000000004329973,0.40787360604812994,1.5027469023076154e-6,6.792736351221954e-7,-7.322133495971794e-9,-4.563174050388045e-9,3.557641126076908e-9,-1.1245524132148233e-10,-7.035730168261129e-9,-4.089718167742138e-9,5.215602936427733e-9,7.903121578371287e-11,-4.6111716728676736e-9,0.16150077797049645,5.568214870222848e-8,1.2796645444476984e-8,-7.176842130306259e-9,-4.436723817422713e-9,3.6379289213570206e-9,-1.609223103954427e-11,-4.611171213156943e-9,7.677801069266725e-8,2.751134823886149e-7,3.215102413022271e-8,-7.652863274048137e-9,-5.057608322029999e-9,1.4894663125346052e-9,-2.529174829494429e-10,-4.68781694141351e-9,8.697775906150231e-9,3.255375324538969e-8,-4.3622942441156075e-9,-3.4264311063283172e-9,1.083762411113855e-8,2.37629179410278e-8,-4.845464419063418e-9,0.11024506643551334,-9.04074433147007e-9,-8.094262622026457e-9,-9.832374475675168e-9,-4.0830844024245264e-9,5.5514143195932e-9,1.514991917953276e-8,-1.4086458963623564e-9,0.8897549986186225,0.0004510230593544053,6.833780744175431e-9,-9.078146833012668e-9,-5.849150043018271e-9,1.8803784894286715e-9,1.545612667197549e-8,8.546784612538706e-10,-8.135703884413102e-10,-6.94846957672725e-9,1.1068216836683713e-8,-1.6707635853477373e-9,-7.817477964734585e-10,-6.227525391789165e-9,1.6226320246664056e-8,1.1741780630723054e-9,-5.12352408096408e-10,0.24592163918234686,1.7323335151804414e-7,1.9012158946080088e-7,-7.974269033673617e-10,-6.755920358348222e-9,1.1318001088666283e-8,-2.390845754446577e-10,-5.123523570174378e-10,1.1691197082747057e-7,8.559086118756908e-7,4.776723585061659e-7,-8.503181415609038e-10,-7.701358126727498e-9,4.633895194552105e-9,-3.7576311752488655e-9,2.1640716870468134e-15,-2.9334319322022815e-16,0.1734632036185261,-1.1266094439872601e-13,0.35356790022263973,-6.611509089632528e-13
Total emissions + ISI,TotEmiss_primary,full_TotEmiss,TotEmiss,ISI,TAC,3,0.2,9.062600675482862e6,5,0.6,18.51022515097031,15.74065459976855,true,9.098282731519762e-9,0.17519200860927467,3,2,LOCALLY_SOLVED,Solve_Succeeded,0.53901775,0.3267712908519004,9.062600972160252e6,62.78918792606981,15.674303327519034,503.5799885158703,1.5922526291542861e-16,1.5922526291542861e-16,9.551347089747044e-9,9.098282731519762e-9,0.20000000909828272,0.3258605449114296,0.7107459313725255,0.9999999943706085,0.40787318993948163,2.7236644293907802e-6,1.156398660315903e-6,-4.106041017673447e-9,-2.676077514988557e-9,9.950297838362121e-9,3.4752808165680003e-10,-2.4688412207072183e-9,-2.7343339628789786e-10,1.7232395585177058e-8,1.0564395677838223e-9,6.342633754110342e-9,0.16150047570802947,9.065194602119504e-8,1.5215593887868566e-8,-3.2960533201897618e-9,-1.5689799072151564e-9,1.2124662468688634e-8,7.77044395359729e-10,6.342637878927385e-9,2.26116193743455e-7,5.018796457629721e-7,5.741913410734324e-8,-5.62718390958668e-9,-4.144871157999443e-9,4.468305134457702e-9,-4.095374306565009e-11,-8.874069803360658e-10,3.643472350542834e-10,2.801838661673226e-8,-3.398918046777484e-9,3.767100708143548e-9,2.399595051984725e-9,1.962934451267696e-8,-6.266677793030459e-9,0.11024602044976659,-7.355818177433057e-9,-4.991477008525942e-9,-9.551347089747044e-9,1.2195536866209725e-9,1.2886482640148826e-9,1.6137576585983407e-8,-3.749061827437704e-9,0.8897539770287175,0.00045099283084891695,3.291660500280342e-8,-7.56600294113941e-9,-4.081736530613701e-9,-2.789403263495825e-9,1.6024176569827133e-8,1.2161995910267433e-9,-4.562267797414939e-10,-4.0749362160053026e-9,3.0956482163793267e-8,5.1632743560438856e-9,-2.743156911896908e-10,-4.1636448980202625e-10,5.36118973761064e-8,1.56956735785025e-8,7.047370837900378e-10,0.24592117891904486,2.8202827651038456e-7,2.2606025204833296e-7,-3.662281466877511e-10,-2.3891284950776243e-9,3.772117212480907e-8,1.1544659588201686e-8,7.047375421030425e-10,3.4431329501844285e-7,1.5614033423736904e-6,8.530842781662423e-7,-6.25242656620742e-10,-6.311508354226425e-9,1.3901393751646183e-8,-6.08455611261087e-10,6.630242046960228e-15,3.3038681685233185e-16,0.17346319662350704,-3.5157541534025625e-14,0.3535678801304212,-4.139026409842907e-13
Total emissions + ISI,TotEmiss_primary,full_TotEmiss,TotEmiss,ISI,TAC,3,0.2,9.062600675482862e6,6,0.5,18.048630059103353,15.74065459976855,true,9.098282788641985e-9,0.14667649360497642,3,2,LOCALLY_SOLVED,Solve_Succeeded,0.177974334,0.3267712908518981,9.062600972160254e6,62.789187926069616,15.674303327514963,503.57998851587024,1.5922526291542861e-16,1.5922526291542861e-16,9.551347088902362e-9,9.098282788641985e-9,0.20000000909828278,0.3258605449114275,0.710745931372274,0.9999999943706086,0.40787318993959965,2.723664357239469e-6,1.1563984187249334e-6,-4.106041015270924e-9,-2.676077504735023e-9,9.950297846048913e-9,3.47528068617573e-10,-2.4688412085831547e-9,-2.734333599122335e-10,1.7232395644771183e-8,1.056439536529126e-9,6.342633707127042e-9,0.16150047570807693,9.065194535875805e-8,1.521559332873364e-8,-3.2960533106385206e-9,-1.5689798855869495e-9,1.2124662501562694e-8,7.770443748180548e-10,6.342637831926073e-9,2.261161930584049e-7,5.018796287640805e-7,5.741911950373459e-8,-5.627183909449258e-9,-4.144871155032142e-9,4.468305132519745e-9,-4.0953748226420204e-11,-8.874069595350429e-10,3.64347302476417e-10,2.801838671344897e-8,-3.398918076882453e-9,3.767100783265288e-9,2.399595121484587e-9,1.962934449002314e-8,-6.2666778141076644e-9,0.11024602044961065,-7.355818186323886e-9,-4.991477022654347e-9,-9.551347088902362e-9,1.2195537363177473e-9,1.2886483148294824e-9,1.613757657984635e-8,-3.7490618428266716e-9,0.8897539770288734,0.0004509928308485973,3.291660497014056e-8,-7.566002907909057e-9,-4.081736524021274e-9,-2.7894032344804747e-9,1.6024176601284077e-8,1.216199580285923e-9,-4.562267794745469e-10,-4.0749362003919666e-9,3.095648218770773e-8,5.163274162318226e-9,-2.743156898425726e-10,-4.1636443441181e-10,5.3611897561510344e-8,1.5695673114147012e-8,7.047370785696709e-10,0.24592117891911713,2.820282744494695e-7,2.260602437411855e-7,-3.6622814562650214e-10,-2.389128462143764e-9,3.772117222708394e-8,1.15446592830111e-8,7.047375368806746e-10,3.443132939752983e-7,1.5614032894882505e-6,8.530840611983423e-7,-6.252426566054729e-10,-6.311508349708033e-9,1.3901393745616984e-8,-6.084556879353857e-10,6.630242013412686e-15,3.3038682082007387e-16,0.1734631966235084,-3.51575426425927e-14,0.3535678801304185,-4.1390264106734134e-13
Total emissions + ISI,TotEmiss_primary,full_TotEmiss,TotEmiss,ISI,TAC,3,0.2,9.062600675482862e6,7,0.4,17.58703496723639,15.74065459976855,true,9.098282788641985e-9,0.11816097860079867,3,3,LOCALLY_SOLVED,Solve_Succeeded,1.162350541,0.3267712908518951,9.062600972160254e6,62.789187926069374,15.674303327508937,503.5799885158702,1.5922526291542861e-16,1.5922526291542861e-16,9.55134708765061e-9,9.098282788641985e-9,0.20000000909828278,0.3258605449114249,0.7107459313719018,0.9999999943706087,0.4078731899397744,2.7236642520368817e-6,1.1563980605506978e-6,-4.106041011727627e-9,-2.676077489546927e-9,9.950297857669056e-9,3.47528049281104e-10,-2.4688411906230983e-9,-2.734333059854552e-10,1.7232395733662254e-8,1.0564394901866888e-9,6.34263363741834e-9,0.16150047570814716,9.065194438022734e-8,1.52155924997117e-8,-3.2960532964891074e-9,-1.5689798535219006e-9,1.2124662550613806e-8,7.770443443615761e-10,6.342637762264809e-9,2.2611619206698913e-7,5.018796039877354e-7,5.741909785303272e-8,-5.627183909256768e-9,-4.1448711506390205e-9,4.468305129724996e-9,-4.095375587960214e-11,-8.874069287358457e-10,3.643474023669992e-10,2.801838685737974e-8,-3.3989181215635653e-9,3.767100894600385e-9,2.3995952244313696e-9,1.962934445661299e-8,-6.266677845393931e-9,0.11024602044937876,-7.355818199510543e-9,-4.991477043616165e-9,-9.55134708765061e-9,1.219553809973431e-9,1.2886483901297802e-9,1.6137576570886352e-8,-3.749061865675607e-9,0.8897539770291054,0.00045099283084810136,3.2916604917890174e-8,-7.566002858656854e-9,-4.08173651426608e-9,-2.789403191486081e-9,1.602417664812701e-8,1.2161995643445564e-9,-4.5622677908084726e-10,-4.0749361772646386e-9,3.095648222385928e-8,5.163273875033544e-9,-2.7431568784701086e-10,-4.16364352296034e-10,5.361189783806035e-8,1.5695672425630805e-8,7.047370708242598e-10,0.24592117891922402,2.820282714051517e-7,2.260602314242881e-7,-3.6622814405434515e-10,-2.389128413317439e-9,3.7721172379687395e-8,1.1544658830514842e-8,7.047375291405341e-10,3.4431329246564246e-7,1.5614032124062878e-6,8.530837395307717e-7,-6.252426565840851e-10,-6.311508343018507e-9,1.3901393736922209e-8,-6.084558016398031e-10,6.630241961043297e-15,3.3038682716818776e-16,0.17346319662351012,-3.515754427902176e-14,0.35356788013041524,-4.13902641182639e-13
Total emissions + ISI,TotEmiss_primary,full_TotEmiss,TotEmiss,ISI,TAC,3,0.2,9.062600675482862e6,8,0.3,17.12543987536943,15.74065459976855,true,9.098282731519762e-9,0.08964546359685839,3,3,LOCALLY_SOLVED,Solve_Succeeded,0.191596667,0.32677129085189016,9.062600972160252e6,62.78918792606897,15.674303327499068,503.5799885158701,1.5922526291542861e-16,1.5922526291542861e-16,9.551347085601868e-9,9.098282731519762e-9,0.20000000909828272,0.3258605449114206,0.7107459313712922,0.9999999943706089,0.40787318994006083,2.723664078065147e-6,1.156397474489066e-6,-4.10604100591063e-9,-2.676077464681494e-9,9.950297876449889e-9,3.4752801764700747e-10,-2.4688411612208166e-9,-2.7343321774537575e-10,1.7232395878550502e-8,1.0564394143644839e-9,6.342633523412698e-9,0.16150047570826243,9.065194277538792e-8,1.521559114329736e-8,-3.296053273325832e-9,-1.5689798010554134e-9,1.2124662630548282e-8,7.770442945294171e-10,6.342637648259509e-9,2.2611619041940433e-7,5.018795630055469e-7,5.741906242703449e-8,-5.6271839089301215e-9,-4.144871143444464e-9,4.46830512507068e-9,-4.095376840002144e-11,-8.874068782996829e-10,3.643475658827099e-10,2.8018387092322542e-8,-3.398918194622514e-9,3.767101076811262e-9,2.399595392972649e-9,1.9629344401763646e-8,-6.266677896546601e-9,0.11024602044899885,-7.355818221081528e-9,-4.99147707789867e-9,-9.551347085601868e-9,1.219553930516238e-9,1.288648513376665e-9,1.6137576556081867e-8,-3.749061903026989e-9,0.8897539770294852,0.0004509928308469272,3.291660483637276e-8,-7.566002778053427e-9,-4.08173649828494e-9,-2.7894031211130316e-9,1.6024176724559902e-8,1.216199538278608e-9,-4.5622677843451433e-10,-4.074936139401365e-9,3.095648228228854e-8,5.163273405041254e-9,-2.743156845800906e-10,-4.163642179304585e-10,5.361189828882379e-8,1.569567129912947e-8,7.047370581569661e-10,0.24592117891939957,2.8202826641231796e-7,2.260602112718465e-7,-3.662281414806479e-10,-2.3891283334252885e-9,3.772117262837243e-8,1.1544658090151338e-8,7.047375164732785e-10,3.4431328995682023e-7,1.5614030849061459e-6,8.530832132016552e-7,-6.25242656547791e-10,-6.311508332063159e-9,1.3901393722442116e-8,-6.084559876574613e-10,6.630241893920212e-15,3.303868327773215e-16,0.1734631966235132,-3.5157546953814995e-14,0.3535678801304092,-4.139026413804972e-13
Total emissions + ISI,TotEmiss_primary,full_TotEmiss,TotEmiss,ISI,TAC,3,0.2,9.062600675482862e6,9,0.2,16.66384478350247,15.74065459976855,true,9.09828284576421e-9,0.06112994859565768,3,2,LOCALLY_SOLVED,Solve_Succeeded,1.082485166,0.32677129085211687,9.062600972160256e6,62.78918792609035,15.674303327444852,503.57998851587047,1.5922526291542861e-16,1.5922526291542861e-16,9.5513470808219e-9,9.09828284576421e-9,0.20000000909828283,0.3258605449116506,0.7107459313679428,0.9999999943706094,0.40787318993905336,2.723669984299443e-6,1.1563968169420075e-6,-4.106040970525751e-9,-2.676077387633494e-9,9.95029759300217e-9,3.4752795766669115e-10,-2.4686938680733017e-9,-2.732169204169487e-10,1.723309417096028e-8,1.056537464726486e-9,6.342633303029343e-9,0.16150047570687281,9.065193123694095e-8,1.5215588319167464e-8,-3.296053211117558e-9,-1.5689796800342644e-9,1.2124662347901643e-8,7.77044193206689e-10,6.34263742787909e-9,2.2611618722381536e-7,5.018792233619116e-7,5.741898860488386e-8,-5.627082064003253e-9,-4.144791113347476e-9,4.468543858455054e-9,-4.093458157295299e-11,-8.874067228330809e-10,3.643480236171623e-10,2.8018386799171278e-8,-3.3989182840575284e-9,3.767597092253352e-9,2.4010893607432616e-9,1.963235420205489e-8,-6.267903829063215e-9,0.1102460204538086,-7.355818262776721e-9,-4.991477123841421e-9,-9.5513470808219e-9,1.2195542126408814e-9,1.2886488349677825e-9,1.6137576309872047e-8,-3.7490619387763354e-9,0.8897539770255349,0.00045099283084206555,3.29166057619012e-8,-7.566002607844932e-9,-4.083368400859677e-9,-2.7891347192264234e-9,1.602466667702416e-8,1.216126775902381e-9,-4.562267745028611e-10,-4.074936022078275e-9,3.095648140045119e-8,5.163272513905125e-9,-2.7429931867481116e-10,-4.160348560894446e-10,5.361407075409864e-8,1.5697128047364937e-8,7.047370336699268e-10,0.2459211789172836,2.820282305149274e-7,2.2606016931334513e-7,-3.662281345686174e-10,-2.389128149143084e-9,3.772117174902733e-8,1.1544656584785093e-8,7.047374919865652e-10,3.443132850908097e-7,1.5614020282370582e-6,8.530821164154173e-7,-6.252313404448056e-10,-6.311386468051839e-9,1.3902136448526833e-8,-6.0817092622673e-10,6.630241725750899e-15,3.303277482994436e-16,0.17346319662347873,-3.515755270959681e-14,0.35356788012840035,-4.1391409677214763e-13
Total emissions + ISI,TotEmiss_primary,full_TotEmiss,TotEmiss,ISI,TAC,3,0.2,9.062600675482862e6,10,0.1,16.20224969163551,15.74065459976855,true,9.676157306790301e-9,0.03332154924050422,3,3,LOCALLY_SOLVED,Solve_Succeeded,0.711098167,0.32614106735219,9.062600991003623e6,62.73067391503639,15.662856888090992,503.57998780988856,3.1845052583085723e-16,3.1845052583085723e-16,9.833194343350276e-9,9.676157306790301e-9,0.2000000096761573,0.3252310285267953,0.7100388157185465,1.0000000044095936,0.40778933948668156,1.7396307069551978e-6,7.86927468977636e-7,-7.340767531018584e-9,-4.561271789949999e-9,3.5500717516624536e-9,-1.1294225570474484e-10,-7.043934504082699e-9,-4.0607613346623434e-9,5.303678224721955e-9,8.861566616902525e-11,-4.622744093015158e-9,1.959649622733453e-8,5.429204653305692e-8,1.2614223592117165e-8,-7.188500439771459e-9,-4.424117557128338e-9,3.6682456749867145e-9,-1.149972163004918e-11,-4.622744189106335e-9,0.16158213623886822,3.346389607635873e-7,3.9122117269160117e-8,-7.665964937443326e-9,-5.056284568552068e-9,1.4853271110608683e-9,-2.530697203785201e-10,-4.749692562124891e-9,8.80418392194078e-9,3.24374059532654e-8,-4.378820147685607e-9,-3.4495337802337758e-9,1.107699137049741e-8,2.3539213891295883e-8,-4.934674049644107e-9,0.6811540220942516,-9.108044798540378e-9,-8.10598040861337e-9,-9.833194343350276e-9,-4.1202933271797966e-9,5.6211544142204316e-9,1.5058524020240775e-8,-1.4313175326691995e-9,0.31884604327878924,0.00016165551785526252,4.783712860426016e-9,-9.15274362269191e-9,-5.883198805435393e-9,1.930106475288928e-9,1.539358484015915e-8,8.487363736254458e-10,-8.156408367798423e-10,-6.945572952878407e-9,1.1044667671838743e-8,-1.6779992276133516e-9,-7.826593893425218e-10,-6.183432032326749e-9,1.6500332254690527e-8,1.3165756116540892e-9,-5.136382325572396e-10,2.984011925525939e-8,1.6890858921395484e-7,1.8741132194002645e-7,-7.987222710857173e-10,-6.736724461990877e-9,1.1412319877736443e-8,-1.7085300707501638e-10,-5.13638243234037e-10,0.2460455256364584,1.0410989890422715e-6,5.812428851418074e-7,-8.517738819381471e-10,-7.699342411204284e-9,4.621017678856035e-9,-3.759892988480869e-9,2.1443567677084105e-15,-2.8560236159294586e-16,0.1736943038634454,-1.1076679763869047e-13,0.3529171683537784,-6.528271177477654e-13
Total emissions + ISI,TotEmiss_primary,full_TotEmiss,TotEmiss,ISI,TAC,3,0.2,9.062600675482862e6,11,0.0,15.74065459976855,15.74065459976855,true,9.107330034894542e-9,0.004805466062873999,3,3,LOCALLY_SOLVED,Solve_Succeeded,0.407938125,0.32614112321364025,9.062600972455267e6,62.730679054640056,15.662866085396569,503.5799885114112,1.5922526291542861e-16,1.5922526291542861e-16,9.553576312041222e-9,9.107330034894542e-9,0.20000000910733,0.3252310838206413,0.7100393838916268,0.9999999945900935,0.4077888949206952,3.045488272132108e-6,1.2896484888770095e-6,-4.127799116919621e-9,-2.660382146944491e-9,9.981121981285375e-9,3.498228780114189e-10,-2.4912076108476778e-9,-2.1623822186347037e-10,1.7361567704274244e-8,1.0709492553520017e-9,6.304950358765979e-9,2.794863255031256e-8,8.870700733238064e-8,1.499391287051384e-8,-3.3134302129087187e-9,-1.5343124405907872e-9,1.2190661508868107e-8,7.886144998320452e-10,6.304949530879979e-9,0.1615819624794581,5.830961465947156e-7,6.603300141852402e-8,-5.640562993641802e-9,-4.139524070009538e-9,4.471268329931401e-9,-4.053710368690822e-11,-9.275956680915532e-10,4.158520035830476e-10,2.8033468323480212e-8,-3.424818687302923e-9,3.7193255040631803e-9,2.425624385111269e-9,1.9469229862325962e-8,-6.300882826899717e-9,0.6811538882893646,-7.706025921822382e-9,-5.024168403817742e-9,-9.553576312041222e-9,1.1888643370439111e-9,1.3210977692920166e-9,1.6038530489217472e-8,-3.776458346505298e-9,0.31884610971369254,0.00016162875850047188,2.819840056820097e-8,-7.750316294028202e-9,-4.101224415784817e-9,-2.7583842127587773e-9,1.60075204367187e-8,1.2074293639796285e-9,-4.586443463244021e-10,-4.0510364510291105e-9,3.1052379497332276e-8,5.197368473312509e-9,-2.768008456497418e-10,-3.292718378375571e-10,5.401376619107542e-8,1.591124607951545e-8,7.005500398628863e-10,4.255814501979412e-8,2.759773561451842e-7,2.2276670550477702e-7,-3.68158912545413e-10,-2.3363393981723345e-9,3.7926502472034103e-8,1.1716558283218957e-8,7.005499478755529e-10,0.24604526104826574,1.8140769005168927e-6,9.810617353609282e-7,-6.267292215157556e-10,-6.303366197514522e-9,1.3910612582008802e-8,-6.022655404912078e-10,6.566947900005477e-15,3.3322940584980056e-16,0.17369429850278612,-3.427908281565219e-14,0.35291714662387397,-4.0847732434846255e-13
Total emissions + ISI,TotEmiss_primary,full_TotEmiss,TotEmiss,ISI,TAC,4,0.3,1.232340712509642e7,8,0.3,13.182697192407737,10.108165052680418,false,0.012110148007652435,0.1899188783215182,3,3,ALMOST_LOCALLY_SOLVED,Solved_To_Acceptable_Level,2.223722708,0.0006548067089294368,1.1928518637805142e7,32.50021162404349,10.108384065953476,503.57998995031653,1.0253141930160176e-16,1.0253141930160176e-16,8.204642138995658e-9,0.0,0.28788985199234757,1.1354143103419905e-8,0.36690550279398576,0.9999999764296752,0.3478612892982691,0.00011463981157438408,7.143765079904824e-6,-3.462055389428684e-9,-3.3956356925911397e-9,7.541284893924105e-9,1.6896447490321305e-10,-4.531151539153846e-9,-4.075074077951808e-9,5.379126229085086e-9,1.121669428877318e-11,3.054444802825894e-8,0.13789098207676992,2.7826538465570124e-5,4.5078491297196654e-7,-4.177406464177435e-9,-3.847291004438768e-9,6.1988194241847016e-9,6.950597438231389e-11,-2.6660630949849846e-9,-2.8043077405689696e-9,9.697441300600322e-9,3.1923710797668285e-10,-6.569063900657369e-9,-5.223260440938433e-9,1.445524575157958e-9,-2.720873788329379e-10,-2.822346079435883e-10,-2.1220946313721063e-9,2.3990699673777685e-8,-1.4202634707711217e-9,-2.4783437884389295e-9,-3.909313522322365e-9,1.981620492628763e-8,7.210882722713678e-10,0.9999999750893998,1.4219210406184473e-8,1.7115149788363388e-8,-8.204642138995658e-9,-1.789289384494221e-9,-3.405542381231576e-9,2.1853353822740294e-8,-1.379918609253464e-10,1.6011785564109144e-9,-1.0048720111714496e-9,2.7392086796500446e-8,-3.0635356804335172e-9,-5.865154897630826e-9,-6.823739284260028e-9,7.241357849345149e-9,3.0026772465370644e-9,-3.8467282104763146e-10,-5.170627077354691e-9,2.3461775225541663e-8,2.5103293414191647e-9,-5.03461282128205e-10,-6.205226436881163e-9,1.6735059379375823e-8,1.666480294332015e-10,3.3938275586954364e-9,0.20997035907144504,8.657145300399594e-5,6.697375849869216e-6,-4.6415627379749257e-10,-5.858374938577215e-9,1.9285215986352403e-8,1.032660190822949e-9,-2.962292327761093e-10,-4.270195877684568e-9,3.0169817379645444e-8,4.7429513185107165e-9,-7.298959889619296e-10,-7.95360112597443e-9,4.497187567158091e-9,-4.0424410569465055e-9,1.7532484713230805e-11,-6.459013338019837e-13,0.3791109166014423,-4.1070900224043824e-10,2.411383711580249e-10,-7.444872716985617e-9
Total emissions + ISI,TotEmiss_primary,full_TotEmiss,TotEmiss,ISI,TAC,4,0.3,1.232340712509642e7,9,0.2,12.157853145831965,10.108165052680418,false,0.01211014807891058,0.12660807675049804,3,3,ALMOST_LOCALLY_SOLVED,Solved_To_Acceptable_Level,2.054068209,0.0006548067075709599,1.1928518635481551e7,32.50021162402857,10.108384047713962,503.57998995031676,4.5113824492704774e-17,4.830753205170724e-20,8.204642162058919e-9,0.0,0.28788985192108946,1.1353982649692187e-8,0.3669055016672208,0.9999999764296754,0.3478612931677694,0.0001146200140095137,7.143713058701923e-6,-3.4620553323393876e-9,-3.395635651692784e-9,7.541284577021226e-9,1.6896446360011147e-10,-4.531151515601071e-9,-4.075074061817027e-9,5.37912598233315e-9,1.1216684343257953e-11,3.05444476411397e-8,0.13789098361062577,2.7821722844299415e-5,4.507816323959238e-7,-4.177406424328267e-9,-3.847290977005094e-9,6.198819162643977e-9,6.950596473305579e-11,-2.666063054148799e-9,-2.804307707589227e-9,9.697440785995586e-9,3.1923708691950375e-10,-6.569063893427155e-9,-5.223260436856298e-9,1.445524489849751e-9,-2.7208738252738233e-10,-2.8223445313576135e-10,-2.1220944501140337e-9,2.3990698891463504e-8,-1.4202634352440302e-9,-2.478343726951771e-9,-3.909313441283163e-9,1.9816204221524724e-8,7.210883484284033e-10,0.9999999750893999,1.4219209817616724e-8,1.7115148351225698e-8,-8.204642162058919e-9,-1.7892892849273487e-9,-3.405542263611589e-9,2.185335310262762e-8,-1.3799180817102496e-10,1.6011786991644093e-9,-1.004871819897255e-9,2.739208580472196e-8,-3.0635356013966194e-9,-5.865154882049401e-9,-6.823739265904164e-9,7.2413575867428474e-9,3.0026772686283024e-9,-3.846728147043763e-10,-5.170627015077648e-9,2.346177423962159e-8,2.51032917348737e-9,-5.034612795112299e-10,-6.20522641231229e-9,1.6735058611703133e-8,1.66647881671261e-10,3.393827515682187e-9,0.20997036140708922,8.655647107115371e-5,6.697327109882297e-6,-4.6415626936980734e-10,-5.8583748968032114e-9,1.928521517267015e-8,1.032660047462543e-9,-2.9622922823875536e-10,-4.270195827465413e-9,3.0169815778652926e-8,4.742951005661198e-9,-7.298959881585725e-10,-7.953601119758453e-9,4.497187301754781e-9,-4.0424411118353936e-9,1.7532484607084317e-11,-6.459013447134818e-13,0.3791109166014314,-4.107090174026335e-10,2.4113831081701123e-10,-7.444872760110751e-9
Total emissions + ISI,TotEmiss_primary,full_TotEmiss,TotEmiss,ISI,TAC,4,0.3,1.232340712509642e7,10,0.1,11.133009099256192,10.108165052680418,false,0.012110147931911794,0.06329727190408718,3,3,ALMOST_LOCALLY_SOLVED,Solved_To_Acceptable_Level,1.101252708,0.0006548067034389564,1.1928518640274897e7,32.50021162343112,10.108384082494856,503.5799899434465,8.120488408686859e-17,1.0253141930160176e-16,8.204642230061278e-9,0.0,0.2878898520680882,1.134755502165908e-8,0.36690550381584663,0.9999999764296778,0.34786128500989527,0.00011466219977947791,7.14358731957833e-6,-3.462055432116963e-9,-3.395635718826712e-9,7.541285218669322e-9,1.6896439140644932e-10,-4.5311515212918354e-9,-4.075074064984366e-9,5.379126547783046e-9,1.1216646220539465e-11,3.054444824535595e-8,0.1378909803768743,2.7831984241561105e-5,4.5077370325766704e-7,-4.1774064878802254e-9,-3.847291017624677e-9,6.19881970329832e-9,6.95059109957668e-11,-2.6660630743010145e-9,-2.804307721569479e-9,9.697441933766078e-9,3.1923700539805345e-10,-6.569063924496572e-9,-5.223260452328594e-9,1.4455246260746824e-9,-2.7208739942565375e-10,-2.822345650817556e-10,-2.1220945276739137e-9,2.3990701622310302e-8,-1.4202636805662586e-9,-2.4783436720110344e-9,-3.909313373521643e-9,1.9816206804864487e-8,7.210879909529762e-10,0.9999999750894017,1.4219209076091713e-8,1.711514972113842e-8,-8.204642230061278e-9,-1.7892893335350033e-9,-3.40554228520756e-9,2.1853355663146238e-8,-1.3799208502526568e-10,1.6011788047951502e-9,-1.0048718063715727e-9,2.7392089002497156e-8,-3.063536053659073e-9,-5.865154907382264e-9,-6.823739276431672e-9,7.241358346642927e-9,3.0026771851032338e-9,-3.8467282579077355e-10,-5.170627117304311e-9,2.3461776235860113e-8,2.510328100895818e-9,-5.034612801435371e-10,-6.205226417135284e-9,1.673506037088059e-8,1.6664731527658632e-10,3.393827582817326e-9,0.2099703564829677,8.65883954181901e-5,6.697209305542482e-6,-4.6415627643113597e-10,-5.858374958655757e-9,1.928521685470588e-8,1.0326592490799636e-9,-2.962292304778904e-10,-4.270195848753525e-9,3.016981934949446e-8,4.742949794485365e-9,-7.298959916107299e-10,-7.95360114331854e-9,4.4971877255656786e-9,-4.0424413628954264e-9,1.7532484328777474e-11,-6.459013313334998e-13,0.3791109165961497,-4.1070903548616374e-10,2.41138238674955e-10,-7.44487280325626e-9
Total emissions + ISI,TotEmiss_primary,full_TotEmiss,TotEmiss,ISI,TAC,4,0.3,1.232340712509642e7,11,0.0,10.108165052680418,10.108165052680418,false,0.012100624453041236,-7.763104337990869e-9,3,2,LOCALLY_SOLVED,Solve_Succeeded,0.050969917,0.0006547940387898345,1.1928829182488136e7,32.50021081800394,10.108165178345722,503.5799882399512,8.120488408686859e-17,1.0253141930160176e-16,9.341156388407357e-9,7.763104337990869e-9,0.28789937554695877,2.6824576228201056e-9,0.366891980785253,1.0000000019447621,0.3478865960587986,1.968099261816869e-7,-7.62517593887932e-9,-4.760800585270632e-9,-3.729310584422474e-9,2.799181573808017e-9,-1.2230838958806651e-10,-4.4794102388114905e-9,-3.4572359135645638e-9,3.2213673112223155e-9,-8.74293088585937e-11,1.0673957139848936e-8,0.1379010055824575,1.8891913511213755e-8,1.68157865423419e-9,-5.090737620771422e-9,-3.985402577886255e-9,2.4958104448738745e-9,-1.5063058284492533e-10,-3.028905833805059e-9,-1.94210971519734e-9,5.042104055608553e-9,7.525961685278075e-11,-7.017291776779472e-9,-5.324188290421934e-9,8.442973273524031e-11,-3.5816620038278935e-10,2.486561702205689e-9,6.444800470385163e-9,1.6760245004533e-8,-2.917101209400238e-9,4.2209642453680735e-9,8.541124747044771e-9,1.732561832964257e-8,-4.148143327052565e-9,0.9999999944264365,-3.5737279450123486e-9,-1.8911828402983367e-9,-9.322458756951236e-9,7.555607043898666e-10,2.4432357699234824e-9,1.5682050541372973e-8,-2.8387771947420156e-9,2.0832646190756923e-8,7.029220358464871e-9,9.793760404423207e-9,-7.65011510711843e-9,-5.551641931714478e-9,-6.030567445278583e-9,5.385229709781827e-9,2.7868881385568578e-9,-5.289778428078478e-10,-5.678722935370585e-9,8.708564896291608e-9,-1.8171532167369881e-9,-4.97712248756832e-10,-5.26442741383695e-9,1.0022031634913868e-8,-1.2989497316133922e-9,1.1859952377609924e-9,0.20998562213692387,5.877484203488723e-8,2.498345429147939e-8,-5.656375134190467e-10,-6.0686811981449786e-9,7.764743606274277e-9,-2.2379400879817476e-9,-3.365450926450064e-10,-2.957303429959586e-9,1.5686545950782162e-8,1.1181428789555995e-9,-7.796990863088301e-10,-8.107286714960671e-9,2.626702796207476e-10,-5.321326405687155e-9,2.692978943131489e-12,4.3580757086943267e-13,0.3791108892553399,-8.570810647727086e-9,-8.073611413498372e-9,-9.080948612449426e-9
Total emissions + ISI,TotEmiss_primary,full_TotEmiss,TotEmiss,ISI,TAC,5,0.4,1.5584213574709978e7,10,0.1,11.128700123772678,10.10337730214318,false,0.112110147805567,0.06303108085110384,3,3,ALMOST_LOCALLY_SOLVED,Solved_To_Acceptable_Level,2.28921525,0.0006548067070688889,1.1928518644394757e7,32.500211623791316,10.108384076480643,503.5799899480267,1.5922526291542861e-16,1.5922526291542861e-16,8.204641958530989e-9,0.0,0.287889852194433,1.1351430143535801e-8,0.3669055034443124,0.9999999764296499,0.34786128641455016,0.00011465499688359553,7.143598464455848e-6,-3.4620545063136573e-9,-3.3956358776691973e-9,7.541284492041612e-9,1.6896435003746458e-10,-4.531150878520783e-9,-4.075074173360829e-9,5.379126058916561e-9,1.1216618248124228e-11,3.054448838215646e-8,0.13789098093371607,2.7830232331056265e-5,4.507744105495681e-7,-4.177415470430538e-9,-3.847297428568993e-9,6.198797888723831e-9,6.950436534697245e-11,-2.666059150524501e-9,-2.8043059118081093e-9,9.69744765479304e-9,3.19237431293825e-10,-6.569099917977372e-9,-5.22327868913607e-9,1.44546032740734e-9,-2.720921543923552e-10,-2.8223279402591455e-10,-2.1220949354982384e-9,2.399070009985365e-8,-1.4202631652054935e-9,-2.478342622476575e-9,-3.909313691324716e-9,1.9816205266856475e-8,7.210881866538386e-10,0.9999999750894312,1.4219217969816494e-8,1.7115154702852955e-8,-8.204641958530989e-9,-1.7893074818154981e-9,-3.4055597536054114e-9,2.1853289323489946e-8,-1.379866853722204e-10,1.6011882847188775e-9,-1.0048656361568993e-9,2.7392110463170675e-8,-3.063533492886862e-9,-5.865207325221331e-9,-6.823782899399858e-9,7.2411396625022096e-9,3.002691746714299e-9,-3.8467272292373956e-10,-5.170627359178095e-9,2.3461773975240568e-8,2.5103274862709016e-9,-5.034612087245313e-10,-6.20522658216308e-9,1.673505884996263e-8,1.6664689968641708e-10,3.3938320424618273e-9,0.2099703573308858,8.658294502995283e-5,6.697219813879297e-6,-4.6415727449228175e-10,-5.858384720775512e-9,1.9285148987140804e-8,1.0326362851550192e-9,-2.962287945027222e-10,-4.27019309298053e-9,3.0169837148245016e-8,4.742956122079685e-9,-7.298999908863744e-10,-7.953628913002651e-9,4.4969876852672796e-9,-4.042512008114992e-9,1.7535735294487166e-11,-6.460205587713747e-13,0.37911091659977153,-4.1079070664654243e-10,2.4117814724584396e-10,-7.4450796145764704e-9
Total emissions + ISI,TotEmiss_primary,full_TotEmiss,TotEmiss,ISI,TAC,5,0.4,1.5584213574709978e7,11,0.0,10.10337730214318,10.10337730214318,false,0.08459819121980543,-8.66029096761268e-9,3,2,LOCALLY_SOLVED,Solve_Succeeded,0.023220708,0.0012217830278040474,1.2825630299158152e7,32.55038398201112,10.103377442331698,503.5799879817878,1.5922526291542861e-16,1.5922526291542861e-16,9.546218880849439e-9,8.66029096761268e-9,0.3154018087801946,0.0005397850055908774,0.3665962134329756,1.000000005191312,0.34791588829158476,1.0566281922109114e-7,-8.626618411153863e-9,-5.966558014740381e-9,-4.093164955311838e-9,1.2075016155632648e-9,-1.5609824574998196e-10,-5.317863310433668e-9,-3.2424185040147277e-9,2.021421198400774e-9,-4.374044080594788e-11,1.4741066974597413e-9,0.13765948636331354,9.376376254456557e-9,1.9811083794416434e-9,-5.781588414670049e-9,-3.8530063782919156e-9,1.497301913645723e-9,-1.1849445917089194e-10,-4.302816832219939e-9,-1.474020579103865e-9,3.2444106660367836e-9,1.5038070365478128e-10,-7.357977926641006e-9,-5.341429244851862e-9,-3.8410273350625283e-10,-3.5645533469058175e-10,6.200120128543263e-10,1.480813918623828e-8,1.0420407878835154e-8,-4.5822942403994254e-9,6.7444750719748875e-9,0.0006385688957699795,1.3451208146211081e-8,-5.446971745475457e-9,0.9999999952028474,-5.695710638930777e-9,-4.467799234851033e-9,-9.51646496169522e-9,2.0099110580154915e-9,1.2989339126291931e-8,9.368624798048283e-9,-6.1382643222636e-9,3.6449072808806715e-8,7.182295704335178e-9,2.717616786550212e-9,-8.6047473789122e-9,-5.554231251082397e-9,-5.067325863922456e-9,4.436357530732639e-9,2.5630146808247077e-9,-6.629508905267088e-10,-6.232773909224844e-9,3.75667169286349e-9,-2.3191739368568747e-9,-5.908737011592962e-10,-4.93731908565879e-9,6.288865950580186e-9,-6.498579776883685e-10,1.637896330510823e-10,0.2096178542350456,2.9170948347198173e-8,2.9433610208847268e-8,-6.423987127411163e-10,-5.867077894217235e-9,4.658272620231138e-9,-1.760489107681823e-9,-4.780907591355486e-10,-2.2445313363627033e-9,1.0093722072114436e-8,2.2342275971567504e-9,-8.175531029601114e-10,-8.133539986478971e-9,-1.1949862820194531e-9,-5.295907829688642e-9,-6.820536629675548e-12,0.000574700424944583,0.37889351471231636,-9.173095742161796e-9,-8.796856927129749e-9,-9.362725224046059e-9
Total emissions + ISI,TotEmiss_primary,full_TotEmiss,TotEmiss,ISI,TAC,6,0.5,1.8845020024323534e7,10,0.1,10.8869584924184,9.834775489527315,false,0.21211014783063825,0.048097241719985376,3,3,ALMOST_LOCALLY_SOLVED,Solved_To_Acceptable_Level,1.921343583,0.0006548067063492078,1.1928518643577231e7,32.50021162378121,10.108384066996253,503.5799899480266,9.022764898540955e-17,1.0253141930160176e-16,8.204641985810405e-9,0.0,0.28788985216936175,1.1351321441677384e-8,0.36690550285840434,0.9999999764296491,0.3478612882310778,0.00011464584483763439,7.1435103002734815e-6,-3.462054422108761e-9,-3.395635863133629e-9,7.541284301324256e-9,1.6896431588775473e-10,-4.531150818988386e-9,-4.075074163744275e-9,5.37912593315519e-9,1.1216595752679953e-11,3.0544490444529696e-8,0.1378909816537834,2.7828006166975962e-5,4.5076885104174593e-7,-4.17741595981338e-9,-3.847297777610241e-9,6.198796522918603e-9,6.950425214216104e-11,-2.6660588897443317e-9,-2.804305778248274e-9,9.69744776866069e-9,3.1923741114282283e-10,-6.5691019739273145e-9,-5.223279730325935e-9,1.4454566063942542e-9,-2.720924343693027e-10,-2.8223256381071024e-10,-2.122094792923544e-9,2.3990699963746927e-8,-1.420263167298163e-9,-2.4783424835688123e-9,-3.909313606796534e-9,1.9816205169075806e-8,7.210881770959633e-10,0.9999999750894334,1.4219217662429532e-8,1.7115153882090335e-8,-8.204641985810405e-9,-1.7893084286542658e-9,-3.4055606355288877e-9,2.1853285502853482e-8,-1.3798639950763976e-10,1.6011890033128642e-9,-1.0048650822279019e-9,2.7392111552805118e-8,-3.0635333907976177e-9,-5.8652103085607196e-9,-6.8237853736976755e-9,7.241127118106103e-9,3.002692577581591e-9,-3.8467271356763996e-10,-5.1706273370443895e-9,2.3461773381897687e-8,2.510326978903784e-9,-5.034612021098205e-10,-6.20522656751969e-9,1.6735058458705034e-8,1.6664656546838783e-10,3.3938322716144093e-9,0.209970358427352,8.657601918614743e-5,6.697137215477367e-6,-4.6415732886815313e-10,-5.85838525227014e-9,1.9285144737968988e-8,1.0326346032549638e-9,-2.962287655271479e-10,-4.270192889605326e-9,3.016983750249992e-8,4.742955822693367e-9,-7.299002193252569e-10,-7.953630498450855e-9,4.496976108782124e-9,-4.0425161677724956e-9,1.7535920753513822e-11,-6.460273748011014e-13,0.37911091659977103,-4.107953913086241e-10,2.4118034367946036e-10,-7.44509147776236e-9
Total emissions + ISI,TotEmiss_primary,full_TotEmiss,TotEmiss,ISI,TAC,6,0.5,1.8845020024323534e7,11,0.0,9.834775489527315,9.834775489527315,false,0.008340520254325953,-8.630660085935544e-9,3,3,LOCALLY_SOLVED,Solve_Succeeded,0.0128715,0.03166596685059465,1.857305180193915e7,35.36535232935051,9.834775629236184,503.57998799153205,3.1845052583085723e-16,3.1845052583085723e-16,9.538478883715816e-9,8.630660085935544e-9,0.49165947974567403,0.030824304312686766,0.35000305816220423,1.0000000050798235,0.3495585458350651,1.0961236345792276e-7,-8.594468041158113e-9,-5.9116179021487605e-9,-4.075043027533237e-9,1.2680909934785323e-9,-1.547524448639977e-10,-5.270912095535833e-9,-3.2497575758198148e-9,2.071885645210139e-9,-4.6354939039669794e-11,1.7884313997183816e-9,0.12410899478928943,9.652397313730833e-9,1.9515990901465343e-9,-5.743037582165973e-9,-3.8575921374440795e-9,1.5393155446695779e-9,-1.204714024923613e-10,-4.237519513476614e-9,-1.4985256418000515e-9,3.3131722589500776e-9,1.4506389143999124e-10,-7.339782463052015e-9,-5.340306630942133e-9,-3.642040549402576e-10,-3.5668258113381436e-10,7.331436311714399e-10,1.4344469760395118e-8,1.070415369929774e-8,-4.477349952767919e-9,6.683028577212264e-9,0.03646542204997213,1.4242617872762499e-8,-5.1216241954310195e-9,0.9999999952059828,-5.617762681017437e-9,-4.373979124060592e-9,-9.508915334835948e-9,1.981887188946922e-9,1.2463041075990243e-8,9.734972625391674e-9,-5.985525521295682e-9,3.5707898532317345e-8,7.2410737288118725e-9,2.9672359636984333e-9,-8.57221140098525e-9,-5.549407836995479e-9,-5.1288004200595526e-9,4.472436316315285e-9,2.5793613412588976e-9,-6.568464335720843e-10,-6.205179155561974e-9,3.9451719797109885e-9,-2.2991791808365372e-9,-5.856568995039813e-10,-4.9484944904529e-9,6.4458664517648766e-9,-6.887019514465225e-10,1.9871459996870897e-10,0.18898415115641795,3.002968053160703e-8,2.8995186482177074e-8,-6.381152869073301e-10,-5.874060754744393e-9,4.788981694527575e-9,-1.7898608370293676e-9,-4.708355014974013e-10,-2.281845863650078e-9,1.0307647027844685e-8,2.1552349585370124e-9,-8.155313847835569e-10,-8.131830551661883e-9,-1.1330792820363568e-9,-5.299284062559527e-9,-6.316044007148064e-12,0.03281886928313307,0.3666980724984664,-9.15419247202967e-9,-8.77220954167141e-9,-9.352063216760031e-9
Total emissions + ISI,TotEmiss_primary,full_TotEmiss,TotEmiss,ISI,TAC,7,0.6,2.210582647393709e7,10,0.1,10.644143981234764,9.564981588212166,false,0.31211014785808744,0.03309712435175323,3,3,ALMOST_LOCALLY_SOLVED,Solved_To_Acceptable_Level,2.104326666,0.0006548067078826056,1.1928518642682165e7,32.500211623983155,10.108384057093746,503.57998995031653,1.5922526291542861e-16,1.5922526291542861e-16,8.204642062028322e-9,0.0,0.28788985214191254,1.1353494026429882e-8,0.3669055022466667,0.9999999764296503,0.34786128990736387,0.00011463761585641378,7.143343145714934e-6,-3.4620543677427646e-9,-3.3956358370929616e-9,7.541284137210742e-9,1.6896425100138825e-10,-4.53115076986587e-9,-4.0750741400410645e-9,5.3791258471914134e-9,1.1216554488557125e-11,3.054449091125828e-8,0.13789098231825814,2.782600452652531e-5,4.5075831014420297e-7,-4.177416115826743e-9,-3.847297886765518e-9,6.198795958957908e-9,6.950417062931082e-11,-2.6660587533513216e-9,-2.8043056927503576e-9,9.69744770824384e-9,3.1923733323250864e-10,-6.5691027191695794e-9,-5.223280106777823e-9,1.4454552250607051e-9,-2.7209254867742735e-10,-2.822323324556507e-10,-2.1220945359381693e-9,2.3990700272741194e-8,-1.4202632473398542e-9,-2.478342324031317e-9,-3.909313431526149e-9,1.9816205519118494e-8,7.210880916804136e-10,0.9999999750894353,1.4219216371722094e-8,1.7115152352415407e-8,-8.204642062028322e-9,-1.7893086613897742e-9,-3.405560803988351e-9,2.1853284483753488e-8,-1.3798636894880512e-10,1.601189504577184e-9,-1.0048646169970321e-9,2.7392112260160867e-8,-3.0635334812565865e-9,-5.865211372777668e-9,-6.823786243004205e-9,7.241122650822937e-9,3.0026928626326603e-9,-3.846727075269737e-10,-5.170627297391554e-9,2.3461772871322304e-8,2.510326014877768e-9,-5.034611966517631e-10,-6.205226531426166e-9,1.673505819126217e-8,1.6664595240142013e-10,3.3938323234731408e-9,0.20997035943916575,8.656979186030097e-5,6.696980607856728e-6,-4.641573462029713e-10,-5.858385418483857e-9,1.92851429834246e-8,1.0326333922069036e-9,-2.96228750372369e-10,-4.270192759415317e-9,3.016983731453639e-8,4.742954665168699e-9,-7.29900302129953e-10,-7.953631071684413e-9,4.496971811299971e-9,-4.0425178660646345e-9,1.753598708393146e-11,-6.460298310273202e-13,0.37911091660153445,-4.1079710399062675e-10,2.411810135210125e-10,-7.445095819783486e-9
Total emissions + ISI,TotEmiss_primary,full_TotEmiss,TotEmiss,ISI,TAC,7,0.6,2.210582647393709e7,11,0.0,9.564981588212166,9.564981588212166,false,0.02778922236093728,-8.629310329641991e-9,3,3,LOCALLY_SOLVED,Solve_Succeeded,0.0405015,0.06214877593826567,2.1199673718894195e7,38.1928137463772,9.564981727899186,503.5799879919729,1.5922526291542861e-16,1.5922526291542861e-16,9.538128689064173e-9,8.629310329641991e-9,0.5722107776390627,0.061243228900221276,0.33333626040533254,1.0000000050747555,0.3512084942090274,1.0979218306981067e-7,-8.593000215050893e-9,-5.909145260871371e-9,-4.074226004340162e-9,1.2708403144310563e-9,-1.5469461898268726e-10,-5.268810031110337e-9,-3.2500729619287983e-9,2.0741759622987723e-9,-4.6474001817063274e-11,1.802724087502346e-9,0.110498364814315,9.665019117170425e-9,1.9502309745629683e-9,-5.7413168687407735e-9,-3.857794446773682e-9,1.541216425944898e-9,-1.205621672139309e-10,-4.234593284631638e-9,-1.4995942622518796e-9,3.3162973258512286e-9,1.448232805930298e-10,-7.338968107801139e-9,-5.340252252796592e-9,-3.633025426532828e-10,-3.5669322476450693e-10,7.381913288549436e-10,1.4323904024050111e-8,1.0716903119373569e-8,-4.472731495087514e-9,6.680203742476559e-9,0.07245127790370713,1.4279064859044361e-8,-5.10614661253635e-9,0.9999999952059877,-5.614252810954316e-9,-4.369740046481374e-9,-9.508575353900518e-9,1.9805611242585554e-9,1.2439241507377856e-8,9.751359739530797e-9,-5.978599286566563e-9,3.567466723697605e-8,7.243587667480906e-9,2.9785622713410278e-9,-8.570736081266061e-9,-5.5491785683475315e-9,-5.131560873536526e-9,4.4741304256028805e-9,2.5800804851722707e-9,-6.565716956523743e-10,-6.203935052063428e-9,3.9537254226743965e-9,-2.2983200534570674e-9,-5.854233367900371e-10,-4.948974737482488e-9,6.452991882707291e-9,-6.904708841392257e-10,2.0030267638914946e-10,0.1682588736945251,3.006894836453021e-8,2.8974860193506958e-8,-6.379240965267523e-10,-5.874368816678106e-9,4.794895547384126e-9,-1.7912093414641161e-9,-4.705103649590707e-10,-2.283473081156271e-9,1.0317369458203822e-8,2.1516601688107282e-9,-8.154409008667929e-10,-8.131747748576628e-9,-1.1302745771435464e-9,-5.299442196501245e-9,-6.294952039297405e-12,0.06520613959965106,0.3544485055300836,-9.1533806283678e-9,-8.771100204722849e-9,-9.351596739442407e-9
Total emissions + ISI,TotEmiss_primary,full_TotEmiss,TotEmiss,ISI,TAC,8,0.7,2.5366632923550647e7,9,0.2,10.859965798244124,8.485805868195618,false,0.4121101479206859,0.04642974153714938,3,3,ALMOST_LOCALLY_SOLVED,Solved_To_Acceptable_Level,2.609492375,0.0006548067068173352,1.192851864064095e7,32.50021162396915,10.108384043301944,503.5799899503167,1.5922526291542861e-16,1.5922526291542861e-16,8.204641984143957e-9,0.0,0.28788985207931406,1.1353343357398279e-8,0.3669055013946639,0.9999999764296479,0.34786129342792776,0.00011461917193894986,7.14348970769485e-6,-3.462054321440384e-9,-3.395635817557448e-9,7.541283862193688e-9,1.6896431925776426e-10,-4.531150776584397e-9,-4.075074151966449e-9,5.3791255801468225e-9,1.121659376968341e-11,3.0544491224966676e-8,0.13789098371379716,2.7821518172738245e-5,4.5076755251245755e-7,-4.177416189952839e-9,-3.847297943825074e-9,6.198795499078051e-9,6.95042064730424e-11,-2.6660587268247867e-9,-2.804305689524863e-9,9.69744724833762e-9,3.192374221817455e-10,-6.569103078977411e-9,-5.223280289921699e-9,1.4454545046411255e-9,-2.720925819115209e-10,-2.822323464538597e-10,-2.122094626846983e-9,2.3990698652736e-8,-1.4202630689811294e-9,-2.4783424068124183e-9,-3.90931355776622e-9,1.981620395765699e-8,7.210883249762748e-10,0.999999975089434,1.4219217561980569e-8,1.711515246421554e-8,-8.204641984143957e-9,-1.7893088929051093e-9,-3.405561068186784e-9,2.1853282268818152e-8,-1.3798612749473285e-10,1.6011894048496604e-9,-1.0048647214494114e-9,2.739211067181755e-8,-3.0635331473977297e-9,-5.8652119174116014e-9,-6.8237867099810585e-9,7.241119933767789e-9,3.0026930668465872e-9,-3.846727023822647e-10,-5.170627267644295e-9,2.3461772015713694e-8,2.510327028972497e-9,-5.034611973982662e-10,-6.205226549585273e-9,1.6735057360456782e-8,1.6664653600672493e-10,3.3938323583296293e-9,0.2099703615641911,8.655583431518565e-5,6.697117923042224e-6,-4.6415735443920415e-10,-5.8583855053699985e-9,1.928514155268727e-8,1.0326339247423442e-9,-2.9622874742497614e-10,-4.270192754503768e-9,3.016983588371704e-8,4.742955986700218e-9,-7.29900342108601e-10,-7.953631350562587e-9,4.496969569994613e-9,-4.04251835982831e-9,1.7536021722903393e-11,-6.460310917515309e-13,0.3791109166015272,-4.107979388160779e-10,2.4118154419916286e-10,-7.4450979312986355e-9
Total emissions + ISI,TotEmiss_primary,full_TotEmiss,TotEmiss,ISI,TAC,8,0.7,2.5366632923550647e7,10,0.1,9.67288583321987,8.485805868195618,false,0.1566440032261626,-8.629696162416636e-9,3,3,LOCALLY_SOLVED,Solve_Succeeded,0.021976792,0.04996051853341705,2.0258775163419068e7,37.061968727854406,9.672885972913136,503.57998799184696,5.126570965080088e-17,1.0253141930160176e-16,9.538228744678928e-9,8.629696162416636e-9,0.5433559967738374,0.049077160379715226,0.3400021569279861,1.0000000050762043,0.35054859628890717,1.0974074037282354e-7,-8.593420182828946e-9,-5.9098519502883366e-9,-4.0744599221895955e-9,1.270053584847416e-9,-1.5471117184954655e-10,-5.2694110626732625e-9,-3.2499841710935586e-9,2.0735197679785204e-9,-4.644009383158509e-11,1.7986404107451833e-9,0.11594194505772248,9.661407214854212e-9,1.950622210290788e-9,-5.741809192211822e-9,-3.8577379075979e-9,1.5406714207469841e-9,-1.2053637680458716e-10,-4.2354300831789755e-9,-1.4992917407454355e-9,3.315401710881951e-9,1.4489182274998626e-10,-7.339200585254903e-9,-5.340267263854135e-9,-3.6356025838682384e-10,-3.5669015232175534e-10,7.367504950500986e-10,1.4329777226283393e-8,1.0713257802934652e-8,-4.474049591782259e-9,6.6810107097779305e-9,0.058058711630054965,1.4268644040218869e-8,-5.11057375844314e-9,0.9999999952059939,-5.615253264996242e-9,-4.370950335332424e-9,-9.508672402680794e-9,1.9809371947197905e-9,1.2446025543982291e-8,9.746674867821409e-9,-5.980577714951034e-9,3.568415334614018e-8,7.242870406312402e-9,2.975324914156912e-9,-8.571157512110295e-9,-5.549238581767518e-9,-5.130793671656896e-9,4.473649381454842e-9,2.579879019439106e-9,-6.566502166987038e-10,-6.2042912451523385e-9,3.951277819525293e-9,-2.2985659817646915e-9,-5.854901180748066e-10,-4.9488395332561e-9,6.450950389266508e-9,-6.899671083549784e-10,1.998489345272425e-10,0.17654796179244103,3.005771133510199e-8,2.898067283860599e-8,-6.379787991346467e-10,-5.8742827229331666e-9,4.7931999756572834e-9,-1.7908261696681519e-9,-4.706033425754415e-10,-2.283012423407822e-9,1.0314583100521625e-8,2.1526785094283676e-9,-8.15466731694989e-10,-8.131770606323342e-9,-1.1310763594256741e-9,-5.299396548780364e-9,-6.301829464628248e-12,0.052252829939588706,0.35934772774655566,-9.153643638196154e-9,-8.771425560962642e-9,-9.351740353255992e-9
Total emissions + ISI,TotEmiss_primary,full_TotEmiss,TotEmiss,ISI,TAC,8,0.7,2.5366632923550647e7,11,0.0,8.485805868195618,8.485805868195618,true,8.219072604239869e-9,-8.718893435372512e-9,3,2,LOCALLY_SOLVED,Solve_Succeeded,1.132897333,0.9480865967269262,2.5366633191558696e7,120.53570455989068,8.485806009332764,503.5799876132606,5.126570965080088e-17,1.0253141930160176e-16,9.90451853547526e-9,8.718893435372512e-9,0.7000000082190726,0.9471199276563235,0.26666906238366006,1.0000000075971045,0.5200965000603948,1.0939575978574729e-7,-8.662038825520649e-9,-7.960832529092034e-9,-4.417464975439595e-9,6.663715856592772e-10,-2.5736636374305806e-10,-6.778307611553175e-9,0.11426461922601962,8.256058879244406e-9,9.73737164015602e-10,-6.9543438016131264e-9,2.2315218900678464e-8,7.278778732665966e-9,9.059019054948523e-10,-7.272996597668286e-9,6.176780813686553e-10,4.314638298484708e-9,2.8405985032458593e-10,-6.804212828138343e-9,0.08364209270279256,8.49824921047713e-9,9.534566422085986e-10,-8.393219619396732e-9,-5.446758863691553e-9,-6.200774040460666e-10,-3.9571686397407787e-10,-4.410467256228034e-9,3.210322417296008e-8,1.3373776007879152e-9,-8.869019820054239e-9,0.9999992211803677,0.02083176140413796,-2.5922161358140357e-9,-9.46767736370241e-9,4.988612683918796e-8,-9.490227689335604e-9,-8.923850805202263e-9,-9.90451853547526e-9,8.145147890360913e-9,2.2592086817640066e-8,-1.0725085299496978e-9,-9.288937139494376e-9,7.886508561259579e-7,-7.940261711805035e-9,-6.996720776400489e-9,-9.754911593269273e-9,-6.783912307040441e-9,8.784142733767477e-9,1.0912710188774671e-8,-4.5012138927390715e-10,-8.845369476768922e-10,-6.726594394419382e-9,2.0731560442733065e-9,-3.823728832754005e-9,-7.531452901725747e-10,0.17399385200325715,2.5685516513204816e-8,1.4466952151088944e-8,-7.727048668459025e-10,3.39799924169422e-8,2.2645089390516335e-8,1.3459114024494947e-8,-8.081107330742536e-10,9.405552602659068e-10,1.3423319150841314e-8,4.220317776250991e-9,-7.560236475709267e-10,0.12736409570652502,2.6438997543706626e-8,1.4165641541384889e-8,-9.325799577107476e-10,-8.293928269712135e-9,-1.9291297014766512e-9,-5.879221979043442e-9,-1.915935193605908e-15,0.3765865230679772,3.5081389382117497e-13,-1.902157153402776e-12,0.11709919596151744,-4.615329642157011e-12
Total emissions + ISI,TotEmiss_primary,full_TotEmiss,TotEmiss,ISI,TAC,9,0.8,2.8627439373164207e7,8,0.3,10.536199892964763,6.327454624904739,false,0.5121101479359157,0.026428767810120078,3,2,ALMOST_LOCALLY_SOLVED,Solved_To_Acceptable_Level,2.223426834,0.000654806706274689,1.1928518640144339e7,32.500211623965434,10.108384035411554,503.5799899503165,9.022764898540955e-17,5.126570965080088e-17,8.204642123765067e-9,0.0,0.28788985206408435,1.1353303377741491e-8,0.36690550090722684,0.999999976429651,0.34786129425772794,0.00011461553911083568,7.143203317095647e-6,-3.4620542818866407e-9,-3.3956357873339507e-9,7.541283762211004e-9,1.6896420428560988e-10,-4.531150717985845e-9,-4.075074113093056e-9,5.379125579184111e-9,1.1216522347013043e-11,3.0544491052439406e-8,0.13789098404272737,2.7820634512465405e-5,4.507494923974889e-7,-4.1774162175134404e-9,-3.847297958996002e-9,6.198795292728542e-9,6.950410782288297e-11,-2.666058619272068e-9,-2.804305605755015e-9,9.69744725291292e-9,3.1923727314502166e-10,-6.569103328251097e-9,-5.223280414372214e-9,1.445454022459409e-9,-2.7209264216177724e-10,-2.8223205638424624e-10,-2.1220942340410222e-9,2.399069975078962e-8,-1.420263258396117e-9,-2.4783421743841e-9,-3.909313263273499e-9,1.9816205088390726e-8,7.210881115741938e-10,0.9999999750894365,1.4219215175524027e-8,1.711515025438411e-8,-8.204642123765067e-9,-1.7893088036252569e-9,-3.405560890461378e-9,2.1853282915917423e-8,-1.3798627600071138e-10,1.601189964023416e-9,-1.004864153218629e-9,2.7392111903423686e-8,-3.0635334488162135e-9,-5.865212243469467e-9,-6.823786953662505e-9,7.241118714880435e-9,3.002693121768614e-9,-3.846726979874043e-10,-5.170627221622152e-9,2.3461771704656455e-8,2.510325320814775e-9,-5.034611908873159e-10,-6.205226490391699e-9,1.6735057357461674e-8,1.6664547486990806e-10,3.393832339159933e-9,0.20997036206506214,8.655308514989234e-5,6.6968496013341204e-6,-4.6415735750149326e-10,-5.858385528471185e-9,1.9285140910711017e-8,1.0326324590828327e-9,-2.962287354746741e-10,-4.270192626945136e-9,3.01698358979513e-8,4.7429537724403214e-9,-7.299003698056771e-10,-7.95363154006678e-9,4.496968069873717e-9,-4.042519254974976e-9,1.753604203160194e-11,-6.460318725116562e-13,0.37911091660152296,-4.107985261776658e-10,2.411815547758265e-10,-7.445099427706865e-9
Total emissions + ISI,TotEmiss_primary,full_TotEmiss,TotEmiss,ISI,TAC,9,0.8,2.8627439373164207e7,9,0.2,9.13328480361142,6.327454624904739,false,0.13594290641265,-8.628469530233763e-9,3,3,LOCALLY_SOLVED,Solve_Succeeded,0.024122417,0.11088722565430206,2.4194604313068394e7,42.71703017577283,9.13328494328483,503.5799879922467,4.0602442043434296e-17,1.572510808974845e-23,9.537911239677595e-9,8.628469530233763e-9,0.6640570935873501,0.10991650081640927,0.30666774430543736,1.0000000050716051,0.35384857395393565,1.0990421049380725e-7,-8.59208539891921e-9,-5.907609444376482e-9,-4.073715094262364e-9,1.2725554082518347e-9,-1.5465840424648053e-10,-5.267501466320102e-9,-3.250257410326629e-9,2.075612061756973e-9,-4.65468361742383e-11,1.8115876671293362e-9,0.08872001784956404,9.672891507208019e-9,1.9493803793211703e-9,-5.740245767010742e-9,-3.857912486833424e-9,1.5424082298266478e-9,-1.2061767128855816e-10,-4.232772034389414e-9,-1.5002359037371688e-9,3.3182573832944254e-9,1.4467562393669467e-10,-7.33846403138855e-9,-5.340219648455435e-9,-3.6274149383263673e-10,-3.5669993934177647e-10,7.413136638191846e-10,1.4311161437836107e-8,1.0724834278374427e-8,-4.469876831554732e-9,6.678462410346971e-9,0.13003218751799794,1.430170901612726e-8,-5.096533470184525e-9,0.9999999952059322,-5.612097028981343e-9,-4.367119152670714e-9,-9.508365303293413e-9,1.9797443871439736e-9,1.2424496737495964e-8,9.761532371705352e-9,-5.974312917741526e-9,3.565409963763543e-8,7.245110379620538e-9,2.9855893576112536e-9,-8.569822833290155e-9,-5.54905253942807e-9,-5.133229475828006e-9,4.475178559249143e-9,2.5805145435799866e-9,-6.564010493751645e-10,-6.203157075354053e-9,3.959061270116818e-9,-2.2977820059477104e-9,-5.852779407022333e-10,-4.949255602088275e-9,6.457459747688361e-9,-6.915529945886832e-10,2.0128751856992614e-10,0.1350963908163816,3.009344024464717e-8,2.8962222778485955e-8,-6.378050852234156e-10,-5.874548559496349e-9,4.798603381682903e-9,-1.7920339734300067e-9,-4.703080038210458e-10,-2.284450126145234e-9,1.0323467414693768e-8,2.149466412773749e-9,-8.153848923765053e-10,-8.13169810105714e-9,-1.1285290919237586e-9,-5.2995419559349645e-9,-6.281445490381099e-12,0.11702895828244582,0.3348479932674171,-9.152860760295549e-9,-8.770404106279682e-9,-9.351301302472478e-9
Total emissions + ISI,TotEmiss_primary,full_TotEmiss,TotEmiss,ISI,TAC,9,0.8,2.8627439373164207e7,10,0.1,7.73036971425808,6.327454624904739,true,9.736325458652118e-9,-9.885303388064748e-9,3,1,LOCALLY_SOLVED,Solve_Succeeded,0.240938792,0.4807804256965345,2.8627439690646935e7,77.09429494248694,7.730369874276495,503.57998746435135,3.1845052583085723e-16,3.1845052583085723e-16,9.957225222051298e-9,9.885303388064748e-9,0.8000000097363256,0.4797604244742763,0.22000121252189223,1.0000000096320674,0.42430537515089156,-7.600025532488758e-9,-9.88595981340304e-9,-9.442125203790007e-9,-5.556119970222326e-9,-1.2692820610803554e-9,-4.4481623542661034e-10,-9.312378061628382e-9,1.1478702802610575e-6,3.330022422734606e-9,5.947142315752246e-10,-9.31237806299773e-9,0.12500218369076826,3.9904026297933936e-9,2.5717389982459058e-9,-9.333484094390632e-9,-2.98559303178262e-9,2.052227673916196e-9,7.044073152462549e-10,-9.320193080447289e-9,2.5834091603388656e-8,2.6801280807275377e-9,1.9838394657713842e-10,-9.542707682485729e-9,-6.1963124278540325e-9,-2.14630165538416e-9,-5.388326550279891e-10,-7.043601075509054e-9,4.0995480197481905e-8,-7.54952032576741e-9,-9.844002917204642e-9,0.6620144038700977,0.10895594268013044,-7.999225585233883e-9,-9.878015525443607e-9,0.3379856224319815,-9.70799661497139e-9,-9.472917659871495e-9,-9.956869085763582e-9,1.1713161316561783e-8,2.884457288949105e-8,-7.382210332078485e-9,-9.842575320378777e-9,4.9810041609498827e-8,-8.922262770391612e-9,-8.863798403959799e-9,-9.919969552914422e-9,-8.634873799538738e-9,3.9557791739715195e-8,-1.8408301540406906e-9,-9.37325765913823e-9,-1.0491250226433338e-9,-8.460455409202178e-9,-3.948877523361105e-9,-6.608698354909638e-9,-1.0347086735142643e-9,1.7478933813066099e-6,1.0360069759618773e-8,8.835754297689051e-9,-1.034708673666414e-9,0.19034423425639713,1.2414585959357224e-8,3.820869368822488e-8,-1.0370537882656252e-9,-4.5462439347598985e-9,6.384708318850386e-9,1.0465480112230071e-8,-1.0355770089385872e-9,3.933827585061454e-8,8.33817625115234e-9,2.947418634860342e-9,-1.0603008536095248e-9,-9.435293924232275e-9,-6.677382927861831e-9,-8.005513731844408e-9,-2.3215432100353318e-14,0.26687502805930075,0.19868826829500827,-2.8667687341935155e-12,-1.0729435370589253e-11,-3.964583167192282e-12
Total emissions + ISI,TotEmiss_primary,full_TotEmiss,TotEmiss,ISI,TAC,9,0.8,2.8627439373164207e7,11,0.0,6.327454624904739,6.327454624904739,true,9.598685233997113e-9,-9.306534418698276e-9,3,3,LOCALLY_SOLVED,Solve_Succeeded,0.102113417,0.974449037361227,2.8627439686158754e7,122.98921126479169,6.327454775554328,503.57998754785484,3.1845052583085723e-16,3.1845052583085723e-16,9.932681149228755e-9,9.598685233997113e-9,0.8000000095986853,0.9735157026727256,0.13333467890274428,1.0000000083956988,0.5272489302893165,3.315467163543046e-8,-9.27997484755058e-9,-7.800576347086719e-9,7.646918647223267e-9,1.9996553992832255e-9,1.2390717170374286e-11,-7.62788597046013e-9,0.18458390178826434,3.4631975301953475e-9,4.1930874573384457e-10,-7.723263310964572e-9,0.01925616791044778,4.0335331319270516e-9,1.2582505033020395e-9,-7.730073206471355e-9,2.0666753498192112e-8,3.8334144278685404e-9,1.1495472124282708e-9,-7.653670613169423e-9,0.005159483535358776,3.5021775258937046e-9,2.991456153176412e-10,-8.56149054967641e-9,-5.441931932899054e-9,-9.202451873302984e-10,-3.8937170818562047e-10,2.229448824283022e-8,1.5293344085169468e-8,-5.014868382095091e-9,-9.608417590613022e-9,0.9999995470689945,-8.553433344747908e-9,-7.87736054371406e-9,-9.81902163060167e-9,5.445717897178019e-8,-9.64855638468727e-9,-9.256998449233328e-9,-9.932681149228755e-9,4.940754235150349e-8,-8.025862949350043e-9,-7.193645479360933e-9,-9.750273891450184e-9,3.9381526894293794e-7,-9.196165670659138e-9,-8.567940248544927e-9,-9.877112375476116e-9,-6.3178185446565e-9,1.978942181743348e-8,5.6505831128243475e-9,-3.888052570193248e-9,-8.667307052318574e-10,1.1644171576453609e-8,6.221150131103368e-9,1.8409065510270365e-10,-8.475428856066806e-10,0.2810709413594025,1.0774392316163301e-8,6.229729936617119e-9,-8.581403678849522e-10,0.02932189204545457,1.2548769743773048e-8,1.8694007477630296e-8,-8.588970229412613e-10,3.1469829190428893e-8,1.192617822003546e-8,1.7078987156077162e-8,-8.504078459077132e-10,0.007856486292478137,1.0895663413891525e-8,4.444449141862096e-9,-9.51276727741823e-10,-8.28657817055083e-9,-2.862985027249817e-9,-5.784951093043503e-9,-1.529870575712581e-15,0.42112536220835384,0.017330531636592143,-5.862639643657584e-13,0.007223378546356077,-1.2342142577709588e-12
Total emissions + ISI,TotEmiss_primary,full_TotEmiss,TotEmiss,ISI,TAC,10,0.9,3.1888245822777763e7,8,0.3,9.403065444975768,4.708691127777604,false,0.2898007796375157,-8.628905731962777e-9,3,3,LOCALLY_SOLVED,Solve_Succeeded,0.019869917,0.08043260425451752,2.243840330932728e7,39.88970772775187,9.403065584656238,503.57998799210463,5.126570965080088e-17,5.126570965080088e-17,9.538024073152897e-9,8.628905731962777e-9,0.6101992203624843,0.07949907131124084,0.32333372291419765,1.0000000050732374,0.3521987066560253,1.0984610393380517e-7,-8.59255987591801e-9,-5.90840509942802e-9,-4.073980450494543e-9,1.27166553264792e-9,-1.5467722696963992e-10,-5.2681799694805905e-9,-3.2501639542032586e-9,2.0748655668505113e-9,-4.6509308146655456e-11,1.8069990950404868e-9,0.10232997887100383,9.668807637928629e-9,1.9498212244441695e-9,-5.740801238205707e-9,-3.8578528720312715e-9,1.5417886163913015e-9,-1.2058909337933888e-10,-4.233716326124523e-9,-1.4999076547299258e-9,3.3172383990941114e-9,1.4475178907252144e-10,-7.3387255578815065e-9,-5.34023700658613e-9,-3.6303318709313154e-10,-3.5669653990948396e-10,7.396985759835263e-10,1.4317758348386565e-8,1.072072292305757e-8,-4.4713535786097796e-9,6.6793625481206055e-9,0.09404810035685535,1.4289979177977558e-8,-5.1015105348066876e-9,0.9999999952059723,-5.613209337422574e-9,-4.368474684228436e-9,-9.508473919452056e-9,1.9801656594109997e-9,1.2432124307214069e-8,9.756262114558024e-9,-5.976530611759644e-9,3.566474482020151e-8,7.24432636820453e-9,2.9819502751343615e-9,-8.570295381962066e-9,-5.549118536793252e-9,-5.1323676723632206e-9,4.474630245604356e-9,2.58029074961728e-9,-6.56489455492002e-10,-6.203561140525781e-9,3.956292768237973e-9,-2.29806165783465e-9,-5.853533299422876e-10,-4.949113293900416e-9,6.455137319090479e-9,-6.909954353217382e-10,2.007776772267207e-10,0.15582064964448308,3.008073487355573e-8,2.896877247745623e-8,-6.378668042450782e-10,-5.874457782411254e-9,4.796675695439604e-9,-1.7916093873501773e-9,-4.704129251249468e-10,-2.2839502924296594e-9,1.0320297241626123e-8,2.150598009077461e-9,-8.154139508757227e-10,-8.131724532756152e-9,-1.1294365820675204e-9,-5.299491450083761e-9,-6.288745381131122e-12,0.08464327982191457,0.3470969581838147,-9.153141218858146e-9,-8.77076812984326e-9,-9.35145810347227e-9
Total emissions + ISI,TotEmiss_primary,full_TotEmiss,TotEmiss,ISI,TAC,10,0.9,3.1888245822777763e7,9,0.2,7.838274005909714,4.708691127777604,false,0.05461605915701668,-9.503938690828597e-9,3,3,LOCALLY_SOLVED,Solve_Succeeded,0.031780417,0.2569993274006809,3.0107321843261007e7,56.28883916916922,7.838274159754786,503.5799876216478,1.5922526291542861e-16,1.5922526291542861e-16,9.832282669487176e-9,9.503938690828597e-9,0.8453839408429834,0.2559272763482936,0.22666711154427233,1.0000000080985136,0.36176833235024497,5.483703283194333e-9,-9.50448131533797e-9,-8.41948960171558e-9,-5.765888232289596e-9,-1.3728561273807765e-9,-4.3953101912303343e-10,-8.232859373753913e-9,-5.580209267152568e-9,-1.0635300994694281e-9,-3.950588643498046e-10,-5.3422051637997905e-9,0.023389008289191524,5.35342113266043e-9,3.6233267290102034e-9,-8.398108257243062e-9,-5.739878404988925e-9,-1.3043560525490268e-9,-4.3074237409460717e-10,-7.755875293861852e-9,-4.943693934753503e-9,-2.4352559129905307e-10,-2.5913736316475324e-10,-8.717769596220726e-9,-5.993317858075398e-9,-1.766639039887437e-9,-4.950605822253712e-10,-4.97741596744981e-9,2.3854452739188635e-8,5.463611545818815e-9,-5.295065218535564e-9,-2.4386560123688353e-9,0.30276427742735385,4.005094884844078e-9,-7.997856304782554e-9,1.0000000054412446,-8.407393602992624e-9,-7.763880194196258e-9,-9.81958779959989e-9,-4.75485126253266e-9,2.0000847583437736e-8,5.965528753927748e-9,-6.125919437179244e-9,7.401447455309743e-8,6.33743052157362e-9,-2.5796624667310085e-9,-9.340946232959675e-9,-7.112607635352591e-9,-5.261278475126845e-9,2.0271189576682703e-9,3.6432630503129065e-9,-9.354988446350643e-10,-8.779875262804611e-9,-4.271107951851304e-9,-6.530175141256496e-9,-9.147621526393234e-10,-8.497136838618683e-9,-3.308760309460443e-9,-5.869445984625667e-9,-5.935783515333099e-10,0.03561508080399618,1.665508796827689e-8,5.383228283100873e-8,-9.331231396936732e-10,-8.740269389414954e-9,-4.057996607930305e-9,-6.399600986548448e-9,-8.617639215402055e-10,-7.527897582465561e-9,-7.576351729303872e-10,-3.850040824162049e-9,-9.68641066246747e-10,-9.12618855661481e-9,-5.49621034631647e-9,-7.3551857930626554e-9,-1.873102586943918e-11,0.27248782224087725,0.2760500840687563,-9.695900583714995e-9,-9.562122667262037e-9,-9.794701980990197e-9
Total emissions + ISI,TotEmiss_primary,full_TotEmiss,TotEmiss,ISI,TAC,10,0.9,3.1888245822777763e7,10,0.1,6.273482566843659,4.708691127777604,true,9.125115838903667e-9,-9.509006970842747e-9,3,3,LOCALLY_SOLVED,Solve_Succeeded,0.13672075,0.7400897848232738,3.188824612033013e7,101.19636118415053,6.273482720770773,503.57998761777367,3.1845052583085723e-16,3.1845052583085723e-16,9.846256121240827e-9,9.509006970842747e-9,0.9000000091251159,0.7390597843148443,0.1300004993043823,1.0000000084751741,0.4609975431963559,1.1028072411791952e-8,-9.50135514925174e-9,-7.795817744313156e-9,-2.1624278686831162e-9,3.946686708322637e-10,-8.74103621662111e-11,-7.194820088702668e-9,3.447361785040092e-7,2.4164829149906915e-9,7.984874552534039e-10,-7.194820458910212e-9,0.0995739365994136,2.6259927278565963e-9,1.3550464037825773e-9,-7.400435337735199e-9,5.229562607318437e-9,1.8181837833423245e-9,6.560439512997848e-10,-7.3237810106149495e-9,2.2136836888225833e-8,1.9446385561505333e-9,4.405762334610605e-10,-8.256573350298183e-9,-5.049271919645065e-9,-7.069995311251261e-10,-2.9894993309576515e-10,2.787719142962286e-10,3.1068776510395505e-8,-3.5457685476744117e-9,-9.393362813540172e-9,0.9592593624146616,0.2097986797967749,-4.247276056987372e-9,-9.519013500952909e-9,0.04074062778597557,-9.015664030828297e-9,-8.299332253120039e-9,-9.846256121240827e-9,2.5427751273962038e-8,1.4022908818706266e-8,-3.607315982413994e-9,-9.40725509889442e-9,4.814988047563711e-8,-6.976404828982477e-9,-6.7206646390720814e-9,-9.716126825695136e-9,-5.397146360493102e-9,2.8267637434400618e-8,2.532898389309909e-9,-7.0309273728380475e-9,-8.662019715903504e-10,-3.2927878909492903e-9,1.2278580870337091e-9,-1.2986682378979933e-9,-7.994244543002961e-10,5.249391809038321e-7,7.517946846637706e-9,1.1863242192336287e-8,-7.994244954344676e-10,0.15162394891274342,8.169755153331632e-9,2.0132117999055435e-8,-8.222705930816885e-10,7.963197606598529e-9,5.656571770398343e-9,9.746938705025374e-9,-8.137534456238829e-10,3.37083652616166e-8,6.0499866191349915e-9,6.5457040399928975e-9,-9.1739703892202e-10,-7.688664059459531e-9,-2.1995540968337255e-9,-4.441541863137082e-9,-1.2745295075440322e-14,0.43343023579856865,0.1000053706800142,-2.1790384453734656e-12,-7.343147133444164e-12,-3.1362473976027714e-12
Total emissions + ISI,TotEmiss_primary,full_TotEmiss,TotEmiss,ISI,TAC,10,0.9,3.1888245822777763e7,11,0.0,4.708691127777604,4.708691127777604,true,5.935718194205099e-9,-6.116185369640828e-9,3,3,LOCALLY_SOLVED,Solve_Succeeded,0.187585875,0.9954228748986604,3.1888246016330045e7,124.93874496682261,4.708691226783396,503.57998797876445,1.5922526291542861e-16,1.5922526291542861e-16,9.74726336342458e-9,6.116185369640828e-9,0.9000000059357183,0.9944895410090581,0.03333388366660239,1.0000000030267395,0.4910265585657417,5.229888461067142e-7,-5.318374016734122e-9,-4.145662417980183e-9,1.4015215124481686e-10,9.3781580599158e-9,6.873877130526053e-11,-2.0041658159301328e-10,0.04642387774452061,3.2596176842359985e-8,8.438975536045575e-10,-1.862749375502131e-9,1.863680567718663e-8,2.1528178796589696e-8,5.793623973165411e-10,-2.7515662104997582e-9,7.0023459995445815e-9,1.5926472064764746e-8,3.738333618341946e-10,-3.0119827837815426e-10,0.0036168091758674997,3.406508755790804e-8,8.39186563238745e-10,-6.0314997818626804e-9,-3.854045098254671e-9,3.590457787061453e-9,-1.963423709444966e-10,4.545643691950616e-9,1.3683915605153954e-8,1.3137909073431267e-8,-7.816848349391028e-9,0.9999981267176855,0.36478749105743924,1.0634523613094513e-8,-8.552113619543741e-9,3.871982840883148e-8,-8.694587701761702e-9,-7.181043629392589e-9,-9.74726336342458e-9,1.8003113914309683e-8,4.088813139383172e-9,6.008755906323433e-9,-8.597037533603297e-9,1.835374185103607e-6,-4.6194733749263055e-9,-1.891803901544338e-9,-9.347510639334025e-9,-3.3413921776030373e-9,2.0981166508939634e-9,2.0932988265003246e-8,-1.0380386079207327e-9,-4.606291575533534e-10,2.134135030318802e-10,2.9176491741960264e-8,1.0212617451067279e-9,-2.2268509065890354e-11,0.07069090474733818,1.0141032795400886e-7,1.253790651069628e-8,-2.0697215283357008e-10,2.8378772281170544e-8,6.697655625605684e-8,8.607669902988608e-9,-3.057295789444175e-10,1.066266322657925e-8,4.9549024201490315e-8,5.554095661536605e-9,-3.346647537535046e-11,0.005507413972343693,1.0598027240238055e-7,1.246791465383278e-8,-6.701666424291865e-10,-5.868659581433249e-9,1.1170313115302298e-8,-2.917086654032521e-9,2.0198511771081534e-14,0.6250897476413112,3.2148982820523317e-13,-1.1620194545711572e-12,0.005064236166371987,-2.986343945469368e-12
Total emissions + ISI,TotEmiss_primary,full_TotEmiss,TotEmiss,ISI,TAC,11,1.0,3.514905227239132e7,8,0.3,9.02535078727458,4.169098759633046,false,0.3167597524515541,-8.630160456634362e-9,3,3,LOCALLY_SOLVED,Solve_Succeeded,0.02065225,0.12306916625846687,2.4820129834671106e7,43.848187198811246,9.02535092697536,503.5799879922881,1.5922526291542861e-16,1.5922526291542861e-16,9.537878324270033e-9,8.630160456634362e-9,0.6832402475484459,0.12208592600228826,0.3000000086301605,1.0000000050711289,0.3545086539476792,1.0992119618828867e-7,-8.59194669156003e-9,-5.907377383619249e-9,-4.0736372645357016e-9,1.2728158069423462e-9,-1.5465286972162433e-10,-5.2673031510875555e-9,-3.250283273520694e-9,2.0758314419567235e-9,-4.655763808893063e-11,1.8129237416222287e-9,0.08327493569975213,9.67408608736234e-9,1.949251802642242e-9,-5.7400834713095454e-9,-3.857928990611869e-9,1.5425902467205844e-9,-1.2062590346985055e-10,-4.2324961277673435e-9,-1.5003289934015993e-9,3.3185568513807576e-9,1.4465362856012296e-10,-7.3383877713571835e-9,-5.340214473469988e-9,-3.6265606686322507e-10,-3.56700914394011e-10,7.417832208104822e-10,1.4309240210487282e-8,1.0726035011012562e-8,-4.469447507034861e-9,6.678201841322189e-9,0.14442872475729354,1.4305128209665203e-8,-5.095085095605231e-9,0.9999999952059138,-5.611775693448043e-9,-4.366725353850416e-9,-9.508333764377686e-9,1.9796221044783936e-9,1.2422274807949472e-8,9.763068818365563e-9,-5.973668322395334e-9,3.565100178485547e-8,7.245334359328447e-9,2.9866493275414554e-9,-8.569685448942375e-9,-5.549033568558072e-9,-5.1334804578363225e-9,4.475339998056264e-9,2.580579201995131e-9,-6.563752648465829e-10,-6.203038561906636e-9,3.9598713993761875e-9,-2.297699778721275e-9,-5.852559056763947e-10,-4.9492949846792385e-9,6.4581422638653616e-9,-6.917134801783979e-10,2.0143597129135867e-10,0.12680501572462255,3.009715671623839e-8,2.8960312496399023e-8,-6.37787052367727e-10,-5.874573690249892e-9,4.799169656464039e-9,-1.7921562801234936e-9,-4.702773475297047e-10,-2.2845918763160717e-9,1.0324399093184578e-8,2.1491396243218266e-9,-8.153764190396867e-10,-8.131690220965664e-9,-1.1282633191300336e-9,-5.299556442425306e-9,-6.279395424821617e-12,0.12998584180232764,0.32994741933342675,-9.152781784336099e-9,-8.770298300657045e-9,-9.351256440228082e-9
Total emissions + ISI,TotEmiss_primary,full_TotEmiss,TotEmiss,ISI,TAC,11,1.0,3.514905227239132e7,9,0.2,7.406600111394068,4.169098759633046,false,0.1092770551049736,-8.627448488979019e-9,3,3,LOCALLY_SOLVED,Solve_Succeeded,0.01746875,0.30568876065380746,3.158573901158058e7,60.81282223977597,7.406600251050949,503.57998799257314,4.776757887462858e-16,4.776757887462858e-16,9.537651934896215e-9,8.627448488979019e-9,0.8907229448950263,0.304598037700285,0.20000000862744854,1.0000000050678406,0.36440826645671504,1.1004051849448593e-7,-8.59097453634797e-9,-5.905777102906182e-9,-4.073079726569578e-9,1.2746505663773815e-9,-1.546137913384691e-10,-5.265916344952875e-9,-3.250398839989938e-9,2.0774196257215624e-9,-4.6627482359276004e-11,1.8221095900523953e-9,0.0016117982526398292,9.682557107669576e-9,1.9483739923194642e-9,-5.73894925707474e-9,-3.858000233890716e-9,1.5439068469640674e-9,-1.2067914154245125e-10,-4.230569799409613e-9,-1.5008475490511654e-9,3.3207267265039394e-9,1.4450891787909689e-10,-7.33785779427591e-9,-5.340170269021369e-9,-3.620453131112873e-10,-3.567067198782634e-10,7.449448510557786e-10,1.4296108809266044e-8,1.073439869442249e-8,-4.4665448545010215e-9,6.67646411750262e-9,0.3603421613073801,1.4328607007727818e-8,-5.0852823270951856e-9,0.9999999952055914,-5.609720381055984e-9,-4.364055472385246e-9,-9.508120922721097e-9,1.97880512006772e-9,1.2407157987956049e-8,9.773662460619465e-9,-5.969322361528391e-9,3.562978487551869e-8,7.246740362437732e-9,2.9939073660606414e-9,-8.568756911201007e-9,-5.5489040825461555e-9,-5.135176751233023e-9,4.47655669085924e-9,2.5809969787142704e-9,-6.561974558784644e-10,-6.20218958364004e-9,3.965579539840742e-9,-2.297119185600112e-9,-5.851018161058747e-10,-4.9494709608937674e-9,6.463083280022638e-9,-6.927511664806719e-10,2.0245662111693276e-10,0.0024543291574288307,3.012351100163868e-8,2.894727074303204e-8,-6.376610285638598e-10,-5.87468217433359e-9,4.803265746110432e-9,-1.792947245773561e-9,-4.700633110455124e-10,-2.2853814951460925e-9,1.0331149815790032e-8,2.146989637060868e-9,-8.153175326973231e-10,-8.131622909646174e-9,-1.126363196346227e-9,-5.299642695334198e-9,-6.264450999959362e-12,0.324307934728174,0.25645059563668354,-9.152205929344e-9,-8.76954432794398e-9,-9.350934029630249e-9
Total emissions + ISI,TotEmiss_primary,full_TotEmiss,TotEmiss,ISI,TAC,11,1.0,3.514905227239132e7,10,0.1,5.787849435513557,4.169098759633046,false,0.018750038156843635,-9.271388849803561e-9,3,3,LOCALLY_SOLVED,Solve_Succeeded,0.0334125,0.6464627488499414,3.453764981886796e7,92.48889564172646,5.787849585594227,503.5799878625872,1.5922526291542861e-16,1.5922526291542861e-16,9.69980838189039e-9,9.271388849803561e-9,0.9812499618431564,0.6453814988788268,0.10000000927138887,1.0000000055704017,0.4205757643698718,1.6257038573961665e-8,-9.292437176951372e-9,-6.04420945017359e-9,-5.1532729997520154e-9,-2.657410148709393e-10,-1.8752736547544464e-10,-5.419823954291147e-9,-4.880334337335288e-9,1.0397509743327828e-10,-8.885383394105715e-11,-5.419823952623084e-9,-4.881795682565191e-9,1.1330850677713516e-10,-8.60651643106926e-11,-6.0322082075148e-9,-5.140253134647672e-9,-2.2408382163372286e-10,-1.787795973014888e-10,-5.588655230156347e-9,-4.9523184275472485e-9,2.51550050778138e-11,-1.1159707803602883e-10,-7.440877792503495e-9,-5.707619789466912e-9,-1.126968830928701e-9,-3.747964763275447e-10,1.894382660404889e-8,4.474718624171487e-9,7.284556955883191e-9,-1.7270347010030399e-9,0.4950162066845618,0.4205758547089593,1.526481184885706e-8,2.75051318325486e-8,0.5049836951549603,-8.636984285075565e-9,-7.070808069105609e-9,-9.69980838189039e-9,1.9600369346068134e-8,3.0272323847272424e-9,7.0195316096666565e-9,-3.3635890072031583e-9,1.0933639279240792e-7,-5.635609185018424e-9,-2.3224816160272254e-9,-8.999600483520896e-9,-4.2101551170609095e-9,-6.0813774359797654e-9,1.7315541948398118e-9,3.287573022480434e-9,-6.715788277970652e-10,-7.847029340531478e-9,-8.267498240429221e-10,-2.78612085849232e-9,-6.02202661587905e-10,-7.431418195487825e-9,3.234780809035324e-10,-1.3201141042671346e-9,-6.022026614025648e-10,-7.433643425724268e-9,3.525153544177538e-10,-1.2786824411874325e-9,-6.702453563905331e-10,-7.827203636849864e-9,-6.971496673049154e-10,-2.6561540170506903e-9,-6.20961692239594e-10,-7.541030332856035e-9,7.826001579764291e-11,-1.6580137308209995e-9,-8.267641991670547e-10,-8.691148315779161e-9,-3.50612525177818e-9,-5.568404791152091e-9,-2.865756196461147e-11,0.5047474676399238,0.1287708027852399,-9.581142579423256e-9,-9.37160293974642e-9,-9.631055033359228e-9
Total emissions + ISI,TotEmiss_primary,full_TotEmiss,TotEmiss,ISI,TAC,11,1.0,3.514905227239132e7,11,0.0,4.169098759633046,4.169098759633046,false,0.05844183495660951,-8.978035121424796e-9,3,3,LOCALLY_SOLVED,Solve_Succeeded,0.016491666,0.9902933784986121,3.3243377148853686e7,124.46119004981726,4.16909890496505,503.5799879341861,1.5922526291542861e-16,1.5922526291542861e-16,9.705885027277989e-9,8.978035121424796e-9,0.9415581650433905,0.9893518203245907,8.978035121424796e-9,1.0000000041545427,0.47767485658524017,3.812321729388874e-8,-9.025728663162708e-9,-5.282644637780343e-9,-4.7371717827691014e-9,4.460374467326415e-10,5.102684996960284e-11,-4.085349567998346e-9,-4.13243939621225e-9,1.1634056990758483e-9,3.747470359610219e-10,-4.421268203477784e-9,-4.305585491508927e-9,9.946538173032594e-10,2.84875261801374e-10,-5.074631001132398e-9,-4.624232784731646e-9,6.221711323328827e-10,1.1572853626571797e-10,-4.496990730966416e-9,-4.33983393747288e-9,9.568395173372342e-10,2.659389653836916e-10,-7.124565027364391e-9,-5.554063676165415e-9,-7.656177350235284e-10,-2.962257407737939e-10,1.551607810885663e-8,4.675830336433811e-9,8.340675698025605e-9,-2.119439893202967e-9,0.9999997526002107,0.47767493827578444,1.5251478604397976e-8,9.848116233467494e-10,1.4769903814906193e-7,-8.664715374696962e-9,-7.095420265627038e-9,-9.705885027277989e-9,2.3102328598599305e-8,3.922360198617755e-9,7.642107530504394e-9,-4.7703601449450824e-9,1.0340326633115607e-7,-5.758456475208181e-9,-2.400845258040048e-9,-9.062765768574283e-9,-4.293657821123573e-9,-6.002851502290932e-9,2.335540376065803e-9,3.0241832824272684e-9,-5.869605153089268e-10,-7.213420669216586e-9,1.387672056501551e-9,7.58113199548385e-10,-4.5392772977759385e-10,-6.292578171505017e-9,3.619484397124861e-9,5.567670248563753e-9,-4.912520226086424e-10,-6.556232452979502e-9,3.0944785427212513e-9,4.232432461048986e-9,-5.638478890147106e-10,-7.041445376750461e-9,1.9356435228134126e-9,1.7193953959478095e-9,-4.99665636774046e-10,-6.608383495697339e-9,2.9768340539380613e-9,3.951093199986275e-9,-7.916183363738209e-10,-8.457324234160973e-9,-2.381921842295421e-9,-4.401068148639223e-9,-1.47967152239888e-11,0.6849073846055763,6.92853641071819e-11,-9.388613916760906e-9,-9.031547165535353e-9,-9.491387744013724e-9
