frontier_id,method,index_a,index_b,epsilon_TAC,epsilon_TotEmiss,epsilon_ISI,attempts,successful_starts,termination,raw_status,solve_time_s,scalarized_objective,TAC,TotEmiss,ISI,NetCapture,max_abs_equality,max_abs_source_carbon_diagnostic,max_inequality_violation,epsilon_violation,z1,z2,z3,z4,z5,z6,z7,z8,z9,z10,z11,z12,z13,z14,z15,z16,z17,z18,z19,z20,z21,z22,z23,z24,z25,z26,z27,z28,z29,z30,z31,z32,z33,z34,z35,z36,z37,z38,z39,z40,z41,z42,z43,z44,z45,z46,z47,z48,z49,z50,z51,z52,z53,z54,z55,z56,z57,z58,z59,z60,z61,z62,z63,z64,z65,z66,z67,z68,z69,z70,z71,z72,z73,z74,z75,z76,z77,z78,z79,z80,z81,z82,source,TAC_normalized,TotEmiss_normalized,ISI_normalized
PF0001,full_TAC,1,2.0,,124.46120778773845,19.81715008894143,3,3,LOCALLY_SOLVED,Solve_Succeeded,0.063493375,0.0740461155705505,4767306.067987601,85.3803304114995,19.817150249699537,503.5799881489984,9.022764898540956e-17,6.18091759525905e-24,9.60854685863984e-09,9.930920010313517e-09,1.0000000024894982,0.4527026393413107,3.259124166965129e-07,-7.397200866535312e-09,2.3703256127395015e-09,1.8436171753070536e-08,1.2381972131247132e-08,3.482195847467055e-10,2.383804061836181e-09,1.8805953501579733e-08,1.266193696843902e-08,3.8947357069029135e-10,6.603974525634407e-09,5.186986620026289e-08,1.7697059788469842e-08,7.97468853430825e-10,2.320815916442309e-09,1.841099697619578e-08,1.308612014686072e-08,4.915564989445294e-10,6.603980789931031e-09,0.1794495877061719,1.7648926283712112e-08,6.263266479572681e-10,2.1852198049083454e-09,1.723884139444734e-08,1.2846183970778108e-08,4.768379697076368e-10,3.742363669321365e-08,-7.280769139754529e-09,-4.662031417804479e-09,-9.496644096340883e-09,3.762592472586287e-08,-7.619804608686141e-09,-5.1856898598370615e-09,-9.543304960807682e-09,0.0782363384994046,-8.071848567110385e-09,-5.869011849217392e-09,-9.60854685863984e-09,3.6691494013341635e-08,-7.525763117241062e-09,-4.954922412365015e-09,-9.507161177862424e-09,0.9217634925142668,-7.301246329761576e-09,-4.867347846483306e-09,-9.529814098055089e-09,3.477019247171147e-08,-6.585352775598094e-09,-3.428732552419421e-09,-9.342733521683023e-09,2.6336951252661117e-10,2.8073261533084675e-08,3.852169107499107e-08,5.173548116236767e-09,2.6486711798179783e-10,2.8636338286496405e-08,3.9392692790699177e-08,5.786464478827186e-09,7.337749472927115e-10,7.898365989585486e-08,5.505751934190618e-08,1.1848108679543686e-08,2.5786843516025644e-10,2.8034927213752668e-08,4.071237379023335e-08,7.303125127175864e-09,7.337756433256698e-10,0.2732527812798527,5.4907770660437674e-08,9.305424483936554e-09,2.4280220054537166e-10,2.6250053941544818e-08,3.9965905686865226e-08,7.084449835656317e-09,1.9346484652899832e-14,1.2168603211697831e-14,0.0199502892286046,-4.2913583742803513e-13,0.6168622389910249,-5.664870090151101e-13,full_epsilon_grid,0.06827508333693548,0.5689048217432148,0.9666745919074177
PF0002,full_TAC,1,3.0,,124.46120778773845,19.277562265164292,3,3,LOCALLY_SOLVED,Solve_Succeeded,0.070127458,0.103934128299362,5687050.968160283,82.44037850764987,19.27756240483817,503.5799884551851,1.2631870857957334e-16,6.29004323589938e-23,9.443847445109186e-09,8.62843040672803e-09,0.9999999993547524,0.4468752016397429,4.860579574657476e-07,-6.089452888672763e-09,5.905764342214516e-09,1.581390718308711e-08,1.6948862639469662e-08,3.4419964520883015e-10,5.930144008340546e-09,1.6226442203354695e-08,1.728217216101739e-08,3.8338656150692294e-10,1.4834205087543121e-08,5.0834539524698755e-08,2.650353437293337e-08,8.288582241868265e-10,5.76002363739163e-09,1.5944050939785162e-08,1.7630992985324792e-08,4.773051488152385e-10,1.4834211165163433e-08,0.177139621874576,2.729193201399229e-08,6.561460309374893e-10,5.479184169571358e-09,1.47107544939441e-08,1.7168971527524705e-08,4.5901646467768386e-10,3.256898213107772e-08,-6.627867500133018e-09,-3.087412459443887e-09,-9.346128198389785e-09,3.2748898518264664e-08,-6.983415207168971e-09,-3.687811979247686e-09,-9.396453917354492e-09,0.1565053891531174,-7.351765328719495e-09,-4.217924762416103e-09,-9.443847445109186e-09,3.151350866185945e-08,-6.885949948282104e-09,-3.440949182672946e-09,-9.345329662334363e-09,0.8434944251944363,-6.19019640435184e-09,-2.750332611139763e-09,-9.341600305723473e-09,2.9571884512147613e-08,-5.909108262973326e-09,-1.7108594181877955e-09,-9.148841982898892e-09,6.561960380238347e-10,2.4080267756064458e-08,5.272979487835006e-08,5.113823300245476e-09,6.58904889815616e-10,2.4708446082381013e-08,5.3766757834276326e-08,5.696028913817141e-09,1.6482450097270123e-09,7.740713973079128e-08,8.245544027134826e-08,1.231446504506142e-08,6.400026263768477e-10,2.4278441203763764e-08,5.4851978176566016e-08,7.091390782397827e-09,1.6482456850181586e-09,0.2697353333090134,8.490823293242046e-08,9.748455316785556e-09,6.08798241063484e-10,2.240046707032397e-08,5.3414578085632414e-08,6.819673189497017e-09,1.9633732706556274e-14,9.391846000528346e-15,0.0399089024205534,-2.1987557137045758e-13,0.5825815676536414,-2.7351960962499965e-13,full_epsilon_grid,0.09648113952275335,0.5372756823942093,0.9333409937875058
PF0003,full_TAC,1,4.0,,124.46120778773845,18.737974441387156,3,3,LOCALLY_SOLVED,Solve_Succeeded,0.072946167,0.1267882784890413,6390814.463257226,79.50042744416682,18.737974563513777,503.5799886907412,1.592252629154286e-16,1.592252629154286e-16,9.316367256814546e-09,7.544438722184002e-09,0.9999999969324468,0.4410477747691684,5.939692311487235e-07,-4.975398393669734e-09,7.993383671951783e-09,1.4232006181048477e-08,1.9691244467694853e-08,3.4196430174418875e-10,8.022079056516923e-09,1.4649158979198904e-08,2.003004295627993e-08,3.7994115348937677e-10,2.1621843559864445e-08,5.022300894131488e-08,3.2894538997664564e-08,8.547425142861676e-10,7.757591795304014e-09,1.4450223127969071e-08,2.0241873837418246e-08,4.69358449257085e-10,2.1621849025188465e-08,0.1748296564597696,3.4942489156335994e-08,6.800140449723933e-10,7.365894855022434e-09,1.3249499780122091e-08,1.962354631927097e-08,4.4951112763122103e-10,2.9685329081679804e-08,-6.2600496277834685e-09,-2.091604275292565e-09,-9.24979156455604e-09,2.9829924100291135e-08,-6.604350225864982e-09,-2.717023690024325e-09,-9.299236943246717e-09,0.2347744236317582,-6.827023666555005e-09,-2.9881941364412552e-09,-9.316367256814546e-09,2.8519612415437714e-08,-6.509662756413793e-09,-2.484869307463153e-09,-9.237953509024524e-09,0.7652253759509923,-5.339387662267194e-09,-1.1232144394024003e-09,-9.199249487476803e-09,2.6667450705350978e-08,-5.560062206387898e-09,-7.012210229403426e-10,-9.027657724440811e-09,8.881537413279755e-10,2.1671463957505633e-08,6.126164945505064e-08,5.080612483056518e-09,8.913421173907689e-10,2.2306673900143783e-08,6.231568919731533e-08,5.644839994699311e-09,2.4024270622071603e-09,7.647594543336584e-08,1.0233856577051196e-07,1.2699031640823061e-08,8.619546439226678e-10,2.20037488539529e-08,6.29747186053012e-08,6.973325531819549e-09,2.402427669465383e-09,0.266217885972831,1.087099662641564e-07,1.0103065811018415e-08,8.18432761669159e-10,2.0175374665185906e-08,6.105103299328746e-08,6.678451039092426e-09,1.9815118335659267e-14,8.191220399159375e-15,0.0598675104125589,-1.2420094804965969e-13,0.5483009018357506,-1.3881651188699377e-13,full_epsilon_grid,0.11806363775732366,0.5056465520861925,0.900007395886094
PF0004,full_TAC,1,5.0,,124.46120778773845,18.19838661761002,3,3,LOCALLY_SOLVED,Solve_Succeeded,0.078455875,0.1459913021599517,6982466.6637194585,76.56047677948392,18.198386723996546,503.57998889002505,1.592252629154286e-16,1.592252629154286e-16,9.226524176318503e-09,6.572085705328491e-09,0.9999999948741176,0.4352203531329642,6.764359404286989e-07,-3.9512932491097925e-09,9.406139743356564e-09,1.313844854975411e-08,2.1574554537453013e-08,3.4099498208868883e-10,9.434863302105998e-09,1.3547996981854388e-08,2.1900026741101044e-08,3.7812922219129316e-10,2.7639450974188155e-08,4.9780180300151694e-08,3.7975246038263635e-08,8.774913826759864e-10,9.094244089677051e-09,1.3413297543583603e-08,2.197590974302424e-08,4.647260600169692e-10,2.763945544181948e-08,0.1725196913430219,4.1545528961234656e-08,7.007496020151587e-10,8.621345060846331e-09,1.2264888172706132e-08,2.1248952391870663e-08,4.441418325779296e-10,2.7705388312601142e-08,-6.017964261485173e-09,-1.3738764520020092e-09,-9.179491856094986e-09,2.7818129837271802e-08,-6.344075191354289e-09,-2.004408718107177e-09,-9.226524176318503e-09,0.313043450617709,-6.402082641669168e-09,-1.97926288477221e-09,-9.20808559938864e-09,2.650328982687559e-08,-6.253208504105202e-09,-1.7962730396128283e-09,-9.157591355777142e-09,0.6869563354355829,-4.622862245052499e-09,2.50682843469325e-10,-9.080427063432812e-09,2.4754574889341977e-08,-5.3438772353073445e-09,-1.0708129059460329e-11,-8.940869205787545e-09,1.045126638150729e-09,2.0006273928034663e-08,6.712083633874271e-08,5.0662111624605205e-09,1.048318144678444e-09,2.0629904495096458e-08,6.813341652786992e-08,5.617919872556356e-09,3.0710501082431275e-09,7.58016381843219e-08,1.1814520989682021e-07,1.3037014828328942e-08,1.0104715655196716e-09,2.0424793986820485e-08,6.836949697829765e-08,6.9045014631092555e-09,3.071050604646608e-09,0.2627004390905106,1.2925275676828558e-07,1.0411136944225212e-08,9.57927228982925e-10,1.8676079717529792e-08,6.610785188581987e-08,6.598678655443525e-09,1.9949817137364625e-14,7.489373378196545e-15,0.0798261158685647,-6.568870516894116e-14,0.5140202387256704,-5.6206368853016614e-14,full_epsilon_grid,0.1362079897461929,0.47401742606862185,0.8666737980963216
PF0005,full_TAC,1,6.0,,124.46120778773845,17.658798793832883,3,3,LOCALLY_SOLVED,Solve_Succeeded,0.084762083,0.1628528632180959,7502222.039056772,73.62052634844305,17.65879888561254,503.5799890663832,1.592252629154286e-16,1.592252629154286e-16,9.168661801533418e-09,5.669738616978213e-09,0.9999999930439686,0.4293929345833467,7.437993560712816e-07,-2.9765668115676006e-09,1.0436959458720172e-08,1.2324020759751461e-08,2.29668789926082e-08,3.4095850704667147e-10,1.0462903241251278e-08,1.2721781219566689e-08,2.3270764727091558e-08,3.774626026189667e-10,3.3155888719411135e-08,4.942767172780715e-08,4.2211044184441895e-08,8.982874809351893e-10,1.0061621441399544e-08,1.2637824733997346e-08,2.3224672896289752e-08,4.6218164681386397e-10,3.3155891745014834e-08,0.1702097264476147,4.7481309604875554e-08,7.19590822776145e-10,9.529223386533972e-09,1.1543699664502374e-08,2.24213155536459e-08,4.4125710889109835e-10,2.623732661797732e-08,-5.844926900264323e-09,-8.203334946771027e-10,-9.124625765886208e-09,2.6322365365552573e-08,-6.1515301575695374e-09,-1.4467019451739286e-09,-9.168661801533418e-09,0.3913124732915041,-6.040109632274507e-09,-1.111798415003437e-09,-9.112009477091731e-09,2.5027908810196276e-08,-6.064386832791221e-09,-1.2651898471955786e-09,-9.093631319266416e-09,0.6086873001187276,-3.99182592385561e-09,1.4633169779965242e-09,-8.976490673024272e-09,2.3376704893636875e-08,-5.196374412175869e-09,5.010094085290458e-10,-8.87413874163623e-09,1.1596621620800187e-09,1.8766122520530628e-08,7.145251242144774e-08,5.065669247550546e-09,1.1625448045834747e-09,1.9371803220703818e-08,7.239793470650705e-08,5.608015810338933e-09,3.683987635490125e-09,7.52648637673427e-08,1.3132324857381918e-07,1.3345985431037097e-08,1.1179579379332823e-09,1.924396039040505e-08,7.22545378995681e-08,6.8666987526631215e-09,3.6839879716683134e-09,0.2591829925452315,1.4771962988183505e-07,1.0691063652674157e-08,1.0588025985037743e-09,1.7577906307310432e-08,6.975520394467614e-08,6.55581990352489e-09,2.0057416819877493e-14,7.018035433469045e-15,0.099784719806025,-2.4849066724766553e-14,0.479739577237889,1.5334889024325364e-15,full_epsilon_grid,0.1521474630902611,0.44238830256466255,0.8333402003765555
PF0006,full_TAC,1,7.0,,124.46120778773845,17.119210970055747,3,3,LOCALLY_SOLVED,Solve_Succeeded,0.094324958,0.1780437744128291,7970678.529496808,70.68057607012747,17.119211048011444,503.57998922671254,3.1845052583085723e-16,3.1845052583085723e-16,9.120790167336789e-09,4.8157558772085196e-09,0.999999991371322,0.4235655180561013,8.012100667997525e-07,-2.029721927935445e-09,1.122806563929165e-08,1.1686918136895221e-08,2.4047724994656337e-08,3.4164381256590127e-10,1.1249370062322521e-08,1.2071680807392696e-08,2.4326359819418576e-08,3.776595733582343e-10,3.831551617451719e-08,4.9130341538918754e-08,4.585243546896208e-08,9.178225197616017e-10,1.0799386272875696e-08,1.2028746363143208e-08,2.417351808665772e-08,4.6109148263153867e-10,3.8315517171086393e-08,0.1678997617239134,5.2950961268325446e-08,7.372264533022703e-10,1.022302203919482e-08,1.0985925416262148e-08,2.3315749694229273e-08,4.400355107436571e-10,2.5093188901571525e-08,-5.714526198514103e-09,-3.7467090012752973e-10,-9.07995211757636e-09,2.5154018684484963e-08,-6.00213668005584e-09,-9.92175918446313e-10,-9.120790167336789e-09,0.469581493192334,-5.722280922978698e-09,-3.444653443324134e-10,-9.024535284483732e-09,2.388858234169877e-08,-5.9183533875647025e-09,-8.374173890924137e-10,-9.040717760985877e-09,0.5304182682394032,-3.421206464533053e-09,2.5620995335469453e-09,-8.882999264997992e-09,2.2325042260565307e-08,-5.0893801286483505e-09,9.000606745121244e-10,-8.820471348599773e-09,1.247562848810183e-09,1.7795988981181362e-08,7.481514442781971e-08,5.0758509295505334e-09,1.249930006924724e-09,1.838187759307524e-08,7.568200832708e-08,5.610942232750909e-09,4.257279574946352e-09,7.481211097971717e-08,1.4265202145899317e-07,1.363622029360094e-08,1.1999318080972991e-09,1.8316500143877156e-08,7.520650071404625e-08,6.850502027668575e-09,4.257279685676264e-09,0.2556655462614136,1.6473632394590137e-07,1.0953078734776586e-08,1.135891337688313e-09,1.6728568247490085e-08,7.253788793760218e-08,6.5376704453343345e-09,2.0147331772875793e-14,6.674694369209626e-15,0.1197433227332436,5.943543126093278e-15,0.4454589168264565,4.5097525197353494e-14,full_epsilon_grid,0.16651374018240034,0.4107591807037809,0.8000066027051543
PF0007,full_TAC,1,8.0,,124.46120778773845,16.57962314627861,3,3,LOCALLY_SOLVED,Solve_Succeeded,0.111461708,0.1919614818628681,8400040.09419875,67.74062589859354,16.579623210979243,503.5799893751773,3.1845052583085723e-16,3.1845052583085723e-16,9.080091121139231e-09,3.9969170019663855e-09,0.9999999898128936,0.4177381029432838,8.516270150082499e-07,-1.0970342327862972e-09,1.1858399151031708e-08,1.1170369791506402e-08,2.4917240007942192e-08,3.429136106276478e-10,1.1873815773502846e-08,1.1542118205536121e-08,2.5169157007381365e-08,3.7854416435787304e-10,4.320999494565041e-08,4.886867411316215e-08,4.905302995854568e-08,9.36547911591059e-10,1.1384184105385935e-08,1.1533052065882131e-08,2.492316409032755e-08,4.610886384653822e-10,4.320999305686763e-08,0.1655897971374768,5.8079059105639424e-08,7.54096672552152e-10,1.0775060593444486e-08,1.0537369320283085e-08,2.4026340705005704e-08,4.4001704912526254e-10,2.4169168235591253e-08,-5.612552645917351e-09,-4.863397980972036e-12,-9.042482600804762e-09,2.4208593951506505e-08,-5.882276577838189e-09,-6.110414027012991e-10,-9.080091121139231e-09,0.5478505111886305,-5.437434922955593e-09,3.4762972494344e-10,-8.943501417389658e-09,2.2974353436593912e-08,-5.801459904932092e-09,-4.822110714058615e-10,-8.995741675390002e-09,0.4521492387706266,-2.8960347048745483e-09,3.5754829441305227e-09,-8.797296836937717e-09,2.1488801458111384e-08,-5.0084505853051974e-09,1.2225001702474515e-09,-8.775933893389332e-09,1.3175999056701891e-09,1.7009426727975654e-08,7.752030224693127e-08,5.094716500753625e-09,1.319312863722538e-09,1.7575498176611822e-08,7.830404402296425e-08,5.624084727602684e-09,4.80111054951671e-09,7.441366285413325e-08,1.5260942653769762e-07,1.3914426115067158e-08,1.2649093450428815e-09,1.7561692918502335e-08,7.753873272546348e-08,6.850459771485678e-09,4.801110339651957e-09,0.2521481001866125,1.8069040610643377e-07,1.12037219922034e-08,1.1972289548271643e-09,1.6045539646794695e-08,7.474861552668442e-08,6.5373961584324725e-09,2.0224981138757115e-14,6.410758678732539e-15,0.1397019249447937,3.0390647963804954e-14,0.4111782571727299,7.969250262860823e-14,full_epsilon_grid,0.17968108301380925,0.3791300599916975,0.7666730050688972
PF0008,full_TAC,1,9.0,,124.46120778773845,16.040035322501474,3,3,LOCALLY_SOLVED,Solve_Succeeded,0.157888375,0.2048636875462446,8798219.716243157,64.80067581306699,16.04003537584506,503.5799895145776,1.592252629154286e-16,1.592252629154286e-16,9.04477551716125e-09,3.295329322031351e-09,0.9999999883387516,0.411910688878234,8.969258359444247e-07,-1.6826475107444882e-10,1.2375930726444705e-08,1.0739694273338621e-08,2.563651212199251e-08,3.446785480522648e-10,1.2384602631793146e-08,1.1098893910859644e-08,2.5861340569559143e-08,3.8000343092804837e-10,4.79053366900501e-08,4.8629693578054575e-08,5.1915324505272474e-08,9.54787038444511e-10,1.1862159444921936e-08,1.1118340361569485e-08,2.5533659284806142e-08,4.619477831944322e-10,4.790533054508205e-08,0.1632798326696874,6.295241290640763e-08,7.705171795839786e-10,1.1228491186666892e-08,1.016566901251852e-08,2.4608779406198314e-08,4.4092667165742986e-10,2.3402495523462873e-08,-5.530621442207305e-09,3.0901861375108985e-10,-9.010350064060212e-09,2.3422747973434072e-08,-5.783695064847542e-09,-2.845407318505215e-10,-9.04477551716125e-09,0.6261195276128273,-5.178291624577434e-09,9.809482948028487e-10,-8.867473076441209e-09,2.2219185907193593e-08,-5.705486099509177e-09,-1.80474788444735e-10,-8.956728594478822e-09,0.3738802112540816,-2.4064459746835696e-09,4.522375407395313e-09,-8.717625655530045e-09,2.0803134088377476e-08,-4.945398929740729e-09,1.4899463280218174e-09,-8.738102180050599e-09,1.375103414049411e-09,1.6353625370765622e-08,7.975803771286558e-08,5.1209384282050765e-09,1.376066959088127e-09,1.6900588455172637e-08,8.0457503994184e-08,5.645765259502432e-09,5.322815187783343e-09,7.4049760675674e-08,1.6151434290529213e-07,1.4185407428318452e-08,1.3180177161024368e-09,1.6930200096026257e-08,7.943805110828579e-08,6.8632242074601355e-09,5.322814505009114e-09,0.2486306542924785,1.958519512643793e-07,1.1447683810961969e-08,1.2476101318518762e-09,1.547954145088047e-08,7.656064704150588e-08,6.550910550338958e-09,2.0293869729626232e-14,6.199894395847294e-15,0.1596605265753581,5.0549588763355917e-14,0.3768975981636013,1.0821871817301893e-13,full_epsilon_grid,0.1918921610957031,0.3475009402049149,0.7333394075498924
PF0009,full_TAC,1,10.0,,124.46120778773845,15.50044749872434,3,3,LOCALLY_SOLVED,Solve_Succeeded,0.2278135,0.2169278423883884,9170666.194199184,61.860725807303965,15.50044754494042,503.579989646982,9.022764898540956e-17,5.126570965080088e-17,9.013630242628354e-09,2.855023754047682e-09,0.999999986925602,0.4060832756275218,9.383941487727896e-07,7.655232231531012e-10,1.2812017812621044e-08,1.0372144791134209e-08,2.6245367460498232e-08,3.468836417838369e-10,1.2813328690573077e-08,1.071943525572304e-08,2.6443276307876673e-08,3.8196705671600173e-10,5.2455146340536066e-08,4.8402651370478776e-08,5.4512042168615096e-08,9.727948962500191e-10,1.2263227215512283e-08,1.0763344839410804e-08,2.6043370707352052e-08,4.6352895230732414e-10,5.2455133625582915e-08,0.1609698683130997,6.76385996635491e-08,7.86744794849474e-10,1.1611137242605024e-08,9.850003011176303e-09,2.5098512177024084e-08,4.42596526700745e-10,2.2752750128434582e-08,-5.463457646014453e-09,5.802031366181287e-10,-8.982308194938864e-09,2.275558553568558e-08,-5.701063958542249e-09,-7.756420679676486e-14,-9.013630242628354e-09,0.7043885424906096,-4.939761834767787e-09,1.5671655790826975e-09,-8.795418012754139e-09,2.1581049496499683e-08,-5.6251507939564174e-09,8.045497638661902e-11,-8.922339975090326e-09,0.2956111855516109,-1.9454120352588776e-09,5.416438786127535e-09,-8.642723036069695e-09,2.0227339756891895e-08,-4.895254169353384e-09,1.7162711985742983e-09,-8.705380374711439e-09,1.423557534735671e-09,1.5793947750136182e-08,8.165225432155007e-08,5.153699820788433e-09,1.4237031878414522e-09,1.6322776412123723e-08,8.22679707356163e-08,5.674939128352025e-09,5.828349593392894e-09,7.370403731413811e-08,1.695930200801358e-07,1.4452952744285996e-08,1.3625808017235862e-09,1.6389638732739176e-08,8.10238199784286e-08,6.886715862851672e-09,5.828348180620321e-09,0.2451132085676746,2.1043119895326387e-07,1.1688779809192184e-08,1.2901263602894463e-09,1.4998868221563915e-08,7.808426010629716e-08,6.575719825268211e-09,2.0356493493244913e-14,6.026436217598096e-15,0.1796191276672662,6.768150523566897e-14,0.3426169398067481,1.324568416153437e-13,full_epsilon_grid,0.20331407415166602,0.31587182127625907,0.7000058102921716
PF0010,full_TAC,1,11.0,,124.46120778773845,14.960859674947203,3,3,LOCALLY_SOLVED,Solve_Succeeded,0.308458042,0.2282811318155507,9521284.876943778,58.92077584561025,14.960859714248183,503.5799897740914,1.592252629154286e-16,1.592252629154286e-16,8.98578561009978e-09,2.4278395790358304e-09,0.9999999855523752,0.4002558629597578,9.769872742087306e-07,1.7135827033056044e-09,1.3188802386192947e-08,1.0051724643033922e-08,2.6771227068271747e-08,3.495036450771102e-10,1.3182258148572484e-08,1.0387779712200712e-08,2.6942616049974876e-08,3.84399570129573e-10,5.6909625117440524e-08,4.8175252152189117e-08,5.689708513376728e-08,9.907910537460396e-10,1.2608318011355132e-08,1.0453109171667745e-08,2.6478227255267213e-08,4.657527735351422e-10,5.690960059891412e-08,0.1586599040404671,7.219752195524718e-08,8.030252291093712e-10,1.1942435927798402e-08,9.575998036169488e-09,2.5519484041484852e-08,4.44931271424831e-10,2.2192852833928423e-08,-5.4075951811431e-09,8.179318330537203e-10,-8.957478634203343e-09,2.2179604640701432e-08,-5.630784463750203e-09,2.512630894892266e-10,-8.98578561009978e-09,0.7826575566915981,-4.718076197323731e-09,2.115097928258262e-09,-8.72653158289235e-09,2.1031937061791036e-08,-5.556897326641007e-09,3.0943065689016907e-10,-8.891617054581652e-09,0.2173421606761416,-1.5074979034927523e-09,6.268485934122932e-09,-8.571598755310562e-09,1.9734640919075672e-08,-4.854862048404537e-09,1.9108452504178888e-09,-8.676661841813764e-09,1.4654224873547711e-09,1.5306035251892563e-08,8.328826199017875e-08,5.192625584002779e-09,1.4646953498413863e-09,1.581775547085108e-08,8.38214721554774e-08,5.711079327639371e-09,6.323291679715611e-09,7.335777032265159e-08,1.770131537494982e-07,1.4720324227084017e-08,1.4009242234839031e-09,1.5917234420494066e-08,8.237670701638689e-08,6.919755492522111e-09,6.323288955434899e-09,0.2415957629707112,2.246145127496579e-07,1.19306605467678e-08,1.326937325310933e-09,1.458163337325808e-08,7.939395035128622e-08,6.610407461168918e-09,2.0414827187497732e-14,5.8803761907066665e-15,0.1995777284677803,8.262689461934804e-14,0.3083362817360615,1.535949995565733e-13,full_epsilon_grid,0.21406658853194116,0.28424270282171793,0.6666722130475724
PF0011,full_TAC,1,12.0,,124.46120778773845,14.421271851170069,3,3,LOCALLY_SOLVED,Solve_Succeeded,0.401273417,0.2390166924856754,9852935.613690205,55.980825916327746,14.421271883667384,503.5799898975654,1.592252629154286e-16,1.592252629154286e-16,8.96057453983604e-09,2.0075396553857975e-09,0.9999999841947378,0.3944284507273546,1.0134849431500794e-06,2.6876716608646035e-09,1.3524188415594257e-08,9.765866773655651e-09,2.7233894930240144e-08,3.5254539173374883e-10,1.35092834906721e-08,1.0091329402630826e-08,2.7379192191340516e-08,3.8730126023079365e-10,6.132677750016523e-08,4.7925415036642735e-08,5.9110201800871934e-08,1.008987078272327e-09,1.2914103914146358e-08,1.0175924451842045e-08,2.6856600562399548e-08,4.685930660201948e-10,6.132672770719439e-08,0.1563499398564767,7.669339461541757e-08,8.19660780453601e-10,1.22379423773263e-08,9.332633111838489e-09,2.588874350925312e-08,4.4789603638579185e-10,2.1704951947772285e-08,-5.360713972244269e-09,1.0290032843451568e-09,-8.93520326853202e-09,2.1676488042414723e-08,-5.570349115634195e-09,4.761629811814089e-10,-8.96057453983604e-09,0.8609265705201858,-4.5102673473569705e-09,2.631934559033965e-09,-8.660112552000814e-09,2.0553117398659617e-08,-5.498245539604411e-09,5.129925333822408e-10,-8.863826138014953e-09,0.1390731361670281,-1.0878806380084472e-09,7.08845728139188e-09,-8.503357252465224e-09,1.9307384797332265e-08,-4.822203510261572e-09,2.080279004928816e-09,-8.651137595958731e-09,1.5026876017326944e-09,1.4870751678066552e-08,8.472767311630266e-08,5.2378172486156975e-09,1.501031498963566e-09,1.5366342499460574e-08,8.517970903972603e-08,5.7541901520003634e-09,6.814086388907244e-09,7.29773365330696e-08,1.8389840560271266e-07,1.4990665162903144e-08,1.4349004349051504e-09,1.5495157688032202e-08,8.355386841635414e-08,6.961954123728607e-09,6.814080856354928e-09,0.2380783175087259,2.386016721368546e-07,1.2177817309596357e-08,1.3597713752584776e-09,1.4211054965754058e-08,8.054275758434304e-08,6.654455397731765e-09,2.0470696190836523e-14,5.754883158714116e-15,0.2195363290677204,9.600351064971557e-14,0.2740556238425741,1.725075593879123e-13,full_epsilon_grid,0.22423740797652986,0.2526135847158691,0.6333386158098574
PF0012,full_TAC,1,13.0,,124.46120778773845,13.88168402739293,3,3,LOCALLY_SOLVED,Solve_Succeeded,0.483038125,0.2492017307136454,10167682.034716465,53.04088514645041,13.881684139849444,503.5799883571316,4.0602442043434296e-17,5.126570965080088e-17,9.466056009315481e-09,6.94706270720505e-09,1.000000000134171,0.3886011534138204,4.509935575255443e-07,-6.325137020884577e-09,5.1762897301461665e-09,1.654270363036472e-08,1.5966640182384237e-08,2.4556076984771325e-10,5.121702047985145e-09,1.6881504847967925e-08,1.654973297539182e-08,3.3113052850460056e-10,1.2572242163765164e-08,2.7136208035433138e-08,2.3145372922324266e-08,9.041608045059099e-10,4.80531943084047e-09,1.6250346571821442e-08,1.7458637407784902e-08,5.974177397262825e-10,1.2572227110458664e-08,0.1540400216158439,2.5109692216156024e-08,4.947073069704361e-10,4.576126368467263e-09,1.4982327288654078e-08,1.6866881966971092e-08,5.676973460805014e-10,3.474750720558885e-08,-6.870302573938162e-09,-3.6263727112364845e-09,-9.400197483809796e-09,3.4264415876589095e-08,-7.2177584521887915e-09,-4.167243082096836e-09,-9.431472878925993e-09,0.9391954874695876,-7.740496695968776e-09,-4.877851350635676e-09,-9.466056009315481e-09,3.1597727570745066e-08,-7.132023785081139e-09,-3.85298361782872e-09,-9.328795749469551e-09,0.0608043324533674,-6.618332517481553e-09,-3.491071525340019e-09,-9.408581922408138e-09,2.979722408083012e-08,-6.197986328780308e-09,-2.1673017237019244e-09,-9.092157122031942e-09,5.751433033495738e-10,2.5190025982600826e-08,4.967399167852873e-08,3.648331437737454e-09,5.690780053316824e-10,2.570592783667843e-08,5.1488058145663445e-08,4.919653566354066e-09,1.3969157959739063e-09,4.1321044053955003e-08,7.200782686945327e-08,1.3433246238373522e-08,5.339243812044966e-10,2.4744845916182647e-08,5.4315760824219694e-08,8.875920704504767e-09,1.3969141233842956e-09,0.2345609420059442,7.81190424502632e-08,7.349937132132192e-09,5.084584853852513e-10,2.2813998371359617e-08,5.2474743897243385e-08,8.43436057033888e-09,7.253695754820277e-15,3.666168375064674e-15,0.2394948542208697,-9.352953583902977e-14,0.2397750535087744,-1.21528483154552e-13,full_epsilon_grid,0.23388981837215692,0.22098456515044262,0.6000050239320079
PF0013,full_TAC,1,14.0,,124.46120778773845,13.342096203615794,3,3,LOCALLY_SOLVED,Solve_Succeeded,0.459123583,0.2589570804942387,10469234.238944432,50.10162351761339,13.34209622647101,503.57999006538034,1.592252629154286e-16,1.592252629154286e-16,8.928876612796547e-09,1.4118935095144856e-09,0.9999999824809604,0.3827750101235136,1.073256640280035e-06,4.177004842279782e-09,1.3837656855523868e-08,9.467683020009372e-09,2.7865488543498494e-08,3.5574089654237344e-10,1.3814359483332896e-08,9.777940389192324e-09,2.7973897818782185e-08,3.9025420218901574e-10,7.300783313027809e-08,0.0049501491074189,6.494334659578864e-08,1.0640577442140208e-09,1.3205770458979356e-08,9.87932091603066e-09,2.7372872190915554e-08,4.713872251044199e-10,6.029019950585795e-08,0.1467804575499597,8.298779882973485e-08,8.379661184768926e-10,1.2523671597627834e-08,9.075833088753486e-09,2.639466255931793e-08,4.5093917784885567e-10,2.0943678327471737e-08,-5.3033782078864e-09,1.2930708372040224e-09,-8.907468786625605e-09,2.090236817907163e-08,-5.496112680879918e-09,7.588178138608484e-10,-8.928876612796547e-09,0.999999086078233,-2.750543876611619e-09,3.5163319935316774e-09,-8.546326642115597e-09,1.9834680324383065e-08,-5.427080560779707e-09,7.667416580877975e-10,-8.828913235455771e-09,6.086367896841652e-07,-2.007632383250919e-09,5.865689421496821e-09,-8.607230341533876e-09,1.8663554123587825e-08,-4.783905062301664e-09,2.2883816772547294e-09,-8.61965603143413e-09,1.53751742839154e-09,1.441669914410518e-08,8.669263102421751e-08,5.285293320058119e-09,1.534928831481432e-09,1.4889136501724676e-08,8.702990432510014e-08,5.798062432522519e-09,8.111981458919785e-09,0.0075377270499333,2.0204596718689795e-07,1.580885791403688e-08,1.4673078287754832e-09,1.504351139486487e-08,8.516004681618173e-08,7.003467344408523e-09,6.698911056206434e-09,0.2235066058147113,2.581842630258417e-07,1.2449782331656687e-08,1.391519066403092e-09,1.3820018566965536e-08,8.211672796232245e-08,6.699667785182998e-09,2.0550265080886536e-14,5.604739442174256e-15,0.2594549184889619,1.1321635607650212e-13,0.2054929129170113,1.967204957596752e-13,full_epsilon_grid,0.24313759828788611,0.1893628520469259,0.5666714215793832
PF0014,full_TAC,1,15.0,,124.46120778773845,12.802508379838658,3,3,LOCALLY_SOLVED,Solve_Succeeded,0.482158125,0.268384238531026,10760708.192050084,47.16479653911432,12.8025083942406,503.5799902111776,1.592252629154286e-16,1.592252629154286e-16,8.905392391357334e-09,8.89687900953277e-10,0.9999999804601684,0.3769537887343648,1.10951562104009e-06,5.49671818809451e-09,1.4334572495128052e-08,9.115422777835232e-09,2.8231756421141393e-08,3.6174368636267207e-10,1.4293624566106762e-08,9.416396250867336e-09,2.8311050423944517e-08,3.9628025061051035e-10,7.861838772216795e-08,0.0271333445237309,6.629478689668675e-08,1.0808106038285415e-09,1.3644956919514726e-08,9.547925126726717e-09,2.7660779300916717e-08,4.779063649419128e-10,6.646306449664727e-08,0.122289751967844,8.872187796633917e-08,8.65588906925545e-10,1.2952982535646265e-08,8.787278411950221e-09,2.668798829622827e-08,4.5764774555741773e-10,2.0736912176905853e-08,-5.276940224938421e-09,1.4722278483145655e-09,-8.887397971150241e-09,2.0668072521363963e-08,-5.453780065585398e-09,9.57129124731654e-10,-8.905392391357334e-09,0.9999989339060972,-2.3829543285969164e-09,4.001577602864034e-09,-8.478794516727481e-09,1.9588894976435594e-08,-5.385023624774858e-09,9.428122231199771e-10,-8.803206364008884e-09,7.445356241137927e-07,-1.6954980154273556e-09,6.543868432640032e-09,-8.550311585318243e-09,1.8460579868952142e-08,-4.771537299008299e-09,2.4196886645860558e-09,-8.597823120936529e-09,1.5927302772364495e-09,1.3880302866249103e-08,8.783213108799542e-08,5.374477625959699e-09,1.5881805073451955e-09,1.4338603382002536e-08,8.807882354116073e-08,5.887592294784725e-09,8.735376413574212e-09,0.0413166837065903,2.0625044812302547e-07,1.6057757542595475e-08,1.5161063243905246e-09,1.453888598842477e-08,8.605575782507423e-08,7.1003231362798475e-09,7.384784944071915e-09,0.1862139404964897,2.7602362033972184e-07,1.2860178045750956e-08,1.439220281738473e-09,1.3380628490924196e-08,8.302929692159904e-08,6.799337933995919e-09,2.0627989351934303e-14,5.499575328263173e-15,0.2794197580509831,1.2730238200579929e-13,0.1712059850587341,2.1670543760307401e-13,full_epsilon_grid,0.2520763058539264,0.15776733185313135,0.5333378242397618
PF0015,full_TAC,1,16.0,,124.46120778773845,12.262920556061523,3,3,LOCALLY_SOLVED,Solve_Succeeded,0.399167584,0.2773199694189238,11037092.409540784,44.22796959922309,12.262920562640693,503.5799903396032,1.592252629154286e-16,1.592252629154286e-16,8.886041087933944e-09,4.0643178116809957e-10,0.999999978799815,0.3711325669682886,1.145902068468518e-06,6.7948755954630565e-09,1.4645040132479526e-08,8.876641003762557e-09,2.8589521832124383e-08,3.6744019748030537e-10,1.4592029905175412e-08,9.168470714325492e-09,2.8642052312897967e-08,4.0202461621007534e-10,8.406831067486051e-08,0.049316514396862,6.821515348490257e-08,1.1035360477102394e-09,1.3922117155929465e-08,9.317658472042738e-09,2.7945546674123696e-08,4.841683919952419e-10,7.133522956925587e-08,0.0977990714172689,9.400593445232319e-08,8.889029160963563e-10,1.3227400556040052e-08,8.588999246777927e-09,2.6976166064622972e-08,4.6406484655524904e-10,2.0413584032922844e-08,-5.254849960467201e-09,1.6202554251963807e-09,-8.870966308978923e-09,2.0328438896089157e-08,-5.419131740006783e-09,1.121039278585544e-09,-8.886041087933944e-09,0.9999988694163896,-2.073546359487368e-09,4.4565261452599765e-09,-8.414963709445191e-09,1.9263103715258263e-08,-5.351361051263018e-09,1.0870982642487886e-09,-8.782060587887172e-09,7.958772086976202e-07,-1.44403365132182e-09,7.107091629940914e-09,-8.503162767440415e-09,1.8178725577129795e-08,-4.761855458589935e-09,2.526516794530007e-09,-8.580102625889722e-09,1.6272266813866135e-09,1.3516703346638436e-08,8.894517903327587e-08,5.459111505421679e-09,1.6213366561306006e-09,1.3961080405904724e-08,8.910860719568257e-08,5.972937155121119e-09,9.340923408317832e-09,0.0750956014679489,2.1222492195303021e-07,1.6395392708837846e-08,1.5469019062143843e-09,1.4188252673337804e-08,8.694170076394037e-08,7.193358966786451e-09,7.926136618806204e-09,0.1489213132944777,2.924629071850055e-07,1.3206557610574435e-08,1.4697111728933387e-09,1.307870339850275e-08,8.3925849978827e-08,6.894677720249414e-09,2.0697591744153555e-14,5.4161207013045346e-15,0.2993845970489034,1.3924402292798425e-13,0.1369190577986223,2.33550340244247e-13,full_epsilon_grid,0.2605522525712741,0.12617181207469486,0.5000042269390903
PF0016,full_TAC,1,17.0,,124.46120778773845,11.723332732284389,3,3,LOCALLY_SOLVED,Solve_Succeeded,0.313358417,0.2857981836382523,11299428.1448268,41.29114262998163,11.723332730172784,503.579990473609,1.592252629154286e-16,1.592252629154286e-16,8.867969253305193e-09,0.0,0.9999999770162852,0.36531134446648,1.186176494536298e-06,8.310179546852164e-09,1.493257778940943e-08,8.655644592030605e-09,2.896710733880995e-08,3.7438260570330186e-10,1.4867351194962609e-08,8.938146340393508e-09,2.8991272246055986e-08,4.0908524138907967e-10,9.014989566095521e-08,0.0714996798604758,7.041741432965717e-08,1.131709060705412e-09,1.4179069299365962e-08,9.103393599231712e-09,2.8247095006277184e-08,4.919642807106955e-10,7.649810329724103e-08,0.0733083949360028,9.989668058027869e-08,9.151837374236727e-10,1.3484704960570606e-08,8.406364102615414e-09,2.728295941390473e-08,4.720198539861576e-10,2.006509621101532e-08,-5.238743709746678e-09,1.754848035459642e-09,-8.855853326807668e-09,1.996497874482969e-08,-5.3906093488316385e-09,1.2721505702521855e-09,-8.867969253305193e-09,0.9999988208989532,-1.7699792048597912e-09,4.912293114203229e-09,-8.349557191583981e-09,1.8918444376648404e-08,-5.323914507453346e-09,1.2183952141915558e-09,-8.762417254387627e-09,8.302752100223805e-07,-1.2086603856706063e-09,7.656476239792406e-09,-8.457171850550092e-09,1.788059997963635e-08,-4.758499891509574e-09,2.618601378577002e-09,-8.564318800932324e-09,1.6591753099343802e-09,1.3180186083319332e-08,9.011988949851985e-08,5.562255856163342e-09,1.6519279105514004e-09,1.3610359200144658e-08,9.019506920995197e-08,6.077837872066328e-09,1.001665507343946e-08,0.1088745125148155,2.190764001367112e-07,1.6813963187623263e-08,1.575452144373995e-09,1.3861985707921018e-08,8.787985113064013e-08,7.309183599130331e-09,8.499789255249e-09,0.1116286922889133,3.107896729164226e-07,1.359701552743742e-08,1.4983005511745111e-09,1.2800599883528016e-08,8.488031817659249e-08,7.012866402080054e-09,2.077886464190359e-14,5.3405401170502296e-15,0.3193494364047646,1.5178323774138097e-13,0.1026321298770917,2.511868673422786e-13,full_epsilon_grid,0.26859737082921276,0.09457629198049726,0.4666706295847971
PF0017,full_TAC,1,18.0,,124.46120778773845,11.18374490850725,3,3,LOCALLY_SOLVED,Solve_Succeeded,0.235496083,0.2937904511418635,11546842.426437745,38.35431555626994,11.183744895224445,503.57999062972567,8.120488408686858e-17,5.126570965080088e-17,8.850207588843466e-09,0.0,0.9999999747810449,0.3594901200563243,1.2371094535039578e-06,1.0368146106937565e-08,1.5248550151481422e-08,8.42199671359673e-09,2.9421468218274974e-08,3.8436086887514066e-10,1.5168791634630523e-08,8.694216296222692e-09,2.9411876380617973e-08,4.1932772677213715e-10,9.789875775701385e-08,0.0936828452858423,7.320524731472832e-08,1.1712997682881775e-09,1.4461194221887782e-08,8.877022335994362e-09,2.8612340598342205e-08,5.03417641033015e-10,8.288285896536222e-08,0.0488177177933622,1.075103811385346e-07,9.503435808801322e-10,1.3770799742843951e-08,8.215992705982097e-09,2.7657004833820036e-08,4.836524164641092e-10,1.9666473729257583e-08,-5.231781118949109e-09,1.8805102073747356e-09,-8.841400652543268e-09,1.9550128808869045e-08,-5.369830413946848e-09,1.4172488645661475e-09,-8.850207588843466e-09,0.9999987746824688,-1.452285807029073e-09,5.398697420679343e-09,-8.277533200322317e-09,1.852697327334023e-08,-5.304283047648386e-09,1.3415513796479155e-09,-8.743319518915806e-09,8.587766286564826e-07,-9.786142769184487e-10,8.234533437828348e-09,-8.408673308997152e-09,1.7543979819587093e-08,-4.766336104952224e-09,2.694936202775543e-09,-8.550237088684854e-09,1.6942833501646012e-09,1.28244040866132e-08,9.153345667907769e-08,5.710504337573519e-09,1.685421292736724e-09,1.3238920269248189e-08,9.150361540636702e-08,6.23001194061461e-09,1.0877639750779312e-08,0.1426534235034417,2.2774965831248807e-07,1.7402167985995776e-08,1.6067993579875303e-09,1.3517284011627776e-08,8.901617075039798e-08,7.479347809633366e-09,9.209206551706907e-09,0.0743360702762561,3.344767413198853e-07,1.4119390344504824e-08,1.5300888603159939e-09,1.2510716165927285e-08,8.604401503855122e-08,7.185693044609621e-09,2.0892223488317096e-14,5.268120714838329e-15,0.3393142769705696,1.6714907929774094e-13,0.0683451999877809,2.7273566142701394e-13,full_epsilon_grid,0.27618488898449894,0.06298077076236852,0.43333703207727275
PF0018,full_TAC,1,19.0,,124.46120778773845,10.644157084730114,3,3,LOCALLY_SOLVED,Solve_Succeeded,0.158773,0.3011534454196038,11774934.278377729,35.41748806969993,10.644157051122129,503.5799908685007,3.1845052583085723e-16,3.1845052583085723e-16,8.830463240217712e-09,0.0,0.9999999708370296,0.3536688886701196,1.3269235035325489e-06,1.4424503149029924e-08,1.5720896669355417e-08,8.098419744217001e-09,3.0165844437351364e-08,4.0531734208445957e-10,1.5617766446228755e-08,8.356475993124931e-09,3.010266871025353e-08,4.410654273781863e-10,1.1167366396781713e-07,0.1158660172317547,7.801891156183846e-08,1.2518902365506491e-09,1.4881965311697088e-08,8.565479534267834e-09,2.9216522194251604e-08,5.280370974917202e-10,9.389934936527849e-08,0.0243270317009786,1.2144372351869046e-07,1.0191182677286086e-09,1.4204220462962545e-08,7.958941778340742e-09,2.828020055459899e-08,5.084888851917342e-10,1.9079213973830994e-08,-5.247944454425195e-09,2.0026061588969652e-09,-8.826345893962447e-09,1.8939726261049835e-08,-5.366088552930297e-09,1.5694393110264556e-09,-8.830463240217712e-09,0.9999987142054496,-1.0629900289686799e-09,6.021892904234216e-09,-8.180190291538254e-09,1.7952213025274053e-08,-5.3019350977384445e-09,1.463063621136275e-09,-8.722688709791492e-09,8.880529550437631e-07,-7.329232822890766e-10,8.965588586601047e-09,-8.346657064570776e-09,1.7054291429347827e-08,-4.8052169526625285e-09,2.741887823051627e-09,-8.538411002777215e-09,1.7467662965950454e-09,1.2331684610512253e-08,9.38492938050931e-08,6.0218576538262565e-09,1.7353073829143051e-09,1.2724633898622052e-08,9.365274709856653e-08,6.552972063904482e-09,1.2408184885313008e-08,0.176432344421081,2.427255026368307e-07,1.8599512085895362e-08,1.6535517012996756e-09,1.3042889290816931e-08,9.089584682656056e-08,7.845122591305559e-09,1.0433261040586496e-08,0.037043434635581,3.778249176137035e-07,1.51411856919679e-08,1.5782467181069482e-09,1.2119297707927949e-08,8.798284616986352e-08,7.554692008562909e-09,2.1113081072034905e-14,5.1891758560365865e-15,0.3592791221481515,1.930858815887413e-13,0.0340582627843222,3.08996433825971e-13,full_epsilon_grid,0.2831798411610628,0.03138524510255034,0.40000343400425203
PF0019,full_TAC,1,23.0,,124.46120778773845,8.485805789621569,3,3,LOCALLY_SOLVED,Solve_Succeeded,0.603674084,0.736469780920189,25117286.457494196,120.89731472633748,8.485805868195618,503.5799890165482,1.592252629154286e-16,1.592252629154286e-16,9.318999724240252e-09,4.8539548854702695e-09,0.9999999931687776,0.5231023756029893,7.478611779513009e-07,-3.152111425181346e-09,1.0504071963423436e-08,1.2348931480885922e-08,2.264754930326443e-08,3.43691191513446e-10,3.3572258384961824e-08,0.1262675672424314,4.4877223713725155e-08,7.710642581396506e-10,1.0580923622536944e-08,1.3740562228731273e-08,2.3671713484724073e-08,4.850388428574115e-10,1.0100898116643322e-08,1.2697420576776345e-08,2.2945640400429433e-08,4.662191936743087e-10,3.061022809417878e-08,0.0810882919702588,4.643218350258675e-08,7.250443953100558e-10,9.582972060321724e-09,1.1624533606794395e-08,2.217698654611824e-08,4.4572462613697615e-10,2.7257181493933825e-08,-5.945947270031075e-09,-1.0578953402780772e-09,-9.147775680767121e-09,0.9999988157865232,-3.602949599567454e-09,1.8273496268426242e-09,-8.902712772490017e-09,2.7522404013372777e-08,-6.993051487694487e-09,-3.219313727034311e-09,-9.318999724240252e-09,2.589535440337547e-08,-6.160947364953296e-09,-1.489087883060155e-09,-9.119984494077642e-09,9.558791377397508e-07,-4.762721883150487e-09,2.3624143086030895e-10,-9.083371787362332e-09,2.421556307835942e-08,-5.301378025562913e-09,2.5299637937291004e-10,-8.905389587263282e-09,1.1671191070470479e-09,1.8804054754985385e-08,7.045904227682266e-08,5.106269131056913e-09,3.730250931662423e-09,0.1922710683009751,1.3961802933158936e-07,1.1455811835217666e-08,1.1756581802818823e-09,2.0923128848295343e-08,7.364533084136377e-08,7.206291379595827e-09,1.1223220129603687e-09,1.9334708605545797e-08,7.138643680133599e-08,6.926685163161156e-09,3.4011364549087526e-09,0.1234753536819851,1.444556820080477e-07,1.0772088158892256e-08,1.0647746733690795e-09,1.7700994355800556e-08,6.899506925459007e-08,6.622194445463645e-09,2.0203340401392623e-14,0.3686405072735208,7.787387622922317e-14,-2.2576994344879308e-14,0.1135239822703023,4.498699975239391e-15,full_epsilon_grid,0.6923532273298494,0.9510102720669045,0.2666690536647666
PF0020,full_TAC,1,24.0,,124.46120778773845,7.946217965844434,3,3,LOCALLY_SOLVED,Solve_Succeeded,0.605238709,0.7524685796741604,25609073.434029374,122.3792109834314,7.9462180966041025,503.5799880078784,2.7068294695622867e-16,2.0506283860320352e-16,9.691277907053291e-09,8.077750158452211e-09,1.0000000037458037,0.526039789856625,2.643892709373728e-07,-7.852805474038243e-09,6.93151908978356e-10,1.9451089503898433e-08,1.0079185122500876e-08,2.4106289764356596e-10,3.62789684333289e-09,0.1448873023534461,1.3934075013622478e-08,5.551901886476764e-10,6.310973894867179e-10,1.9793346226206463e-08,1.17799400137529e-08,6.41499980614325e-10,5.721330547246546e-10,1.897384776510867e-08,1.1585892603651214e-08,6.251920550651077e-10,3.031133021030312e-09,0.0636329171981998,1.3884029479708826e-08,4.6103486524132366e-10,4.955320536886223e-10,1.7898614895161505e-08,1.1339343604932341e-08,6.038476497638745e-10,4.2598824239964666e-08,-7.731157417592481e-09,-5.586903998626123e-09,-9.585712022940704e-09,0.9999993309565384,-7.631804217762654e-09,-5.534217572281528e-09,-9.578886762586214e-09,4.111098092806497e-08,-8.565434051734207e-09,-6.87887130828807e-09,-9.691277907053291e-09,3.9758498758093784e-08,-7.94970371443469e-09,-5.732660953042921e-09,-9.563910218983866e-09,5.011799390430226e-07,-7.936833601875e-09,-5.999434014892457e-09,-9.633055506253031e-09,3.808441750070144e-08,-7.128633089149858e-09,-4.355445216856033e-09,-9.398372728267134e-09,7.701687877537287e-11,2.9618704471845345e-08,3.1357464825558276e-08,3.581505907847265e-09,4.030996492592099e-10,0.2206238467654747,4.3350455597936595e-08,8.248539945622621e-09,7.012193216519084e-11,3.0139868117178017e-08,3.6648702265009025e-08,9.5308568548414e-09,6.357033941385048e-11,2.8891995460506392e-08,3.604499921135932e-08,9.28856767525303e-09,3.3679255789225675e-10,0.0968955784608952,4.3194758381316346e-08,6.849660855013951e-09,5.5059117076513556e-11,2.7254709044905023e-08,3.5277957882011725e-08,8.971450796491847e-09,7.263587278078349e-15,0.3853983758801934,5.6097643979429326e-14,-2.0097879307029074e-13,0.0890862415503167,-2.7206529879231533e-13,full_epsilon_grid,0.7074349865100312,0.9669530849935443,0.23333546007117573
PF0021,full_TAC,1,25.0,,124.46120778773845,7.406630142067297,3,3,LOCALLY_SOLVED,Solve_Succeeded,0.547217125,0.7679905279656998,26086218.26457056,123.8611115661835,7.406630271823749,503.5799880232444,1.592252629154286e-16,1.592252629154286e-16,9.684634929042922e-09,8.015775874825005e-09,1.0000000035479335,0.5289771294424152,2.7606147844882625e-07,-7.774613403494253e-09,9.723992664054866e-10,1.9275095008273407e-08,1.044144931993061e-08,2.4151963822585703e-10,4.099732550844505e-09,0.1635072102238104,1.4514353544174658e-08,5.571164660719103e-10,9.017020611823685e-10,1.9647597475407e-08,1.218252905795576e-08,6.405952233792294e-10,8.386192610987355e-10,1.882221150957877e-08,1.1976556448173688e-08,6.240314946876215e-10,3.471933948185507e-09,0.0461773607039529,1.449627451700356e-08,4.6393288112651916e-10,7.570397162294432e-10,1.77477677555629e-08,1.171659908458464e-08,6.024898030124347e-10,4.2281472224312765e-08,-7.703026673157041e-09,-5.511789441175997e-09,-9.578755574227366e-09,0.9999993215317248,-7.588021035356965e-09,-5.4414744395880175e-09,-9.570061788594391e-09,4.069238938247961e-08,-8.540293863889326e-09,-6.817455741558364e-09,-9.684634929042922e-09,3.9338031924136674e-08,-7.921428462818603e-09,-5.659210303634177e-09,-9.555384301169114e-09,5.097669318567714e-07,-7.898573061479714e-09,-5.9143553922478875e-09,-9.625502258391404e-09,3.766913127209246e-08,-7.103248453039808e-09,-4.275035450463455e-09,-9.388144726625694e-09,1.0804436293394292e-10,2.9350712853507234e-08,3.248450899533967e-08,3.588291767927018e-09,4.5552583898272264e-10,0.2489768882953476,4.515576658187672e-08,8.27715892449695e-09,1.0018911790915203e-10,2.9917932519369755e-08,3.790120151364014e-08,9.517414747348551e-09,9.317991789985947e-11,2.8661094798676757e-08,3.7260397838762585e-08,9.271325063930376e-09,3.857704386872784e-10,0.0703155265264738,4.5099520719566624e-08,6.892717091022571e-09,8.411552402549366e-11,2.7025009991425322e-08,3.6451641596485554e-08,8.9512770733276e-09,7.331049859539407e-15,0.4021562909380379,5.529824167351035e-14,-1.8848053899985617e-13,0.064648466441892,-2.5467061847071024e-13,full_epsilon_grid,0.7220677111888965,0.9828959444572872,0.20000186319178925
PF0022,full_TAC,1,26.0,,124.46120778773845,6.867042318290161,3,3,LOCALLY_SOLVED,Solve_Succeeded,0.133380125,0.8016126397949205,27119440.179446273,124.46120891230208,6.8670424503684275,503.5799877026614,3.1845052583085723e-16,3.1845052583085723e-16,9.865704194643003e-09,1.2228727279261024e-08,1.0000000065633046,0.5245840621874003,2.0520811942923773e-07,-8.018785780866591e-09,-7.059060240278141e-09,-3.2635326441114222e-09,2.6289998539773452e-09,-1.4410871736437984e-10,-5.330719270894071e-09,0.1528566416129128,1.32194285307298e-08,9.101320477220144e-10,-5.701697080162331e-09,2.1603935706507324e-08,1.0921115271423321e-08,7.555200252128506e-10,-6.131097819900533e-09,3.3038654381258023e-09,7.3952604307932935e-09,3.515212105441634e-10,-5.372866717592122e-09,0.034949166670076,1.3616321343056644e-08,8.964020520775094e-10,-7.780689137829081e-09,-5.003629228003867e-09,4.3603090056019687e-10,-3.2879669744413813e-10,-2.00839874616273e-09,2.7055885699084274e-08,4.878612744026024e-09,-8.53563974909645e-09,0.9999989857957834,0.0508011534321075,4.196133474226824e-10,-9.248635674161922e-09,4.6948174832030664e-08,-9.288274983556078e-09,-8.49195256094253e-09,-9.865704194643003e-09,1.3019274257332698e-08,1.559846064790047e-08,1.4874717424794436e-09,-9.055986833722902e-09,1.0100966253641526e-06,-7.112297027889234e-09,-5.777451511944232e-09,-9.655337230649058e-09,-5.759120535840897e-09,5.989638059699415e-09,1.4465738531529464e-08,-3.5953369902613384e-10,-7.84340026697571e-10,-4.96947016262421e-09,8.179110656818408e-09,-2.141043800842214e-09,-5.923021412104521e-10,0.2327589770014809,4.1127110984492707e-08,1.3521961851869928e-08,-6.335218977958142e-10,3.2896902098545244e-08,3.3976803066650317e-08,1.1224868946019496e-08,-6.81233091100059e-10,5.030886008055198e-09,2.3007476895801354e-08,5.2226008423704285e-09,-5.969851908435687e-10,0.0532180492476158,4.2361888622842884e-08,1.3317973345151566e-08,-8.64521015314342e-10,-7.619162688096797e-09,1.3565405795206123e-09,-4.884979504884338e-09,3.905383131132006e-15,0.438291739040727,3.357323926429138e-13,-1.6921049181889494e-12,0.0489291920542006,-4.1126620669971136e-12,full_epsilon_grid,0.7537537965131326,0.9893520237416115,0.16666826651781005
PF0023,full_TAC,1,27.0,,124.46120778773845,6.327454494513025,3,3,LOCALLY_SOLVED,Solve_Succeeded,0.145655959,0.8457441263134424,28475562.762280416,124.4612089062155,6.327454624904739,503.57998771793126,1.6240976817373719e-16,3.14502161794969e-23,9.858996671946624e-09,1.2162540604750662e-08,1.0000000063776449,0.5152022534933838,2.2289614111366933e-07,-7.894364695077438e-09,-6.9004109615289845e-09,-3.062560524544875e-09,2.9897998983966524e-09,-1.2822459511706916e-10,-5.070468087339944e-09,0.1222855191510523,1.4175367420357644e-08,8.988879897137072e-10,-5.4845930322889804e-09,2.1423247414138345e-08,1.1600135494947476e-08,7.422564284963312e-10,-5.9314293364516475e-09,3.678477196137261e-09,7.953173544418501e-09,3.601845084629413e-10,-5.116397439864716e-09,0.0279592574860576,1.461611724802543e-08,8.844986116042627e-10,-7.677513152792867e-09,-4.931581495130344e-09,6.175693361476599e-10,-3.1933699781874016e-10,-1.6015445162072234e-09,2.6200960824040352e-08,5.478203225888594e-09,-8.481792366615035e-09,0.9999989619578056,0.136175584649739,9.570360149263391e-10,-9.21000471072652e-09,4.6470098410836394e-08,-9.254291356271264e-09,-8.417952253733637e-09,-9.858996671946624e-09,1.3756377620433904e-08,1.4514150310177518e-08,1.906158844234664e-09,-9.014969633781684e-09,1.0315930961862635e-06,-6.9719780111229355e-09,-5.565135870654303e-09,-9.638224785768825e-09,-5.597286182240426e-09,5.589783013944722e-09,1.4956716834690498e-08,-3.543079452243379e-10,-7.667123290587758e-10,-4.663444435102424e-09,9.301599683900696e-09,-1.905051127453598e-09,-5.633853430377714e-10,0.1862074950709205,4.410114308555711e-08,1.3354907275746508e-08,-6.093992258098865e-10,3.2621763107892476e-08,3.608931042872548e-08,1.1027809794802636e-08,-6.590477040501827e-10,5.6013175486635585e-09,2.4743206582635337e-08,5.351312697163698e-09,-5.684886044294125e-10,0.0425743238992242,4.5472364771634675e-08,1.3141122229549046e-08,-8.530570169769847e-10,-7.509453640312115e-09,1.921326823570497e-09,-4.744435396164139e-09,4.6916936730813045e-15,0.4876147114012283,3.2078016968547253e-13,-1.5912975279172464e-12,0.0391433285788861,-3.873868129171185e-12,full_epsilon_grid,0.7953423606455292,0.9893520236761296,0.13333466959620985
PF0024,full_TAC,1,28.0,,124.46120778773845,5.787866670735888,3,3,LOCALLY_SOLVED,Solve_Succeeded,0.109742542,0.8876096854047415,29762107.899345875,124.461208984589,5.787866820597767,503.5799875271508,1.592252629154286e-16,1.592252629154286e-16,9.945131055436711e-09,1.3014789558942164e-08,1.0000000086238476,0.5058205003859704,2.912959179406415e-08,-9.242839877529026e-09,-8.862940346613595e-09,-5.506902724823652e-09,-1.068269893721955e-09,-4.1478741255580664e-10,-8.194431755459129e-09,0.091714347168593,4.497863645923279e-09,9.839741944412987e-10,-8.251051398387582e-09,2.2124465398905577e-08,4.429490528222168e-09,1.3736287633259148e-09,-8.439386813744466e-09,-2.744748162567972e-09,1.6104326081798267e-09,1.236648454023099e-10,-8.206217701368768e-09,0.0209694881134338,4.701367041735347e-09,9.321998655788427e-10,-9.057018373402496e-09,-5.934199364880877e-09,-1.671656372629574e-09,-4.910105890477191e-10,-6.912207023625865e-09,3.7379010852004915e-08,-2.348641389158038e-09,-9.265242650047829e-09,0.9999994734858204,0.2215498337875776,-5.537506336069686e-09,-9.692482641747508e-09,5.221066250252578e-08,-9.706374119779891e-09,-9.376860347476812e-09,-9.945131055436711e-09,1.7502813047477842e-09,3.0991804855968113e-08,-3.900956823779597e-09,-9.548827263831038e-09,5.527876020475313e-07,-8.81805232287399e-09,-8.243145218619399e-09,-9.8590537572902e-09,-8.019371241825507e-09,1.2263565442842373e-08,7.150988616363659e-09,-6.965786596153501e-10,-9.847711496237323e-10,-8.385510967345106e-09,-3.3235063360238603e-09,-6.162555843686269e-09,-9.104924172732363e-10,0.1396559377339939,1.3993353565094644e-08,1.4619045174556438e-08,-9.167834887097312e-10,3.3689526857424394e-08,1.3780637198913409e-08,2.040819876941359e-08,-9.37709645971607e-10,-4.179502883910321e-09,5.010234781003904e-09,1.8373062745486042e-09,-9.118019668187515e-10,0.031930811445456,1.4626475240954413e-08,1.3849826574314236e-08,-1.006335374822499e-09,-9.036167214704973e-09,-5.200708714847564e-09,-7.295014465851827e-09,-6.557587556353741e-15,0.5369376049025953,2.919751582253372e-13,-1.6466145354148538e-12,0.0293574514790711,-4.049326478299867e-12,full_epsilon_grid,0.8347971751433818,0.9893520245193022,0.10000107398158771
PF0025,full_TAC,1,29.0,,124.46120778773845,5.248278846958753,3,3,LOCALLY_SOLVED,Solve_Succeeded,0.112074,0.9274726618077924,30987161.84023693,124.46120889594238,5.248278974096319,503.5799877447557,3.1845052583085723e-16,3.1845052583085723e-16,9.847517775924834e-09,1.2050828599730266e-08,1.000000006039504,0.4964386367541042,2.562374758293525e-07,-7.650394249314861e-09,-6.622738369303433e-09,-2.720801497080935e-09,3.644575851357298e-09,-1.028647118549802e-10,-4.605556342987012e-09,0.0611432768590718,1.6038290090611784e-08,8.822628398698437e-10,-5.103143091788698e-09,2.1090690745042333e-08,1.2883681405874393e-08,7.216053743495822e-10,-5.583565247475877e-09,4.252375734299784e-09,8.970750734732706e-09,3.714141651031466e-10,-4.658075564273262e-09,0.0139794380080828,1.6583429023944557e-08,8.675821941866366e-10,-7.499643456428575e-09,-4.810056408377722e-09,9.390373040478123e-10,-3.0402563280579385e-10,-9.169119481979927e-10,2.4705506860322243e-08,6.566744906517506e-09,-8.386157115263228e-09,0.9999989117955466,0.3069244437627679,1.9300678778191195e-09,-9.141703832205634e-09,4.5571573935235724e-08,-9.19685152195357e-09,-8.291383594218917e-09,-9.847517775924834e-09,1.4828578282189317e-08,1.2769336857596321e-08,2.618442659629937e-09,-8.944967631522375e-09,1.0779478685754277e-06,-6.734035880876677e-09,-5.1934734232400125e-09,-9.608602166045798e-09,-5.328571547280036e-09,4.9153501011976306e-09,1.5805823714951873e-08,-3.4903707152103687e-10,-7.358598188114921e-10,-4.143038643282333e-09,1.1338680426444928e-08,-1.528275718988277e-09,-5.117284825541123e-10,0.093104535217223,4.9896902504125544e-08,1.3107905049494822e-08,-5.67015899087633e-10,3.2115369998132635e-08,4.008256437383144e-08,1.0720994133193794e-08,-6.203961386084306e-10,6.475208504501944e-09,2.790900228583509e-08,5.518153310103891e-09,-5.175639515859179e-10,0.0212868715123079,5.159289029671641e-08,1.2889792599344315e-08,-8.332937173809525e-10,-7.3244040763933495e-09,2.9214493903709715e-09,-4.5169522588289384e-09,5.990070325779481e-15,0.5862606548020532,2.9869375439142105e-13,-1.4265772748628482e-12,0.0195716012973479,-3.5005277258896252e-12,full_epsilon_grid,0.8723662231271686,0.9893520235656074,0.06666747576035814
PF0026,full_TAC,1,30.0,,124.46120778773845,4.708691023181617,3,3,LOCALLY_SOLVED,Solve_Succeeded,0.056280959,0.9654783863061288,32155187.103971507,124.46120889284332,4.708691148582806,503.5799877547433,3.1845052583085723e-16,3.1845052583085723e-16,9.843695573919385e-09,1.2017128957581512e-08,1.0000000058925331,0.4870568285470883,2.7309392056677245e-07,-7.5185033197634e-09,-6.5211170297111036e-09,-2.61124066703272e-09,3.919314149358748e-09,-9.508866927215922e-11,-4.423783990923142e-09,0.030572161054843,1.7041906373566932e-08,8.777270091863668e-10,-4.956570504210478e-09,2.0935688054214075e-08,1.3559453187241616e-08,7.14908378660093e-10,-5.453303078288884e-09,4.409500489598051e-09,9.452453726277108e-09,3.7369180661151157e-10,-4.478006685609827e-09,0.0069895240405464,1.7665458446775853e-08,8.640594736814371e-10,-7.434168061174382e-09,-4.767656591843313e-09,1.0720533564704016e-09,-2.9886944894047237e-10,-7.002163798455756e-10,2.4111450840273172e-08,7.0922733590430745e-09,-8.342118053554599e-09,0.9999988732662232,0.3922988707693088,2.3446518520741743e-09,-9.115217941919473e-09,4.5132278554640674e-08,-9.178536358014408e-09,-8.248936820770715e-09,-9.843695573919385e-09,1.5081901121728386e-08,1.2172216554796751e-08,2.927024570918816e-09,-8.917418964028264e-09,1.1153125941722063e-06,-6.657670154869011e-09,-5.0557770365439395e-09,-9.598079391945428e-09,-5.236970356462343e-09,4.606532943292154e-09,1.6224278878878345e-08,-3.3676897180657893e-10,-7.24568558856789e-10,-3.976207379345278e-09,1.2193421798004992e-08,-1.4127459434720795e-09,-4.915315545470157e-10,0.04655306342442,5.301926427331933e-08,1.304051556505459e-08,-5.507300560233863e-10,3.1879343173462346e-08,4.2184965471418366e-08,1.0621495911521382e-08,-6.059225642543202e-10,6.714466654615214e-09,2.940763381508433e-08,5.551992555371029e-09,-4.975562984010917e-10,0.010643138879923,5.4959204056635966e-08,1.283745503755278e-08,-8.260186734638198e-10,-7.259840719397772e-09,3.3352771090190273e-09,-4.44034609854416e-09,6.581730319688863e-15,0.6355836255634106,2.928646276561663e-13,-1.3550572530046545e-12,0.0097857373098694,-3.365695340657124e-12,full_epsilon_grid,0.9081863578288308,0.9893520235322665,0.03333387883567993
PF0027,full_TAC,1,31.0,,124.46120778773845,4.16910319940448,3,3,LOCALLY_SOLVED,Solve_Succeeded,0.016941,1.0008669611899896,33242850.315270096,124.46120017609078,4.169103352038956,503.5799877382194,8.120488408686858e-17,1.0253141930160176e-16,9.739688331960824e-09,9.429078332221216e-09,1.0000000080049074,0.4776749790922001,2.1596803028153332e-08,-9.419101030820176e-09,-6.349023268986843e-09,5.491721486764898e-09,1.3219571903695886e-09,1.7239528684041116e-10,-5.739631184905411e-09,3.327217748592005e-07,2.337071246329641e-09,7.100141301499713e-10,-6.1032986251533524e-09,1.8891484547490448e-08,2.1389216987789412e-09,8.51238582860002e-10,-6.162777149536254e-09,1.0381519698761496e-08,1.9134717814397166e-09,6.927132516278413e-10,-6.099627080130099e-09,1.6072726691509353e-08,1.7490789950401314e-09,3.3302868672237845e-10,-6.668774867280837e-09,-1.451319404268059e-09,8.783312801709978e-10,1.4967435466343282e-10,2.089330078599273e-08,1.5750666355877898e-08,-3.0685977682169453e-09,-9.296974704085289e-09,0.999999864963736,0.4776739848781547,-2.812841845229957e-09,-9.296847524695136e-09,5.639018150963906e-08,-7.724545375838842e-09,-6.672477480806133e-09,-9.670233300063115e-09,4.2496875155122983e-08,2.966745279166791e-09,-3.1760486180799373e-09,-9.241357979089989e-09,5.74746750765163e-08,-4.509375390791396e-09,-5.194374791414226e-09,-9.539823728409032e-09,7.034063576660511e-09,2.37765141916088e-08,1.7055630925671962e-11,-8.503311867035912e-09,-7.054470298874267e-10,8.362394082119276e-09,4.112755703372054e-09,2.561301404486108e-09,-6.377367983228231e-10,5.06644520808328e-07,7.270888321914439e-09,1.0548781362228144e-08,-6.781442916837052e-10,2.8766578742769544e-08,6.654423062867818e-09,1.2646973231062889e-08,-6.84753016615139e-10,1.5808223177659546e-08,5.9530233200346755e-09,1.0291739738470784e-08,-6.777363422366774e-10,2.447437928025287e-08,5.441579095680411e-09,4.947854774161051e-09,-7.409749852534261e-10,-2.209963638317271e-09,2.732586204976438e-09,2.223733269285287e-09,-9.729136714531164e-15,0.6849068287932807,-2.937231642743509e-15,-1.7700184135807628e-12,-7.153402174714385e-12,-2.35404004671856e-12,full_epsilon_grid,0.9415420085569568,0.9893519297540724,2.837006327288609e-07
PF0028,full_TAC,2,2.0,,121.39584748985256,19.81715008894143,3,3,LOCALLY_SOLVED,Solve_Succeeded,0.064187916,0.0740460601089596,4767304.363395585,85.38033504208832,19.81715027354012,503.5799876784122,3.1845052583085723e-16,3.1845052583085723e-16,9.856149858639044e-09,1.1403685401459816e-08,1.000000007275345,0.4527026951817993,5.3961087651501453e-08,-9.12699969590205e-09,-4.996918512911486e-09,2.3830638805252988e-08,3.486942576027513e-09,2.3355293203116475e-10,-4.995310999655344e-09,2.3758961088247498e-08,3.7065010852548822e-09,3.317938988028683e-10,-4.530978755438491e-09,2.994054579787447e-08,4.687535048551646e-09,8.342480514602387e-10,-4.997969066467997e-09,2.2664110427066067e-08,4.208437123516075e-09,6.61136739547422e-10,-4.530978057405815e-09,0.1794496159783696,4.386848270997268e-09,4.2114371263211734e-10,-5.006456855164149e-09,2.2021254875127482e-08,4.172775248671738e-09,6.511980058998332e-10,4.8503860770903363e-08,-8.80471194850234e-09,-7.775877398218194e-09,-9.7937862049512e-09,4.8725196400796996e-08,-8.991478917337495e-09,-8.030014848457433e-09,-9.816177953812531e-09,0.0782363334688437,-9.280735991967536e-09,-8.470200069203867e-09,-9.856149858639044e-09,4.83600353653207e-08,-8.939378648884066e-09,-7.891341476416646e-09,-9.798437531302225e-09,0.9217635132834264,-9.020944267393729e-09,-8.111101525135483e-09,-9.826859624955026e-09,4.7221329451038664e-08,-8.406422243767673e-09,-7.095316593478845e-09,-9.717180062452655e-09,-5.552131681012758e-10,3.62875636352716e-08,1.0848265792085596e-08,3.4699292758915907e-09,-5.5503455551726e-10,3.61784180207405e-08,1.1531336709681857e-08,4.929509353642614e-09,-5.034420839376098e-10,4.559128564676339e-08,1.4583442373271789e-08,1.2394542478837829e-08,-5.553298962742216e-10,3.4511259059396065e-08,1.3092915495383344e-08,9.822602987561696e-09,-5.034420063784236e-10,0.2732528243306991,1.3647972398658164e-08,6.256992301962886e-09,-5.562729839071275e-10,3.3532365378035026e-08,1.2981967440312073e-08,9.674941801940376e-09,6.795102646029997e-15,1.0613980886144024e-14,0.0199502593170422,-5.974076184471381e-13,0.6168622707566891,-8.213473027748514e-13,full_epsilon_grid,0.06827503106176855,0.5689048715608798,0.9666745933801942
PF0029,full_TAC,2,20.0,,121.39584748985256,10.104569260952978,3,3,LOCALLY_SOLVED,Solve_Succeeded,0.021611708,0.3300344968613758,12663724.212010758,32.58315684991084,10.104569422073226,503.5799874361094,3.1845052583085723e-16,3.1845052583085723e-16,9.97965817851499e-09,9.953291550229537e-09,1.0000000098393989,0.3480510385662003,-9.097104859610432e-09,-9.953836210995398e-09,-9.689141814291246e-09,-3.198709543385259e-09,3.2052329695840836e-10,-1.4546790948204334e-10,-9.677483400909111e-09,0.0004318243209079,3.3974753691903523e-09,9.659604467760063e-10,-9.67694639734681e-09,0.137534296919876,3.639204110314049e-09,1.2958527688238463e-09,-9.67893871320544e-09,2.364726582345559e-08,3.1092173510432072e-09,9.067253724704151e-10,-9.678901553640825e-09,2.5006402504807594e-08,2.9185482602342267e-09,6.56329278760878e-10,-9.739403600824484e-09,-6.148474636973755e-09,-2.1269543606229207e-09,-5.413464903680087e-10,-1.5909165889536703e-09,3.656752432369049e-08,-8.988460512906339e-09,-9.941914945239131e-09,3.699610890373165e-07,-9.142869161781007e-09,-9.329276757233018e-09,-9.95671264901374e-09,0.9999996135378872,-9.820391304915236e-09,-9.697129553466672e-09,-9.976681057571871e-09,4.992832649849189e-08,-8.559197101781819e-09,-9.217738525129298e-09,-9.951703153114748e-09,5.125142978477134e-08,-9.57286533729612e-09,-9.491268379175422e-09,-9.964640949432322e-09,-8.647510752957385e-09,4.316793604765752e-08,-8.656177687626452e-09,-9.922745575895216e-09,-1.076571312699027e-09,-4.870762259245734e-09,9.971835905372703e-10,-2.161237512304644e-09,-1.075275933434345e-09,0.0006575506704734,1.0569923370814431e-08,1.4351412352100664e-08,-1.0752162663718674e-09,0.2094272248552658,1.132196834319926e-08,1.9252669708240005e-08,-1.0754376348006043e-09,3.6008336594807376e-08,9.67312064768998e-09,1.3471348390989024e-08,-1.075433505960091e-09,3.8077931086866114e-08,9.079927920728704e-09,9.7511778558759e-09,-1.0821559556471648e-09,-9.362450015391852e-09,-6.617191344160196e-09,-8.042862142610415e-09,-5.161207060126528e-13,0.0003887018403359,0.3787807344043405,-6.004734959207645e-11,-2.5015744622204653e-10,-7.892240208969029e-11,full_epsilon_grid,0.3104365933330355,0.0008924139121626808,0.3666698492163787
PF0030,full_TAC,2,24.0,,121.39584748985256,7.946217965844434,3,3,LOCALLY_SOLVED,Solve_Succeeded,0.199781541,0.7739150752815117,26267936.721704207,121.3958486615519,7.946218117336357,503.5799875130646,1.592252629154286e-16,1.592252629154286e-16,9.95160844772573e-09,1.2741289879689632e-08,1.000000008797935,0.5178651587917732,1.8557533552247065e-08,-9.348999938784834e-09,-9.003952608942117e-09,-5.6560398695306655e-09,-1.3067947128931487e-09,-4.4090133959682077e-10,-8.419619771115435e-09,0.112245559512928,4.115720658330871e-09,1.0152440157235664e-09,-8.463424471041187e-09,2.2148491953711488e-08,4.0749011811579134e-09,1.4330646375671235e-09,-8.63674247908271e-09,-3.2654970547946873e-09,1.1808623299716666e-09,5.5706881248583545e-11,-8.429388352611902e-09,0.070577655573043,4.3058459343396135e-09,9.65656213088097e-10,-9.171971538091504e-09,-6.016708138105572e-09,-1.843805173219316e-09,-5.098392519380051e-10,-7.291966125161486e-09,3.8248301581214625e-08,-3.0012221786908112e-09,-9.345937721380637e-09,0.9999995164192216,0.056651964633942,-6.010060988416119e-09,-9.730199507505116e-09,5.2424795704204087e-08,-9.739957505942624e-09,-9.448263013367742e-09,-9.95160844772573e-09,1.2302441111025322e-10,3.2721777561303884e-08,-4.553078016641909e-09,-9.609542616273756e-09,5.132944871896179e-07,-8.953953086853455e-09,-8.440011685986523e-09,-9.875693548495584e-09,-8.254850849124679e-09,1.2907112771551492e-08,6.733611873745585e-09,-7.790692868714999e-10,-1.000439178771346e-09,-8.612606164967147e-09,-4.065583551223129e-09,-6.550534188295622e-09,-9.355133079017148e-10,0.1709193747128676,1.2804464270362708e-08,1.5083625376464416e-08,-9.403804967823536e-10,3.372611274769704e-08,1.2677470341380173e-08,2.12912460438544e-08,-9.59638053231412e-10,-4.972461424346456e-09,3.673793915467407e-09,8.276450928360981e-10,-9.365987058457663e-10,0.1074705209862246,1.3395965129056577e-08,1.434689230873744e-08,-1.0191079486768336e-09,-9.161805573933485e-09,-5.7362827611267605e-09,-7.574754600221791e-09,-8.646679919073899e-15,0.4070076244054534,3.2890698058455545e-13,-1.903702701388551e-12,0.0988088697795261,-4.636949119061148e-12,full_epsilon_grid,0.727640518399841,0.95637369290602,0.2333354613519322
PF0031,full_TAC,2,25.0,,121.39584748985256,7.406630142067297,3,3,LOCALLY_SOLVED,Solve_Succeeded,0.227125458,0.819784441592937,27677422.548041586,121.3958485806775,7.406630273610413,503.57998770954134,1.592252629154286e-16,1.592252629154286e-16,9.862476717492325e-09,1.1861845674651877e-08,1.0000000064889856,0.5084833034468962,2.111609230201886e-07,-7.979256272558128e-09,-6.986730306697541e-09,-3.1651382054096007e-09,2.7786501160047683e-09,-1.3621352019320205e-10,-5.216820379295387e-09,0.0816744877765636,1.3519420139339456e-08,9.047417502278201e-10,-5.606371535087519e-09,2.1532856983305767e-08,1.1131941423775905e-08,7.493528140934476e-10,-6.0418820478185635e-09,3.4947360973938842e-09,7.596928318353891e-09,3.56351057512839e-10,-5.261422820475414e-09,0.0635876167504218,1.39172733081205e-08,8.89482540864006e-10,-7.734497064806528e-09,-4.970714317824674e-09,5.102138214785264e-10,-3.244225930763192e-10,-1.8077429421532594e-09,2.6692743965054677e-08,5.0860300049812854e-09,-8.516198162473115e-09,0.999998994213326,0.1420265567268173,6.381755709202115e-10,-9.231730375592249e-09,4.679769601919892e-08,-9.271567363878561e-09,-8.45651852904174e-09,-9.862476717492325e-09,1.3413267674603317e-08,1.509605729841e-08,1.6470787489743511e-09,-9.038661338017018e-09,1.000498683008892e-06,-7.043440299909214e-09,-5.681932546424763e-09,-9.647432168351118e-09,-5.684328567046916e-09,5.8490445639756814e-09,1.4615444915034473e-08,-3.6296000871425305e-10,-7.763033674108374e-10,-4.819642267328254e-09,8.644689249792613e-09,-2.023743728584716e-09,-5.796467088105982e-10,0.1243679700234037,4.2060418211278315e-08,1.3441877431956182e-08,-6.229301705652797e-10,3.2788668588215595e-08,3.463270665174726e-08,1.1133241809388365e-08,-6.713202275353954e-10,5.321529966486141e-09,2.3634888101545437e-08,5.294358568762179e-09,-5.846025356083791e-10,0.0968265982335969,4.3298183625263784e-08,1.3215169178550944e-08,-8.593885627562805e-10,-7.569042256687571e-09,1.5873318890443046e-09,-4.819992811419599e-09,4.1692389816606185e-15,0.4563306659047358,3.278594717358598e-13,-1.6558910956237565e-12,0.0890230186796269,-4.008322329929841e-12,full_epsilon_grid,0.7708655870067144,0.9563736920359419,0.2000018633021623
PF0032,full_TAC,2,26.0,,121.39584748985256,6.867042318290161,3,3,LOCALLY_SOLVED,Solve_Succeeded,0.291667,0.837063917301146,28209028.731433485,121.39584819900428,6.867042419193303,503.57998820163385,1.592252629154286e-16,1.592252629154286e-16,9.611999239660036e-09,7.711455721701992e-09,1.0000000009936223,0.5240905564992715,5.864445516349175e-07,-5.3554260139444155e-09,5.638477552658939e-10,1.0504323772255896e-08,1.6626751307994677e-08,2.6869982647301047e-10,5.336823481700324e-09,0.165494505533139,3.1149803387620936e-08,6.76459095909554e-10,3.626940162376491e-09,0.0198157462499292,3.0908061933890026e-08,8.189413906634144e-10,9.881450042068592e-10,1.3431900499017085e-08,1.868396384223769e-08,4.3116080136666733e-10,4.932700742692548e-09,0.0224373368835988,3.2085517124066095e-08,6.442517396770518e-10,-2.112173344202946e-09,8.071680293756118e-10,1.0084341532628868e-08,9.978066845409787e-11,2.4260989683826223e-08,-9.12261846958334e-10,3.738905764148483e-09,-8.755085624640076e-09,0.9999987979118024,-1.4428257016819663e-09,1.712408300107454e-09,-8.99460106580532e-09,1.2248479336922269e-07,-7.929778333029234e-09,-5.779701812788009e-09,-9.611999239660036e-09,2.9245053360912065e-08,-4.493149604001718e-09,-9.554049472952416e-11,-9.033954326909258e-09,1.0060494158129689e-06,-5.5467145532247925e-09,-2.2204093298918092e-09,-9.333185303765996e-09,6.223474407824574e-09,6.63044252181588e-09,1.5430861680046913e-08,-6.235397739215342e-09,6.26497505850993e-11,1.5995220289571474e-08,5.172767073598343e-08,3.992111707599013e-09,5.929803868555912e-10,0.2520029970618253,9.691049942815401e-08,1.005024942494194e-08,4.0299335137516544e-10,0.0301739772442104,9.615841490543563e-08,1.2167129232713588e-08,1.0979388935631767e-10,2.0453121214412375e-08,5.8127887509183927e-08,6.40581762030477e-09,5.480778602991718e-10,0.0341659448000255,9.98216088304278e-08,9.571740132344768e-09,-2.346859271336606e-10,1.2290967720037726e-09,3.1373506990400925e-08,1.4824556456037395e-09,1.4729651860835514e-14,0.4039447375197302,0.0178341822903418,-4.123793470067765e-13,0.0314126450588683,-1.0232512115922165e-12,full_epsilon_grid,0.7871684921651608,0.9563736879297539,0.16666826459193443
PF0033,full_TAC,2,27.0,,121.39584748985256,6.327454494513025,3,3,LOCALLY_SOLVED,Solve_Succeeded,0.0572985,0.8573821111041444,28833941.62886861,121.39584844327965,6.3274546277584385,503.57998776865867,5.126570965080088e-17,3.14502161794969e-23,9.825704317829322e-09,1.0367754339932781e-08,1.0000000057433334,0.5240906208400422,2.3546126243473735e-07,-8.048377322415946e-09,-4.065653669617817e-09,1.7971479941184848e-08,8.753945265221262e-09,2.3244316405845044e-10,-3.23324246190577e-09,0.1804910697342975,1.2318848262120469e-08,5.63982560073311e-10,-3.773475293621066e-09,0.0272563450256396,1.2895341379659669e-08,9.34194396861542e-10,-4.023931427966318e-09,1.9163398526042657e-08,1.060375837827143e-08,6.638099766267464e-10,-3.2332522057928547e-09,1.9095321614675366e-07,1.2595097257603055e-08,4.919600258582335e-10,-5.353745041166951e-09,-9.739961477024328e-10,4.899688378427832e-09,6.69042260939814e-11,3.7982750350040974e-08,-4.445054113824871e-09,-3.1167350179117493e-09,-9.3979264175488e-09,0.990745356980169,-7.261534890535414e-09,-5.568178465594502e-09,-9.606954159242162e-09,6.755503808210591e-08,-9.102109660728564e-09,-8.1179614342674e-09,-9.825704317829322e-09,4.0868036745889296e-08,-7.226724249511347e-09,-5.128080935835118e-09,-9.530892156389028e-09,0.0092545239085816,-8.222397804942641e-09,-6.68146012199949e-09,-9.709424058193029e-09,4.7635356855443245e-09,1.5097454763100782e-08,8.910665067208071e-09,-6.808286613573802e-09,-4.5173929662420165e-10,2.736566263771329e-08,2.7234496380688374e-08,3.453441294582692e-09,-3.5924916243397425e-10,0.2748386743681348,3.8325305704374793e-08,8.379169463946335e-09,-4.1927503262456267e-10,0.0415039799254058,4.011883984783007e-08,1.3879459610514336e-08,-4.4710349199625733e-10,2.9180629573746772e-08,3.298947051017778e-08,9.862319652740234e-09,-3.5925024508809477e-10,2.907696700416475e-07,3.9184747023653956e-08,7.309120384179471e-09,-5.94860560129661e-10,-1.483130497637795e-09,1.5243474955108808e-08,9.940056448248663e-10,4.3986773310042905e-15,0.4150820012254502,0.0245306981982338,-3.6119233536830193e-13,0.0036711832249257,-8.673814375727666e-13,full_epsilon_grid,0.806332858603059,0.9563736905577628,0.1333346697725001
PF0034,full_TAC,2,28.0,,121.39584748985256,5.787866670735888,3,3,LOCALLY_SOLVED,Solve_Succeeded,0.085426667,0.9097169172733708,30441954.90367088,121.39584835800238,5.787866808507626,503.5799879048246,1.592252629154286e-16,1.592252629154286e-16,9.697758065235922e-09,9.440432523745264e-09,1.0000000058582597,0.5115187632027685,1.7604283064125672e-07,-8.414478094692278e-09,-4.823987010386666e-09,1.899506782908206e-09,4.718394052411344e-09,1.1861687345411344e-10,-2.70055091849728e-09,0.157414789503674,9.682642631135229e-09,7.834107823734552e-10,-2.7005520159658232e-09,5.146928740186657e-08,9.928691289774454e-09,9.540439354426392e-10,-3.9773304102691934e-09,9.467627403212754e-09,6.835489939707466e-09,4.5480867861424884e-10,-3.655649170454e-09,1.916298012862512e-08,7.471393160633824e-09,4.3826456002298873e-10,-6.177843522298199e-09,-3.3235918011285e-09,2.114430888586186e-09,-1.3552997085336935e-10,7.702932665754408e-09,1.771683087579869e-08,3.499272853156064e-09,-8.590075674041875e-09,0.9127866230511722,0.1144039594860493,2.986984213288118e-09,-8.859824867057042e-09,0.0872133413947408,-8.298889956467174e-09,-6.708925000828205e-09,-9.697758065235922e-09,2.4231694968967413e-08,5.017446331770902e-09,1.3519278799202172e-09,-8.846568416221536e-09,3.8191383728673984e-08,-5.608248132945945e-09,-3.876225572585055e-09,-9.44187305810267e-09,-2.00709460006717e-09,1.3800427381873158e-08,1.1257734867950658e-08,-4.422842207605024e-09,-5.359985567096294e-10,2.8924307830647686e-09,1.4679448163057516e-08,1.7623078341753994e-09,-3.0006121316636437e-10,0.2396997931078672,3.0123777074642936e-08,1.1639245909548481e-08,-3.0006133510731355e-10,7.837368763466045e-08,3.088926179040941e-08,1.4174367040862072e-08,-4.4192560114102135e-10,1.4416614454892146e-08,2.1265968701312122e-08,6.757157510840268e-09,-4.061832411615554e-10,2.9179992468588253e-08,2.3244334277527447e-08,6.511359177484405e-09,-6.864270580331331e-10,-5.060923878991125e-09,6.578229431157022e-09,-2.0135881383929153e-09,9.7814899076788e-16,0.477397446126864,0.0222394197408916,-1.8361077730769673e-12,-4.079216610257103e-12,-2.9562152096648103e-12,full_epsilon_grid,0.8556462201319986,0.956373689640317,0.10000107323470676
PF0035,full_TAC,2,29.0,,121.39584748985256,5.248278846958753,3,3,LOCALLY_SOLVED,Solve_Succeeded,0.050865625,0.9633952498241668,32091222.42725621,121.39584838196872,5.248278982516615,503.5799879107894,1.804552979708191e-16,1.592252629154286e-16,9.703841959350644e-09,9.701047354768906e-09,1.0000000056241063,0.4970229081557025,1.987229666942496e-07,-8.256053011317341e-09,-4.758771611348039e-09,1.5864357954208039e-09,5.123955270631061e-09,1.0669842949356864e-10,-2.466276048798774e-09,0.0993791482804888,1.0956538994073126e-08,7.812957943316746e-10,-2.466277472742612e-09,5.1590030936869345e-08,1.1246177572692802e-08,9.53756918337698e-10,-3.842655266706963e-09,9.134576392114753e-09,7.565497080093594e-09,4.453684188736087e-10,-3.483718054349552e-09,1.89940404265369e-08,8.368578435770845e-09,4.362327696926331e-10,-6.1828206045921955e-09,-3.437355227181609e-09,2.230404937197121e-09,-1.4990608458226827e-10,7.1333448121615675e-09,1.7610749654629593e-08,4.331452863814612e-09,-8.515596099110141e-09,0.9270906950734548,0.2463162035839838,3.6338820590339494e-09,-8.827931894932794e-09,0.0729092700518933,-8.356092792615977e-09,-6.760492501293546e-09,-9.703841959350644e-09,2.3496708543384237e-08,5.049619390628072e-09,1.8603314525272506e-09,-8.808112087436813e-09,3.7939550804767184e-08,-5.71305682534291e-09,-3.818352431374978e-09,-9.441834601540408e-09,-2.29249122876477e-09,1.1833860491446754e-08,1.2456963612990544e-08,-3.766241129276196e-09,-5.28752401260893e-10,2.4157090521180413e-09,1.5941194175296628e-08,1.5852338096187336e-09,-2.7403067208875256e-10,0.151327339427108,3.4087010203783054e-08,1.1607823230070596e-08,-2.740308303047346e-10,7.855754710841465e-08,3.4988108003933155e-08,1.4170102786731514e-08,-4.2696169630077346e-10,1.3909468597083829e-08,2.353710202695785e-08,6.616902223265043e-09,-3.870797838166167e-10,2.8922743376772098e-08,2.6035577355731517e-08,6.481172578290549e-09,-6.869800671769104e-10,-5.234154550481086e-09,6.9390375823910425e-09,-2.2271761137936993e-09,2.4309712620901504e-15,0.5475339277598579,0.0185918820105885,-1.6805793016869994e-12,-3.2000786144564807e-12,-2.7929843248358997e-12,full_epsilon_grid,0.9062247364433786,0.9563736898981561,0.06666747628053062
PF0036,full_TAC,2,30.0,,121.39584748985256,4.708691023181617,3,3,LOCALLY_SOLVED,Solve_Succeeded,0.03391925,1.0126435474843285,33604461.53777164,121.39584841045942,4.708691156398023,503.579987912248,1.592252629154286e-16,1.592252629154286e-16,9.71597498809516e-09,1.0010860733409816e-08,1.0000000054298608,0.4825270532250381,2.212510277152462e-07,-8.086292037660533e-09,-4.791318466977856e-09,1.123713294094955e-09,5.436440695197088e-09,8.929479901288831e-11,-2.360653810626934e-09,0.0413435078309549,1.2324496723854658e-08,7.823716648402186e-10,-2.3606556641936693e-09,5.17924224792591e-08,1.2668910308708533e-08,9.581377073844341e-10,-3.803208217399621e-09,8.704846670085815e-09,8.289804998407268e-09,4.3596280968567516e-10,-3.407327202773943e-09,1.889992903157586e-08,9.316076996909265e-09,4.3684470885642736e-10,-6.258533376321739e-09,-3.608786799588366e-09,2.256840422558475e-09,-1.6954239848506436e-10,6.283624629332797e-09,1.7814029085258488e-08,5.167682053157706e-09,-8.444622458293727e-09,0.941394769508902,0.3782284457690637,4.1496276304666555e-09,-8.814114832991706e-09,0.0586051974554653,-8.443756974247683e-09,-6.876960815170939e-09,-9.71597498809516e-09,2.2612045701757677e-08,5.284003874935964e-09,2.341756212451062e-09,-8.779182079415927e-09,3.7800691328203965e-08,-5.868885358706074e-09,-3.848463356618605e-09,-9.450627229586164e-09,-2.695649628758893e-09,9.88690571371258e-09,1.3559042058904206e-08,-3.049012068377608e-09,-5.323687185530947e-10,1.7111088796445903e-09,1.6913371051724272e-08,1.3266655853343402e-09,-2.62294867847437e-10,0.0629548869244086,3.834287869643671e-08,1.1623807591911822e-08,-2.6229507379929646e-10,7.88657342297809e-08,3.941438762709321e-08,1.4235188795425877e-08,-4.225786908221799e-10,1.3255107429448854e-08,2.579050443948927e-08,6.4771617439014605e-09,-3.7859191141932676e-10,2.8779437388990514e-08,2.8983350657051042e-08,6.4902642458669205e-09,-6.953925973690819e-10,-5.495198081191375e-09,7.021281314626366e-09,-2.5189156346352422e-09,3.712811545032798e-15,0.6176704089031225,0.014944343982002,-1.5471247620440917e-12,-2.327836610741157e-12,-2.676883225827557e-12,full_epsilon_grid,0.9526316340143918,0.9563736902046701,0.033333879318473106
PF0037,full_TAC,3,4.0,,118.3304871919667,18.737974441387156,3,3,LOCALLY_SOLVED,Solve_Succeeded,0.087071708,0.1267882286238739,6390812.929795483,79.5004341099543,18.7379746050944,503.5799878749453,9.022764898540956e-17,1.5379712895240266e-16,9.746350875239976e-09,1.0113104724227885e-08,1.0000000052593594,0.4410478594342799,1.727138877719613e-07,-8.414301911806602e-09,-1.614021607087021e-09,2.154091642961824e-08,7.330081920044385e-09,2.393905531179158e-10,-1.609375106924657e-09,2.1585346148637592e-08,7.713302771198367e-09,3.3300629617593956e-10,-7.397769290270512e-11,2.8893029667635785e-08,9.915846063032933e-09,8.479530726901416e-10,-1.639905750294214e-09,2.0579059821263304e-08,8.57345017551121e-09,6.4099159010156e-10,-7.397710953353862e-11,0.1748296894968394,9.55623557820319e-09,4.405886232615821e-10,-1.6793683894703461e-09,1.9593028121150432e-08,8.4330913255457e-09,6.230678738367484e-10,4.3489835181371537e-08,-8.088950324453852e-09,-6.381842118343189e-09,-9.660723981785722e-09,4.3681159474553815e-08,-8.363290868739295e-09,-6.754010197514911e-09,-9.691490053331714e-09,0.234774379919678,-8.792771165055551e-09,-7.380288303260301e-09,-9.746350875239976e-09,4.2444825015064283e-08,-8.289962707588576e-09,-6.515518947382814e-09,-9.652364902174008e-09,0.7652254622414403,-8.309212331471383e-09,-6.7660531831824665e-09,-9.702349287153998e-09,4.0916450021906355e-08,-7.525905030227102e-09,-5.301098349557659e-09,-9.514562672037106e-09,-1.7933573412078003e-10,3.280094092691868e-08,2.280469930680475e-08,3.5566596463233198e-09,-1.7881945632496184e-10,3.2868595271789065e-08,2.3996941954839364e-08,4.947522114613959e-09,-8.219743655856123e-12,4.3996204266627216e-08,3.0849298862769115e-08,1.2598159937110672e-08,-1.8221175003269038e-10,3.133629563692366e-08,2.667295610159043e-08,9.523303624366032e-09,-8.219678837059846e-12,0.2662179362792782,2.9730510687743256e-08,6.545888117029219e-09,-1.8659648771892728e-10,2.983483827538815e-08,2.6236284123919953e-08,9.25700841128883e-09,6.975965206301299e-15,6.469142483183741e-15,0.0598674638978695,-3.067015660122627e-13,0.5483009529696502,-4.1921563213703297e-13,full_epsilon_grid,0.11806359073025337,0.5056466237993116,0.9000073984547802
PF0038,full_TAC,3,6.0,,118.3304871919667,17.658798793832883,3,3,LOCALLY_SOLVED,Solve_Succeeded,0.088490083,0.1628528169594391,7502220.6160130305,73.62053391174993,17.658798939654137,503.57998801122056,1.592252629154286e-16,1.592252629154286e-16,9.668282654308407e-09,9.00818781255892e-09,1.0000000038486982,0.4293930309592261,2.5741054132960464e-07,-7.87919631519056e-09,5.253099698487373e-10,1.9997718748688026e-08,1.0021820320438304e-08,2.416499896991824e-10,5.25482562773248e-10,2.0138156488609567e-08,1.0505463534149894e-08,3.3263461429523855e-10,3.23975678244941e-09,2.837306951599364e-08,1.383845784296068e-08,8.628612603616742e-10,4.4766156721596736e-10,1.9212032685156213e-08,1.1523917840197249e-08,6.26925517314657e-10,3.2397570951290703e-09,0.1702097628988924,1.3672375347871449e-08,4.5499494973427073e-10,3.6842114060426156e-10,1.8076734035722772e-08,1.12683800311398e-08,6.045303188733847e-10,4.0503585326263426e-08,-7.66932892764427e-09,-5.501537737647759e-09,-9.577516139251685e-09,4.0507612418995836e-08,-7.982767019361955e-09,-5.937180213348586e-09,-9.610901806949891e-09,0.3913124117815856,-8.473683716260323e-09,-6.638661768872844e-09,-9.668282654308407e-09,3.8742021414146907e-08,-7.901520936645656e-09,-5.649792701852573e-09,-9.554508686855308e-09,0.6086874259976234,-7.820330097077578e-09,-5.830744459894582e-09,-9.617336916200131e-09,3.7042504569057794e-08,-7.041393885680629e-09,-4.2232475576704445e-09,-9.381968423182738e-09,5.836777442763746e-11,3.045107173095676e-08,3.1178996552474735e-08,3.5902284183878518e-09,5.838695141924976e-11,3.066492010765547e-08,3.2683664328466336e-08,4.941999983814971e-09,3.599729758277121e-10,4.320444676299032e-08,4.305297995587767e-08,1.2819653011087731e-08,4.9740174135107466e-11,2.9254686134215145e-08,3.585218883616921e-08,9.314321971532045e-09,3.5997301056989654e-10,0.2591830480505862,4.2536278860044505e-08,6.759924967480593e-09,4.0935682289362375e-11,2.75259359180324e-08,3.5057182319101583e-08,8.981593308976002e-09,7.057979067312455e-15,5.201934598122875e-15,0.0997846642437073,-2.147899165155439e-13,0.4797396393059562,-2.9137025972261533e-13,full_epsilon_grid,0.15214741944940835,0.4423883839336424,0.8333402037150311
PF0039,full_TAC,3,7.0,,118.3304871919667,17.119210970055747,3,3,LOCALLY_SOLVED,Solve_Succeeded,0.103232416,0.1780437294668647,7970677.146646461,70.68058394453104,17.11921110742358,503.5799880693851,9.022764898540956e-17,1.0253141930160176e-16,9.634537206511842e-09,8.485973205693549e-09,1.000000003241896,0.4235656182945291,2.923227363544794e-07,-7.639372461216353e-09,1.3819325442357011e-09,1.93728419893911e-08,1.1117598452049958e-08,2.4240077191324857e-10,1.3777848764473052e-09,1.9550721602505975e-08,1.1634506253793498e-08,3.3235293334830725e-10,4.711140543485874e-09,2.8175750983741785e-08,1.549278602802878e-08,8.697962882211426e-10,1.2718034849749271e-09,1.8663834203136693e-08,1.2683863597366661e-08,6.212089167427255e-10,4.7111406467203605e-09,0.1678997996817652,1.549875950672867e-08,4.612679288272183e-10,1.1712928788419728e-09,1.7483558472829988e-08,1.2372693500550936e-08,5.971782292214804e-10,3.934005025235271e-08,-7.508542574912573e-09,-5.149214175225369e-09,-9.544253755040471e-09,3.926099756534069e-08,-7.833882821701707e-09,-5.607877156670355e-09,-9.578085697906822e-09,0.4695814252296366,-8.342323056144547e-09,-6.328298558216268e-09,-9.634537206511842e-09,3.7305658223777694e-08,-7.750609190163653e-09,-5.306283598327273e-09,-9.513973905673668e-09,0.5304184102961262,-7.613310724724524e-09,-5.432452792361478e-09,-9.581425331171962e-09,3.555932149888964e-08,-6.862721624391936e-09,-3.8095453119625335e-09,-9.328062647544106e-09,1.5354806047063342e-10,2.94995548474819e-08,3.4588084073044315e-08,3.601382896996835e-09,1.5308720849414498e-10,2.9770416985634098e-08,3.619624167846866e-08,4.937815009746279e-09,5.234600603873192e-10,4.290398445251589e-08,4.8199778753867314e-08,1.2922687710714115e-08,1.4131149833054742e-10,2.8419929354776322e-08,3.9460908969585164e-08,9.229389620177636e-09,5.234600718578174e-10,0.2556656040608697,4.821836290982253e-08,6.853123514004386e-09,1.3014365320466355e-10,2.6622691310900204e-08,3.8492824223936244e-08,8.872362262719141e-09,7.089613867085716e-15,4.824218827464726e-15,0.1197432636482891,-1.8662181213542244e-13,0.4454589832607155,-2.520570037345338e-13,full_epsilon_grid,0.1665136977741689,0.41075926541965924,0.8000066063754007
PF0040,full_TAC,3,8.0,,118.3304871919667,16.57962314627861,3,3,LOCALLY_SOLVED,Solve_Succeeded,0.126557792,0.1919614380110051,8400038.744846534,67.74063403591828,16.579623275399424,503.57998812324473,1.804552979708191e-16,1.592252629154286e-16,9.603097787764807e-09,7.976508976356392e-09,1.0000000026765294,0.4177382063519116,3.238225722553532e-07,-7.410589761786712e-09,2.1448572235000286e-09,1.8813955833696266e-08,1.2098536527192485e-08,2.4302142675599587e-10,2.1352750311389364e-09,1.9024235289345483e-08,1.2640361426989109e-08,3.320612845643056e-10,6.105221906117101e-09,2.8000805077250236e-08,1.700107972671491e-08,8.763947550284053e-10,1.999017641378582e-09,1.8176375052774312e-08,1.3698638917827489e-08,6.161292503976845e-10,6.105221682211485e-09,0.1655898365132476,1.7222308381544554e-08,4.671410496531247e-10,1.8768903026082607e-09,1.6963336818014828e-08,1.3334178968690631e-08,5.907300409946891e-10,3.832105911765308e-08,-7.3691592479007355e-09,-4.835755249154151e-09,-9.514656986110385e-09,3.816710107701818e-08,-7.703174922880437e-09,-5.3137381208629704e-09,-9.548582209165271e-09,0.5478504376021979,-8.223326684867484e-09,-6.044957746026744e-09,-9.603097787764807e-09,3.605556921856672e-08,-7.618618795542007e-09,-5.0026337984559525e-09,-9.477218183144982e-09,0.4521493956226637,-7.4227753267009965e-09,-5.064594972256581e-09,-9.548398858910052e-09,3.4278512062183616e-08,-6.7111944192822414e-09,-3.4511752036115415e-09,-9.279783825370764e-09,2.3831746927778086e-10,2.8648523655855663e-08,3.7639891417932184e-08,3.6106040546605092e-09,2.372527812376595e-10,2.8968721917866977e-08,3.932556888396611e-08,4.933481942098254e-09,6.783579895685664e-10,4.263758954944922e-08,5.289224803866861e-08,1.3020722074707736e-08,2.2211307126428678e-10,2.7677662012179066e-08,4.2617987744352176e-08,9.153920291622745e-09,6.783579646901647e-10,0.2521481601451725,5.3580514964805274e-08,6.940381309132139e-09,2.0854336695647331e-10,2.5830535609249854e-08,4.148411234703751e-08,8.776560609063953e-09,7.118277250153324e-15,4.531299621603318e-15,0.1397018627121284,-1.6434900770207539e-13,0.4111783275659873,-2.2091607022659238e-13,full_epsilon_grid,0.1796810416328737,0.3791301475361835,0.7666730090485208
PF0041,full_TAC,3,11.0,,118.3304871919667,14.960859674947203,3,3,LOCALLY_SOLVED,Solve_Succeeded,0.2999,0.2282810903741333,9521283.601368912,58.92078461695001,14.960859792355697,503.5799882679631,1.592252629154286e-16,1.592252629154286e-16,9.5180654905909e-09,7.252973883890584e-09,1.0000000011308985,0.4002559736289923,4.043762667542399e-07,-6.759187088846856e-09,4.0599476121998415e-09,1.739944094542341e-08,1.4567874105361965e-08,2.4451137635917716e-10,4.028101957428906e-09,1.7687700457786513e-08,1.5147935040980305e-08,3.3130416420276956e-10,1.0015213950956651e-08,2.7533639975005657e-08,2.0904197645356364e-08,8.94401583705118e-10,3.791244132568344e-09,1.695907123801499e-08,1.6145509087216782e-08,6.037518805684298e-10,1.0015211312129532e-08,0.1586599473237462,2.201277770678781e-08,4.834147237263535e-10,3.604430487114437e-09,1.5695720328626152e-08,1.5637031402703352e-08,5.75364133094624e-10,3.588200238291028e-08,-7.039312139587678e-09,-4.056408835683788e-09,-9.440982750262524e-09,3.5537125150158136e-08,-7.386296476289972e-09,-4.577363978285923e-09,-9.473804876126974e-09,0.7826574687315074,-7.917118638833437e-09,-5.307438313795748e-09,-9.5180654905909e-09,3.3082526447384274e-08,-7.300489022031111e-09,-4.257363091012474e-09,-9.382855307011355e-09,0.2173423571634209,-6.918941618744908e-09,-4.0842453461533024e-09,-9.461014968979337e-09,3.127414996513326e-08,-6.366223124962311e-09,-2.6039164109448406e-09,-9.158894073571236e-09,4.5110529024442666e-10,2.6494603257803834e-08,4.532227499445943e-08,3.632740448764917e-09,4.4756688415876716e-10,2.6933543878902186e-08,4.712690901638316e-08,4.922233296726862e-09,1.1128015501062935e-09,4.1926224507394976e-08,6.503528156333092e-08,1.3288252100761753e-08,4.2124934806314917e-10,2.5824040294250097e-08,5.0230472715785535e-08,8.970027939873817e-09,1.1128012569032808e-09,0.2415958288793408,6.848419731000652e-08,7.182161609648679e-09,4.0049227634604835e-10,2.390030140949891e-08,4.864854214174377e-08,8.548267120262983e-09,7.197386859537162e-15,3.935040680458775e-15,0.199577658077022,-1.1692767880751128e-13,0.3083363626545016,-1.5443186458995332e-13,full_epsilon_grid,0.2140665494135548,0.2842427971871826,0.666672217872745
PF0042,full_TAC,3,20.0,,118.3304871919667,10.104569260952978,3,3,LOCALLY_SOLVED,Solve_Succeeded,0.021290833,0.3300344392798495,12663722.444307804,32.58315567213092,10.104569422584474,503.5799874175005,3.1845052583085723e-16,3.1845052583085723e-16,9.994439454082633e-09,9.984874171281442e-09,1.0000000099417448,0.3480510356487161,-9.68271996647876e-09,-9.983272628540466e-09,-9.887673436444387e-09,-5.600962712049592e-09,-1.352660259937379e-09,-4.4475247181560326e-10,-9.883267171422624e-09,0.000431873355485,3.748986312043915e-09,7.280669683818575e-10,-9.883135564693753e-09,0.1375342462475008,4.51499630855133e-09,1.606435930879288e-09,-9.883433515684796e-09,2.374513940449119e-08,4.174098310205997e-09,1.3350421544275062e-09,-9.883427841739696e-09,2.5991183512329592e-08,3.519168976776905e-09,5.462741988024485e-10,-9.905823754934978e-09,-6.425919141598136e-09,-2.7902517462041613e-09,-6.234343228352816e-10,-7.0668960280977004e-09,4.2220213418111426e-08,-9.616254605222906e-09,-9.978783991865868e-09,1.9442180916026905e-07,-9.689050134872764e-09,-9.750679621131096e-09,-9.98427831799822e-09,0.9999997997131236,-9.93484180100124e-09,-9.888922172585989e-09,-9.991535684320486e-09,4.8422634279728335e-08,-9.437122144363306e-09,-9.70415811975176e-09,-9.982331708299592e-09,4.988348457407125e-08,-9.841802128886104e-09,-9.810435777144573e-09,-9.987093780081506e-09,-9.5137874940597e-09,4.456587815556064e-08,-9.482325487659592e-09,-9.97170669172678e-09,-1.0986303818271539e-09,-8.528738675166423e-09,-4.208276364249623e-09,-6.607751009831819e-09,-1.0981407968247352e-09,0.0006576253367613,1.166351297080329e-08,1.0816994958816166e-08,-1.0981261738548611e-09,0.2094271476950581,1.4046655182159692e-08,2.3867048115920853e-08,-1.0981592795205326e-09,3.615737136592976e-08,1.2986083631751993e-08,1.9834912008637235e-08,-1.098158649082188e-09,3.957748398468369e-08,1.0948525705528151e-08,8.116073810779234e-09,-1.100647083881664e-09,-9.784922329251703e-09,-8.680783210412949e-09,-9.2624527964099e-09,-5.27883250974654e-13,0.0003886999953655,0.3787807370369342,-6.020033736752873e-11,-2.5135838025287937e-10,-7.904084392069689e-11,full_epsilon_grid,0.3104365391224291,0.0008924012411508817,0.3666698492479616
PF0043,full_TAC,3,25.0,,118.3304871919667,7.406630142067297,3,3,LOCALLY_SOLVED,Solve_Succeeded,0.575188292,0.8284751701428255,27945303.123019177,118.33048811788277,7.406630280406425,503.5799877431806,8.120488408686858e-17,6.29004323589938e-23,9.83184803029914e-09,1.006859421809268e-08,1.0000000062898662,0.5180146437827747,1.7410902132131534e-07,-8.429332525777576e-09,-4.6080723410600335e-09,1.7535607505047107e-08,6.821103123770012e-09,2.3198996313398238e-10,-3.912892346474322e-09,0.1402019557044296,9.435369133957733e-09,5.703546764046664e-10,-4.382381776493891e-09,0.0277651307677014,9.927393939967011e-09,9.43015035276078e-10,-4.576519247803619e-09,1.923290402755701e-08,8.305883176308122e-09,6.73727298815894e-10,-4.037826588925382e-09,0.0373720235793955,9.470847111079467e-09,4.85255378315146e-10,-5.7894584440544684e-09,-1.5288105115353422e-09,3.6926639403613503e-09,4.082969067914815e-11,4.0689311184640726e-08,-3.9146815412666544e-09,-3.317742850633839e-09,-9.409225456870872e-09,0.9999993637288214,-7.214855047459837e-09,-5.7192430445821055e-09,-9.618374773126698e-09,7.165857509419553e-08,-9.12047704967338e-09,-8.183917271637743e-09,-9.83184803029914e-09,4.363453471891263e-08,-7.1477259780154485e-09,-5.258547506767319e-09,-9.543341237628649e-09,5.130173089352484e-07,-8.240132741850616e-09,-6.8717974144373434e-09,-9.724171953375426e-09,3.902593456975807e-09,1.7435958966127323e-08,7.552420993660783e-09,-7.004384893243294e-09,-5.12008037895559e-10,2.6701947791776276e-08,2.122120971839559e-08,3.4467080237048806e-09,-4.3476581627492444e-10,0.213489341640836,2.9354481750090722e-08,8.473840906583612e-09,-4.86931308499321e-10,0.0422787218508181,3.0885225591008475e-08,1.4010509095530298e-08,-5.085021386448463e-10,2.9286467496507263e-08,2.5840525437403043e-08,1.0009662725264711e-08,-4.4864739876948674e-10,0.0569073995413523,2.9464857678913898e-08,7.209508477825026e-09,-6.432731604504961e-10,-2.327961460746998e-09,1.1488287814457533e-08,6.06612547233058e-10,3.0965347538317808e-15,0.3811815693109773,0.0249886053825779,-4.954452611573491e-13,0.0523209893529322,-1.0459834732987849e-12,full_epsilon_grid,0.7790807503063298,0.9233953589190933,0.20000186372199294
PF0044,full_TAC,3,26.0,,118.3304871919667,6.867042318290161,3,3,LOCALLY_SOLVED,Solve_Succeeded,0.192074209,0.8483659464253569,28557091.761516433,118.33048745396374,6.867042408648259,503.57998844930904,3.1845052583085723e-16,3.1845052583085723e-16,9.482365869885533e-09,5.5819209843238814e-09,0.9999999984347328,0.5180145508784599,7.014386398471277e-07,-4.294240732420436e-09,3.840420481575495e-09,1.2288283800135352e-08,1.9864605003051472e-08,2.8956915382999415e-10,1.1921543935981681e-08,0.1877729998418089,3.7294599845455526e-08,6.691122802355728e-10,1.1921537725189416e-08,5.1189953439343766e-08,3.6038109442266884e-08,8.012219414725994e-10,4.004669942006812e-09,1.3486556192692936e-08,2.104786086573881e-08,4.219471710768099e-10,1.1278118130239542e-08,0.0175660274664235,3.8603789813202466e-08,6.348665023619472e-10,2.063805327943521e-09,6.467190826662239e-09,1.6439561569504368e-08,2.8355015812601706e-10,2.6390326988406417e-08,-4.010165756045823e-09,1.3199797110041704e-09,-8.951405026290449e-09,0.8758236318992624,-2.5943064230203124e-09,1.8197122203714747e-09,-8.9524539286006e-09,0.1241755628388261,-7.49988298337679e-09,-4.490022319101977e-09,-9.482365869885533e-09,2.7574457993285083e-08,-5.370154784293022e-09,-6.938928152493855e-10,-9.068127002266678e-09,6.836064154429041e-07,-5.223464359659754e-09,-1.2246977269657091e-09,-9.236805041338918e-09,1.6092004222037932e-08,7.545237537658488e-10,8.743618338055448e-09,-7.764463862384878e-09,4.2671338684172156e-10,1.8711704877478826e-08,6.180099334282679e-08,4.302170285474199e-09,1.324615992886853e-09,0.2859270679409363,1.1602764396363941e-07,9.941096734928508e-09,1.3246153027988236e-09,7.794833819172801e-08,1.1211856270927472e-07,1.190386884473576e-08,4.4496332688964557e-10,2.0536346929782425e-08,6.548223380452072e-08,6.268929398855461e-09,1.253124236693282e-09,0.0267482690965994,1.201006794188521e-07,9.43230232080607e-09,2.293117031048356e-10,9.847767849690229e-09,5.114530266068026e-08,4.212745206443682e-09,1.72806501070181e-14,0.3923307175741164,0.0316647986321616,-2.1746300014233192e-13,0.0245926906043592,-5.88375675484077e-13,full_epsilon_grid,0.7978426316802399,0.9233953517763958,0.16666826394050344
PF0045,full_TAC,3,27.0,,118.3304871919667,6.327454494513025,3,3,LOCALLY_SOLVED,Solve_Succeeded,0.139221958,0.870271930647267,29230759.26591665,118.33048822042066,6.327454648532683,503.5799875927827,8.120488408686858e-17,5.2979293673649006e-24,9.878668870729781e-09,1.1183611556257183e-08,1.000000008575125,0.5163708886481979,9.790303305369841e-09,-9.509367144466856e-09,-8.108277829288361e-09,-3.346893856699927e-09,7.680873739002414e-11,-1.7207255515769044e-10,-7.50121180143136e-09,0.1987580489589987,2.5918723625695487e-09,8.416775557989751e-10,-7.501211872039544e-09,2.9359477697589195e-08,2.7926172477907e-09,1.4182200580326427e-09,-7.695046287992668e-09,3.2710739698729782e-09,1.797223684035869e-09,5.900539069293668e-10,-7.607977423210975e-09,2.3614248520460793e-08,2.0860224603749593e-09,4.6032442751885444e-10,-8.558382101876296e-09,-5.450448195822204e-09,-1.1013875817691863e-09,-3.807806553877219e-10,-2.2187902044179286e-09,3.3470267211912354e-08,-3.6510651132693712e-09,-9.414197930868077e-09,0.8541811761570516,0.0149583595674139,-4.648959052354744e-09,-9.572687014494445e-09,0.145818827798899,-9.286014712398983e-09,-8.641841211599269e-09,-9.878668870729781e-09,1.9688785240271493e-08,1.80663709389978e-08,-3.794854732427263e-09,-9.455071980109937e-09,4.5934745303720414e-08,-7.587727676165453e-09,-7.158004163438135e-09,-9.759313820930185e-09,-6.594335358652067e-09,2.3937962985858296e-08,3.796493613514081e-09,-5.154273797123202e-09,-9.009197588098172e-10,-5.096406554520343e-09,2.3896051632451953e-10,-2.5565065337714e-09,-8.334679779368175e-10,0.3026543018239298,8.063602905771928e-09,1.25049236861562e-08,-8.334679857821712e-10,4.4706477403147184e-08,8.688142548682177e-09,2.107069800505641e-08,-8.55005143110296e-10,4.9809535450338534e-09,5.5913625725560366e-09,8.766515188664875e-09,-8.453308248012191e-10,3.595806024706529e-08,6.489847654499874e-09,6.839105780280124e-09,-9.50931344652921e-10,-8.299546116365629e-09,-3.4265391432819135e-09,-5.657312594331869e-09,-1.2798552070673885e-14,0.4101609437287135,0.0371837948710712,-2.1975077831490707e-12,-6.651071328261381e-12,-3.2866874034638516e-12,full_epsilon_grid,0.8185021683366592,0.9233953600222357,0.13333467105585056
PF0046,full_TAC,3,28.0,,118.3304871919667,5.787866670735888,3,3,LOCALLY_SOLVED,Solve_Succeeded,0.064246375,0.9299286373159484,31063598.423603896,118.33048822529486,5.787866824017414,503.5799876012161,5.075305255429287e-18,1.0253141930160176e-16,9.876561640156011e-09,1.1236614518344908e-08,1.0000000084705951,0.5018750376435707,1.3703981694328766e-08,-9.461898936215231e-09,-8.02525489277089e-09,-3.3345649662789534e-09,1.3274032264861818e-10,-1.7268532815373882e-10,-7.3578490271288385e-09,0.140722410272968,2.734122172728452e-09,8.251458100177473e-10,-7.3578491171222444e-09,2.9348366619179377e-08,2.9460600047717027e-09,1.3925274601711803e-09,-7.573803517171642e-09,3.283732730886196e-09,1.902971575555663e-09,5.777195038954533e-10,-7.476764977818676e-09,2.3496638320214263e-08,2.208081984353962e-09,4.5134089762818325e-10,-8.505355846316384e-09,-5.428761083640361e-09,-1.0666377287097432e-09,-3.810007335257382e-10,-2.1883221798885775e-09,3.31854753141967e-08,-3.324710148284814e-09,-9.369727808632912e-09,0.8684852434043762,0.1468706005754445,-4.4174829362665495e-09,-9.549029661793551e-09,0.1315147595919458,-9.284139022537644e-09,-8.62439530520933e-09,-9.876561640156011e-09,1.9656024108541034e-08,1.7830449636000524e-08,-3.495828269399202e-09,-9.416947706614473e-09,4.600812298085123e-08,-7.583806065289706e-09,-7.090280992990831e-09,-9.75171513002426e-09,-6.5605769938960605e-09,2.1150597643643776e-08,4.243177317601683e-09,-4.201957662375834e-09,-8.91694988085654e-10,-5.077633016833861e-09,4.1296989268459e-10,-2.565610589712691e-09,-8.175387807920926e-10,0.2142818520065649,8.506157870710741e-09,1.2259309177406533e-08,-8.175387907913601e-10,4.468955826102313e-08,9.165520014845296e-09,2.0688979408257533e-08,-8.41533724130182e-10,5.0002293856676165e-09,5.920356012839841e-09,8.583261200732449e-09,-8.30751664202075e-10,3.5778971987598984e-08,6.869588395767882e-09,6.705636193333007e-09,-9.450395384795975e-10,-8.266522559179641e-09,-3.3184284893192004e-09,-5.660582326668111e-09,-1.1145409917313094e-14,0.4802974231270878,0.0335362574975302,-2.014695717980347e-12,-5.795640386131788e-12,-3.066951525131431e-12,full_epsilon_grid,0.8747103237192957,0.9233953600746742,0.10000107419283993
PF0047,full_TAC,3,29.0,,118.3304871919667,5.248278846958753,3,3,LOCALLY_SOLVED,Solve_Succeeded,0.057166417,0.9847380712915608,32747597.486702994,118.33048823126168,5.248278999522888,503.5799876075239,1.592252629154286e-16,1.592252629154286e-16,9.876007821810385e-09,1.1301498954716328e-08,1.0000000083771623,0.4873791865468139,1.7935779876664312e-08,-9.415547177797236e-09,-7.9654510063159e-09,-3.368558761650709e-09,1.8247208215976946e-10,-1.7663419612385149e-10,-7.2416395388940254e-09,0.0826867715666397,2.913995795358353e-09,8.131445111293658e-10,-7.241639646240689e-09,2.9371613262076476e-08,3.140811575327069e-09,1.3758627578506766e-09,-7.478380395303291e-09,3.197054596443141e-09,2.0272564782462174e-09,5.632119453744891e-10,-7.370876572494101e-09,2.3413775879125922e-08,2.362697375097433e-09,4.4506426395372094e-10,-8.468057990589539e-09,-5.41817569728602e-09,-1.0386565689526763e-09,-3.829510596425702e-10,-2.252976452041697e-09,3.30050390472717e-08,-3.0130359832978153e-09,-9.328501384254968e-09,0.8827893114576758,0.2787828410909777,-4.2158764042938844e-09,-9.529960059884866e-09,0.1172106911747422,-9.290328546099243e-09,-8.621948700161978e-09,-9.876007821810385e-09,1.9350460612798584e-08,1.7799643180552586e-08,-3.220222380999699e-09,-9.38387433526343e-09,4.605505852517193e-08,-7.602486231666109e-09,-7.046748003530544e-09,-9.74690265644468e-09,-6.5566372188799414e-09,1.8757133605372578e-08,4.633906984755112e-09,-3.37665844901651e-09,-8.850501118128773e-10,-5.129396296149943e-09,5.676909222748384e-10,-2.624279485268651e-09,-8.04626615432669e-10,0.1259094021582924,9.065764696670432e-09,1.2081004165350576e-08,-8.046266273600762e-10,4.47249565581619e-08,9.771413789906436e-09,2.0441389545210057e-08,-8.309311550336985e-10,4.868242226402056e-09,6.307020154543787e-09,8.367720331278125e-09,-8.189862858326775e-10,3.5652795088669016e-08,7.350614055858681e-09,6.612383350169568e-09,-9.40895332287726e-10,-8.25040390268553e-09,-3.231375992297215e-09,-5.6895586004039015e-09,-9.792277082875077e-15,0.5504339022646161,0.029888720112904,-1.8662781715880393e-12,-5.0629116816690666e-12,-2.8986707035955665e-12,full_epsilon_grid,0.9263539611906423,0.9233953601388676,0.06666747733111074
PF0048,full_TAC,3,30.0,,118.3304871919667,4.708691023181617,3,3,LOCALLY_SOLVED,Solve_Succeeded,0.039026584,1.035498666289065,34307273.11791934,118.33048823827112,4.708691175033585,503.5799876117695,9.022764898540956e-17,1.0253141930160176e-16,9.876932183217926e-09,1.1377721068526668e-08,1.00000000829382,0.4728833353641803,2.2460032025211338e-08,-9.369336220871804e-09,-7.928249307675371e-09,-3.445797274943485e-09,2.2225254968061108e-10,-1.8372500043022623e-10,-7.151857035860723e-09,0.0246511328530161,3.128867364131258e-09,8.052361404131228e-10,-7.151857175264258e-09,2.9422682712055272e-08,3.3745265203290683e-09,1.367534502064334e-09,-7.4079961389361645e-09,3.016084493089199e-09,2.1643719264403893e-09,5.466345626703745e-10,-7.289327737572234e-09,2.33593701692762e-08,2.545786716376846e-09,4.413530437618584e-10,-8.444922736386304e-09,-5.4173802309376205e-09,-1.017065690185362e-09,-3.8615137756929095e-10,-2.406510809626304e-09,3.2920244721564966e-08,-2.7095280533615984e-09,-9.289676659791924e-09,0.8970933802290856,0.4106950811501528,-4.042583278895971e-09,-9.515331955622425e-09,0.1029066225762256,-9.304106777568494e-09,-8.634008957226518e-09,-9.876932183217926e-09,1.8790773778667707e-08,1.796281809104874e-08,-2.963445041591887e-09,-9.355611622052178e-09,4.6097021667645487e-08,-7.64260004505236e-09,-7.026976317140121e-09,-9.744752136244953e-09,-6.576986714446194e-09,1.6721641110675324e-08,5.003978416694758e-09,-2.6710156169465675e-09,-8.809165897417075e-10,-5.2470094868457615e-09,6.914523767841234e-10,-2.729628577820504e-09,-7.946507817623022e-10,0.037536952298911,9.734254021741693e-09,1.1963508371852112e-08,-7.94650797251584e-10,4.4802721402447794e-08,1.0498526952134881e-08,2.0317655459241537e-08,-8.231106821040178e-10,4.592674114476736e-09,6.7336015489256575e-09,8.121427788245564e-09,-8.099253041746924e-10,3.556995003048876e-08,7.920225339839076e-09,6.557245221604752e-09,-9.383247484873666e-10,-8.249192624382285e-09,-3.1642043694655703e-09,-5.737106181029465e-09,-8.643411432635937e-15,0.6205703811622876,0.026241182717268,-1.7416732665746992e-12,-4.403168881601367e-12,-2.769891360106535e-12,full_epsilon_grid,0.9741849396255102,0.9233953602142778,0.03333388046970422
PF0049,full_TAC,4,26.0,,115.26512689408084,6.867042318290161,3,3,LOCALLY_SOLVED,Solve_Succeeded,0.191857208,0.8547704427866147,28754771.414094698,115.26512643438846,6.867042401339743,503.57998864817006,1.6240976817373719e-16,1.592252629154286e-16,9.376805361497513e-09,5.130433432254076e-09,0.999999996326036,0.5119385516354865,7.738254236974368e-07,-3.512414725916773e-09,6.345296369780202e-09,1.256766799288814e-08,2.1590466449109772e-08,2.9671611670026235e-10,1.8447066470205063e-08,0.1902409670510781,4.155412526998025e-08,6.750107757020107e-10,1.8447060113774417e-08,5.065157831219493e-08,3.93924029263777e-08,8.030109109515392e-10,6.327261228274275e-09,1.3258321503637896e-08,2.2365566388387695e-08,4.1914946173444334e-10,1.7410483111866526e-08,0.0126895553834604,4.320779162365709e-08,6.393935210543584e-10,5.09824047540401e-09,9.566389202312944e-09,1.9845100407199415e-08,3.5282832485239225e-10,2.678510985353177e-08,-5.051814253711608e-09,1.7103424204634275e-10,-9.047552041301641e-09,0.8215430557816985,-3.156204125222224e-09,1.7858707415035287e-09,-8.936814281068658e-09,0.1784560910606224,-7.071912433807208e-09,-3.485277184514769e-09,-9.376805361497513e-09,2.669127577212952e-08,-5.773435865418393e-09,-1.0621159432335015e-09,-9.093619233624648e-09,6.950347714776858e-07,-5.077604582600142e-09,-6.544345008334613e-10,-9.179482360060258e-09,2.088877136652085e-08,-2.713383417610353e-09,4.3645948542085084e-09,-8.400728779856297e-09,7.050329299755776e-10,1.913713080735239e-08,6.717034006389707e-08,4.4083537338324695e-09,2.0496740522450063e-09,0.2896851089186872,1.2927950083993853e-07,1.0028731524715588e-08,2.049673345974934e-09,7.712853970266044e-08,1.225541424376195e-07,1.1930447819851437e-08,7.03029025363808e-10,2.0188807744175885e-08,6.958176209720615e-08,6.2273634314831585e-09,1.934498123540724e-09,0.0193227320611783,1.3442424060693318e-07,9.49956088423618e-09,5.664711639337786e-10,1.4567001739885616e-08,6.174031237795374e-08,5.2420208263784e-09,1.8770572578264793e-14,0.3807103435678072,0.0455063363983893,-1.0991743199005378e-13,0.0177656393875326,-3.1548001006035184e-13,full_epsilon_grid,0.8039049250252409,0.8904170126694867,0.1666682634890123
PF0050,full_TAC,4,27.0,,115.26512689408084,6.327454494513025,3,3,LOCALLY_SOLVED,Solve_Succeeded,0.088795709,0.887262112961965,29753482.421886075,115.2651275698692,6.327454634858221,503.57998793012104,3.1845052583085723e-16,3.1845052583085723e-16,9.64804890292703e-09,8.669901341039508e-09,1.0000000060300775,0.5067270888508736,1.5183249082968975e-07,-8.594737910017461e-09,-4.512050630112897e-09,3.589236972736836e-09,4.4970132873769564e-09,1.6950629075740483e-10,-2.5581407970241924e-09,0.1820655019843399,8.187677227878587e-09,7.711300250433018e-10,-2.55818019776641e-09,5.0572659395995274e-08,8.354096102782506e-09,9.297132519877695e-10,-3.8210105434314076e-09,1.0514266015288481e-08,5.984424142854171e-09,4.674117534991245e-10,-3.556094664351079e-09,1.890654562881749e-08,6.359865005965015e-09,4.269767938496968e-10,-5.766845604916267e-09,-2.5347018050227942e-09,2.399622951140143e-09,-6.127792432573403e-11,1.0792181786468113e-08,1.5594864328918638e-08,2.414240402553007e-09,-8.684265481507104e-09,0.8098798131558365,0.0474252534644593,2.579397879546381e-09,-8.838599200510544e-09,0.190120143635306,-7.949566964197419e-09,-6.227783307734196e-09,-9.64804890292703e-09,2.6202320711309733e-08,3.888125010020421e-09,6.942125976180452e-10,-8.874724681787864e-09,3.7770149428754126e-08,-5.0846548483286e-09,-3.587919140460011e-09,-9.399877196693261e-09,-2.2313627533676094e-10,1.719695528507981e-08,8.853692113066246e-09,-6.018376900889311e-09,-5.013389589014328e-10,5.465429026667454e-09,1.3990708005172751e-08,2.5183791769671574e-09,-2.842378663360213e-10,0.2772361052943358,2.5472773597844496e-08,1.1456788943500484e-08,-2.842422441962677e-10,7.700836771662916e-08,2.599052120865668e-08,1.3812882600961147e-08,-4.24556727047934e-10,1.6010359614189275e-08,1.8618208444435195e-08,6.944403194844137e-09,-3.95121629372342e-10,2.8789512662062993e-08,1.978624668522449e-08,6.343655222909781e-09,-6.407606227684739e-10,-3.859659566739254e-09,7.465493625769331e-09,-9.104148756966195e-10,-1.007739022791146e-15,0.4130610149326986,0.0484806536064366,-2.0338770463353287e-12,-5.722717219627095e-12,-3.0765245858495664e-12,full_epsilon_grid,0.834532655381636,0.8904170248854275,0.1333346702110965
PF0051,full_TAC,4,28.0,,115.26512689408084,5.787866670735888,3,3,LOCALLY_SOLVED,Solve_Succeeded,0.073268458,0.9473530765030794,31599655.847741272,115.26512757901588,5.787866809127932,503.57998795728435,3.1845052583085723e-16,3.1845052583085723e-16,9.638535788258226e-09,8.549244287606693e-09,1.0000000057339966,0.4922312335979841,1.740886073523252e-07,-8.456900747682354e-09,-4.243265323091421e-09,3.6483634873753564e-09,5.0479827992519874e-09,1.6934326546276588e-10,-2.07445871889074e-09,0.1240298586311286,9.278664452672346e-09,7.647168385232601e-10,-2.0744592819771953e-09,5.0530082535748706e-08,9.465713266628276e-09,9.225925200502196e-10,-3.504565461501028e-09,1.0369106772615297e-08,6.680845474623197e-09,4.58723616090096e-10,-3.205772385482709e-09,1.8583825719013582e-08,7.130227394924388e-09,4.207620838893768e-10,-5.598207746617377e-09,-2.476244848022637e-09,2.7172812971022188e-09,-6.057106657530147e-11,1.0910498467204572e-08,1.4815180042487312e-08,3.165721185106214e-09,-8.611122244370353e-09,0.8241838793845807,0.1793375021058683,3.436125049560628e-09,-8.772031374169415e-09,0.1758160755662507,-7.923475561717474e-09,-6.117516479444555e-09,-9.638535788258226e-09,2.5755172616881506e-08,3.572024729377062e-09,1.1995850579736384e-09,-8.822700526132458e-09,3.726421072814983e-08,-5.07031190975449e-09,-3.353754230254947e-09,-9.380809310444352e-09,-1.459065027693008e-10,1.562653688198813e-08,9.995508619107652e-09,-5.658553729434156e-09,-4.714739247879353e-10,5.555462583048838e-09,1.5704835375450624e-08,2.515957086875379e-09,-2.3049541321008215e-10,0.1888636483701276,2.8866956074980626e-08,1.136150731520272e-08,-2.304954757752439e-10,7.694353477034463e-08,2.9448885718399084e-08,1.3707088869317548e-08,-3.8939616238900295e-10,1.578932167648238e-08,2.0784852587716613e-08,6.8153222961957115e-09,-3.5619693172030085e-10,2.8298098253952493e-08,2.2182929673098098e-08,6.251322389213598e-09,-6.22023082957486e-10,-3.77064556403447e-09,8.453764035429123e-09,-8.999129891187644e-10,6.269896180513423e-16,0.4831974974060508,0.0448331167114308,-1.8527305790870908e-12,-4.910130528471939e-12,-2.846877103162257e-12,full_epsilon_grid,0.8911497362359673,0.8904170249838311,0.10000107327302678
PF0052,full_TAC,4,29.0,,115.26512689408084,5.248278846958753,3,3,LOCALLY_SOLVED,Solve_Succeeded,0.045907708,1.0027383778632708,33301337.463776667,115.26512759083178,5.248278983479235,503.57998797944066,3.1845052583085723e-16,3.1845052583085723e-16,9.632675586313074e-09,8.433627546462479e-09,1.000000005465752,0.4777353786951878,1.949034177314473e-07,-8.323145009586404e-09,-4.028706317603772e-09,3.6284225832629005e-09,5.544526400849453e-09,1.6753333145765795e-10,-1.6590540757195181e-09,0.0659942158531712,1.0340859681830006e-08,7.604301154401272e-10,-1.6590544319533331e-09,5.0530550024652245e-08,1.0548750255725707e-08,9.182088897966191e-10,-3.243784542981115e-09,1.0206466961995573e-08,7.330121798167981e-09,4.5130636690594666e-10,-2.911858007820377e-09,1.8314740901842377e-08,7.86646634383042e-09,4.1619592813360926e-10,-5.4753405573950365e-09,-2.462209623698773e-09,2.979131457740699e-09,-6.288153434465808e-11,1.0881436566396225e-08,1.4234973158676629e-08,3.854454321630289e-09,-8.545961835579816e-09,0.838487946675373,0.3112497493128124,4.208919956889732e-09,-8.715677360654103e-09,0.161512007023646,-7.915764697952724e-09,-6.045101654649337e-09,-9.632675586313074e-09,2.5300578902592522e-08,3.343504718333423e-09,1.6448419539544875e-09,-8.778667815783257e-09,3.6831711060777856e-08,-5.078843291198413e-09,-3.1692060822535923e-09,-9.366760050646514e-09,-1.6055163257975087e-10,1.4255396881465212e-08,1.1013434823504849e-08,-5.317407190640001e-09,-4.476340352893078e-10,5.525098024513962e-09,1.7249637691531634e-08,2.4890666387994895e-09,-1.84339341746613e-10,0.1004911923218744,3.217156345458224e-08,1.1297818857967604e-08,-1.8433938132814806e-10,7.694424662844774e-08,3.281833412892442e-08,1.3641960648406917e-08,-3.6042050477567933e-10,1.5541665601220532e-08,2.280482337207816e-08,6.705123165459779e-09,-3.2353977864670843e-10,2.788835546416907e-08,2.4473450847472416e-08,6.183482360842193e-09,-6.083711730438926e-10,-3.7492737451776774e-09,9.26840897963773e-09,-9.342399388349196e-10,1.9560320638546848e-15,0.5533339793076075,0.0411855796792725,-1.7061946573924658e-12,-4.230344492040121e-12,-2.6646140369749768e-12,full_epsilon_grid,0.9433356491594922,0.8904170251109511,0.06666747633999748
PF0053,full_TAC,4,30.0,,115.26512689408084,4.708691023181617,3,3,LOCALLY_SOLVED,Solve_Succeeded,0.041049708,1.054232429211004,34883534.56623163,115.26512760499556,4.708691157882223,503.5799879970485,9.022764898540956e-17,3.14502161794969e-23,9.630085719468544e-09,8.321203721868024e-09,1.0000000052216,0.4632395240762571,2.145659671168978e-07,-8.19151738940799e-09,-3.862772332180298e-09,3.5423391074493513e-09,5.992164178914033e-09,1.6432033165376163e-10,-1.3069595526966955e-09,0.0079585735762543,1.1386142038404933e-08,7.577914202660606e-10,-1.3069604011436195e-09,5.0562994522088516e-08,1.1615523001790928e-08,9.159763969304723e-10,-3.0318956421812e-09,1.0030085002676502e-08,7.941900103234811e-09,4.448692661057057e-10,-2.6675495076618822e-09,1.809068783701861e-08,8.575679075204401e-09,4.12958418847185e-10,-5.393270789760472e-09,-2.4861103442798e-09,3.1895170431094782e-09,-6.771814144757323e-11,1.0729682558757842e-08,1.3819077531622489e-08,4.497964582804455e-09,-8.486688215746429e-09,0.8527920148924203,0.4431619952992854,4.907140974214417e-09,-8.668480675015997e-09,0.1472079380639683,-7.924246980622533e-09,-6.006841491082536e-09,-9.630085719468544e-09,2.484305338196857e-08,3.184496632577043e-09,2.044337619347409e-09,-8.741034638158222e-09,3.64659069577099e-08,-5.106806163915343e-09,-3.0279978443535473e-09,-9.35706371190669e-09,-2.5186710900225814e-10,1.3029364301212652e-08,1.1936447575482354e-08,-4.983870693608242e-09,-4.291969257978106e-10,5.3940163681615134e-09,1.8642288556621433e-08,2.44133064171303e-09,-1.4521772807741056e-10,0.012118737036569,3.5423553008370896e-08,1.1258615386810044e-08,-1.45217822349291e-10,7.699365074954387e-08,3.613718267223844e-08,1.3608792182967016e-08,-3.368772935756887e-10,1.5273083981348312e-08,2.4708133654508296e-08,6.609486239284769e-09,-2.96394389740209e-10,2.754718375182379e-08,2.6679890456191474e-08,6.135382222872462e-09,-5.992523099733856e-10,-3.78566802424424e-09,9.922941911896153e-09,-1.006098101506802e-09,3.070476326657858e-15,0.6234704607372773,0.0375380425217136,-1.5840473783793145e-12,-3.639339039017084e-12,-2.516659590339763e-12,full_epsilon_grid,0.991857299413279,0.8904170252633304,0.03333387941016106
PF0054,full_TAC,5,14.0,,112.19976659619496,13.342096203615794,3,3,LOCALLY_SOLVED,Solve_Succeeded,0.4668735,0.2589570405102095,10469233.008042185,50.101632462609714,13.342096315058196,503.57998837363505,1.592252629154286e-16,1.592252629154286e-16,9.446640103474309e-09,6.884415416267698e-09,1.0000000001058242,0.3827751254199568,4.68644292750814e-07,-6.221944371327356e-09,5.088391137948237e-09,1.7029333909822322e-08,1.6366840267479315e-08,2.3925348130355374e-10,5.071682256829757e-09,1.7265174908226904e-08,1.6961163831600607e-08,3.236768520435405e-10,1.4088630891106006e-08,0.0049499787416194,2.5189219849458762e-08,9.61211303768555e-10,4.80635140143723e-09,1.6461584441556977e-08,1.786224912011939e-08,5.853921171276866e-10,1.1459118321448715e-08,0.1467806520824291,2.567553386289929e-08,4.789239356184903e-10,4.5697061675048014e-09,1.5168493999824392e-08,1.7243640063479362e-08,5.557743786468427e-10,3.238912328712382e-08,-6.825917495790927e-09,-3.5314933611054804e-09,-9.391932573232831e-09,3.225420672421823e-08,-7.179383233940773e-09,-4.0780900989290815e-09,-9.422854094766e-09,0.9999995294905882,-7.3700439238900125e-09,-4.706814627474764e-09,-9.446640103474309e-09,3.018530828138179e-08,-7.097720420195474e-09,-3.764092932995612e-09,-9.317360364828011e-09,2.972438268457086e-07,-6.744226772342201e-09,-3.661227596682457e-09,-9.424375376677313e-09,2.844957054099243e-08,-6.160446241880657e-09,-2.063981833816114e-09,-9.07731894470064e-09,5.653767931053594e-10,2.59310311808658e-08,5.0919058609935647e-08,3.5546231507956543e-09,5.635202507588615e-10,2.629015270116369e-08,5.2768065253868557e-08,4.808913230361172e-09,1.5654034323451112e-09,0.0075374676292841,7.836646175387169e-08,1.4280853655989958e-08,5.340390446041364e-10,2.5066503581461757e-08,5.55714417070381e-08,8.697254311611341e-09,1.273235369049857e-09,0.2235069020346079,7.987943868457557e-08,7.115441329188999e-09,5.077451297227555e-10,2.3097479499732593e-08,5.3646880197491335e-08,8.257219339895951e-09,7.260412448550271e-15,3.615431030125433e-15,0.2594548429195478,-8.958237703109241e-14,0.2054930016329755,-1.161990384000325e-13,full_epsilon_grid,0.2431375605394866,0.18936294828065506,0.5666714270519484
PF0055,full_TAC,5,26.0,,112.19976659619496,6.867042318290161,3,3,LOCALLY_SOLVED,Solve_Succeeded,0.208826625,0.858276764598502,28863459.87516381,112.19976446541176,6.867042394304776,503.57998883411585,1.592252629154286e-16,1.592252629154286e-16,9.280468818926488e-09,4.695844475931654e-09,0.9999999942284143,0.5058625517145839,8.390340613962687e-07,-2.722095937322369e-09,8.601571903838731e-09,1.2506171418721218e-08,2.29676990305334e-08,3.0177026680523165e-10,2.5773500444971142e-08,0.2005216840869295,4.560848934529345e-08,6.8509705136761e-10,2.5773493825737768e-08,5.020474983167197e-08,4.2468602219924826e-08,8.107962069236233e-10,8.405844118571427e-09,1.2984822250515465e-08,2.346260713016614e-08,4.1903581845516904e-10,2.5773455938372343e-08,3.34173435639946e-07,4.775161969145396e-08,6.491000748528305e-10,7.563672747486224e-09,1.0926823568171489e-08,2.1953130913948983e-08,3.827980669944495e-10,2.661727500185051e-08,-5.629202452914665e-09,-5.605166107033967e-10,-9.110459422457511e-09,0.7396815500965579,-3.5608313385455983e-09,1.6921851014238074e-09,-8.932510375655203e-09,0.2327478246524238,-6.708569992441393e-09,-2.604190104192138e-09,-9.280468818926488e-09,2.584054863426647e-08,-6.043465585416538e-09,-1.3484154927286128e-09,-9.115957486534304e-09,0.0275704311228616,-4.7308773511448205e-09,4.353480096857618e-10,-9.079681175023856e-09,2.2685926308652597e-08,-4.385321113685678e-09,1.8808184640202813e-09,-8.716493070050644e-09,9.557302115376364e-10,1.904348829668913e-08,7.145506365054836e-08,4.483443963963441e-09,2.8637222716634587e-09,0.30533983713237,1.4189307796313517e-07,1.017858476317592e-08,2.863721536193084e-09,7.644814178913686e-08,1.3212454023976612e-07,1.2046115074293832e-08,9.33982679841269e-10,1.9772342972375817e-08,7.299477773829464e-08,6.225675017048226e-09,2.863717326485814e-09,5.088550042699178e-07,1.4856059459563456e-07,9.643772540670625e-09,8.404080830540246e-10,1.6638572251533855e-08,6.829862951006352e-08,5.6872855667746785e-09,1.9934982602387663e-14,0.3690883076184469,0.0593507316400294,-2.5873960012449627e-14,0.0109367317255978,-1.0221573614459677e-13,full_epsilon_grid,0.8072381023433102,0.8574386633485501,0.16666826305441992
PF0056,full_TAC,5,27.0,,112.19976659619496,6.327454494513025,3,3,LOCALLY_SOLVED,Solve_Succeeded,0.086421208,0.902672611912723,30227699.905331258,112.1997671985181,6.327454634922037,503.5799879433117,1.804552979708191e-16,1.0253141930160176e-16,9.631563942807002e-09,8.673843640749384e-09,1.000000005995875,0.4970833241401656,1.5211697119522165e-07,-8.598809943955349e-09,-4.367039881167143e-09,4.0678343752620965e-09,4.579013695951354e-09,1.8115581143516544e-10,-2.4035355818758975e-09,0.1653730386638221,8.139773552856417e-09,7.65162901974273e-10,-2.403535926601455e-09,5.0282426238943246e-08,8.293964775134524e-09,9.201732810841261e-10,-3.7040370312373126e-09,1.0717324670791728e-08,5.970649691072681e-09,4.668618010396678e-10,-3.444415452500519e-09,1.874710229012968e-08,6.309775527311752e-09,4.21809104668786e-10,-5.612390031697526e-09,-2.276906951941707e-09,2.554185146040108e-09,-4.105101762249146e-11,1.1669352580271281e-08,1.4796754163235606e-08,2.356452657922104e-09,-8.687740335017023e-09,0.7655784470467226,0.0798920207129561,2.69735239340062e-09,-8.816913042322963e-09,0.2344215072357193,-7.840325171957408e-09,-6.0663290440737805e-09,-9.631563942807002e-09,2.6544644948846833e-08,3.5505059558409547e-09,6.730483450749706e-10,-8.868477533002034e-09,3.753124498508714e-08,-4.942961256035234e-09,-3.457554007007349e-09,-9.38431733562864e-09,3.403611588709829e-10,1.735464688115397e-08,8.54151103106368e-09,-6.247857607510177e-09,-4.852266534630157e-10,6.1942023441491e-09,1.4245820387404211e-08,2.6914577698938863e-09,-2.670595090973219e-10,0.2518180361471837,2.532373994221996e-08,1.1368134543617773e-08,-2.6705954740016163e-10,7.656642177293632e-08,2.5803445967085183e-08,1.3671145890392731e-08,-4.115596701374789e-10,1.6319562566887404e-08,1.857535459444834e-08,6.936232472589352e-09,-3.827128280556132e-10,2.854672394178837e-08,1.9630412751636563e-08,6.266878126507676e-09,-6.23598892410836e-10,-3.467108313183963e-09,7.946353787680338e-09,-6.099008332484444e-10,-1.0350288445055873e-15,0.4159610402079112,0.0597775012469564,-2.032229016359342e-12,-5.889962860658823e-12,-3.0450951059567308e-12,full_epsilon_grid,0.8490756063453659,0.857438692752365,0.1333346702150388
PF0057,full_TAC,5,28.0,,112.19976659619496,5.787866670735888,3,3,LOCALLY_SOLVED,Solve_Succeeded,0.055446333,0.9629998734475708,32081129.084535427,112.19976753182002,5.7878668241344435,503.5799876145784,1.592252629154286e-16,1.592252629154286e-16,9.86025767777042e-09,1.0174171626027558e-08,1.0000000084382985,0.4825875083183592,1.3540075124618432e-08,-9.469318149831068e-09,-7.867937138783039e-09,-2.701279829855247e-09,3.055175401955072e-10,-1.2583709073702448e-10,-7.214420293679245e-09,0.107337483031049,2.6103643252993672e-09,8.165276185485757e-10,-7.214420343969889e-09,2.8911507494859332e-08,2.792671569643166e-09,1.3533970471598503e-09,-7.431616741250686e-09,4.550166686629664e-09,1.906484516298052e-09,6.318489600531783e-10,-7.346863994488522e-09,2.317257105034068e-08,2.092533413527307e-09,4.416986390665111e-10,-8.354884453706725e-09,-5.235393981359405e-09,-8.660168173518994e-10,-3.3934224054924166e-10,-9.20129813053753e-10,3.198034115869174e-08,-3.3614095250174172e-09,-9.370654408733038e-09,0.7798825101065887,0.2118041340337818,-4.2543401656519484e-09,-9.524818550785724e-09,0.2201174870677817,-9.174997621271817e-09,-8.452056795199252e-09,-9.86025767777042e-09,2.290549358430568e-08,1.5394875124216157e-08,-3.466783622025305e-09,-9.398310284647015e-09,4.574103432994067e-08,-7.284661985696273e-09,-6.874462032898447e-09,-9.730422102676421e-09,-5.984533489152951e-09,2.4690001026248312e-08,3.6005141252301912e-09,-5.640643071382049e-09,-8.742152376425597e-10,-4.113312468188671e-09,9.504990139415778e-10,-1.869579633807221e-09,-8.016022548532491e-10,0.1634457127972791,8.121133456486918e-09,1.2131267475578838e-08,-8.016022604410983e-10,4.4024340958081256e-08,8.688311550000959e-09,2.01076132720892e-08,-8.257351934722981e-10,6.928662909186079e-09,5.931285161816161e-09,9.387470263647218e-09,-8.163182216098354e-10,3.5285505917564216e-08,6.510103953196067e-09,6.562379780416736e-09,-9.283204948563023e-10,-7.972077198888185e-09,-2.694274542872576e-09,-5.041656145303019e-09,-1.1355333755321608e-14,0.4860974718168855,0.056129952695038,-2.022654242449999e-12,-6.302082498074943e-12,-2.9929702892134066e-12,full_epsilon_grid,0.9059152012757123,0.8574386963381557,0.10000107420006958
PF0058,full_TAC,5,29.0,,112.19976659619496,5.248278846958753,3,3,LOCALLY_SOLVED,Solve_Succeeded,0.041900083,1.0187151683800109,33792943.465589106,112.1997672129486,5.248278983656576,503.5799879981995,3.1845052583085723e-16,3.1845052583085723e-16,9.610527765259289e-09,8.44458287204558e-09,1.0000000054208862,0.4680916140120654,1.945349623194087e-07,-8.335250506860266e-09,-3.826399404797428e-09,4.214121074537474e-09,5.650423829031308e-09,1.8173397500529688e-10,-1.4340492806890527e-09,0.0493017518907616,1.02239263544986e-08,7.53952805379309e-10,-1.4340498068264087e-09,5.0208511166659876e-08,1.0411616540442851e-08,9.076619414883403e-10,-3.081698669632457e-09,1.0444829817028081e-08,7.284805584307586e-09,4.5106079131633717e-10,-2.757079946778814e-09,1.8119908517953904e-08,7.76573734473541e-09,4.102903816171399e-10,-5.262596821364443e-09,-2.1371588358936247e-09,3.1956735452135284e-09,-3.783321188401168e-11,1.195283027821463e-08,1.3278536918283533e-08,3.731153425870386e-09,-8.554510873221809e-09,0.7941865788341721,0.3437165178100718,4.367269113790758e-09,-8.684918580372404e-09,0.2058133716512514,-7.77538425231853e-09,-5.826841273229125e-09,-9.610527765259289e-09,2.5692727953938964e-08,2.9589330124555955e-09,1.596168375856044e-09,-8.771457566419806e-09,3.652068846304914e-08,-4.904222198952262e-09,-2.9938411529587767e-09,-9.345892409871984e-09,5.424096329884254e-10,1.4593038159846934e-08,1.0584300681803432e-08,-5.656829283770351e-09,-4.2515548942193623e-10,6.416957090772972e-09,1.7579096356986293e-08,2.7000476286501244e-09,-1.5933880896545024e-10,0.0750731221972961,3.1807770880662315e-08,1.1201584537064021e-08,-1.5933886742515648e-10,7.645386927650479e-08,3.239169590359998e-08,1.3485263130683912e-08,-3.424109632924951e-10,1.5904627221383667e-08,2.26638395956236e-08,6.701474613842723e-09,-3.0634221630875694e-10,2.759167887961162e-08,2.4160071739176833e-08,6.095742812597506e-09,-5.847329801516046e-10,-3.2543100455652913e-09,9.942095473997645e-09,-5.620934337053162e-10,1.880601383030077e-15,0.5562340047180658,0.0524824276047056,-1.7091557570654316e-12,-4.4588511462654354e-12,-2.6318418413425796e-12,full_epsilon_grid,0.9584118583407593,0.8574386929076138,0.0666674763509529
PF0059,full_TAC,6,9.0,,109.1344062983091,16.040035322501474,3,3,LOCALLY_SOLVED,Solve_Succeeded,0.115789625,0.2048636446205413,8798218.395243509,64.80068418114875,16.04003544500435,503.5799881738164,3.1845052583085723e-16,3.1845052583085723e-16,9.573443222246652e-09,7.567682219720504e-09,1.0000000021417403,0.411910794993449,3.526452015476051e-07,-7.189425285959831e-09,2.8353608476872633e-09,1.830624609873952e-08,1.2989002578538136e-08,2.435586385504538e-10,2.8193470731631806e-09,1.8545056537462085e-08,1.3548931088249248e-08,3.31779337430619e-10,7.443067284609351e-09,2.784013264728217e-08,1.839196413348161e-08,8.826855434651584e-10,2.651099061990145e-09,1.773625500774644e-08,1.4599243754258051e-08,6.115756784488418e-10,7.4430666034739085e-09,0.1632798733950123,1.886878460438509e-08,4.727242492389935e-10,2.5072774766714484e-09,1.6499650433140584e-08,1.4184109331080261e-08,5.850184082949143e-10,3.741643781449395e-08,-7.246495472985594e-09,-4.552815996855907e-09,-9.487929395520088e-09,3.7194480131073455e-08,-7.586711039388452e-09,-5.047269563892436e-09,-9.521682598946364e-09,0.6261194489386224,-8.113990386272697e-09,-5.782934424226831e-09,-9.573443222246652e-09,3.495207360383493e-08,-7.501398414663495e-09,-4.730363392210409e-09,-9.443462897481922e-09,0.3738803819292228,-7.2451429682272505e-09,-4.720386561364723e-09,-9.517614156741634e-09,3.315621668683156e-08,-6.580566752889329e-09,-3.136063306035577e-09,-9.235999579682733e-09,3.1504009418747355e-10,2.7875420195807903e-08,4.041023024434087e-08,3.618585487035313e-09,3.1326078590702003e-10,2.8239063363862715e-08,4.215223005233099e-08,4.9292930132549115e-09,8.270074760677051e-10,4.239292925836148e-08,5.721944397083167e-08,1.3114185217196642e-08,2.945665624433493e-10,2.7007479216341167e-08,4.54198694576917e-08,9.086267222668508e-09,8.270074003859894e-10,0.2486307163060414,5.8702885435864705e-08,7.023331702979333e-09,2.785863862968275e-10,2.5124467705009527e-08,4.4128340141138584e-08,8.691702066095869e-09,7.145206297013685e-15,4.295536201952457e-15,0.1596604614569068,-1.4603037864837846e-13,0.376897672235734,-1.952636305281805e-13,full_epsilon_grid,0.19189212058426314,0.34750103023197415,0.733339411822279
PF0060,full_TAC,6,25.0,,109.1344062983091,7.406630142067297,3,3,LOCALLY_SOLVED,Solve_Succeeded,0.450920958,0.8354881687314886,28168489.50504658,94.83373672942014,7.4066302879291905,503.57998781752866,1.592252629154286e-16,1.592252629154286e-16,9.730242005649842e-09,9.010698339420412e-09,1.0000000066924517,0.4714407004773304,8.507625160586301e-08,-8.960140741319704e-09,-3.835517271110583e-09,2.176157995911555e-08,4.227057916219954e-09,2.3364582081000985e-10,-3.052042227025904e-09,0.1868773004882714,5.428165365167433e-09,5.203429562279087e-10,-3.052042216266203e-09,2.8230283763832064e-08,5.595518060799538e-09,8.17626913851237e-10,-3.828904580276695e-09,2.0749408582055244e-08,4.983780287064074e-09,6.39807005118049e-10,-3.824053256358856e-09,2.2829577801440827e-08,4.3256678709368654e-09,2.5042542415401253e-10,-3.870313077550182e-09,1.8525136509310332e-08,4.840509945974525e-09,6.043532631845487e-10,4.4356669252116626e-08,-7.278666706822312e-09,-5.802020079606634e-09,-9.599119107101429e-09,0.4859917929914322,-7.419834632822861e-09,-5.9991045277181365e-09,-9.618252550965618e-09,0.5140080612952503,-8.612433539325752e-09,-7.2371610846968425e-09,-9.730242005649842e-09,4.487785038258819e-08,-7.714164252926354e-09,-6.003189114637445e-09,-9.592726142512986e-09,4.526588632988838e-08,-8.135775806176606e-09,-6.739399310957578e-09,-9.692134807763887e-09,4.175299904959956e-08,-5.744809336062557e-09,-4.012416444076803e-09,-9.348859491808804e-09,-4.2616858567895356e-10,3.313695130138049e-08,1.3150846850462076e-08,3.471309337748717e-09,-3.3911580300287807e-10,0.2845631621071406,1.6887625580520898e-08,7.73080963538607e-09,-3.3911580180735574e-10,4.298702300401701e-08,1.7408278411376343e-08,1.2147599862932664e-08,-4.2543384225296603e-10,3.1595690340856845e-08,1.550509422642156e-08,9.505704076039584e-09,-4.2489480626209493e-10,3.4763220743103086e-08,1.3457633376248021e-08,3.7206063017167572e-09,-4.3003478639446447e-10,2.820873059372255e-08,1.5059364276365188e-08,8.978962767313297e-09,1.9102765675682138e-15,0.2921174477695354,0.1310720502297726,-7.454772344326568e-13,-1.6114128141499372e-12,-1.0272745845289625e-12,full_epsilon_grid,0.7859252651606035,0.6706082221834601,0.20000186418671959
PF0061,full_TAC,6,26.0,,109.1344062983091,6.867042318290161,3,3,LOCALLY_SOLVED,Solve_Succeeded,0.112534834,0.8589296712954336,28885147.942132547,107.2883039946092,6.867042392351632,503.579989026482,1.592252629154286e-16,1.592252629154286e-16,9.271151884014754e-09,4.575187916308213e-09,0.9999999925837336,0.4961273437388891,7.598769229574265e-07,-2.6362513490570595e-09,1.0731242822516793e-08,1.2431259305422631e-08,2.3610748416050455e-08,3.4307295830129676e-10,3.4151492809669666e-08,0.1966630051751416,4.761835461650137e-08,7.666627378248598e-10,3.415148706009758e-08,4.973881609651489e-08,4.376249772618902e-08,9.02183018466308e-10,1.0325894472099738e-08,1.2762932747323734e-08,2.386338308960063e-08,4.651090322786694e-10,1.1003338644736822e-08,1.3040244545198553e-08,2.4146514034931157e-08,3.5470650681098043e-10,9.823327733484471e-09,1.1742288879666011e-08,2.30903882897598e-08,4.4576064901483086e-10,2.641685218729432e-08,-6.058238893131557e-09,-1.2176957919470635e-09,-9.16581009138918e-09,0.680292469973935,-3.890370702456123e-09,1.5160602724121031e-09,-8.933853683167171e-09,0.319707297723527,-6.27424944516846e-09,-1.5751280409765815e-09,-9.16275053074676e-09,2.5134718194484763e-08,-6.261876868277668e-09,-1.6418789856298102e-09,-9.13911213884688e-09,2.73020557666238e-08,-6.571961128760246e-09,-2.279820855075707e-09,-9.271151884014754e-09,2.3602886159240513e-08,-5.451364725640006e-09,3.0965425065914436e-11,-8.935277906515307e-09,1.1923603136129764e-09,1.8929417578711727e-08,7.345566173882365e-08,5.097083951904981e-09,3.794610312185517e-09,0.299464121516693,1.4814599214022644e-07,1.1390417819112204e-08,3.794609673344174e-09,7.573865178332948e-08,1.361499929259214e-07,1.3403861988642289e-08,1.1473216080110815e-09,1.9434465774333863e-08,7.424163627875751e-08,6.910191336711659e-09,1.2225931827485356e-09,1.985673601200689e-08,7.512248810867471e-08,5.269925244048851e-09,1.0914808592760515e-09,1.78803035213096e-08,7.183676356814159e-08,6.622729642506058e-09,2.0723491617049494e-14,0.3504712837253033,0.0815254005548501,1.934384971175245e-14,2.3684733668918826e-12,6.221445170812687e-14,full_epsilon_grid,0.8079032159366197,0.8045992725290152,0.1666682629337624
PF0062,full_TAC,6,27.0,,109.1344062983091,6.327454494513025,3,3,LOCALLY_SOLVED,Solve_Succeeded,0.054912417,0.916932853523111,30666597.648751557,109.13440683228863,6.327454634950565,503.5799879540442,8.120488408686858e-17,1.0253141930160176e-16,9.617932934917964e-09,8.675605991540342e-09,1.000000005966459,0.487439559474913,1.5257598394652646e-07,-8.600488736294647e-09,-4.2500237049815125e-09,4.450538143600024e-09,4.646116867993467e-09,1.8985329436344884e-10,-2.276601588715023e-09,0.1486805758169596,8.114118967540065e-09,7.602811440930301e-10,-2.276601850817976e-09,5.003859319198975e-08,8.258740043204123e-09,9.124240081718919e-10,-3.609323434913822e-09,1.0866446600550889e-08,5.966496632679541e-09,4.660522924695687e-10,-3.3536557724516233e-09,1.8616432099707893e-08,6.282032255532506e-09,4.1761472184879815e-10,-5.486114631527342e-09,-2.0605612807396542e-09,2.6795357647109232e-09,-2.4970602383723717e-11,1.2371654490734231e-08,1.41564415042897e-08,2.315507659014554e-09,-8.690117463594143e-09,0.7212770822014551,0.1123587870245573,2.796702641070733e-09,-8.799268956773771e-09,0.2787228700597233,-7.749447637944855e-09,-5.9336072029748675e-09,-9.617932934917964e-09,2.6795646964177965e-08,3.2966232375777092e-09,6.610671702353605e-10,-8.863284444022633e-09,3.734025752496287e-08,-4.830810902209925e-09,-3.353198129106303e-09,-9.371821054615229e-09,8.114116764744072e-10,1.7399064639614722e-08,8.307234067015488e-09,-6.409390925298697e-09,-4.722248561090566e-10,6.776955809572763e-09,1.4454585811535232e-08,2.8206775162569535e-09,-2.5295573207944694e-10,0.2263999677212794,2.5243925676791313e-08,1.1295605569382158e-08,-2.529557612019973e-10,7.619513054234803e-08,2.56938579121906e-08,1.3556013835696682e-08,-4.0103593721264665e-10,1.6546634596293396e-08,1.856243396833635e-08,6.924205488119308e-09,-3.7262841916129136e-10,2.834774887910065e-08,1.9544100350545573e-08,6.2045615817535744e-09,-6.095682923919266e-10,-3.1376728593081092e-09,8.336333490211761e-09,-3.709918068438951e-10,-1.0355112919364751e-15,0.4188610653752354,0.0710743487039658,-2.028965434406486e-12,-6.007272355307179e-12,-3.018788337847225e-12,full_epsilon_grid,0.8625353976509957,0.8244603606744028,0.13333467021680118
PF0063,full_TAC,6,28.0,,109.1344062983091,5.787866670735888,3,3,LOCALLY_SOLVED,Solve_Succeeded,0.049625959,0.9773842562222278,32523838.70000679,109.13440683566026,5.787866809308427,503.5799879856012,1.592252629154286e-16,1.592252629154286e-16,9.603684860873172e-09,8.560394448422008e-09,1.0000000056628562,0.4729437042417436,1.743035668851021e-07,-8.46880076381203e-09,-3.936415691356878e-09,4.593110852714678e-09,5.213429534547644e-09,1.914598960062541e-10,-1.7382372720583405e-09,0.0906449319399778,9.15227847841395e-09,7.535764109997632e-10,-1.738237600077991e-09,4.9976884613148953e-08,9.311286997273894e-09,9.046736315022851e-10,-3.258277594994712e-09,1.0744485976995073e-08,6.637140076420737e-09,4.57571677561198e-10,-2.9705132541737574e-09,1.826697785106886e-08,7.0135773873802175e-09,4.1088442072374103e-10,-5.269913088706406e-09,-1.9444736630811814e-09,3.0462009043912822e-09,-2.0454082507351437e-11,1.2640419765607743e-08,1.3257340231628085e-08,3.012318026506214e-09,-8.6213988719393e-09,0.7355811470810599,0.2442710366644954,3.6827001490977484e-09,-8.725710594273136e-09,0.2644188027930401,-7.69704893932503e-09,-5.776339829522077e-09,-9.603684860873172e-09,2.6378130033788705e-08,2.952906851554743e-09,1.142898555227952e-09,-8.810793562762725e-09,3.6775366107408325e-08,-4.79102607667691e-09,-3.0843274487167123e-09,-9.348573474178609e-09,1.007723133573851e-09,1.5967736509211763e-08,9.344673543417265e-09,-6.1366432463184915e-09,-4.3737952126187517e-10,6.994055162088261e-09,1.6219558551926004e-08,2.844547026378632e-09,-1.9313747467314887e-10,0.1380275099995116,2.847375526617673e-08,1.1195992391996482e-08,-1.931375111197767e-10,7.61011652063859e-08,2.8968448435963225e-08,1.3440865382319666e-08,-3.6203084388830124e-10,1.636092182860613e-08,2.06488802377534e-08,6.798207780909227e-09,-3.300570282415285e-10,2.7815625364127584e-08,2.1820018538516223e-08,6.104568536467008e-09,-5.85545898745156e-10,-2.960903077873617e-09,9.47706948032843e-09,-3.0388922582350703e-10,5.536443732562372e-16,0.4889975479554633,0.0674268120405634,-1.8524868391283068e-12,-5.2447414122724746e-12,-2.7898923762458436e-12,full_epsilon_grid,0.9194918922534417,0.824460360710676,0.10000107328417703
PF0064,full_TAC,6,29.0,,109.1344062983091,5.248278846958753,3,3,LOCALLY_SOLVED,Solve_Succeeded,0.041884667,1.0332955899651803,34241672.63794783,109.13440719081504,5.248278999739694,503.5799876290211,4.776757887462858e-16,4.776757887462858e-16,9.850311770587981e-09,9.705286003150657e-09,1.000000008325683,0.4584478926166747,1.755115204589651e-08,-9.42935959682176e-09,-7.712661082891687e-09,-2.3832737916647414e-09,4.4256865273835504e-10,-1.0645791495600944e-10,-7.009057722594922e-09,0.0326093807540839,2.71129921242626e-09,7.995401773383811e-10,-7.009057765395246e-09,2.8733124028958716e-08,2.891798128489024e-09,1.3175564026773192e-09,-7.249819998860813e-09,5.101241241210972e-09,2.01957970112977e-09,6.395491766678787e-10,-7.161547235741397e-09,2.2925786016117106e-08,2.1745491295763336e-09,4.302294457503712e-10,-8.231708249148875e-09,-5.120470854300876e-09,-7.398040434019646e-10,-3.2094638863138647e-10,-2.8649969419445877e-10,3.1146687092117087e-08,-3.0830679390187703e-09,-9.330974713592637e-09,0.7498852116324239,0.3761831413422021,-3.962969257969011e-09,-9.490817267854678e-09,0.2501147822326139,-9.121244339853049e-09,-8.352936311128415e-09,-9.850311770587981e-09,2.41240716372936e-08,1.4182700058321256e-08,-3.1898058256113383e-09,-9.354194780825478e-09,4.5604990140549766e-08,-7.144881052159348e-09,-6.710970581995981e-09,-9.713199933016618e-09,-5.6776366841374374e-09,2.3775655138082613e-08,3.795384306571385e-09,-5.447185384082582e-09,-8.569623425435204e-10,-3.6290760009440373e-09,1.3768802529637712e-09,-1.5816604507749971e-09,-7.787841913994355e-10,0.0496551934209914,8.435153105326141e-09,1.1878882634741662e-08,-7.78784196155027e-10,4.375271158955077e-08,8.996705288632522e-09,1.957512369692017e-08,-8.055355554289788e-10,7.76779916275307e-09,6.283136847959284e-09,9.501873481922767e-09,-7.957274706379327e-10,3.4909719615451035e-08,6.765263958681927e-09,6.391980336862657e-09,-9.146342499054303e-10,-7.79708061904906e-09,-2.301612579472779e-09,-4.7683463453805996e-09,-1.0131611126504886e-14,0.5591339754400932,0.0637792628954028,-1.881205265832552e-12,-5.821863651398905e-12,-2.7895639996613826e-12,full_epsilon_grid,0.9721731526359376,0.8244603645315685,0.06666747734450416
PF0065,full_TAC,7,3.0,,106.06904600042324,19.277562265164292,3,3,LOCALLY_SOLVED,Solve_Succeeded,0.065719625,0.1039340758883703,5687049.356789967,82.44038442864728,19.277562438675687,503.57998778949025,5.126570965080088e-17,5.126570965080088e-17,9.794516217420381e-09,1.0718761483480593e-08,1.000000006138123,0.4468752760873947,1.1898553674185433e-07,-8.732285492097262e-09,-3.0453435687983412e-09,2.2547302993112852e-08,5.599807501716086e-09,2.3740758212289766e-10,-3.041122537502274e-09,2.2530933099607217e-08,5.909758734156294e-09,3.328662303510138e-10,-2.058361243945412e-09,2.9285921498316484e-08,7.504665121341034e-09,8.402774617704222e-10,-3.054541723333059e-09,2.148239921708355e-08,6.620423523754209e-09,6.499880096003749e-10,-2.0583605874634207e-09,0.1771396528507124,7.139371139700583e-09,4.31846912002514e-10,-3.076857431224705e-09,2.0625347643835592e-08,6.535922331566507e-09,6.353155114748352e-10,4.555853727079424e-08,-8.383769908273115e-09,-6.971399329957299e-09,-9.716682137095364e-09,4.583080793049616e-08,-8.624832587066306e-09,-7.296266774384848e-09,-9.744534878687809e-09,0.1565053597273419,-9.000892683867607e-09,-7.85276224831185e-09,-9.794516217420381e-09,4.497322264184804e-08,-8.559160850621861e-09,-7.098174864658411e-09,-9.715348938799042e-09,0.8434944846006364,-8.617873614055695e-09,-7.352454541213969e-09,-9.7562233065919e-09,4.35971179799e-08,-7.880859111601821e-09,-6.050970947695335e-09,-9.601392801038245e-09,-3.3837150764425987e-10,3.43333931940582e-08,1.7421623338672265e-08,3.527198362968765e-09,-3.379025041669192e-10,3.4308466310765524e-08,1.838591606181958e-08,4.9454411366436335e-09,-2.2870680488282355e-10,4.4594471372436466e-08,2.3347847044172106e-08,1.2484122289160558e-08,-3.3939352481478417e-10,3.2711835171468134e-08,2.0596873185013097e-08,9.656964714062713e-09,-2.2870673194038003e-10,0.2697353804772212,2.221137687906848e-08,6.4160112640373506e-09,-3.41873047913856e-10,3.1406779366749646e-08,2.0333980587095796e-08,9.438973313340407e-09,6.912355617105321e-15,7.738462374054858e-15,0.0399088624506069,-3.966915394662858e-13,0.582581611078484,-5.439489463337614e-13,full_epsilon_grid,0.09648109010644057,0.5372757460945888,0.9333409958778534
PF0066,full_TAC,7,12.0,,106.06904600042324,14.421271851170069,3,3,LOCALLY_SOLVED,Solve_Succeeded,0.277929792,0.2390166516503171,9852934.35665482,55.98083487309545,14.42127196611033,503.5799883127568,5.126570965080088e-17,1.0253141930160176e-16,9.491787144458868e-09,7.100497729583041e-09,1.0000000006383731,0.3944285634124911,4.281271733523263e-07,-6.54472740795206e-09,4.620910102351896e-09,1.6977472412764898e-08,1.5283489410671953e-08,2.4498988096161724e-10,4.579202860260844e-09,1.7289099865841782e-08,1.5867059252531933e-08,3.3114990014320855e-10,1.1281994156109106e-08,2.7366095840300096e-08,2.2055985675605044e-08,8.997325292890493e-10,4.3050477580876855e-09,1.6604200346702353e-08,1.682432782002854e-08,6.003928245974811e-10,1.1281988832980531e-08,0.1563499843807308,2.3551079322020604e-08,4.887893544301088e-10,4.097043483568867e-09,1.5335704288243182e-08,1.627301273090106e-08,5.712844365577584e-10,3.524445863157041e-08,-6.950742667376087e-09,-3.834930737454945e-09,-9.420001223784432e-09,3.4838065265347465e-08,-7.298777527398242e-09,-4.366581347899691e-09,-9.452123701099117e-09,0.8609264780850894,-7.826928375890284e-09,-5.088221592965727e-09,-9.491787144458868e-09,3.2287291646781216e-08,-7.213018118392708e-09,-4.048443697065925e-09,-9.355212368937662e-09,0.1390733450729264,-6.76660360535226e-09,-3.78473488295355e-09,-9.434498836836128e-09,3.0481444903069255e-08,-6.277272398407357e-09,-2.375837259899266e-09,-9.124478530506388e-09,5.134344558168771e-10,2.5852060264891996e-08,4.754863372209052e-08,3.6398496600011694e-09,5.088003178067602e-10,2.6326583886622715e-08,4.936418434121045e-08,4.919941373556241e-09,1.2535549062343447e-09,4.1671100484093334e-08,6.861862210188236e-08,1.3367454720865877e-08,4.783386397875202e-10,2.52836687097513e-08,5.234235321786657e-08,8.920121965448291e-09,1.253554314775614e-09,0.2380783853070218,7.327002455739743e-08,7.262013265818758e-09,4.552270537298739e-10,2.3352095166188473e-08,5.062715071835885e-08,8.487654486000984e-09,7.224342601117065e-15,3.79225310968231e-15,0.2195362561836847,-1.047865595581685e-13,0.274055708056973,-1.373688010241929e-13,full_epsilon_grid,0.22423736942669859,0.2526136810762393,0.6333386209028559
PF0067,full_TAC,7,26.0,,106.06904600042324,6.867042318290161,3,3,LOCALLY_SOLVED,Solve_Succeeded,0.080167458,0.8641705049517617,29046479.811523747,106.06904647205796,6.867042460702171,503.57998792514417,3.1845052583085723e-16,3.1845052583085723e-16,9.62603852600846e-09,8.797579924840339e-09,1.000000006276606,0.4922916505114175,1.297466546284637e-07,-8.737886996636052e-09,-4.535268576282313e-09,4.506091479087111e-09,4.075824178697376e-09,1.9292349124323644e-10,-2.790778958243661e-09,0.1900237579983834,7.031218546614582e-09,7.655644117637108e-10,-2.7907910125208215e-09,4.9935674836406767e-08,7.154305140815809e-09,9.171073467956203e-10,-3.950375574122739e-09,1.107998115567562e-08,5.246654714583319e-09,4.752825337652213e-10,-3.729944984510155e-09,1.8925157270584787e-08,5.493857757035466e-09,4.229558685018747e-10,-5.658941787964112e-09,-2.0632021206132014e-09,2.3490449122132753e-09,-2.087063972877764e-11,1.2466201193285856e-08,1.4796253539197964e-08,1.5185288973346921e-09,-8.769819420297714e-09,0.6626716548475613,0.01291330108463,1.900693531355923e-09,-8.870553701802521e-09,0.3373282989122192,-7.753622119423061e-09,-6.033126889632127e-09,-9.62603852600846e-09,2.7397599564371058e-08,3.545771830653514e-09,1.0280642508275694e-10,-8.921062604409818e-09,3.7849828509670494e-08,-4.811824850199182e-09,-3.5989068616859504e-09,-9.391437423183604e-09,8.655301513003646e-10,1.904994662086051e-08,6.969604609506925e-09,-6.813103088053698e-09,-5.039187306980345e-10,6.861548388609917e-09,1.2680341889280723e-08,2.8662918698995123e-09,-3.1008655091596216e-10,0.2893543587702656,2.1874902145023146e-08,1.1374099831917988e-08,-3.100878902800912e-10,7.603841395543757e-08,2.2257838215871407e-08,1.3625594866677786e-08,-4.3893061934697087e-10,1.687178948705151e-08,1.6322925778703656e-08,7.061340501654717e-09,-4.1443833161223935e-10,2.8817853116572284e-08,1.7092001910777003e-08,6.283915760599281e-09,-6.2877130977379e-10,-3.141694138206465e-09,7.308139726885746e-09,-3.1007807597041064e-10,-3.027647936431815e-15,0.3516246071607198,0.0860187324823486,-2.248412709339438e-12,-7.039034363379668e-12,-3.2888457762826013e-12,full_epsilon_grid,0.812850822356353,0.7914820286609779,0.1666682671561878
PF0068,full_TAC,7,27.0,,106.06904600042324,6.327454494513025,3,3,LOCALLY_SOLVED,Solve_Succeeded,0.071815041,0.9303060235680836,31078257.020396862,106.0690464699178,6.327454634956856,503.5799879631221,1.592252629154286e-16,1.592252629154286e-16,9.606303431005869e-09,8.675994619518312e-09,1.0000000059401692,0.4777957948451075,1.5313527811447058e-07,-8.600664448062477e-09,-4.1517783783546415e-09,4.7667598350723605e-09,4.703783959581698e-09,1.9665245952359767e-10,-2.168421462039912e-09,0.1319881132934193,8.102712040791253e-09,7.561852222217441e-10,-2.168421659830476e-09,4.982637049437806e-08,8.239439306893202e-09,9.05936137770816e-10,-3.52935413158062e-09,1.0981155665818324e-08,5.968679844999614e-09,4.6515227367144293e-10,-3.276718675581402e-09,1.8505730704128762e-08,6.266229333834589e-09,4.141080847593363e-10,-5.37925932025163e-09,-1.8742433754452533e-09,2.7851861437295135e-09,-1.1728930196334663e-11,1.2953146917862237e-08,1.3624613175142732e-08,2.2859798917234032e-09,-8.691729705275787e-09,0.6769757182128617,0.1448255526884256,2.8839831810095763e-09,-8.7843064153486e-09,0.3230242323577055,-7.671626977123678e-09,-5.820884058545329e-09,-9.606303431005869e-09,2.698896491354639e-08,3.095784086825161e-09,6.551874968276769e-10,-8.858753814957374e-09,3.7182675991513165e-08,-4.7387118986046615e-09,-3.2661482223740343e-09,-9.36138950907054e-09,1.2158738044242142e-09,1.7382751169238312e-08,8.125700569862047e-09,-6.5295933581638556e-09,-4.6130870870607117e-10,7.258475203405637e-09,1.4633994540920835e-08,2.921693684350593e-09,-2.409357180044346e-10,0.2009818997877066,2.5208437460239455e-08,1.123475187300877e-08,-2.409357399811639e-10,7.587197325280298e-08,2.5633811177001073e-08,1.3459622618309269e-08,-3.921504590645132e-10,1.6721305218405175e-08,1.856922618444325e-08,6.910833780261437e-09,-3.6407985284237793e-10,2.8179180844923344e-08,1.9494935705263163e-08,6.152462973567283e-09,-5.976954800279586e-10,-2.8539615035189086e-09,8.665023558269598e-09,-1.7425839148840069e-10,-1.019336799350853e-15,0.4217610904602414,0.0823711960357831,-2.0247004813991717e-12,-6.092599410456828e-12,-2.995805224657538e-12,full_epsilon_grid,0.8751598627215451,0.7914820286379531,0.1333346702171898
PF0069,full_TAC,7,28.0,,106.06904600042324,5.787866670735888,3,3,LOCALLY_SOLVED,Solve_Succeeded,0.05622875,0.9908109843501228,32937142.6232662,106.06904647114158,5.787866809342864,503.57998799605434,1.592252629154286e-16,1.592252629154286e-16,9.590442900185652e-09,8.562521834076362e-09,1.0000000056346592,0.4632999396226566,1.7467396802467606e-07,-8.470915800577471e-09,-3.824701105501213e-09,4.931800187434696e-09,5.274525800263226e-09,1.9861999397941935e-10,-1.613344882860033e-09,0.0739524692588456,9.124493807806336e-09,7.494375264486092e-10,-1.6133451338122604e-09,4.9761239925621714e-08,9.273576303034729e-09,8.980678765290134e-10,-3.168246485106195e-09,1.0863501498040984e-08,6.630633147915361e-09,4.56716417856137e-10,-2.8841339520001704e-09,1.8149499925037587e-08,6.984302087556196e-09,4.07257611861169e-10,-5.147596441976292e-09,-1.73833567431444e-09,3.167039854357879e-09,-6.114373704080773e-12,1.3261894091505925e-08,1.2696629693578756e-08,2.963214181382614e-09,-8.624702198638028e-09,0.6912797826959626,0.2767378026255049,3.7778051322080604e-09,-8.708659405734336e-09,0.3087201653279144,-7.610225597596022e-09,-5.647891144750272e-09,-9.590442900185652e-09,2.6575301537926684e-08,2.749185185451916e-09,1.1287527445315554e-09,-8.806307078422861e-09,3.660044344466745e-08,-4.691892658724311e-09,-2.987278646383639e-09,-9.336893143370886e-09,1.452440633128409e-09,1.5986473012115172e-08,9.12612942051576e-09,-6.2813883427542434e-09,-4.2496678950013455e-10,7.509786649048287e-09,1.6409635823041148e-08,2.950925624837087e-09,-1.792605425400036e-10,0.1126094418259694,2.8387314068730823e-08,1.1134500392950766e-08,-1.7926057042358447e-10,7.57727971594694e-08,2.8851126276108036e-08,1.3342722737002484e-08,-3.520273872340215e-10,1.6542150008380592e-08,2.0628636460181124e-08,6.785501065291178e-09,-3.204593280000188e-10,2.7636738522216323e-08,2.1728939827952613e-08,6.050684519080224e-09,-5.719551602195877e-10,-2.647011140433352e-09,9.853012880224512e-09,-9.084212360348576e-11,5.519897830000807e-16,0.4918975730717853,0.0787236594449648,-1.8502076154828794e-12,-5.345926097220409e-12,-2.7681752917955664e-12,full_epsilon_grid,0.9321667912162794,0.791482028651119,0.10000107328630443
PF0070,full_TAC,7,29.0,,106.06904600042324,5.248278846958753,3,3,LOCALLY_SOLVED,Solve_Succeeded,0.044281625,1.0468365773995911,34658485.001474895,106.06904647490803,5.24827898382911,503.5799880248583,1.804552979708191e-16,1.0253141930160176e-16,9.577710398880027e-09,8.455241253591302e-09,1.0000000053540086,0.4488040847642677,1.9468126776089606e-07,-8.346746002881067e-09,-3.5432806580547783e-09,5.028464710232349e-09,5.796618095942813e-09,1.9943891542275703e-10,-1.114134348761397e-09,0.0159168257591202,1.0104985753109911e-08,7.445474369896422e-10,-1.1141346592587654e-09,4.97241284240688e-08,1.026526786021655e-08,8.925295731401396e-10,-2.855093847658779e-09,1.0737150991016472e-08,7.242343405105553e-09,4.495835188210246e-10,-2.540214807716501e-09,1.7841697006797884e-08,7.656484448156647e-09,4.018597764188445e-10,-4.954888940972396e-09,-1.6435412002595571e-09,3.5024770552765462e-09,-2.9887649145757866e-12,1.3443780559393436e-08,1.19491935436594e-08,3.5704835791647e-09,-8.565989086139305e-09,0.7055838479948945,0.4086500512581849,4.597551099550995e-09,-8.641613920304799e-09,0.2944160979650857,-7.56498760011196e-09,-5.506913141582813e-09,-9.577710398880027e-09,2.6171164398707182e-08,2.4741410547274772e-09,1.5416230088415996e-09,-8.761363956240117e-09,3.6088717316517835e-08,-4.6639209625903185e-09,-2.7511630870415875e-09,-9.316715766065341e-09,1.6034186251191775e-09,1.4797583289194162e-08,1.0004960206530111e-08,-6.059312961314238e-09,-3.9369785089497533e-10,7.656980354217441e-09,1.803392296515542e-08,2.963092457709533e-09,-1.2379270541793298e-10,0.0242369846786603,3.1437733454119725e-08,1.1061847635274685e-08,-1.2379273991764055e-10,7.571628646392294e-08,3.1936388898451494e-08,1.3260439372367789e-08,-3.172326497398643e-10,1.6349752645411446e-08,2.253173503810616e-08,6.6795265653409385e-09,-2.822460897462778e-10,2.7168038623987683e-08,2.3820173838709568e-08,5.9704881067942605e-09,-5.505432156635991e-10,-2.502665009486143e-09,1.0896595283082588e-08,-4.440450730226882e-11,1.8272483781077035e-15,0.5620340551351417,0.0750761227424721,-1.7090146445078385e-12,-4.733540111535608e-12,-2.585013473233282e-12,full_epsilon_grid,0.9849556458494153,0.7914820286916401,0.06666747636161136
PF0071,full_TAC,8,24.0,,103.00368570253735,7.946217965844434,3,3,LOCALLY_SOLVED,Solve_Succeeded,0.502907625,0.7983407881737283,27030979.10462927,82.379202500974,7.946218096766328,503.57998828577365,1.592252629154286e-16,2.5632854825400443e-16,9.371038165746996e-09,8.087771745375271e-09,1.0000000035337628,0.4467539775951542,2.650175701680919e-07,-7.896144458987614e-09,1.0356765480443531e-09,1.6196327463358177e-08,9.685197377208064e-09,3.2316416014880687e-10,4.691830740211088e-09,0.177091565238583,1.3635553271513348e-08,6.541825965063306e-10,4.691831570850095e-09,4.8748506824107594e-08,1.3597810333831248e-08,7.674738256700917e-10,1.0787560792920234e-09,1.6391258125184955e-08,1.0208485752373489e-08,4.5944470361017107e-10,1.1933522253447975e-09,1.7841141250093895e-08,9.954741425513402e-09,3.428488193250095e-10,7.214878811428183e-10,1.3161852532255276e-08,9.680603556695624e-09,4.1465636081286466e-10,3.352690860598528e-08,-4.562158381092759e-09,-1.478576704376502e-09,-9.159222126211682e-09,0.2916917653037599,-2.3423759565491387e-09,-2.5130216422814627e-10,-9.062041230717835e-09,0.7083080904975313,-6.6093762247987e-09,-3.5959791363925464e-09,-9.371038165746996e-09,3.4215031371251085e-08,-5.305797974134829e-09,-2.020099488241765e-09,-9.168002409655033e-09,3.6127916408625605e-08,-6.090819568891939e-09,-3.194016482259668e-09,-9.341351931573661e-09,2.8959354218913437e-08,-2.2925285067995686e-09,1.0899337509236619e-09,-8.759705985672907e-09,1.1507517200492808e-10,2.4662589546477224e-08,3.0131725173536196e-08,4.801296093639416e-09,5.213145266901206e-10,0.2696621561587514,4.242172128915263e-08,9.7192842909512e-09,5.213146189833437e-10,7.423068084580021e-08,4.2304298816363885e-08,1.1402468267098506e-08,1.1986178658800258e-10,2.4959415781531637e-08,3.175973345182862e-08,6.826035596493971e-09,1.3259469170497743e-10,2.716719235809752e-08,3.09703066571528e-08,5.093753887114428e-09,8.016532012697979e-11,2.004191181047962e-08,3.0117433287497494e-08,6.160608789219703e-09,1.0001237944706162e-14,0.2337637911947423,0.1806185839948759,-1.0458615794716385e-12,-2.493543959714036e-12,-1.4093397986130718e-12,full_epsilon_grid,0.7510409377127438,0.5366175272599594,0.2333354600811974
PF0072,full_TAC,8,26.0,,103.00368570253735,6.867042318290161,3,3,LOCALLY_SOLVED,Solve_Succeeded,0.06815325,0.8768970029344019,29438282.505604763,103.0036861146424,6.867042460671277,503.579987932102,1.592252629154286e-16,1.592252629154286e-16,9.617134707303106e-09,8.795671406474438e-09,1.0000000062531904,0.4826478858980833,1.3053397469361144e-07,-8.735573409470721e-09,-4.459428728297105e-09,4.758692858637918e-09,4.1258994543928934e-09,1.9828410234981948e-10,-2.706985997240008e-09,0.1733312958290465,7.0415515890203e-09,7.61999775918112e-10,-2.706986104262788e-09,4.974235957706335e-08,7.159383091888146e-09,9.115063767421811e-10,-3.887105322318366e-09,1.1170191668899481e-08,5.260550844233235e-09,4.743239023355016e-10,-3.6685097867922758e-09,1.8832219617665785e-08,5.495702101234504e-09,4.1999092280539807e-10,-5.577475364598988e-09,-1.9157260267121356e-09,2.430222372391531e-09,-1.0427076145589824e-11,1.2933690756964489e-08,1.4359548606783911e-08,1.513580689510276e-09,-8.769343431338602e-09,0.6183702917336653,0.0453800660696855,1.975744488043809e-09,-8.858822374421772e-09,0.3816296606760427,-7.692740109036506e-09,-5.94702309608435e-09,-9.617134707303106e-09,2.755432618155011e-08,3.377673339507316e-09,1.0899225505155948e-10,-8.916720130419148e-09,3.7730946924842854e-08,-4.738839526306022e-09,-3.5305682394864443e-09,-9.383334535978366e-09,1.1872867085625443e-09,1.8971322642640517e-08,6.858531955805206e-09,-6.887398007809997e-09,-4.954920809219003e-10,7.246191398380465e-09,1.2836131635888998e-08,2.945935234911603e-09,-3.0077622191555626e-10,0.263936291376048,2.1907049388063157e-08,1.1321139527926237e-08,-3.0077623380697627e-10,7.574404753780102e-08,2.2273636285874233e-08,1.3542380454455262e-08,-4.319005913687071e-10,1.7009155495824212e-08,1.6366158182058952e-08,7.047097977556025e-09,-4.0761219853247487e-10,2.8676334417809257e-08,1.7097739870507345e-08,6.239865138823057e-09,-6.197194849554428e-10,-2.9171282679480252e-09,7.560691825218097e-09,-1.5491655987733452e-10,-2.9767748143168626e-15,0.3545246321665099,0.0973155796683733,-2.2407717746550065e-12,-7.086482773076704e-12,-3.265470773930187e-12,full_epsilon_grid,0.8248663375290156,0.7585036966778392,0.16666826715427926
PF0073,full_TAC,8,27.0,,103.00368570253735,6.327454494513025,3,3,LOCALLY_SOLVED,Solve_Succeeded,0.0406185,0.9429672868627176,31468056.62165742,103.0036861105738,6.327454634948122,503.5799879710215,1.6240976817373719e-16,1.592252629154286e-16,9.596149618254965e-09,8.675455050474779e-09,1.0000000059160563,0.4681520302426941,1.537601271180265e-07,-8.599828038363605e-09,-4.0668647703104795e-09,5.034508142700202e-09,4.755002540658073e-09,2.0215020108853208e-10,-2.073503546932796e-09,0.1152956510033201,8.100969473099889e-09,7.526795335099202e-10,-2.073503689285903e-09,4.9636668125716865e-08,8.230936497788345e-09,9.003756260928234e-10,-3.459765461992056e-09,1.1072352047407724e-08,5.975222935261535e-09,4.6423314888485003e-10,-3.209500776533959e-09,1.8409296132839517e-08,6.258543167463356e-09,4.1110671633299456e-10,-5.286496463853759e-09,-1.710621631759807e-09,2.8767697726401932e-09,-5.35397317743802e-13,1.3446862938686708e-08,1.3171382967061981e-08,2.264603828238551e-09,-8.692782245233373e-09,0.6326743548385461,0.1772923178809134,2.9628652141311663e-09,-8.771234227807097e-09,0.3673255942785015,-7.603545327926384e-09,-5.722817911068811e-09,-9.596149618254965e-09,2.714330112442816e-08,2.930989791507869e-09,6.535629758567436e-10,-8.854672576275777e-09,3.7049309775041326e-08,-4.661026483995297e-09,-3.191348031604859e-09,-9.352432712071841e-09,1.5702405366031788e-09,1.73318650548463e-08,7.981545229615763e-09,-6.6227125120980965e-09,-4.518738633678307e-10,7.666182853657124e-09,1.4793341237602893e-08,3.003374416172476e-09,-2.3038928299253278e-10,0.1755638322096011,2.5203016138532992e-08,1.1182667355004528e-08,-2.3038929880954472e-10,7.558310828234159e-08,2.560735799311929e-08,1.3377009301950518e-08,-3.8441838466578387e-10,1.6860172435825396e-08,1.8589582465258107e-08,6.897178212003486e-09,-3.5661119739266187e-10,2.803233729318744e-08,1.9471023187663773e-08,6.107871214090204e-09,-5.873884959837508e-10,-2.604810211997887e-09,8.94995040376949e-09,-7.954474435050772e-12,-9.921326862386662e-16,0.4246611154815402,0.0936680432770975,-2.0197766954857198e-12,-6.156035758783834e-12,-2.975142056975852e-12,full_epsilon_grid,0.8871139485254462,0.7585036966340675,0.13333467021665024
PF0074,full_TAC,8,28.0,,103.00368570253735,5.787866670735888,3,3,LOCALLY_SOLVED,Solve_Succeeded,0.041870167,1.0034783800781235,33327130.526696432,103.00368610994744,5.787866809356928,503.57998800502696,8.120488408686858e-17,5.126570965080088e-17,9.578971152706322e-09,8.563390664237472e-09,1.000000005609278,0.4536561750312966,1.751370676220185e-07,-8.471637475098095e-09,-3.729539731301877e-09,5.215285548509272e-09,5.327638417121583e-09,2.0432691897348756e-10,-1.505484599318366e-09,0.0572600068484813,9.109691727183682e-09,7.459238106289135e-10,-1.5054847850636255e-09,4.957000089377401e-08,9.250360629829057e-09,8.924541476164978e-10,-3.0911504494937243e-09,1.0957092248843468e-08,6.629918658573505e-09,4.5583429736717235e-10,-2.809928829352753e-09,1.804843798492154e-08,6.965740054867416e-09,4.0418208429458976e-10,-5.042552915736565e-09,-1.558541793353859e-09,3.270348382787488e-09,5.89206555751724e-12,1.3783348254167792e-08,1.2225006517250351e-08,2.9252231871318835e-09,-8.627230963562409e-09,0.64697841902215,0.3092045680422897,3.862139897364722e-09,-8.6940018414476e-09,0.3530215274287203,-7.534765692829336e-09,-5.537094198145011e-09,-9.578971152706322e-09,2.6730876105986612e-08,2.584284557774716e-09,1.1200989109735382e-09,-8.80235218764367e-09,3.6453889691185494e-08,-4.6091099286584445e-09,-2.905066012773844e-09,-9.326989000849253e-09,1.8393396011871662e-09,1.596077471079868e-08,8.951007925975992e-09,-6.392960759265679e-09,-4.1439330347798617e-10,7.941457539775481e-09,1.657487507548937e-08,3.0357142247489575e-09,-1.6727606659092949e-10,0.0871913740647328,2.8341263151238123e-08,1.1082296615058145e-08,-1.6727608722929166e-10,7.548159227006497e-08,2.8778899737245953e-08,1.3259318764587968e-08,-3.4346116105485806e-10,1.668466319710255e-08,2.0626413604450905e-08,6.772395275169417e-09,-3.12214314372528e-10,2.7482848749766893e-08,2.1671191281809735e-08,6.004990966662477e-09,-5.602836573040627e-10,-2.373234094425194e-09,1.0174417190894409e-08,8.753925971168469e-11,5.628524907586546e-16,0.4947975981153332,0.0900205067432696,-1.847150967108013e-12,-5.422416394602681e-12,-2.749019453662451e-12,full_epsilon_grid,0.9441266517318171,0.758503696627329,0.10000107328717327
PF0075,full_TAC,9,24.0,,99.9383254046515,7.946217965844434,3,3,LOCALLY_SOLVED,Solve_Succeeded,0.332479416,0.7983407381312421,27030977.570552785,82.37919482562454,7.946218116491138,503.5799877280317,3.1845052583085723e-16,3.1845052583085723e-16,9.76681569053276e-09,9.306282645253842e-09,1.000000007654181,0.4467540021394114,3.588300244369359e-08,-9.284804233058568e-09,-5.512921800952133e-09,2.1993186381522493e-08,2.513688932322076e-09,2.3214706697249817e-10,-5.120752042548014e-09,0.1770915816151544,3.253854571085009e-09,5.173923442195647e-10,-5.1207519476440154e-09,2.7958519867944382e-08,3.366990309055739e-09,8.077926123245024e-10,-5.503386889653079e-09,2.1085763875856272e-08,3.03522257814818e-09,6.499961103715036e-10,-5.504194696745088e-09,2.3469956130283733e-08,2.591532402404413e-09,2.5241387818392644e-10,-5.539881324870092e-09,1.681442552263219e-08,2.894887912334761e-09,5.924624921689201e-10,4.565683262893189e-08,-6.776289785671842e-09,-5.930594690891462e-09,-9.613735302348193e-09,0.2916915589243614,-7.221969447752906e-09,-6.285495044830657e-09,-9.648616523631024e-09,0.7083083030005461,-8.703876859732017e-09,-7.578935260148971e-09,-9.76681569053276e-09,4.71646162431766e-08,-7.495759541894285e-09,-6.2110120227581845e-09,-9.61971175868164e-09,4.703396705311657e-08,-8.102356886076211e-09,-7.003299376581777e-09,-9.718947169761682e-09,4.176484478849872e-08,-3.105965268792841e-09,-3.6941653942016517e-09,-9.316220641066354e-09,-6.125468667724591e-10,3.348962471731833e-08,7.820365567224238e-09,3.449042137877116e-09,-5.689724491720012e-10,0.2696621810958032,1.0123103110042248e-08,7.686971971262105e-09,-5.689724386271126e-10,4.257320070800621e-08,1.0475080961506744e-08,1.2001490240249752e-08,-6.114874321836751e-10,3.2107867720053874e-08,9.442914687572116e-09,9.657085068376626e-09,-6.115771885272317e-10,3.573834228929568e-08,8.06254525192484e-09,3.750149047304049e-09,-6.155423694300098e-10,2.5603784318553563e-08,9.006317949485921e-09,8.802299883652524e-09,-2.719019095772837e-15,0.2337637399643592,0.1806186101641126,-1.2188617856022642e-12,-3.704778573408839e-12,-1.6815520640767185e-12,full_epsilon_grid,0.751040890666821,0.536617444685582,0.23333546129971794
PF0076,full_TAC,9,26.0,,99.9383254046515,6.867042318290161,3,3,LOCALLY_SOLVED,Solve_Succeeded,0.077745875,0.8890641608011558,29812910.132172495,99.93832575945436,6.867042460632778,503.5799879383704,4.776757887462858e-16,4.776757887462858e-16,9.609159215447311e-09,8.793293110789976e-09,1.0000000062310108,0.4730041213051559,1.313532598339921e-07,-8.732755056995179e-09,-4.3914677944125725e-09,4.978994853475913e-09,4.172159755480135e-09,2.0278852263289028e-10,-2.630564200769853e-09,0.1566388338097432,7.056868608630183e-09,7.588771342788986e-10,-2.630564266704536e-09,4.9565223918703425e-08,7.170027119599062e-09,9.065793735208755e-10,-3.829926658744641e-09,1.124435618898662e-08,5.2766769039567625e-09,4.733762296160572e-10,-3.61274939505419e-09,1.8748447005351968e-08,5.502717315600691e-09,4.1738257579730554e-10,-5.504551679244647e-09,-1.7833319028219795e-09,2.503068475943552e-09,-1.3382465378485293e-12,1.3342888275615665e-08,1.3975329708200174e-08,1.5128296087229783e-09,-8.768584696484835e-09,0.5740689290203418,0.0778468307462348,2.0460076802555236e-09,-8.848179070935337e-09,0.4259310221916896,-7.638250604758132e-09,-5.870074232121921e-09,-9.609159215447311e-09,2.7684176646183265e-08,3.234269490313429e-09,1.1744841853846855e-10,-8.912658070585641e-09,3.7627167057122135e-08,-4.675450265367706e-09,-3.469707952932741e-09,-9.376139618294281e-09,1.4756632223806127e-09,1.8877997889779386e-08,6.770514908109302e-09,-6.946731587134611e-09,-4.87940866045841e-10,7.581651254156503e-09,1.2980052572604865e-08,3.0128580505457982e-09,-2.9228491119665024e-10,0.2385182242102907,2.1954702337960572e-08,1.127474599500078e-08,-2.922849185227261e-10,7.547431823984384e-08,2.2306751038752637e-08,1.346917926373872e-08,-4.2554740652718217e-10,1.7122087833229623e-08,1.6416328145643257e-08,7.033018268581421e-09,-4.014165994504654e-10,2.8548771576331404e-08,1.7119564981868807e-08,6.201112554702826e-09,-6.116168532494048e-10,-2.71552812475165e-09,7.787324147379939e-09,-1.9882519990892432e-11,-2.9193278170349137e-15,0.3574246571284158,0.1086124267963934,-2.2327804927801624e-12,-7.119882390785902e-12,-3.243719013010622e-12,full_epsilon_grid,0.8363551404370232,0.7255253647186649,0.16666826715190095
PF0077,full_TAC,9,27.0,,99.9383254046515,6.327454494513025,3,3,LOCALLY_SOLVED,Solve_Succeeded,0.069979125,0.9550402042173798,31839790.50413042,99.93832575367573,6.327454634928738,503.57998797804345,1.592252629154286e-16,1.592252629154286e-16,9.587125131595633e-09,8.674257617608592e-09,1.0000000058935357,0.4585082656621266,1.5442986320517898e-07,-8.598274849196772e-09,-3.991832126676015e-09,5.265546415134629e-09,4.801586713228426e-09,2.0671215261384539e-10,-1.988388296101269e-09,0.0986031888894303,8.106120141206864e-09,7.496307902058653e-10,-1.988388389030692e-09,4.946340314750527e-08,8.230121227128719e-09,8.955192825551062e-10,-3.3978213384861275e-09,1.1146642723634711e-08,5.984902345660603e-09,4.633260159912676e-10,-3.149431666371406e-09,1.8323462355054122e-08,6.256651625758651e-09,4.0848969334387144e-10,-5.20436336223969e-09,-1.5647171821950942e-09,2.957884912802123e-09,9.12069810800272e-12,1.387436800139864e-08,1.2777360253075956e-08,2.2492928107192903e-09,-8.69341061334445e-09,0.5883729919225834,0.2097590827162719,3.035614556937393e-09,-8.759555907204025e-09,0.4116269559179354,-7.542991983773442e-09,-5.635912784658769e-09,-9.587125131595633e-09,2.7269988944935694e-08,2.7919751905772687e-09,6.550274067099683e-10,-8.850914243155983e-09,3.693435850127883e-08,-4.594142930127724e-09,-3.1256131394392107e-09,-9.34457524088256e-09,1.8856627213823574e-09,1.7260512645213297e-08,7.864912384459271e-09,-6.697072033413185e-09,-4.4353690296400144e-10,8.01799113213682e-09,1.4938269774488434e-08,3.0711519816914167e-09,-2.209320329001409e-10,0.1501457648998143,2.5219040439310245e-08,1.1137371740201428e-08,-2.2093204322563239e-10,7.531927297461029e-08,2.5604821595511572e-08,1.3304857912247292e-08,-3.7753570427623616e-10,1.6973296874625582e-08,1.861969618649965e-08,6.883700809013117e-09,-3.49936851819045e-10,2.7901635858832404e-08,1.946513839124913e-08,6.068989729680376e-09,-5.782625958044099e-10,-2.3826375274334384e-09,9.202308617606608e-09,1.3550751474746894e-10,-9.572886622941979e-16,0.4275611404523152,0.1049648904501528,-2.014401667820714e-12,-6.203749285427022e-12,-2.956186781369274e-12,full_epsilon_grid,0.8985140082303026,0.7255253646564962,0.1333346702154528
PF0078,full_TAC,9,28.0,,99.9383254046515,5.787866670735888,3,3,LOCALLY_SOLVED,Solve_Succeeded,0.032815792,1.0155239509719187,33698024.71021347,99.93832575142125,5.787866809356711,503.5799880129095,1.592252629154286e-16,1.592252629154286e-16,9.568843715816505e-09,8.563377221648936e-09,1.0000000055859215,0.4440124104621499,1.7566344364715312e-07,-8.471385111684964e-09,-3.646501400404846e-09,5.457503970841893e-09,5.375122238463876e-09,2.0900642356641342e-10,-1.410067626497639e-09,0.0405675446402982,9.104016601912477e-09,7.428898566615487e-10,-1.4100677522628506e-09,4.9396398021904896e-08,9.237323941393748e-09,8.875867062338752e-10,-3.02346056734719e-09,1.1032688591315332e-08,6.633323747702526e-09,4.549625240739592e-10,-2.744561423648807e-09,1.79594376775905e-08,6.954726475820057e-09,4.0152169562365037e-10,-4.950424803284723e-09,-1.3991724188941206e-09,3.360746514184425e-09,1.6166101940899376e-11,1.4230330874185884e-08,1.1819567471727124e-08,2.8954464706040083e-09,-8.629173930863571e-09,0.6026770558731247,0.3416713330510542,3.9387235094434555e-09,-8.681087905918203e-09,0.3973228892093595,-7.468022672605418e-09,-5.4396275899518324e-09,-9.568843715816505e-09,2.6857422423145244e-08,2.4467024209463743e-09,1.1153923146545831e-09,-8.798771192349724e-09,3.632861728137483e-08,-4.538429559631258e-09,-2.833694618473467e-09,-9.318393595588848e-09,2.181604404763112e-09,1.5908684702203008e-08,8.807803314137185e-09,-6.481800085310745e-09,-4.0516682226720503e-10,8.310290137418337e-09,1.6722602519665393e-08,3.1052382929867134e-09,-1.5667418072195982e-10,0.0617733066113631,2.8323607205949923e-08,1.1037220727543007e-08,-1.5667419469587222e-10,7.521724244244608e-08,2.8738341151002772e-08,1.3187002492617572e-08,-3.3594006303857647e-10,1.6799775809502892e-08,2.0637007215074523e-08,6.759443214813107e-09,-3.0495126929431184e-10,2.734732555451281e-08,2.1636926813662397e-08,5.965465192122805e-09,-5.500472003649691e-10,-2.1305580014978656e-09,1.04556558219071e-08,2.4018208597907643e-10,5.823160552180841e-16,0.497697623101573,0.1013173539624245,-1.8435590775534744e-12,-5.481387069599175e-12,-2.731709559454785e-12,full_epsilon_grid,0.9555009601702878,0.7255253646322416,0.10000107328715983
PF0079,full_TAC,10,23.0,,96.87296510676563,8.485805789621569,3,3,LOCALLY_SOLVED,Solve_Succeeded,0.6278625,0.7475130511395346,25473400.41912017,69.92465298590398,8.485805943126955,503.5799876615288,1.592252629154286e-16,1.592252629154286e-16,9.803377030860116e-09,9.482879302547537e-09,1.000000008240166,0.4220672987751409,1.4252826534543537e-08,-9.473057387028291e-09,-6.585793949189942e-09,2.1756236325310953e-08,1.7844859867287623e-09,2.349763300640789e-10,-6.3687672190132485e-09,0.1673058635784049,2.3697606108577478e-09,5.262170404471657e-10,-6.368766976425477e-09,2.7529017332656596e-08,2.450376175107749e-09,8.111995274801362e-10,-6.579303855777094e-09,2.117297989250264e-08,2.219092272369262e-09,6.674275593071136e-10,-6.579172687004706e-09,2.3679468234858943e-08,1.8600828276217714e-09,2.5953891224026087e-10,-6.625062177278019e-09,1.2207762905196989e-08,2.008432091652963e-09,5.533337286451121e-10,4.7024199307230025e-08,-6.262196020158761e-09,-6.1135872765356994e-09,-9.642942586155732e-09,0.097391333285303,-7.158603904809163e-09,-6.607466072257786e-09,-9.688838879166291e-09,0.9026085358237634,-8.83476054204533e-09,-7.906390965956641e-09,-9.803377030860116e-09,4.8893599624727875e-08,-7.363564598398939e-09,-6.4775319739733864e-09,-9.659916702003795e-09,4.8932570338132754e-08,-8.154851130781632e-09,-7.288388306082447e-09,-9.751846670179266e-09,3.773280454107619e-08,3.3320823446189443e-09,-3.5329765018188805e-09,-9.3331260755787e-09,-7.317548832433265e-10,3.312881440445076e-08,5.551734180933927e-09,3.4910769038091723e-09,-7.07640802112583e-10,0.2547612013580256,7.372588567112992e-09,7.818081743786462e-09,-7.076407751583862e-10,4.1919185483818e-08,7.623392544779662e-09,1.2052107265419164e-08,-7.310337617530102e-10,3.2240673927219924e-08,6.903842625148815e-09,9.916066595419973e-09,-7.31019187444967e-10,3.605737208489883e-08,5.7869243526010685e-09,3.856006696141018e-09,-7.361180196975573e-10,1.8589093514731776e-08,6.248455396253661e-09,8.220958254155953e-09,-7.702303002847954e-15,0.1754100355115469,0.230165168275748,-1.7438938264268425e-12,-5.955280016354055e-12,-2.4017104125298634e-12,full_epsilon_grid,0.7032742668575386,0.40262666787704804,0.2666690582937276
PF0080,full_TAC,10,26.0,,96.87296510676563,6.867042318290161,3,3,LOCALLY_SOLVED,Solve_Succeeded,0.0572565,0.9007551714249172,30172917.20710735,96.87296540611514,6.867042460588633,503.57998794410406,1.592252629154286e-16,1.592252629154286e-16,9.601918885824245e-09,8.790566021083781e-09,1.000000006209783,0.4633603567293868,1.3219300761168664e-07,-8.729563687390713e-09,-4.329598397075147e-09,5.17383386322063e-09,4.215548376614545e-09,2.0664522159781827e-10,-2.559956946314435e-09,0.1399463719091589,7.075960050852005e-09,7.561076742744725e-10,-2.5599569724832643e-09,4.9400030053696385e-08,7.1848559272908e-09,9.021800725238187e-10,-3.777439230519959e-09,1.1306366004574413e-08,5.294501789973054e-09,4.724509358038238e-10,-3.561352534955725e-09,1.867186220173608e-08,5.5129417788645245e-09,4.150564977238437e-10,-5.438312220720511e-09,-1.6630720297694303e-09,2.569473365477738e-09,6.692451644489088e-12,1.3706365397248949e-08,1.3632307868193016e-08,1.5153134852276502e-09,-8.767608193193343e-09,0.5297675666168054,0.1103135951791784,2.1126167963207526e-09,-8.838374415178804e-09,0.4702323835157608,-7.588867695330885e-09,-5.8003469209900956e-09,-9.601918885824245e-09,2.7794033430239332e-08,3.10945907763088e-09,1.2761686303011315e-10,-8.908811367449449e-09,3.7535770883999e-08,-4.6195501127746315e-09,-3.41462278161914e-09,-9.369650293796756e-09,1.7372872594335115e-09,1.8775998530611258e-08,6.700051536863074e-09,-6.995164352816336e-09,-4.81066488563905e-10,7.878337928085961e-09,1.3115039393911914e-08,3.0701575780247283e-09,-2.844396607016038e-10,0.2131001572253102,2.2014097935984015e-08,1.123359973207788e-08,-2.8443966360925147e-10,7.52227730363104e-08,2.2352885107126932e-08,1.3403818220353881e-08,-4.1971547005777304e-10,1.7216511870601944e-08,1.6471783346582837e-08,7.019271046228239e-09,-3.957058372173026e-10,2.8432153807189032e-08,1.715137442313407e-08,6.166553680468534e-09,-6.042569134133899e-10,-2.532405136239814e-09,7.993917137041851e-09,9.9430710146695e-11,-2.857226611290899e-15,0.360324682054283,0.1199092738788574,-2.224554750221999e-12,-7.142758605573636e-12,-3.2232393203920728e-12,full_epsilon_grid,0.8473955710836057,0.692547032779381,0.16666826714917382
PF0081,full_TAC,10,27.0,,96.87296510676563,6.327454494513025,3,3,LOCALLY_SOLVED,Solve_Succeeded,0.040177375,0.9666157963465142,32196253.544977885,96.872965398799,6.327454634901504,503.5799879843905,3.1845052583085723e-16,3.1845052583085723e-16,9.578990255578126e-09,8.672575209068644e-09,1.0000000058722205,0.4488645010994282,1.5513134917961488e-07,-8.596194373843891e-09,-3.9243665248252414e-09,5.467945582821904e-09,4.844707153082286e-09,2.1057604357844966e-10,-1.9107693979365382e-09,0.081910726913317,8.116378374548211e-09,7.469450988420343e-10,-1.910769449364132e-09,4.930220088946948e-08,8.234979215793853e-09,8.912111935454777e-10,-3.341703654548425e-09,1.120828704309588e-08,5.996914149675321e-09,4.6244433311648207e-10,-3.0948046334000732e-09,1.82457320928158e-08,6.259052010253217e-09,4.0617331287433503e-10,-5.1304919759233515e-09,-1.4329984094175346e-09,3.030953655513424e-09,1.7586557740777388e-11,1.4250476063645953e-08,1.2429306856338478e-08,2.238635870779992e-09,-8.69370894501311e-09,0.5440716293585232,0.242225847272581,3.103716055774706e-09,-8.748941594582138e-09,0.455928317341604,-7.488421641702282e-09,-5.557762874039278e-09,-9.578990255578126e-09,2.7376374867821412e-08,2.672130785209999e-09,6.588022442528966e-10,-8.847398656560752e-09,3.6833997359438716e-08,-4.535621034908478e-09,-3.066822148640612e-09,-9.337564797178574e-09,2.1700289449143293e-09,1.7176776061822715e-08,7.769176845036747e-09,-6.757869540135283e-09,-4.3604072498058214e-10,8.326189864751537e-09,1.507242225403378e-08,3.128558361736966e-09,-2.1230771088183742e-10,0.1247276977998237,2.5250954943038872e-08,1.1097470039938796e-08,-2.123077165960146e-10,7.5073805899874e-08,2.5619935338025315e-08,1.3240852018389952e-08,-3.71300406060936e-10,1.7067164361077816e-08,1.8657066243434332e-08,6.8706015205877325e-09,-3.4386718148889685e-10,2.7783273868605873e-08,1.9472606254121122e-08,6.034574934132975e-09,-5.70054663991483e-10,-2.182065759794882e-09,9.429633594930651e-09,2.6128600072012116e-10,-9.16976742662152e-16,0.4304611653821839,0.1162617375700343,-2.0087091783694485e-12,-6.239749204307973e-12,-2.938541077491517e-12,full_epsilon_grid,0.9094457530613131,0.6925470327006711,0.13333467021377038
PF0082,full_TAC,10,28.0,,96.87296510676563,5.787866670735888,3,3,LOCALLY_SOLVED,Solve_Succeeded,0.040529042,1.0270476980048369,34052895.79832562,96.87296539508932,5.787866809346061,503.5799880199614,1.6240976817373719e-16,1.592252629154286e-16,9.559769087665793e-09,8.562719302958575e-09,1.00000000556408,0.4343686459112171,1.7623470081266261e-07,-8.470422656107183e-09,-3.572659729000223e-09,5.6678703691078125e-09,5.418465848160516e-09,2.1292996810363388e-10,-1.32407954693368e-09,0.0238750825887834,9.105031568285744e-09,7.402342371083804e-10,-1.3240796177924047e-09,4.923566686273894e-08,9.2317264702181e-09,8.832961497473142e-10,-2.9628686043164622e-09,1.1094989344827137e-08,6.639769390960685e-09,4.5411691204297726e-10,-2.685852032238726e-09,1.7879582192541006e-08,6.949251606421941e-09,3.9918343721618644e-10,-4.868266440540367e-09,-1.2560690518401442e-09,3.4413044182514547e-09,2.5110773713215815e-11,1.4620110787379198e-08,1.1464931916544868e-08,2.871949434403512e-09,-8.630660973103935e-09,0.558375693123727,0.3741380977436178,4.009501714937279e-09,-8.66949217110681e-09,0.4416242507464269,-7.408167181695102e-09,-5.352551797198177e-09,-9.559769087665793e-09,2.6962914838391706e-08,2.3291791918122815e-09,1.1136210139498251e-09,-8.795466112288278e-09,3.6219992784558716e-08,-4.477025181880086e-09,-2.7705438814883863e-09,-9.310797313983814e-09,2.488469831404193e-09,1.584046758513268e-08,8.688799418609431e-09,-6.554341862304198e-09,-3.9696219211113576e-10,8.630620789323257e-09,1.6857449305388274e-08,3.1635309546825603e-09,-1.4711994965929774e-10,0.0363552393965566,2.8326764879111197e-08,1.0997765808467365e-08,-1.4711995753248932e-10,7.4972492722807e-08,2.872092679623409e-08,1.3123257081960096e-08,-3.29207622701829e-10,1.6894642865986774e-08,2.0657060327433235e-08,6.746879836067089e-09,-2.984280035820806e-10,2.722572742955108e-08,2.161989388664603e-08,5.930725352926197e-09,-5.40918493393374e-10,-1.912650601665674e-09,1.0706280412337856e-08,3.7307435231063487e-10,6.079189405975875e-16,0.5005976480416865,0.1126142011204443,-1.8395856489093104e-12,-5.5274194960071136e-12,-2.715789833768417e-12,full_epsilon_grid,0.9663838841725132,0.692547032660761,0.1000010732865019
PF0083,full_TAC,11,25.0,,93.80760480887976,7.406630142067297,3,3,LOCALLY_SOLVED,Solve_Succeeded,0.06370425,0.8392971941313214,28285791.86204809,93.80760506832192,7.406630286385814,503.5799879026198,1.592252629154286e-16,1.592252629154286e-16,9.623785768161921e-09,8.915355435968061e-09,1.000000006564526,0.4682124483257842,1.0803549876451041e-07,-8.86861290217578e-09,-4.750924560380528e-09,4.909019211921847e-09,3.562975784462198e-09,2.0350088488572338e-10,-3.2273091407522442e-09,0.181289556048149,6.005278603440392e-09,7.663162928121561e-10,-3.227309120033025e-09,4.9383757166507215e-08,6.099769831726397e-09,9.135800867590744e-10,-4.240730439290317e-09,1.1424313193593548e-08,4.546372405139188e-09,4.83760358191916e-10,-4.056625831918651e-09,1.9108120793818777e-08,4.7207264044895445e-09,4.2454744432548357e-10,-5.7499854828340135e-09,-1.864723150237093e-09,2.103369704952237e-09,-2.446683068269601e-12,1.3221300322911716e-08,1.4864151966447452e-08,6.925942087888942e-10,-8.853849356629184e-09,0.4711621433203893,0.0108681050682699,1.079112665196378e-09,-8.932084613959499e-09,0.5288378101512141,-7.675824728950751e-09,-6.03398093074774e-09,-9.623785768161921e-09,2.8288482550760165e-08,3.573864120051655e-09,-4.86224663398886e-10,-8.978985409542788e-09,3.8276531348685095e-08,-4.693234240771334e-09,-3.781805763951893e-09,-9.403356878466711e-09,1.365368856968737e-09,2.0598588388913155e-08,5.407555341316057e-09,-7.306219534497857e-09,-5.278805067089474e-10,7.475097436335538e-09,1.108481355166017e-08,3.0234417183021753e-09,-3.5858990452802686e-10,0.276054551255136,1.868308898848122e-08,1.138527063606632e-08,-3.5858990222589156e-10,7.519799386718145e-08,1.8977061698704347e-08,1.357318986042053e-08,-4.711922710322573e-10,1.73961132720629e-08,1.4144269704877473e-08,7.1872967502798935e-09,-4.507362035465166e-10,2.9096456663314953e-08,1.4686704369523024e-08,6.307562029978612e-09,-6.388872758704456e-10,-2.839464796951936e-09,6.543816859851403e-09,-3.635071987143407e-11,-5.349723189485092e-15,0.2930882227647625,0.1348536570063672,-2.5015317275286188e-12,-8.342732742157943e-12,-3.580835293056723e-12,full_epsilon_grid,0.789522607066704,0.659568701007347,0.20000186409137594
PF0084,full_TAC,11,26.0,,93.80760480887976,6.867042318290161,3,3,LOCALLY_SOLVED,Solve_Succeeded,0.055439709,0.9120340155552156,30520268.319863074,93.80760505433597,6.867042460540221,503.5799879494125,1.804552979708191e-16,1.592252629154286e-16,9.595273700786145e-09,8.787575346906854e-09,1.0000000061893062,0.4537165921679678,1.3304712852825845e-07,-8.72608921117496e-09,-4.272552858017537e-09,5.3481463224277455e-09,4.256690311616434e-09,2.0999877150068815e-10,-2.493953414811659e-09,0.1232539101050348,7.097951006795633e-09,7.536271996354217e-10,-2.4939534021184864e-09,4.924344129723205e-08,7.202869935942988e-09,8.982017995341476e-10,-3.728656088051703e-09,1.1358892855269972e-08,5.313622878464003e-09,4.715532427218455e-10,-3.513398480848728e-09,1.8600907389718147e-08,5.525621806022881e-09,4.1295712988162293e-10,-5.377421107702044e-09,-1.552765824986642e-09,2.630762372570627e-09,1.3877456884756184e-11,1.4033246239874832e-08,1.3322361729013118e-08,1.520329576298185e-09,-8.766460959168231e-09,0.4854662044568885,0.1427803594157731,2.1763417806697975e-09,-8.829233272727275e-09,0.514533744689698,-7.543651180777859e-09,-5.736448319511491e-09,-9.595273700786145e-09,2.7888713231462434e-08,2.9990485007047838e-09,1.3908974071225815e-10,-8.90513592532599e-09,3.7454737573106164e-08,-4.569647386838535e-09,-3.3641234364947318e-09,-9.363723415961791e-09,1.977061672988962e-09,1.8668948681019423e-08,6.643252795221634e-09,-7.03539502543289e-09,-4.747280953352818e-10,8.143768263696792e-09,1.3243036525028904e-08,3.119981748010224e-09,-2.771059349790731e-10,0.187682090387212,2.2082514243364193e-08,1.1196746966011982e-08,-2.7710593356872067e-10,7.498433106623971e-08,2.2408928689600412e-08,1.334471245022162e-08,-4.142951208946335e-10,1.7296495938706543e-08,1.6531271177443564e-08,7.005933891867419e-09,-3.9037760898319185e-10,2.8324108979798083e-08,1.7190823396515632e-08,6.135363072526968e-09,-5.974912341891159e-10,-2.3644388698660235e-09,8.184594047997506e-09,2.0617935943066327e-10,-2.791775064807335e-15,0.3632247069502874,0.1312061209246788,-2.216173048476517e-12,-7.157541227453816e-12,-3.203786952964059e-12,full_epsilon_grid,0.8580478780447586,0.6595687008568807,0.16666826714618313
PF0085,full_TAC,11,27.0,,93.80760480887976,6.327454494513025,3,3,LOCALLY_SOLVED,Solve_Succeeded,0.033704667,0.97776340279396,32539574.8805034,93.80760504562312,6.327454634868309,503.5799879902056,1.592252629154286e-16,1.592252629154286e-16,9.57157255314966e-09,8.670524583338216e-09,1.0000000058518448,0.4392207365516526,1.5585578256728744e-07,-8.593714417273011e-09,-3.862846799821105e-09,5.6474612316527335e-09,4.885156002039036e-09,2.1390387028538871e-10,-1.839039755757929e-09,0.0652182650481539,8.130535566231592e-09,7.445545043922084e-10,-1.8390397556409822e-09,4.9149689077263636e-08,8.244136825101371e-09,8.873382246123668e-10,-3.2901476659892287e-09,1.1260162881448265e-08,6.010704795028402e-09,4.6159341998862796e-10,-3.044432962646983e-09,1.8174319540697536e-08,6.2647222199890934e-09,4.0409756594775376e-10,-5.063195924790255e-09,-1.3128716157899402e-09,3.0976755654822202e-09,2.5108025314111128e-11,1.4585790117322896e-08,1.2117812916247481e-08,2.2316361594408815e-09,-8.693745237748873e-09,0.4997702670700081,0.2746926116054569,3.16818935610534e-09,-8.73916213645172e-09,0.5002296785967874,-7.438712954620747e-09,-5.486646466810696e-09,-9.57157255314966e-09,2.7467492840753027e-08,2.5669818074074635e-09,6.64343986661656e-10,-8.844072435801604e-09,3.674564153484446e-08,-4.483742583251016e-09,-3.013498725579894e-09,-9.331224446532186e-09,2.4291280630771e-09,1.708550275637444e-08,7.689708698219816e-09,-6.808525146159061e-09,-4.2920519998012257e-10,8.599543239107572e-09,1.5198263117454782e-08,3.1780003585257747e-09,-2.0433775063976979e-10,0.0993096308687798,2.5294999539387172e-08,1.1061952636684236e-08,-2.0433775062677576e-10,7.484157200401508e-08,2.5648425678093148e-08,1.3183310765669448e-08,-3.6557196288769187e-10,1.714615711493258e-08,1.8699970473421692e-08,6.857959382688185e-09,-3.38270329182998e-10,2.7674532027880335e-08,1.949024690663273e-08,6.0037352655094854e-09,-5.625773249766947e-10,-1.9991454149528635e-09,9.637212870389128e-09,3.730335189525081e-10,-8.726566657084804e-16,0.4333611902783363,0.1275585846474269,-2.0027895926390675e-12,-6.266768839865801e-12,-2.9219324127154353e-12,full_epsilon_grid,0.9199744777955353,0.6595687007631446,0.13333467021171974
PF0086,full_TAC,11,28.0,,93.80760480887976,5.787866670735888,3,3,LOCALLY_SOLVED,Solve_Succeeded,0.03881675,1.0381250361668737,34394059.47965938,93.80760504059724,5.787866809327553,503.57998802636143,3.1845052583085723e-16,3.1845052583085723e-16,9.551539452637635e-09,8.561575969652784e-09,1.000000005543405,0.4247248813755495,1.7683854524025817e-07,-8.468926051629339e-09,-3.505990694334204e-09,5.8530022826576624e-09,5.4586554946764e-09,2.1627953623370917e-10,-1.245446735480912e-09,0.0071826206626367,9.1111042263985e-09,7.378839616577984e-10,-1.2454466220923076e-09,4.9084093574919065e-08,9.231722167403392e-09,8.794607642360026e-10,-2.907790252041732e-09,1.1147109154251333e-08,6.648519360518839e-09,4.5330368597461294e-10,-2.6323055143248527e-09,1.7806802593794245e-08,6.947965509099744e-09,3.9710148216225687e-10,-4.794001192159418e-09,-1.1262054009505295e-09,3.5141506113730933e-09,3.3008181509919684e-11,1.4964880731845397e-08,1.1150327940243577e-08,2.8533794383459203e-09,-8.631784956874666e-09,0.5140743306850715,0.4066048621845783,4.075791612707387e-09,-8.65892252906196e-09,0.4859256120946615,-7.353883517673972e-09,-5.273782959284899e-09,-9.551539452637635e-09,2.705273571359912e-08,2.2268869172614e-09,1.1140907355829747e-09,-8.792372431120996e-09,3.612493613034728e-08,-4.422929013529941e-09,-2.713811737090495e-09,-9.303985438429844e-09,2.766653794053883e-09,1.576225688716299e-08,8.588617853287323e-09,-6.614774801639561e-09,-3.8955452159268916e-10,8.912526203137802e-09,1.6982483761215468e-08,3.213295966900822e-09,-1.3838297060899015e-10,0.0109371723726514,2.8345657593239775e-08,1.0962847430344432e-08,-1.3838295801025635e-10,7.474168794362673e-08,2.8720913409699442e-08,1.3066274211506325e-08,-3.230878057824146e-10,1.6974007121246343e-08,2.0684282454947496e-08,6.7347976201942486e-09,-2.9247839048053907e-10,2.7114903949641232e-08,2.1615892694976982e-08,5.899793449267816e-09,-5.326667991288238e-10,-1.7149036787201243e-09,1.0932913013160734e-08,4.904072681473781e-10,6.380234752682709e-16,0.5034976729439504,0.1239110482299361,-1.835334186310203e-12,-5.563597875590619e-12,-2.700954721385091e-12,full_epsilon_grid,0.9768464395641808,0.6595687007090741,0.10000107328535857
PF0087,full_TAC,12,25.0,,90.7422445109939,7.406630142067297,3,3,LOCALLY_SOLVED,Solve_Succeeded,0.061838375,0.8504469514856197,28629179.243198343,90.74224473144298,7.406630286318585,503.57998790725486,1.592252629154286e-16,1.592252629154286e-16,9.61825483255816e-09,8.911202279655145e-09,1.0000000065438743,0.458568683798341,1.0903601915157964e-07,-8.863935485219083e-09,-4.700525665149798e-09,5.063761551171596e-09,3.603783981403138e-09,2.0657692135501958e-10,-3.168398029760539e-09,0.1645970944411438,6.0364909004074605e-09,7.639065491357616e-10,-3.1683979747052173e-09,4.9223441845035526e-08,6.128083049416921e-09,9.097223111426047e-10,-4.196051959215774e-09,1.1471558106600995e-08,4.571846634661422e-09,4.82832553600767e-10,-4.0122361095693256e-09,1.904006172791501e-08,4.7418852101889694e-09,4.22557862793333e-10,-5.698181529800563e-09,-1.771200513344039e-09,2.1567431911240823e-09,3.852062357284571e-12,1.3514877786841833e-08,1.4577681083771056e-08,7.116174039339067e-10,-8.851290334881832e-09,0.42686078159864,0.0433348689571622,1.141604840477776e-09,-8.923798439773242e-09,0.573139170984163,-7.637862110507562e-09,-5.980598655676041e-09,-9.61825483255816e-09,2.8379034420210954e-08,3.465563373790439e-09,-4.668884322589594e-10,-8.974910180478864e-09,3.8212007983362533e-08,-4.649331472006662e-09,-3.736398745898867e-09,-9.398135250616496e-09,1.5704745864922486e-09,2.0470739625218624e-08,5.3848138758381024e-09,-7.330226004440428e-09,-5.222806294610883e-10,7.710727816556747e-09,1.1211772386587538e-08,3.069142831560291e-09,-3.5204422552894867e-10,0.2506364847171963,1.8780193912378762e-08,1.1349468730017033e-08,-3.520442194116907e-10,7.495387735494045e-08,1.906514726485264e-08,1.3515874336975842e-08,-4.662279954684191e-10,1.7468054389596972e-08,1.4223522863391093e-08,7.173512224925681e-09,-4.4580401217436933e-10,2.8992821267506954e-08,1.4752531765032344e-08,6.278002532929517e-09,-6.331312810889511e-10,-2.697055327137514e-09,6.709867705719366e-09,5.7230640736799324e-11,-5.2484052554655775e-15,0.2959882476355233,0.1461505039510517,-2.4891839382080666e-12,-8.333722268552235e-12,-3.5574519803200306e-12,full_epsilon_grid,0.8000533572392861,0.6265903692451491,0.20000186408722273
PF0088,full_TAC,12,26.0,,90.7422445109939,6.867042318290161,3,3,LOCALLY_SOLVED,Solve_Succeeded,0.054813083,0.9229511422921496,30856512.557789747,90.74224471607616,6.867042460488489,503.5799879543758,1.698311673692833e-23,5.2979293673649006e-24,9.589119150779072e-09,8.784379577236262e-09,1.0000000061694343,0.444072827657098,1.3391131576756108e-07,-8.722395425628685e-09,-4.219400943788747e-09,5.505600405796142e-09,4.2960309459587016e-09,2.1295283808262223e-10,-2.431670941809006e-09,0.1065614484477251,7.122218631129372e-09,7.51387722924008e-10,-2.431670887621905e-09,4.90926304259074e-08,7.223346888405505e-09,8.945632859408823e-10,-3.6828567246950462e-09,1.1403828411890292e-08,5.3337485584068906e-09,4.706847745796655e-10,-3.468214745738977e-09,1.8534394937691743e-08,5.540217477710358e-09,4.1104438297540256e-10,-5.320887155614353e-09,-1.450756082728162e-09,2.687905499843942e-09,2.0373676535113096e-11,1.4330376341040018e-08,1.3039456704514955e-08,1.5273601671591542e-09,-8.765178187502418e-09,0.4411648426662197,0.1752471233620975,2.2377372079088576e-09,-8.820628368821613e-09,0.5588351055693072,-7.501893909922262e-09,-5.6773435011674675e-09,-9.589119150779072e-09,2.7971744056250325e-08,2.900041221449018e-09,1.5156732191007804e-10,-8.901600876643701e-09,3.738273333531897e-08,-4.524647061164248e-09,-3.317345147142245e-09,-9.358254217201224e-09,2.1987220471288808e-09,1.8559089574556824e-08,6.597304601800869e-09,-7.069291995421229e-09,-4.688223270876384e-10,8.383527890644123e-09,1.3365429609649294e-08,3.16387073722753e-09,-2.7018566020100057e-10,0.1622640237726723,2.2158013519069162e-08,1.116347474058526e-08,-2.701856541802116e-10,7.47546872394499e-08,2.2472634763928237e-08,1.329065453397882e-08,-4.0920630274389384e-10,1.7364920536287487e-08,1.6593884403932545e-08,6.9930309366121745e-09,-3.8535719397099726e-10,2.8222828655121515e-08,1.7236232152876666e-08,6.106945118491694e-09,-5.9120968395715e-10,-2.2091058532451552e-09,8.362372666181153e-09,3.0269462280739457e-10,-2.723891692428513e-15,0.3661247318096531,0.1425029678955508,-2.207690545175389e-12,-7.1659680625337194e-12,-3.185185074209742e-12,full_epsilon_grid,0.8683595675853438,0.6265903690798269,0.16666826714298733
PF0089,full_TAC,12,27.0,,90.7422445109939,6.327454494513025,3,3,LOCALLY_SOLVED,Solve_Succeeded,0.034975833,0.9885372774633616,32871420.428150076,90.74224470608404,6.327454634830489,503.5799879955908,1.592252629154286e-16,1.592252629154286e-16,9.564744066009128e-09,8.668188206582904e-09,1.0000000058322167,0.4295769720548958,1.5659699704390002e-07,-8.590924707143553e-09,-3.806095162531716e-09,5.808327892820616e-09,4.9234900036182645e-09,2.1681033332327674e-10,-1.7720383702537283e-09,0.048525803341056,8.147740985844532e-09,7.424087993679647e-10,-1.7720383220648111e-09,4.9003068004641146e-08,8.256615396313482e-09,8.838153873421267e-10,-3.242239641506779e-09,1.13042859295126e-08,6.025878067626887e-09,4.607747523623878e-10,-2.997459288010814e-09,1.8107888932066684e-08,6.272939066655843e-09,4.022181735878481e-10,-5.001233285588681e-09,-1.2023765816457052e-09,3.159284322315299e-09,3.186508912695056e-11,1.4888170214337988e-08,1.1835963975087764e-08,2.2275639378845198e-09,-8.693570204112319e-09,0.4554689051758262,0.3071593756268301,3.2297615877998734e-09,-8.730052488672382e-09,0.5445310395431493,-7.393027399449326e-09,-5.4212921200261905e-09,-9.564744066009128e-09,2.7546968885365984e-08,2.473372166141693e-09,6.71258494480307e-10,-8.840898669113626e-09,3.666754268989627e-08,-4.437257388599357e-09,-2.964578956271237e-09,-9.325425783895011e-09,2.6673416409507315e-09,1.6989701313902035e-08,7.623165192493938e-09,-6.851386552094163e-09,-4.228994625035238e-10,8.844499291340481e-09,1.5317524455701266e-08,3.221182095088682e-09,-1.9689315225041419e-10,0.0738915641784262,2.5348527511516324e-08,1.1030073590609762e-08,-1.9689314689609003e-10,7.461830809797628e-08,2.5687247899641935e-08,1.3130971469083026e-08,-3.6024884905630864e-10,1.7213344483576004e-08,1.874717621039475e-08,6.845796320812617e-09,-3.3305103200120135e-10,2.7573376328374268e-08,1.9515810429595953e-08,5.975812864733742e-09,-5.55692587287631e-10,-1.8308916129605059e-09,9.828884558314264e-09,4.73424181314694e-10,-8.253474878823615e-16,0.4362612151347466,0.1388554316452643,-1.9967062524082218e-12,-6.286744029934739e-12,-2.906166713641894e-12,full_epsilon_grid,0.9301512715566947,0.6265903689723278,0.13333467020938333
PF0090,full_TAC,13,1.0,,87.67688421310802,20.356737912718565,3,3,LOCALLY_SOLVED,Solve_Succeeded,0.211714791,0.035280140732538,3575377.782051558,87.67688507909259,20.247079265402473,503.5799876708191,1.592252629154286e-16,1.592252629154286e-16,9.889436177153508e-09,9.416887155728441e-09,1.000000006422875,0.4571986650059739,3.7933059352937826e-06,1.4212121464599747e-06,-8.265879946403276e-09,-5.2938742896151045e-09,1.042159883676901e-09,-2.9841414649909225e-10,-8.208244551233938e-09,-5.181943124613045e-09,1.5324166379456563e-09,-2.578536542345556e-10,-6.6442778112436765e-09,3.7658655768707274e-08,1.2167391240851494e-07,1.7602587188722553e-08,-8.265885400063331e-09,-5.298163433294423e-09,1.112913562574165e-09,-2.7964215321866817e-10,-6.644276501130049e-09,0.1810343255240172,7.706463972110913e-07,7.533218366861381e-08,-8.374667292702967e-09,-5.459554477780202e-09,5.11123755160486e-10,-3.3465525797754515e-10,-6.414497982463574e-09,1.506543521045073e-08,2.9587559301558164e-08,-5.332796422718512e-09,-6.1589117463958185e-09,1.6265665396382988e-08,3.0587063900541625e-08,-6.0620797461348734e-09,0.0168679914621276,-9.387672293621509e-09,-8.696888063449416e-09,-9.889436177153508e-09,-6.414521295926578e-09,8.379296663982674e-09,2.897151363650592e-08,-2.8276676349875322e-09,0.9831320923583624,0.0004983600125514,2.0999234340821635e-10,-9.44314863388524e-09,-6.8505383256615965e-09,2.935372947079083e-09,2.6957786621701828e-08,-3.5084301659153173e-10,-9.184311051559192e-10,-8.061126759186637e-09,3.2422751936614695e-09,-4.433581605129371e-09,-9.120271723593259e-10,-7.890686121569863e-09,4.7675184291642654e-09,-3.830968577199111e-09,-7.382530901381857e-10,5.7343862193258795e-08,3.785410608264909e-07,2.615241525181636e-07,-9.184317111181476e-10,-8.067657955243778e-09,3.462397750230735e-09,-4.154683419248785e-09,-7.38252944570005e-10,0.275665904775208,2.397566569101173e-06,1.1192210145051194e-06,-9.305185880781071e-10,-8.313412500256216e-09,1.5901627938326231e-09,-4.972020975666385e-09,7.94805565926457e-15,-2.7361663788822148e-15,0.0043014126460711,-8.388912204846553e-13,0.6441220796483763,-4.697680991406434e-12,full_epsilon_grid,0.031721908433475214,0.5936120448473741,0.9932339022514319
PF0091,full_TAC,13,5.0,,87.67688421310802,18.19838661761002,3,3,LOCALLY_SOLVED,Solve_Succeeded,0.080382333,0.1459912542971471,6982465.191558921,76.56048395660355,18.198386772168725,503.57998794724136,1.592252629154286e-16,1.592252629154286e-16,9.705118295580238e-09,9.547948673600584e-09,1.0000000045126394,0.435220444563535,2.1805416418430218e-07,-8.134904540862607e-09,-4.562920962431955e-10,2.0709579664203615e-08,8.776675790117505e-09,2.4069381180807376e-10,-4.5310238310058175e-10,2.0806086899968866e-08,9.216663652104712e-09,3.3287396967958586e-10,1.6609717266929434e-09,2.8604898296462168e-08,1.1998617660095596e-08,8.55569467540408e-10,-5.054889072264526e-10,1.9840290531459236e-08,1.0175239451332635e-08,6.334385953474843e-10,1.660972198803469e-09,0.1725197261701593,1.1708409505177136e-08,4.481757285197619e-10,-5.641946587186397e-10,1.8766982607052188e-08,9.977054241229851e-09,6.13031682871317e-10,4.1859451125509126e-08,-7.858736377767613e-09,-5.905387032145599e-09,-9.615659492594673e-09,4.1954849590663334e-08,-8.15585595370471e-09,-6.312966557021092e-09,-9.648105109586825e-09,0.3130433968831509,-8.62152803701547e-09,-6.984609447809931e-09,-9.705118295580238e-09,4.042366252169515e-08,-8.077727443574264e-09,-6.045898052255878e-09,-9.599993027571536e-09,0.6869564431060451,-8.049265137783523e-09,-6.269648292715723e-09,-9.657104406744106e-09,3.8793406813326905e-08,-7.256936210136093e-09,-4.710485445096749e-09,-9.443201550227516e-09,-5.069912180479948e-11,3.1535041761400954e-08,2.7305213569254455e-08,3.576022346862809e-09,-5.034470923339795e-11,3.168199596131622e-08,2.8674064695436883e-08,4.945556120953846e-09,1.8455241407699367e-10,4.3557458769612843e-08,3.7329032720297416e-08,1.2711317803457492e-08,-5.6165434136272506e-11,3.021135149108565e-08,3.1656300515257095e-08,9.41108770230548e-09,1.8455246653371868e-10,0.2627004921227426,3.6426162904995534e-08,6.658610823722177e-09,-6.268829541318218e-11,2.8576996242556742e-08,3.103972430604841e-08,9.107899288373853e-09,7.0213773615610155e-15,5.715006355282654e-15,0.0798260643866666,-2.523749571303003e-13,0.514020295816031,-3.4372025827692185e-13,full_epsilon_grid,0.13620794459906257,0.4740175032828499,0.8666738010722079
PF0092,full_TAC,13,10.0,,87.67688421310802,15.50044749872434,3,3,LOCALLY_SOLVED,Solve_Succeeded,0.108384042,0.2169278002571918,9170664.89751724,61.86073438431151,15.500447618641502,503.57998822184993,1.592252629154286e-16,1.592252629154286e-16,9.545197436274837e-09,7.407948384428375e-09,1.000000001629078,0.4060833841303512,3.7934676707348873e-07,-6.973136832403969e-09,3.4693062069772283e-09,1.7838194893739343e-08,1.3807253270272468e-08,2.440457204816694e-10,3.445900656256974e-09,1.8102664221005546e-08,1.4379636178003569e-08,3.315219110931103e-10,8.741324202487427e-09,2.7686994155274338e-08,1.9687255900771353e-08,8.886896235353693e-10,3.244143153375788e-09,1.733334930961889e-08,1.5408821878961826e-08,6.074686661235479e-10,8.741322808692177e-09,0.1609699103358991,2.0459167489227233e-08,4.78113809823775e-10,3.0787267282167366e-09,1.608040011658498e-08,1.4945698257308224e-08,5.7992456333631e-10,3.660689603149362e-08,-7.137321548103324e-09,-4.294506581471466e-09,-9.463511100538467e-09,3.632209072724269e-08,-7.481754011819807e-09,-4.80315259735738e-09,-9.496884139837313e-09,0.7043884590726943,-8.012403324252734e-09,-5.538139216658123e-09,-9.545197436274837e-09,3.396744319671529e-08,-7.396061372816819e-09,-4.4834487828362044e-09,-9.412150989200916e-09,0.2956113693639811,-7.0778593549186165e-09,-4.3949090324767095e-09,-9.488607975551217e-09,3.2161834966034234e-08,-6.466583343396114e-09,-2.855723388839447e-09,-9.195904716388328e-09,3.854784674419141e-10,2.7162705860921265e-08,4.2955899063069896e-08,3.625822132870516e-09,3.8287785069521916e-10,2.756542051834935e-08,4.473664588712221e-08,4.925468393383351e-09,9.71258244720825e-10,4.2159741100076825e-08,6.124924058017755e-08,1.3203388692525487e-08,3.6046035037508735e-10,2.639396372146513e-08,4.793855695677012e-08,9.025248753835567e-09,9.71258089854686e-10,0.2451132725569373,6.365074329981804e-08,7.103405174524656e-09,3.4208074757963727e-10,2.4486063813890763e-08,4.649772791162558e-08,8.616022083853745e-09,7.171308294771112e-15,4.1003454336111225e-15,0.1796190598484934,-1.304843330857137e-13,0.3426170173648996,-1.734641529108765e-13,full_epsilon_grid,0.20331403438598342,0.3158719135510227,0.7000058148451324
PF0093,full_TAC,13,15.0,,87.67688421310802,12.802508379838658,3,3,LOCALLY_SOLVED,Solve_Succeeded,0.324460875,0.2683841992138185,10760706.981551005,47.164805669811166,12.802508488214311,503.5799884265284,1.592252629154286e-16,1.592252629154286e-16,9.419591814004269e-09,6.694965339889581e-09,0.9999999993770732,0.3769539057454686,4.918721303624876e-07,-5.9473391094685925e-09,5.9214951864521005e-09,1.6125871575789542e-08,1.7073957469955757e-08,2.4201391011221183e-10,5.8603213226805685e-09,1.646346664644839e-08,1.7653922493436392e-08,3.259757576105719e-10,1.57035845139753e-08,0.0271331563378995,2.5930877532658935e-08,9.48555004390959e-10,5.499055633660965e-09,1.5850798080043498e-08,1.847828180266652e-08,5.854154888853377e-10,1.3270970102403238e-08,0.1222899666527437,2.7663545670031353e-08,4.943501927113472e-10,5.237219681217936e-09,1.4584055143104002e-08,1.7822566761800132e-08,5.552803041218818e-10,3.3238094793379266e-08,-6.754599452493127e-09,-3.3174576158711052e-09,-9.371207648237878e-09,3.277771084294441e-08,-7.100592625841294e-09,-3.870759066216674e-09,-9.400837422868436e-09,0.9999994353254188,-7.236690324479226e-09,-4.498395222664952e-09,-9.419591814004269e-09,3.0183626520692594e-08,-7.016821782704609e-09,-3.566027987714048e-09,-9.289319413458418e-09,3.822110059837777e-07,-6.592329920038715e-09,-3.3466539590636742e-09,-9.396712388647135e-09,2.8427164541647043e-08,-6.090921362327581e-09,-1.868199567128241e-09,-9.044893710736214e-09,6.579439096057886e-10,2.4555304444952262e-08,5.31189787954179e-08,3.595635235952861e-09,6.511468136311738e-10,2.5069369666182777e-08,5.4923314424024325e-08,4.84306839878564e-09,1.7448427237750324e-09,0.0413163971508925,8.06738412127167e-08,1.4092817208094244e-08,6.110061815178847e-10,2.413644253097532e-08,5.748798783051805e-08,8.697601549153587e-09,1.474552233600359e-09,0.1862142674030416,8.60643643067642e-08,7.344631434568585e-09,5.819132979131038e-10,2.2207538513362914e-08,5.5447985481155954e-08,8.249878804096528e-09,7.310381778645171e-15,3.4938430599253677e-15,0.2794196795819044,-7.660009276016558e-14,0.1712060778512598,-9.779742117011671e-14,full_epsilon_grid,0.25207626873123606,0.1577674300846985,0.5333378300450852
PF0094,full_TAC,13,22.0,,87.67688421310802,9.025393613398704,3,3,LOCALLY_SOLVED,Solve_Succeeded,0.403020708,0.679290109902505,23381684.049240272,57.47453540137566,9.025393758314912,503.5799879389727,1.592252629154286e-16,1.592252629154286e-16,9.58022745018386e-09,8.952278056731364e-09,1.0000000064050123,0.3973893469098314,1.008693552525466e-07,-8.9040466622235e-09,-3.3106025611659983e-09,1.7218570841958954e-08,4.359164740957766e-09,3.2502542081440355e-10,-2.450253393657255e-09,0.1300713891637129,5.726570251896371e-09,6.449645868423283e-10,-2.1242283680081232e-09,0.0274522583969745,5.824563220662757e-09,7.721596354566207e-10,-3.267497591271946e-09,1.7912189633869297e-08,4.677378368271742e-09,4.784601073871178e-10,-3.230675835105583e-09,1.98052659974515e-08,4.510083615356492e-09,3.52918877597682e-10,-3.543826060624322e-09,1.0780525262285628e-08,4.261336294261714e-09,3.8649045311781414e-10,3.9064655123844474e-08,-3.419044864205614e-09,-2.949164616273146e-09,-9.290054631676225e-09,2.99368817886116e-07,-2.519102539093841e-09,-2.885761826985521e-09,-9.303544686097531e-09,0.999999573904944,-7.121543414809764e-09,-5.599031992122445e-09,-9.571510261899845e-09,4.1497488083200567e-08,-5.0115308546927294e-09,-3.585411995490049e-09,-9.334377264870732e-09,4.3747306251583535e-08,-6.352986199608274e-09,-4.792357516252091e-09,-9.491480150625437e-09,2.8740783324552952e-08,3.748276737113321e-09,-1.7424598336041272e-11,-8.850525097764061e-09,-3.6784472901844414e-10,2.6219187418437497e-08,1.3561845860757494e-08,4.828949109242567e-09,-2.7225037707302823e-10,0.1980632516811083,1.7815996339233153e-08,9.582331004514592e-09,-2.3602537422312467e-10,0.0418023025590294,1.8120863353173018e-08,1.1472086012498364e-08,-3.63055287919105e-10,2.7275379669755515e-08,1.4551843812400976e-08,7.108550166894321e-09,-3.589639816783979e-10,3.0158018677937514e-08,1.4031371247775753e-08,5.243366181451275e-09,-3.9375845118048007e-10,1.641579983120766e-08,1.3257490693258663e-08,5.7421438748932385e-09,-1.7660599991946398e-15,0.1170643033152312,0.2797068954829789,-2.3028193359565772e-12,-7.809559872609174e-12,-3.1299708855410783e-12,full_epsilon_grid,0.6391270566446302,0.26868348891656313,0.3000026545805339
PF0095,full_TAC,13,23.0,,87.67688421310802,8.485805789621569,3,3,LOCALLY_SOLVED,Solve_Succeeded,0.244142291,0.7475131002816529,25473401.926060013,69.92465910531266,8.485805928423412,503.5799881024594,1.592252629154286e-16,1.592252629154286e-16,9.467853609707958e-09,8.574559864147571e-09,1.0000000051490274,0.4220672835014212,1.7416494108821482e-07,-8.475770832558981e-09,-1.3046102706870894e-09,1.6973591928262443e-08,6.747880088405864e-09,3.2454498879964766e-10,7.271790075617226e-10,0.1673058458200141,9.060646470363564e-09,6.457518074204118e-10,7.271810837415116e-10,4.8070761973625595e-08,9.076348703486512e-09,7.547385395927856e-10,-1.245784002753725e-09,1.73208526666822e-08,7.1725620543453445e-09,4.691975594805338e-10,-1.1869067734785119e-09,1.9109422573619002e-08,6.953713890559763e-09,3.481362915801477e-10,-1.557178071856292e-09,1.2557136009605569e-08,6.712034920504037e-09,4.069483713622255e-10,3.538272655690906e-08,-3.964986781135484e-09,-2.059340679941113e-09,-9.205880579876218e-09,0.0973915082703733,-2.1677097597555015e-09,-1.4476370137529886e-09,-9.166570873324566e-09,0.9026083606908556,-6.937691392455851e-09,-4.5722617041762134e-09,-9.467853609707958e-09,3.7048757584619475e-08,-5.068445883155603e-09,-2.6532308570292504e-09,-9.232798870400438e-09,3.8818729776834994e-08,-6.1192358118730246e-09,-3.892955539696915e-09,-9.404684653849105e-09,2.9204383454383083e-08,-4.840705096959466e-11,8.172683579659674e-10,-8.765732097424763e-09,-1.4495669674300988e-10,2.584615134530871e-08,2.099340471948491e-08,4.8218112621661934e-09,8.079766750685802e-11,0.2547611743168397,2.8188677907797756e-08,9.594026853103258e-09,8.079789819350127e-11,7.319866027802078e-08,2.8237529299735813e-08,1.1213258302521386e-08,-1.3842044475041383e-10,2.63749347424479e-08,2.2314637502407738e-08,6.970935169425072e-09,-1.3187853038650128e-10,2.9098438918919844e-08,2.1633776548408148e-08,5.172310617762194e-09,-1.7301978576181014e-10,1.912109346917211e-08,2.0881886419345897e-08,6.046090088810207e-09,4.9617010528961844e-15,0.175410075399496,0.2301651491427904,-1.5751686678309828e-12,-4.773305712192099e-12,-2.1360656487729443e-12,full_epsilon_grid,0.7032743130712549,0.40262673371201274,0.26666905738540103
PF0096,full_TAC,13,25.0,,87.67688421310802,7.406630142067297,3,3,LOCALLY_SOLVED,Solve_Succeeded,0.069815833,0.8612822037840102,28962909.449012022,87.6768844140763,7.406630286249722,503.5799879116671,1.592252629154286e-16,1.592252629154286e-16,9.61305558095446e-09,8.906948276494353e-09,1.0000000065236343,0.4489249193389771,1.100385527549913e-07,-8.859151428648471e-09,-4.652674851882796e-09,5.205951296802274e-09,3.643334427847649e-09,2.0934150693637114e-10,-3.111841729015712e-09,0.1479046329935483,6.068997054714223e-09,7.617042781529901e-10,-3.1118416355452686e-09,4.9066971159371955e-08,6.157736604618607e-09,9.061384275876872e-10,-4.153344396787309e-09,1.1512585359844862e-08,4.597824019406368e-09,4.819289589632251e-10,-3.969671056696391e-09,1.8975163974788818e-08,4.7641093600537374e-09,4.20717015247079e-10,-5.649233029413631e-09,-1.6835391628353375e-09,2.207410392602265e-09,9.639840418348756e-12,1.3786596578885037e-08,1.4311499539792434e-08,7.315731896935339e-10,-8.848684120452471e-09,0.382559420280083,0.075801632533004,1.2025674081067843e-09,-8.915857802405884e-09,0.617440531466859,-7.602343247147642e-09,-5.930457023085562e-09,-9.61305558095446e-09,2.8460213386335512e-08,3.3666366777467054e-09,-4.4709490538052876e-10,-8.970949808798744e-09,3.8154462733055314e-08,-4.6091197650095465e-09,-3.6935593206644995e-09,-9.393228429725657e-09,1.7627607936533582e-09,2.034280922791947e-08,5.369052429434318e-09,-7.350400405015936e-09,-5.169638724314215e-10,7.927244020130734e-09,1.133481821997046e-08,3.1102166744832286e-09,-3.4576019211285676e-10,0.225218418421994,1.8881324170222027e-08,1.131674927541585e-08,-3.4576018172725195e-10,7.471561517449818e-08,1.9157402769924557e-08,1.3462628067017065e-08,-4.6148271075414513e-10,1.753052770703649e-08,1.43043413937087e-08,7.160087390310772e-09,-4.4107456185515436e-10,2.8893999688882973e-08,1.4821673564611629e-08,6.250652797956601e-09,-6.276925588237366e-10,-2.5635709979538095e-09,6.867498999207048e-09,1.4322048621546724e-10,-5.146193642198941e-15,0.298888272469816,0.1574473508063991,-2.4768761985335357e-12,-8.320341672535528e-12,-3.534867994689685e-12,full_epsilon_grid,0.810287948302871,0.5936120376928717,0.20000186408296872
PF0097,full_TAC,13,26.0,,87.67688421310802,6.867042318290161,3,3,LOCALLY_SOLVED,Solve_Succeeded,0.052823584,0.9335471492613724,31182896.509394947,87.67688439743633,6.867042460434145,503.5799879590544,1.592252629154286e-16,1.592252629154286e-16,9.583375296172358e-09,8.781022441635527e-09,1.000000006150057,0.4344290632148815,1.347823919394193e-07,-8.718529056362564e-09,-4.169438553170691e-09,5.648989361804078e-09,4.333897145475493e-09,2.1558424878272926e-10,-2.3724470646496556e-09,0.0898689869598299,7.148306078499891e-09,7.493535458194852e-10,-2.372446965177342e-09,4.894499035723598e-08,7.245743486989017e-09,8.912010070121892e-10,-3.6394979107009323e-09,1.1442544204645634e-08,5.35466053117796e-09,4.698456673677249e-10,-3.425293478407231e-09,1.8471377358465473e-08,5.556329155396862e-09,4.0928705374584235e-10,-5.2679536218404365e-09,-1.3557531247305506e-09,2.741632433436225e-09,2.6300301345926478e-11,1.4603059462858536e-08,1.2778982855800229e-08,1.5360124789236542e-09,-8.763786932772219e-09,0.3968634812951553,0.2077138869784918,2.297214839950058e-09,-8.812464491192674e-09,0.6031364660897172,-7.463051383987436e-09,-5.62224449495406e-09,-9.583375296172358e-09,2.804584312224569e-08,2.810222718457819e-09,1.6482148372114406e-10,-8.898184091983112e-09,3.731895167315355e-08,-4.483725304964787e-09,-3.273641883680977e-09,-9.353163928102502e-09,2.405194306066887e-09,1.8447834099056613e-08,6.5601132103381606e-09,-7.098193240740073e-09,-4.6327095035229885e-10,8.6018701645653e-09,1.3483235563701534e-08,3.2029659819148342e-09,-2.6360522940551717e-10,0.1368459574161047,2.2239174466444097e-08,1.1133252680746636e-08,-2.6360521835303795e-10,7.45298716803366e-08,2.2542313070632497e-08,1.3240700675609668e-08,-4.043886567445479e-10,1.7423874129801305e-08,1.6658943874775872e-08,6.980564200891911e-09,-3.805881642674699e-10,2.8126870068572425e-08,1.7286357372345792e-08,6.0808362270810875e-09,-5.853281802044926e-10,-2.0644422581124294e-09,8.529523126246033e-09,3.907473342823362e-10,-2.6542424927879242e-15,0.3690247566301693,0.1537998147733539,-2.1991470313978384e-12,-7.1693191066403675e-12,-3.167301838652042e-12,full_epsilon_grid,0.8783688691595054,0.5936120375138524,0.16666826713963018
PF0098,full_TAC,13,27.0,,87.67688421310802,6.327454494513025,3,3,LOCALLY_SOLVED,Solve_Succeeded,0.045581458,0.998980801991843,33193122.26213199,87.67688438626476,6.327454634789015,503.5799880006235,1.592252629154286e-16,1.592252629154286e-16,9.558407377538004e-09,8.6656261040756e-09,1.0000000058131924,0.4199332076271827,1.5735048610072188e-07,-8.587890387539729e-09,-3.753228428378496e-09,5.953742018321705e-09,4.960112762021819e-09,2.1937932899082315e-10,-1.7089008960556596e-09,0.0318333418122281,8.167376225319417e-09,7.40470395896323e-10,-1.7089007961531984e-09,4.8859807505369334e-08,8.271689004607106e-09,8.80576594555211e-10,-3.1972973050269843e-09,1.1342105808498582e-08,6.042140571065146e-09,4.59988023358121e-10,-2.953242907637863e-09,1.804539359217584e-08,6.2831723813847034e-09,4.005016729861538e-10,-4.943662444867807e-09,-1.099995360036249e-09,3.21670123053828e-09,3.7993320129497936e-11,1.516363395427843e-08,1.1578532448971162e-08,2.2258686827059996e-09,-8.693222712153896e-09,0.4111675437216824,0.3396261393012713,3.288967900397175e-09,-8.721490136777964e-09,0.5888324001183833,-7.3507222953084706e-09,-5.360736511135726e-09,-9.558407377538004e-09,2.7617549808963533e-08,2.388996762736937e-09,6.792498450270648e-10,-8.837851123589729e-09,3.659856654624134e-08,-4.395231501235136e-09,-2.9192739874508984e-09,-9.320072955305842e-09,2.888079315330743e-09,1.689128447671277e-08,7.56706456310615e-09,-6.888122694558643e-09,-4.170253809309438e-10,9.065925346080775e-09,1.5431461926290104e-08,3.259350030720801e-09,-1.8987787733951768e-10,0.0484734977595291,2.540961492321596e-08,1.1001274453316798e-08,-1.8987786623924422e-10,7.440016142863057e-08,2.5734143569888776e-08,1.3082852261963136e-08,-3.552552561141092e-10,1.72709338447592e-08,1.8797770665536008e-08,6.834107775606369e-09,-3.2813810084865125e-10,2.7478212969904117e-08,1.954764740875241e-08,5.950310570079999e-09,-5.49295827207534e-10,-1.6749929346006514e-09,1.0007514939452431e-08,5.644721847811121e-10,-7.757833193330268e-16,0.4391612399497713,0.1501522785463245,-1.9905049081988127e-12,-6.301089423255153e-12,-2.8911011636831497e-12,full_epsilon_grid,0.9400169854113417,0.5936120373936644,0.13333467020682122
PF0099,full_TAC,14,2.0,,84.61152391522216,19.81715008894143,3,3,LOCALLY_SOLVED,Solve_Succeeded,0.294240458,0.0828635783298441,5038564.315983099,84.61152475179449,19.683770657606825,503.57998781091,1.592252629154286e-16,1.592252629154286e-16,9.831292523583273e-09,9.097052709230168e-09,1.000000004482461,0.451127551150716,2.865043300136108e-06,1.0906885423611756e-06,-7.382375234404665e-09,-4.593618852531221e-09,3.4323827247282974e-09,-1.2361157161691586e-10,-7.191152615947174e-09,-4.236779292303816e-09,4.742223372255946e-09,-6.195496907477884e-12,-4.706013926415584e-09,2.9317409614532152e-08,9.098733637576917e-08,1.5146292890295634e-08,-7.351642414755052e-09,-4.567069759287063e-09,3.448445160664265e-09,-8.010759734678662e-11,-4.706013421515949e-09,0.1786441717644354,5.673924477338245e-07,5.600576734221265e-08,-7.688119529348223e-09,-5.041987240139395e-09,1.7834137067528334e-09,-2.369065346510702e-10,-4.832360506075568e-09,8.867507872335989e-09,3.299321131223128e-08,-4.417617220373842e-09,-4.0290021100626686e-09,1.1917194181279372e-08,2.9058619429449602e-08,-5.585825806580447e-09,0.0984947409511928,-9.081804762160484e-09,-8.040675076120162e-09,-9.831292523583273e-09,-4.711072197993609e-09,5.720299718992474e-09,2.295903256297534e-08,-2.162593768232235e-09,0.9015053263681406,0.000456981528937,5.244617251128882e-09,-9.15018857732416e-09,-5.902974223082161e-09,5.325529031871213e-10,2.104058179668655e-08,6.529841786344075e-10,-8.202639149338513e-10,-6.994828707263449e-09,1.0678524032488038e-08,-1.8365147783084635e-09,-7.990169573274634e-10,-6.451459376917172e-09,1.4753583824796276e-08,-9.20473826253857e-11,-5.22890436268398e-10,4.464241918576486e-08,2.8307171316905954e-07,2.250306372272494e-07,-8.168491571950053e-10,-6.954401678914391e-09,1.0728496055399936e-08,-1.1901700177236863e-09,-5.228903801684386e-10,0.2720263524594812,1.765220948505232e-06,8.320856862271591e-07,-8.542355032609133e-10,-7.67757147930317e-09,5.548398198786594e-09,-3.519754229101613e-09,5.6166303356516455e-15,-8.46389592643636e-16,0.0251162126009286,-3.0507177774692873e-13,0.6083391577693671,-1.808893776870929e-12,full_epsilon_grid,0.07659383061391525,0.5606337131882506,0.9584349294269581
PF0100,full_TAC,14,25.0,,84.61152391522216,7.406630142067297,3,3,LOCALLY_SOLVED,Solve_Succeeded,0.059830625,0.8718343352491043,29287946.161746737,84.61152409761851,7.406630286179597,503.57998791589114,1.592252629154286e-16,1.592252629154286e-16,9.608138430398117e-09,8.902616251452342e-09,1.000000006503739,0.4392811548883799,1.1104145492881723e-07,-8.854284638147996e-09,-4.606945151015997e-09,5.337451737433861e-09,3.681824051194648e-09,2.1184904501207935e-10,-3.0572618701315326e-09,0.1312121715986294,6.102550062765694e-09,7.596836305090223e-10,-3.057261732621667e-09,4.891132747280591e-08,6.188414919283707e-09,9.027767702258054e-10,-4.1122782817873474e-09,1.1548355785872076e-08,4.624184550502634e-09,4.810499974574331e-10,-3.928622600870643e-09,1.8912652011822482e-08,4.7871756643990645e-09,4.1900272030382005e-10,-5.602677076263792e-09,-1.600892622415577e-09,2.2558050847838414e-09,1.4997712110723606e-11,1.4040190310921909e-08,1.4062455097297952e-08,7.522588890020423e-10,-8.846043948702644e-09,0.3382580590654179,0.1082683960094113,1.262234716708633e-09,-8.908207815530976e-09,0.6617418918879313,-7.568915178438448e-09,-5.883070601120668e-09,-9.608138430398117e-09,2.853433868432139e-08,3.275413887317056e-09,-4.269752737329367e-10,-8.967090603098017e-09,3.810392795992724e-08,-4.572047015778912e-09,-3.652891892285686e-09,-9.388587849192988e-09,1.944206840346686e-09,2.021535399009141e-08,5.3589757215353295e-09,-7.367494018896122e-09,-5.118827945573329e-10,8.127483327456106e-09,1.1454563714827794e-08,3.14747152589375e-09,-3.396957633479479e-10,0.1998003522070038,1.8985711306382163e-08,1.1286728224705474e-08,-3.39695748069074e-10,7.447861228813625e-08,1.9252846415549312e-08,1.341268344335482e-08,-4.5691980908748267e-10,1.7584996310305207e-08,1.4386351934897084e-08,7.147028533653293e-09,-4.3651362231896013e-10,2.8798811018002413e-08,1.4893435400352645e-08,6.2251832730853255e-09,-6.225196751404211e-10,-2.437722856860083e-09,7.018060263771951e-09,2.228231513593221e-10,-5.043522982596353e-15,0.3017882972876773,0.1687441976437513,-2.4646317071050145e-12,-8.303464781058985e-12,-3.5129860638462232e-12,full_epsilon_grid,0.8202559337520186,0.5606337061503726,0.20000186407863665
PF0101,full_TAC,14,26.0,,84.61152391522216,6.867042318290161,3,3,LOCALLY_SOLVED,Solve_Succeeded,0.044189375,0.9438552579685616,31500440.27245132,84.61152407979928,6.867042460377719,503.5799879634954,1.592252629154286e-16,1.592252629154286e-16,9.577979706239084e-09,8.777536696126509e-09,1.0000000061310854,0.4247852987819049,1.3565790146189857e-07,-8.714525297277337e-09,-4.122116368571218e-09,5.780484892652301e-09,4.370534879128495e-09,2.1795152250815532e-10,-2.315771332279771e-09,0.0731765255324728,7.1758698377166e-09,7.474979117431258e-10,-2.3157711840704326e-09,4.8797871227789586e-08,7.269632935261727e-09,8.88062937650354e-10,-3.59815691401338e-09,1.1476048523231522e-08,5.376190053928187e-09,4.69035324607092e-10,-3.3842382874466e-09,1.841105022473286e-08,5.5736515947340414e-09,4.0766114301847307e-10,-5.218026725822434e-09,-1.2667314175096683e-09,2.792505607100257e-09,3.1750137626237486e-11,1.4855547889825778e-08,1.2537326017301973e-08,1.5459802854727046e-09,-8.762308535147592e-09,0.3525621200424438,0.240180650481662,2.355088793724356e-09,-8.804668560031419e-09,0.6474378265402961,-7.426696016145945e-09,-5.570539106763499e-09,-9.577979706239084e-09,2.8113232400850388e-08,2.727903823893977e-09,1.7867200758137122e-10,-8.894869516376857e-09,3.7263042154632715e-08,-4.446250419147143e-09,-3.232520315777693e-09,-9.348391972172276e-09,2.5988352312367936e-09,1.8336077829040595e-08,6.530081843087488e-09,-7.123085073600331e-09,-4.580129298412463e-10,8.802101995629639e-09,1.3597219623955316e-08,3.2381369058354503e-09,-2.5730792580886334e-10,0.11142789115172,2.23249283840072e-08,1.1105683260183584e-08,-2.573079093411591e-10,7.430584936958869e-08,2.2616635798592042e-08,1.3194077930805255e-08,-3.997952126681532e-10,1.7474892069466182e-08,1.672592461222102e-08,6.968524822733939e-09,-3.760264763829554e-10,2.8035008296752307e-08,1.7340249405839242e-08,6.056679839131599e-09,-5.797807473136034e-10,-1.9288864766624495e-09,8.687795222089687e-09,4.71716330446957e-10,-2.583321886753968e-15,0.3719247814322985,0.1650966616300855,-2.1905718015403624e-12,-7.168560837674477e-12,-3.1500362107763345e-12,full_epsilon_grid,0.8881070663710827,0.5606337059586664,0.1666682671361444
PF0102,full_TAC,14,27.0,,84.61152391522216,6.327454494513025,3,3,LOCALLY_SOLVED,Solve_Succeeded,0.041478875,1.0091292880206146,33505764.659811016,84.61152406753457,6.327454634744607,503.57998800536257,4.776757887462858e-16,4.776757887462858e-16,9.552486724899974e-09,8.662882773527742e-09,1.0000000057946596,0.410289443209047,1.581127886532733e-07,-8.584660246651732e-09,-3.703564548852393e-09,6.086166574551554e-09,4.9953237633103676e-09,2.2167402459358744e-10,-1.64896687672592e-09,0.015140880350978,8.188978179265003e-09,7.387110671050417e-10,-1.648966718303107e-09,4.871736748258041e-08,8.288795085946383e-09,8.775684094679302e-10,-3.154795297534022e-09,1.1374679856655038e-08,6.059267226174734e-09,4.5923220264888896e-10,-2.91128936147794e-09,1.7985964670997436e-08,6.295020698006776e-09,3.989223031676001e-10,-4.889750206599968e-09,-1.0045276511853907e-09,3.270630890005687e-09,4.3597428856664533e-11,1.5416942312598895e-08,1.1341464645348944e-08,2.226123690767204e-09,-8.692733262848576e-09,0.3668661824031624,0.3720929028485932,3.346212850200961e-09,-8.713381708797558e-09,0.6331337606135475,-7.311294925371461e-09,-5.304234366958581e-09,-9.552486724899974e-09,2.7681442936085776e-08,2.312119237161712e-09,6.88088097603941e-10,-8.834910810165552e-09,3.653809052643342e-08,-4.3569522346960645e-09,-2.8769850120356835e-09,-9.315092678167642e-09,3.094066534538626e-09,1.6791484874642512e-08,7.519518262558628e-09,-6.919955544373582e-09,-4.1150717209471007e-10,9.267571829430777e-09,1.5541007263632254e-08,3.293442651104727e-09,-1.8321854185843552e-10,0.0230554314435347,2.5476821002157783e-08,1.0975135854132049e-08,-1.8321852425590072e-10,7.418326412120197e-08,2.5787362489610965e-08,1.3038159226380674e-08,-3.505328108371135e-10,1.732053523627017e-08,1.8851053592543617e-08,6.82287843935492e-09,-3.2347659571977104e-10,2.7387718930837e-08,1.9584508838243298e-08,5.926845647061487e-09,-5.433055785111074e-10,-1.529621650668663e-09,1.0175296102239916e-08,6.477332287275873e-10,-7.245083464882459e-16,0.442061264744305,0.1614491254232688,-1.9842195665558285e-12,-6.310867132047083e-12,-2.8766278836004133e-12,full_epsilon_grid,0.949604871175479,0.5606337058267179,0.13333467020407785
PF0103,full_TAC,15,3.0,,81.54616361733629,19.277562265164292,3,3,LOCALLY_SOLVED,Solve_Succeeded,0.348974959,0.111348438617019,5915310.950351865,81.54616442425338,19.120468351923662,503.5799879515775,3.1845052583085723e-16,3.1845052583085723e-16,9.773573687066212e-09,8.774575771670324e-09,1.0000000025294309,0.4450561081627049,2.880225891377318e-06,1.0957728575325297e-06,-6.6027416361402886e-09,-4.048448119448334e-09,5.281949962599517e-09,8.30421211521104e-12,-6.187977780630346e-09,-3.289831350352611e-09,7.832240217351459e-09,2.3623572111409484e-10,-2.6776603434642782e-09,2.8811920470149887e-08,8.972012854404852e-08,1.498188020278644e-08,-6.5011980001584366e-09,-3.90496499738586e-09,5.4646566356223455e-09,9.206594674365416e-11,-2.6776598822804608e-09,0.1762538777909645,5.646482579848603e-07,5.579927205251345e-08,-7.152055704343066e-09,-4.775288552774485e-09,2.5841693425220904e-09,-1.8001776035244118e-10,-3.68390271196561e-09,4.990012981128084e-09,3.278904369452409e-08,-3.7165249951481294e-09,-2.07853217739003e-09,9.026807858931873e-09,2.7325657873436432e-08,-5.579332115956565e-09,0.1801214060948655,-8.783045673138313e-09,-7.394856831354821e-09,-9.773573687066212e-09,-3.3230127485861264e-09,4.18639622657782e-09,2.11036553004604e-08,-2.266106142717936e-09,0.8198786462053012,0.0004156030630094,1.0187318376899709e-08,-8.859002190483903e-09,-5.352740469497225e-09,-1.0219092298507976e-09,1.9030417472333923e-08,1.097513575878749e-09,-7.336379595711428e-10,-6.164682363705419e-09,1.6432733216976274e-08,1.2337686571170686e-10,-6.875530867367048e-10,-5.0095159198551134e-09,2.4366969565093424e-08,3.5097878565522662e-09,-2.9751781594047526e-10,4.387269707954641e-08,2.791292888037065e-07,2.225879344413985e-07,-7.223553333509372e-10,-5.946196700564832e-09,1.7001153977491738e-08,1.3678369230485756e-09,-2.9751776469782885e-10,0.2683865866362414,1.7566834692862322e-06,8.290177562087711e-07,-7.946728560381181e-10,-7.271462114452055e-09,8.039637954513168e-09,-2.674549582379126e-09,5.866547391406385e-15,-4.0336381712823713e-16,0.0459310121055471,-1.9198072859053325e-13,0.5725562353245941,-1.2274228347889388e-12,full_epsilon_grid,0.10348124779349317,0.5276553815265127,0.9236363459220117
PF0104,full_TAC,15,22.0,,81.54616361733629,9.025393613398704,3,3,LOCALLY_SOLVED,Solve_Succeeded,0.230751917,0.6792900613283174,23381682.559821773,57.47452905701749,9.025393769122264,503.5799876022194,9.022764898540956e-17,1.0253141930160176e-16,9.847714893519584e-09,9.61990811199253e-09,1.0000000087004737,0.3973893498394178,3.2322564404244603e-09,-9.616199134772854e-09,-7.453388954183191e-09,2.1051990559068138e-08,1.4772135001299552e-09,2.4159880920747375e-10,-7.3827250109089215e-09,0.1300714066674192,2.0196702214434166e-09,5.479102224909527e-10,-7.31418875673411e-09,0.0274522380385935,2.163228440850288e-09,8.990078941573859e-10,-7.450788278890262e-09,2.112173783613389e-08,1.890375671491995e-09,6.953519219649218e-10,-7.448885404105236e-09,2.3476403441610332e-08,1.562681206449442e-09,2.722820877170022e-10,-7.531565456496958e-09,4.385669241097632e-09,1.410153129990164e-09,4.0836959593612796e-10,4.951732291403915e-08,-5.720431467644171e-09,-6.4029764821374965e-09,-9.689705571752793e-09,1.515635252570391e-07,-7.2860827015220195e-09,-7.022968065242461e-09,-9.741194917562949e-09,0.9999997299126476,-8.955754381241748e-09,-8.255185637158435e-09,-9.842276732841512e-09,5.097247495732627e-08,-7.3579601769720504e-09,-6.851431303296715e-09,-9.715202237837522e-09,5.2081092585612935e-08,-8.315109567065432e-09,-7.643307683065558e-09,-9.793249867088933e-09,2.4188456602759264e-08,1.61942712552527e-08,-3.8544210890242814e-09,-9.429109663917573e-09,-8.281543282425763e-10,3.2056440169490115e-08,4.595775333737638e-09,3.589468022511039e-09,-8.203027789898796e-10,0.1980632783344793,6.283418466712851e-09,8.140380448437013e-09,-8.12687639637123e-10,0.0418022715587673,6.730044038200896e-09,1.3356688713195448e-08,-8.278653643211401e-10,3.2162646250476604e-08,5.881168755752874e-09,1.0330942840621697e-08,-8.276539337894704e-10,3.5748159786088455e-08,4.861674864509375e-09,4.045333874652605e-09,-8.368406062774392e-10,6.678178162580485e-09,4.38714307108051e-09,6.067205425336758e-09,-1.4398128289012477e-14,0.1170642722860861,0.2797069118154979,-2.4687625979264104e-12,-8.974811748047485e-12,-3.377025128128504e-12,full_epsilon_grid,0.6391270109682455,0.26868342066150486,0.3000026552481692
PF0105,full_TAC,15,24.0,,81.54616361733629,7.946217965844434,3,3,LOCALLY_SOLVED,Solve_Succeeded,0.070606291,0.8012190902035421,27119638.24545721,81.54616427304242,7.946218122064066,503.57998757518067,1.592252629154286e-16,1.592252629154286e-16,9.869192084074825e-09,9.650553373115646e-09,1.000000008877111,0.4441332699458861,9.848143368289863e-10,-9.64923644068572e-09,-8.256295263858323e-09,-2.51887502428449e-09,2.2865205915432718e-10,-1.0719896763381764e-10,-7.8623947093827e-09,0.1725554303606474,2.298291963895848e-09,8.641013571896183e-10,-7.862394685078844e-09,2.807145740233299e-08,2.426673721709645e-09,1.3872908349521116e-09,-7.986540486082946e-09,4.945020698949631e-09,1.7011507267138592e-09,6.956131182019701e-10,-7.940266756981894e-09,2.3241425177562143e-08,1.8212622753527651e-09,4.6522214226468935e-10,-8.581289340744861e-09,-5.202476765108741e-09,-8.532755078636445e-10,-3.1688761954348975e-10,-5.425775891898222e-10,3.2686246603361525e-08,-4.6793795695496556e-09,-9.552420523081324e-09,0.2796526406024454,0.0088227915846029,-5.234908978969245e-09,-9.632752957236926e-09,0.720347357327712,-9.143715589742222e-09,-8.49487973186104e-09,-9.868101431617024e-09,2.4646617304749722e-08,1.5394588143396862e-08,-4.7053111504136884e-09,-9.562852479683624e-09,4.6503212940473265e-08,-7.19662572923801e-09,-7.154329786015607e-09,-9.766289958195664e-09,-5.783431088715316e-09,3.394831071833785e-08,-8.437020654217299e-11,-8.650195671278305e-09,-9.173661404287019e-10,-3.835559696069565e-09,7.113619618134621e-10,-1.592670376273862e-09,-8.735994121536328e-10,0.2627548598673495,7.150241665453749e-09,1.2838077306817186e-08,-8.735994094532046e-10,4.2745173771734334e-08,7.549651578652228e-09,2.0611178119288516e-08,-8.873933873425492e-10,7.529917882491482e-09,5.292468927554228e-09,1.0334823470429264e-08,-8.822518618868768e-10,3.539035197492417e-08,5.66614930109749e-09,6.911871827932527e-09,-9.53476593416095e-10,-7.921953255961035e-09,-2.6546349133535607e-09,-4.708044633217561e-09,-2.023579647345187e-14,0.2345517988043593,0.1836885686654297,-2.999333163698525e-12,-1.1036868599063728e-11,-4.164738939737959e-12,full_epsilon_grid,0.7537598706550299,0.5276553798997268,0.23333546164399138
PF0106,full_TAC,15,25.0,,81.54616361733629,7.406630142067297,3,3,LOCALLY_SOLVED,Solve_Succeeded,0.04520225,0.882129493499573,29605092.268774997,81.54616378195468,7.406630286108488,503.5799879199558,1.804552979708191e-16,1.592252629154286e-16,9.603463793355586e-09,8.898223432989521e-09,1.0000000064841297,0.4296373904455678,1.1204336931098029e-07,-8.849353572757244e-09,-4.562986369852879e-09,5.4597526524514535e-09,3.719407306830132e-09,2.1414284614769046e-10,-3.004355434124315e-09,0.1145197102525754,6.136960668812905e-09,7.578260473991696e-10,-3.004355241209686e-09,4.87530927984822e-08,6.2198508064242495e-09,8.995918994866541e-10,-4.072583351456994e-09,1.1579576638337397e-08,4.650831521507723e-09,4.801958263316338e-10,-3.888836153981244e-09,1.8851787099521736e-08,4.810906507909497e-09,4.173974254069603e-10,-5.55813491734729e-09,-1.5225681293860924e-09,2.302273118042339e-09,1.9991096903739315e-11,1.4278847497970697e-08,1.3827969507119633e-08,7.735114080984626e-10,-8.843380555800118e-09,0.2939566979239401,0.1407351594011033,1.3207920101537201e-09,-8.900804968515812e-09,0.7060432522685138,-7.537295205713027e-09,-5.838054589850635e-09,-9.603463793355586e-09,2.8603511493006308e-08,3.19055462908013e-09,-4.06641228959212e-10,-8.9633227192404e-09,3.806089261975699e-08,-4.537683747454915e-09,-3.614087292112238e-09,-9.384175195044688e-09,2.1164811048920244e-09,2.008869121468231e-08,5.353570404484282e-09,-7.382079301660504e-09,-5.069984855392085e-10,8.313714266232892e-09,1.1571489399027075e-08,3.181550857051401e-09,-3.3381727045825716e-10,0.1743822860664217,1.9092766525195704e-08,1.1259129847073376e-08,-3.3381724902329837e-10,7.423766403405245e-08,1.9350646953319884e-08,1.3365365363801721e-08,-4.5250926127299915e-10,1.7632537153831944e-08,1.446925362246847e-08,7.134337991212843e-09,-4.320929059979159e-10,2.8706130356089912e-08,1.496726469127399e-08,6.201333177474837e-09,-6.175705463719206e-10,-2.31845601520155e-09,7.162627478353944e-09,2.970105825698412e-10,-4.940716917772164e-15,0.3046883220912319,0.1800410444657722,-2.4524667981339824e-12,-8.283766432900568e-12,-3.491727910028687e-12,full_epsilon_grid,0.8299819359427053,0.527655374616415,0.20000186407424378
PF0107,full_TAC,15,26.0,,81.54616361733629,6.867042318290161,3,3,LOCALLY_SOLVED,Solve_Succeeded,0.031370834,0.953903028405882,31809990.10259591,81.54616376303903,6.8670424603196185,503.5799879677349,9.022764898540956e-17,1.0253141930160176e-16,9.5728827360268e-09,8.773947524987324e-09,1.0000000061124468,0.4151415343571178,1.3653583116954473e-07,-8.710411377917024e-09,-4.076991181273228e-09,5.901805990034777e-09,4.406133296389651e-09,2.2010055001984798e-10,-2.2612401015413203e-09,0.0564840641600637,7.204646139660955e-09,7.458013405046533e-10,-2.261239887810594e-09,4.8648280275078155e-08,7.294661309421572e-09,8.851041732694912e-10,-3.558492951441385e-09,1.1505081274178484e-08,5.3982018677727534e-09,4.682529794997744e-10,-3.3447277898021473e-09,1.835267459082317e-08,5.591943798714237e-09,4.061477638138572e-10,-5.1706266005085e-09,-1.1828579647485682e-09,2.84096864664994e-09,3.679728620235332e-11,1.5091396822185676e-08,1.2311574479717582e-08,1.5570179260377475e-09,-8.760760298091537e-09,0.308260758876593,0.2726474138886242,2.411605035115923e-09,-8.797183091586946e-09,0.6917391869422047,-7.3924863871386555e-09,-5.521743749082535e-09,-9.5728827360268e-09,2.81758770770446e-08,2.6517520180740555e-09,1.929697168576371e-10,-8.891645602185129e-09,3.721512342623224e-08,-4.411731632370297e-09,-3.1935969137288755e-09,-9.343890837990269e-09,2.781605710506454e-09,1.8224378090433433e-08,6.505963913396302e-09,-7.1447137202374156e-09,-4.5299902014146956e-10,8.986840939371137e-09,1.3707970255434471e-08,3.270065314580598e-09,-2.5124890017125766e-10,0.086009824971006,2.2414454656722968e-08,1.1080477058926276e-08,-2.5124887642339926e-10,7.407806314614173e-08,2.2694501851533775e-08,1.3150119145718157e-08,-3.9538810571570924e-10,1.751910103113542e-08,1.679440581084856e-08,6.956901409710931e-09,-3.7163642108912725e-10,2.794611812693528e-08,1.7397158484888736e-08,6.0341953480915925e-09,-5.745140667231663e-10,-1.8011700826853199e-09,8.838569122910925e-09,5.467025378635349e-10,-2.5115045061632167e-15,0.3748248062184843,0.1763935084689067,-2.181986738027364e-12,-7.164439070064737e-12,-3.133308777078401e-12,full_epsilon_grid,0.8976001115619062,0.5276553744129132,0.1666682671325552
PF0108,full_TAC,16,4.0,,78.48080331945043,18.737974441387156,3,3,LOCALLY_SOLVED,Solve_Succeeded,0.389593375,0.1337360076242271,6604834.452147702,78.48080386331401,18.557184270922235,503.5799892080476,1.804552979708191e-16,1.592252629154286e-16,9.275019176722414e-09,5.914079970175407e-09,0.9999999851364924,0.4389836370584094,5.9703159360399635e-06,2.148240475904821e-06,-1.6259939957188386e-09,-1.3297325955698526e-09,1.4339930627994433e-08,6.666219854198293e-10,6.082881107895119e-10,1.3456031142996883e-09,2.2619529250302864e-08,1.396976014280004e-09,1.8396066583262307e-08,4.95775159718261e-08,1.701148401833756e-07,2.0945888981591657e-08,-3.43086159251989e-10,1.9323868255285149e-10,1.8168133210264253e-08,1.1987682453218747e-09,1.839607030335252e-08,0.1738631648375798,1.1888390787665613e-06,1.131837823413788e-07,-4.110878763309755e-09,-3.4711664019052383e-09,6.994654920275432e-09,1.4379352692236895e-10,1.5886760540236515e-09,-4.394297579010571e-10,2.4761694222234157e-08,-4.565943596495975e-09,6.4309197331512895e-09,-4.710213251897682e-10,1.623595471560189e-08,-6.977333869845143e-09,0.2617479836415481,-6.240470303494496e-09,-1.727446191289988e-09,-9.275019176722414e-09,4.231874598110908e-09,-2.62147536479355e-10,1.6970263300846327e-08,-5.670937788073742e-09,0.738251957144004,0.0003741832522478,5.379418677081136e-08,-6.324459987080851e-09,-2.701048018100988e-09,-3.280480422817886e-09,1.8079263502356603e-08,1.28848675108638e-10,-1.8066599952431529e-10,-2.024820088708639e-09,4.4613117509316e-08,9.904098069094604e-09,6.758756786550129e-11,2.048986560410889e-09,7.037186877872003e-08,2.075507221216006e-08,2.0440073981402555e-09,7.549303568437155e-08,5.292461694593907e-07,3.111960648693618e-07,-3.8120684361332105e-11,2.942498120691148e-10,5.6523081098599895e-08,1.7810271073353565e-08,2.044007811483613e-09,0.2647461828208602,3.698610467273746e-06,1.6815876233576277e-06,-4.5676430703441704e-10,-5.285639748355703e-09,2.17611486408569e-08,2.136360971418053e-09,1.8017119352842062e-14,1.6741394290641036e-15,0.0667458560736258,5.247511966295729e-14,0.5367731953018896,-4.0221832021861673e-13,full_epsilon_grid,0.12462704444802616,0.49467704735378615,0.88883888826566
PF0109,full_TAC,16,21.0,,78.48080331945043,9.564981437175842,3,3,LOCALLY_SOLVED,Solve_Succeeded,0.232939166,0.5806731218973811,20356688.23378125,45.02885123174829,9.564981588212166,503.5799877602684,2.563285482540044e-17,5.126570965080088e-17,9.72217453574817e-09,9.330351682329597e-09,1.0000000076982691,0.3727202082826101,3.3611542470612905e-08,-9.314856954858377e-09,-5.584132689154176e-09,1.7644004440429068e-08,2.248853035827258e-09,3.385940521375126e-10,-5.235927034871958e-09,0.0652516158138797,2.985434794237691e-09,6.66625606458193e-10,-5.113429971730675e-09,0.0824932725729588,3.0396612082116012e-09,7.934174448937978e-10,-5.554532890604869e-09,1.9027318393701322e-08,2.4744585615883323e-09,5.124562710582087e-10,-5.540211115531262e-09,2.1222628120872764e-08,2.361369653110851e-09,3.7647265139759776e-10,-5.843936879923941e-09,5.732763454630443e-09,1.9600284947778047e-09,3.0803895789224937e-10,4.098815117124054e-08,-2.3288934554775955e-09,-4.207890216788494e-09,-9.432179384340636e-09,3.219962164731026e-07,-3.517783500907233e-09,-4.684804738452495e-09,-9.493480545978512e-09,0.9999995688593452,-7.903364114771889e-09,-6.8718783388953405e-09,-9.702979181268941e-09,4.52473761313575e-08,-5.095924119569778e-09,-4.895921952726719e-09,-9.491043402512188e-09,4.755057823459749e-08,-6.857300171960246e-09,-5.995066247348006e-09,-9.617833756909348e-09,1.9581236083548462e-08,1.4133503094472346e-08,-1.686541887051709e-09,-9.07907685613004e-09,-6.20459187683797e-10,2.6867006761562443e-08,6.9964316670181365e-09,5.0305402031859005e-09,-5.817696705413284e-10,0.0993604149893168,9.288019359850597e-09,9.904151867378866e-09,-5.681588857478526e-10,0.1256147559633691,9.456723758880537e-09,1.1787916324136425e-08,-6.171703211783185e-10,2.8973416644954276e-08,7.698315524941478e-09,7.613636027150527e-09,-6.155790128368065e-10,3.23162746386017e-08,7.3464833652337605e-09,5.593307963621452e-09,-6.493263199915486e-10,8.72943526045999e-09,6.097866428197614e-09,4.576578802970562e-09,-1.5813959148112155e-14,0.0587265097554649,0.3292438040626914,-3.838072845396861e-12,-1.4148679386078152e-11,-5.194978440845611e-12,full_epsilon_grid,0.5463587228200211,0.13478800634781526,0.3333362517760222
PF0110,full_TAC,16,24.0,,78.48080331945043,7.946217965844434,3,3,LOCALLY_SOLVED,Solve_Succeeded,0.069641708,0.811663614205307,27441370.7692066,78.48080396935579,7.9462181220323425,503.5799875765981,1.592252629154286e-16,1.592252629154286e-16,9.868066187500129e-09,9.64859360831018e-09,1.0000000088694485,0.4344895057687526,1.100117933939272e-09,-9.647227677196492e-09,-8.240047900533869e-09,-2.452933975598258e-09,2.435890614182327e-10,-1.0288944920205938e-10,-7.845072302804404e-09,0.1558629694681094,2.290628300780953e-09,8.618432649409149e-10,-7.84507227106901e-09,2.7955178192424996e-08,2.4150136738430955e-09,1.378902528418661e-09,-7.970003820051583e-09,5.059787255977799e-09,1.7017808215171444e-09,6.989453593336064e-10,-7.92396917866705e-09,2.3157311670502543e-08,1.8138722648252622e-09,4.634654298982272e-10,-8.566056449429916e-09,-5.179902633627175e-09,-8.333439694005794e-10,-3.1252150878554116e-10,-4.0338488451610183e-10,3.2547662871011106e-08,-4.662013342306955e-09,-9.549973259836226e-09,0.2353512798247637,0.0412895541308763,-5.210584960931513e-09,-9.629859434809806e-09,0.7646487172732122,-9.13268994846883e-09,-8.478551012351244e-09,-9.8665506727504e-09,2.4992411659700373e-08,1.5153425900907042e-08,-4.686306148082214e-09,-9.559738249109022e-09,4.666546719263128e-08,-7.168250056982849e-09,-7.133384491388444e-09,-9.764206114280256e-09,-5.716108226742885e-09,3.3900499265107835e-08,-1.0315162882391848e-10,-8.654009136556899e-09,-9.155608778370963e-10,-3.735149462842802e-09,7.578326355233906e-10,-1.528643245287739e-09,-8.716747003116e-10,0.2373367944173484,7.1263991579851875e-09,1.2804528507693592e-08,-8.71674696785445e-10,4.256811224755624e-08,7.513375874178518e-09,2.0486551850791536e-08,-8.855559800057311e-10,7.704676048875284e-09,5.294429222497783e-09,1.0384331052956436e-08,-8.804410198518941e-10,3.5262270043719786e-08,5.643158157234151e-09,6.885772101345088e-09,-9.51784049936657e-10,-7.887579010295924e-09,-2.5926256825795803e-09,-4.643176701956611e-09,-2.0084274713965894e-14,0.2374518233051328,0.1949854153458194,-2.98130851920051e-12,-1.0989487857212859e-11,-4.136657571561581e-12,full_epsilon_grid,0.7636265256807621,0.4946770484946247,0.2333354616420316
PF0111,full_TAC,16,25.0,,78.48080331945043,7.406630142067297,3,3,LOCALLY_SOLVED,Solve_Succeeded,0.055719917,0.8921896787804076,29915023.308436196,78.48080346698347,7.406630286036618,503.57998792388406,1.804552979708191e-16,2.0506283860320352e-16,9.598999585967732e-09,8.893783647768387e-09,1.0000000064647518,0.4199936260097454,1.130430220657588e-07,-8.844373103340671e-09,-4.5204972431251644e-09,5.574062185948135e-09,3.756206967424803e-09,2.162586561807168e-10,-2.9528726701517567e-09,0.0978272489540607,6.172080621248335e-09,7.561198511356878e-10,-2.952872406521434e-09,4.8587890010085624e-08,6.251795585682154e-09,8.965402684891062e-10,-4.034026612630491e-09,1.1606742035121424e-08,4.677681368616712e-09,4.79366742840062e-10,-3.8500894031571136e-09,1.8791775934216975e-08,4.835152688748249e-09,4.158871193842192e-10,-5.515283809710364e-09,-1.44798466557366e-09,2.3470968323899118e-09,2.4674434144125883e-11,1.4505477245797328e-08,1.3605857098259367e-08,7.951936637810888e-10,-8.840703040977455e-09,0.2496553368230135,0.1732019227205114,1.3783906579670296e-09,-8.893613746036973e-09,0.7503446126317888,-7.507254026686973e-09,-5.795100711805056e-09,-9.598999585967732e-09,2.8669862034091257e-08,3.110935608592181e-09,-3.861959282445525e-10,-8.959639569606319e-09,3.8026485548872775e-08,-4.5056954565240046e-09,-3.5769012079692515e-09,-9.379959731318208e-09,2.281060593188684e-09,1.9962967482484513e-08,5.35202221735443e-09,-7.394603859620397e-09,-5.022774714583512e-10,8.487776510421024e-09,1.1685977231988278e-08,3.2129857489706494e-09,-3.28096963350195e-10,0.1489642199982288,1.9202028599439266e-08,1.1233780645444505e-08,-3.2809693405793696e-10,7.398610524263037e-08,1.9450030711011147e-08,1.3320026846123862e-08,-4.482251791811656e-10,1.7673902644389442e-08,1.4552786480140882e-08,7.122020179338064e-09,-4.277877114619013e-10,2.8614749718012215e-08,1.5042697253883442e-08,6.178894345136971e-09,-6.128093121900402e-10,-2.2048857407598922e-09,7.302079034101946e-09,3.6659159299844165e-10,-4.8380235211987316e-15,0.307588346882275,0.1913378912746929,-2.440393190563785e-12,-8.261779712644363e-12,-3.471029380378793e-12,full_epsilon_grid,0.8394866717849714,0.494677043089909,0.20000186406980397
PF0112,full_TAC,16,26.0,,78.48080331945043,6.867042318290161,3,3,LOCALLY_SOLVED,Solve_Succeeded,0.037894958,0.9637135153021013,32112253.91689766,78.48080395173238,6.867042472944899,503.5799876141294,1.592252629154286e-16,1.592252629154286e-16,9.841108862123464e-09,9.553881134826326e-09,1.00000000858301,0.4054978032251954,7.371237030736345e-09,-9.549735113078004e-09,-7.839100485130074e-09,-1.671886557607819e-09,4.3623312050606914e-10,-6.027966603410769e-11,-7.319658028034238e-09,0.0397916864688772,2.299309698880499e-09,8.162778192223537e-10,-7.319657992855382e-09,2.7803404652504135e-08,2.420761857696089e-09,1.3001874374353714e-09,-7.498365056748287e-09,6.278875478561222e-09,1.7629355828341024e-09,7.043765575812571e-10,-7.441519285675999e-09,2.2650489380245903e-08,1.8138659707082075e-09,4.346222087813054e-10,-8.247746853651167e-09,-4.901379304107819e-09,-6.035984875636494e-10,-2.6713959410472063e-10,1.1408207322867343e-09,3.051224258172637e-08,-3.912711106731398e-09,-9.443646874559536e-09,0.2639594014775152,0.3051140459388649,-4.473735174365866e-09,-9.541910030984612e-09,0.7360405879463392,-9.00253557734415e-09,-8.23735701116347e-09,-9.841108862123464e-09,2.7483984230401916e-08,1.2519502680702534e-08,-3.940413709172305e-09,-9.44745301996188e-09,4.621736976334632e-08,-6.842205516278049e-09,-6.729882148665361e-09,-9.718756123814704e-09,-4.942966349103633e-09,3.0877729069178746e-08,1.2440265704715464e-09,-7.987284298754098e-09,-8.710111650144522e-10,-2.545827258175542e-09,1.357169708241104e-09,-8.955836096496e-10,-8.132953364482485e-10,0.0605918862139721,7.153407952072663e-09,1.2127556171303538e-08,-8.132953325394865e-10,4.23370025390404e-08,7.531259112832277e-09,1.931707049903981e-08,-8.331516729720315e-10,9.56101493326368e-09,5.484688479928318e-09,1.0465023141207248e-08,-8.268354761862217e-10,3.449051791991991e-08,5.643138575536646e-09,6.457244244750823e-09,-9.164163170723516e-10,-7.463463940345997e-09,-1.877861961309131e-09,-3.968931112412992e-09,-1.44198447536953e-14,0.3777247827046417,0.1876903424220014,-2.342866214643744e-12,-8.352176423911274e-12,-3.2961240396069205e-12,full_epsilon_grid,0.9068697146089403,0.49467704830502524,0.16666826791249498
PF0113,full_TAC,17,5.0,,75.41544302156457,18.19838661761002,3,3,LOCALLY_SOLVED,Solve_Succeeded,0.42998025,0.1527622199954191,7191144.352711285,75.41544350931727,17.993881790547412,503.5799894695612,1.592252629154286e-16,1.592252629154286e-16,9.177213554316246e-09,5.303919203096383e-09,0.999999981467504,0.4329121968091347,5.98546141597434e-06,2.1503341936436284e-06,-6.896348360126513e-10,-8.333859206504511e-10,1.5965552383683192e-08,7.881170119934298e-10,1.6051240740096011e-09,1.7430232581405107e-09,2.3864963407340123e-08,1.5061363510715831e-09,2.3455332102728418e-08,4.918431996491133e-08,1.690548511786162e-07,2.0813634562759253e-08,6.481539562589653e-10,6.992156298270023e-10,1.9622390479212484e-08,1.354112403356228e-09,2.3455334955770452e-08,0.1714728707945151,1.187041755827022e-06,1.1303921321873514e-07,-3.476746049739371e-09,-3.145896279783929e-09,8.003326635631265e-09,2.2413856935681962e-10,2.5157321376723088e-09,-6.362494422745673e-10,2.3416560661260258e-08,-5.024437447383914e-09,7.1289741130124424e-09,-1.1332521143799262e-09,1.4741283459951796e-08,-7.136689340066426e-09,0.3433746566683128,-5.782364648643661e-09,-6.687514300022024e-10,-9.177213554316246e-09,5.096614724076511e-09,-7.949906330974021e-10,1.5492587177147388e-08,-6.007065147800977e-09,0.6566252621335483,0.000332800314616,6.181905747517663e-08,-5.821610256092628e-09,-2.072971313470226e-09,-3.045871814276016e-09,1.8276781216839162e-08,-4.2937418460201127e-10,-7.662609289029456e-11,-1.2690194700813687e-09,4.967060741590324e-08,1.1709167035330951e-08,1.7834711933440007e-10,2.654149052168504e-09,7.424655282283596e-08,2.2376882930206373e-08,2.606148011414268e-09,7.489430540111497e-08,5.259484258890281e-07,3.0923114207528025e-07,7.201710625099613e-11,1.064714709054753e-09,6.104743704643883e-08,2.0118241421292525e-08,2.606148328418938e-09,0.261106416891648,3.6930187959062902e-06,1.6794397392497792e-06,-3.8630511663770774e-10,-4.790342062398255e-09,2.489923842196393e-08,3.330058744729891e-09,1.8242305357573935e-14,1.8954702483470705e-15,0.0875606589593122,8.716558060862851e-14,0.5009902646396764,-2.7500753087170416e-13,full_epsilon_grid,0.14260756273575229,0.4616987154074284,0.8540402939689554
PF0114,full_TAC,17,21.0,,75.41544302156457,9.564981437175842,3,3,LOCALLY_SOLVED,Solve_Succeeded,0.134067833,0.5806730747286999,20356686.7871466,45.02884602829748,9.564981595119654,503.57998753738906,1.592252629154286e-16,1.592252629154286e-16,9.899210439104938e-09,9.757065531345806e-09,1.0000000091667849,0.3727202024768762,-3.605555241935449e-09,-9.756955932631612e-09,-8.353169720330567e-09,1.9896579796466663e-08,1.4557866817363887e-09,2.7039701877469796e-10,-8.323753554860299e-09,0.0652516449308889,2.039712861169788e-09,6.21360540165252e-10,-8.297040596544188e-09,0.0824932405804361,2.167579865833651e-09,1.0002029647733459e-09,-8.352013871969574e-09,2.1143620058232845e-08,1.9143687933314187e-09,7.88523611625282e-10,-8.35045682079903e-09,2.3381586888440905e-08,1.5801321205107006e-09,3.1668756344956376e-10,-8.483302745150015e-09,-1.9735074336949667e-09,6.326747910825543e-10,9.026426920546166e-11,5.108968082606635e-08,-4.471082582843322e-09,-6.901133541248089e-09,-9.76262587897431e-09,1.6516696043433684e-07,-7.648383539262677e-09,-7.647074987008933e-09,-9.813025698190673e-09,0.9999997362595886,-9.23938318928998e-09,-8.729250711689252e-09,-9.891180768959844e-09,5.272222323315161e-08,-7.484292143122818e-09,-7.441870240637272e-09,-9.792746713039451e-09,5.5060531874905955e-08,-8.621424549776322e-09,-8.162897941050337e-09,-9.849826407686792e-09,4.6008411707113816e-09,3.03160765362499e-08,-4.9721543987000735e-09,-9.605463672536252e-09,-9.281299689256183e-10,3.029706469007423e-08,4.529114120957654e-09,4.017327136081227e-09,-9.248615060955883e-10,0.0993604593265808,6.345773345861562e-09,9.231642311026602e-09,-9.218933996160203e-10,0.1256147072474822,6.743581804815802e-09,1.4860158333775422e-08,-9.280015413299523e-10,3.219596690685455e-08,5.955814023697747e-09,1.1715207944147049e-08,-9.278285356443361e-10,3.5603780034671376e-08,4.915966597144402e-09,4.705072371250662e-09,-9.425891939055571e-10,-3.005113592217335e-09,1.9683215722568356e-09,1.3410691424811443e-09,-2.83935865371656e-14,0.0587264894578566,0.3292438152098284,-3.999349126124013e-12,-1.528433524279278e-11,-5.3967492946894015e-12,full_epsilon_grid,0.5463586784556999,0.13478795036707947,0.33333625220273944
PF0115,full_TAC,17,24.0,,75.41544302156457,7.946217965844434,3,3,LOCALLY_SOLVED,Solve_Succeeded,0.064285417,0.8218895524494609,27756391.410620566,75.415443182269,7.946218111953192,503.5799878721625,1.804552979708191e-16,3.14502161794969e-23,9.633295620797153e-09,9.025948599474708e-09,1.0000000068626966,0.4248457182793494,8.725705801505791e-08,-8.990050024594708e-09,-5.05371314133951e-09,5.033198509669281e-09,3.0361439050388334e-09,2.0854252065352078e-10,-3.744250494445999e-09,0.1391704350563338,5.084632444691266e-09,7.714355777291475e-10,-3.744250183401114e-09,4.8531759076602047e-08,5.153336901468999e-09,9.139830183654748e-10,-4.6032598700684845e-09,1.1647833738504936e-08,3.887846973846126e-09,4.933855525107886e-10,-4.44930782793501e-09,1.9327639679322052e-08,4.015530106587746e-09,4.294062668468887e-10,-5.9397641054548134e-09,-1.825998108678122e-09,1.7802378445421386e-09,4.606779242126632e-12,1.3530724487690372e-08,1.5368585235227316e-08,-9.350164446171639e-11,-8.937864542999411e-09,0.1910499168006861,0.0737564286144694,2.221532881551593e-10,-9.006337811846151e-09,0.8089500374552694,-7.665323599546502e-09,-6.1370783795956024e-09,-9.632255079784924e-09,2.9122526950320472e-08,3.762053163151739e-09,-1.0796985885867915e-09,-9.043415737780818e-09,3.901885135808629e-08,-4.65786021926181e-09,-4.046802382797696e-09,-9.425775951487337e-09,1.5285779731572981e-09,2.2117536562145695e-08,4.010214331402428e-09,-7.683104958356375e-09,-5.615236823710565e-10,7.664188639723677e-09,9.445781037898592e-09,3.098346021138023e-09,-4.1602783271622204e-10,0.2119186170175992,1.5818856494595053e-08,1.1461328583404477e-08,-4.1602779815567905e-10,7.390063313937129e-08,1.6032603693459105e-08,1.357917627285848e-08,-5.11473318896498e-10,1.7736474101814336e-08,1.2095523918632392e-08,7.330299637303144e-09,-4.94367536437223e-10,2.9430724057149484e-08,1.2492760331606321e-08,6.3797502502966324e-09,-6.59973789494979e-10,-2.7804971200325947e-09,5.538517738575542e-09,6.844357731159566e-11,-8.057899261833793e-15,0.2403518864935658,0.2062822737608783,-2.799424972581476e-12,-9.767797606695278e-12,-3.942323444250129e-12,full_epsilon_grid,0.7732873456643754,0.4616987118889167,0.2333354610193816
PF0116,full_TAC,17,25.0,,75.41544302156457,7.406630142067297,3,3,LOCALLY_SOLVED,Solve_Succeeded,0.0455395,0.9020335160878064,30218311.178861827,75.41544315261022,7.406630285964171,503.5799879276952,1.592252629154286e-16,1.592252629154286e-16,9.594719387653744e-09,8.889308198536852e-09,1.00000000644555,0.4103498615802711,1.1403901947733427e-07,-8.839355814042378e-09,-4.479196649770019e-09,5.681376900275058e-09,3.792323040879702e-09,2.1822773748846262e-10,-2.902597538255195e-09,0.0811347877049863,6.207792560056436e-09,7.545612211559048e-10,-2.9025971768534452e-09,4.8409360845005034e-08,6.2839848435889445e-09,8.935743580406222e-10,-3.9963893827714804e-09,1.1630138224890172e-08,4.704654860338724e-09,4.785636563917803e-10,-3.812169206624001e-09,1.8731626809694953e-08,4.859778801917496e-09,4.144605783462398e-10,-5.473829204399435e-09,-1.3766353814580223e-09,2.390515581269e-09,2.9095276515204532e-11,1.4723034660233022e-08,1.3394149066931344e-08,8.171827758048392e-10,-8.838019661003793e-09,0.2053539757224052,0.2056686859787651,1.4351603117020527e-09,-8.886603946179632e-09,0.79464597300725,-7.478603683956734e-09,-5.753960561074464e-09,-9.594719387653744e-09,2.8735908913060625e-08,3.0355429802780502e-09,-3.657474135660644e-10,-8.95603789657771e-09,3.800289633804777e-08,-4.475827688719504e-09,-3.541139844123929e-09,-9.375916376389657e-09,2.439365276797734e-09,1.9838182467951283e-08,5.353653268829483e-09,-7.405429103543801e-09,-4.976885166411132e-10,8.651187552691563e-09,1.1798338349403515e-08,3.2422406712571587e-09,-3.2251083758391046e-10,0.1235461540053201,1.9313132409064465e-08,1.1210623857173441e-08,-3.2251079742816044e-10,7.371425401398494e-08,1.9550175068943376e-08,1.3275961890889244e-08,-4.4404326475238645e-10,1.7709528660628216e-08,1.4636704009942697e-08,7.110088609249307e-09,-4.2357435629155544e-10,2.8523159005671853e-08,1.5119311828187766e-08,6.157700021144134e-09,-6.082032449332702e-10,-2.0962402399474422e-09,7.437159586170222e-09,4.3227267965446726e-10,-4.735636761473453e-15,0.3104883716623985,0.2026347380724799,-2.4284190337535384e-12,-8.23793509973356e-12,-3.4508361259352865e-12,full_epsilon_grid,0.8487876798276323,0.4616987115698361,0.2000018640653285
PF0117,full_TAC,17,26.0,,75.41544302156457,6.867042318290161,3,3,LOCALLY_SOLVED,Solve_Succeeded,0.041115709,0.9733064135299334,32407836.46563653,75.41544313171924,6.867042460199636,503.57998797572503,3.1845052583085723e-16,3.1845052583085723e-16,9.563431358951095e-09,8.766535556006967e-09,1.0000000060759051,0.3958540055289162,1.3829173382817494e-07,-8.701936200836392e-09,-3.991873478965711e-09,6.119198240621063e-09,4.474775251787527e-09,2.2388731871098563e-10,-2.157346224119223e-09,0.0230991415711751,7.265053579150139e-09,7.428407278211593e-10,-2.1573458250285598e-09,4.832486637029037e-08,7.346865413615612e-09,8.795550030126351e-10,-3.4830716325824584e-09,1.1551629705641761e-08,5.443227359301094e-09,4.667705923731075e-10,-3.2692648134481955e-09,1.8238618776500543e-08,5.630667869772823e-09,4.0340145461810647e-10,-5.081841144262131e-09,-1.0278812654003566e-09,2.932039101489803e-09,4.5918371129781353e-11,1.5525704037795134e-08,1.1898386912018206e-08,1.5815114240880302e-09,-8.757510755775823e-09,0.2196580366717377,0.3375809404688236,2.521324966649826e-09,-8.782965409043318e-09,0.7803419076939155,-7.329448777620165e-09,-5.4314102241098615e-09,-9.563431358951095e-09,2.829494392582965e-08,2.5136994804283347e-09,2.2238140155801138e-10,-8.885441842963523e-09,3.714696937404861e-08,-4.350118263820204e-09,-3.121198283550769e-09,-9.335556458876469e-09,3.121238396561046e-09,1.8002246693007722e-08,6.471651512503161e-09,-7.180381076783463e-09,-4.4354149766285656e-10,9.317870048218437e-09,1.3921523005561195e-08,3.326325877991786e-09,-2.3970513601324696e-10,0.0351736928470166,2.260238891291154e-08,1.1036490813342936e-08,-2.3970509166983993e-10,7.358559197294215e-08,2.285691462013746e-08,1.3067674330473437e-08,-3.8700795917582857e-10,1.7589981597227223e-08,1.6934485117825632e-08,6.934877372400456e-09,-3.632516459386883e-10,2.77724422278531e-08,1.7517633372626563e-08,5.993393040040441e-09,-5.646490160291255e-10,-1.5651828359505427e-09,9.121899426857165e-09,6.822157996424657e-10,-2.3662740037235688e-15,0.3806248557509529,0.1989872021029198,-2.1648489449839536e-12,-7.148339527741078e-12,-3.101223143846108e-12,full_epsilon_grid,0.9159344215463863,0.46169871134508284,0.16666826712514318
PF0118,full_TAC,18,6.0,,72.3500827236787,17.658798793832883,3,3,LOCALLY_SOLVED,Solve_Succeeded,0.500399125,0.1695724206464058,7709409.516503682,72.35008316109842,17.430579354305582,503.57998970211656,1.804552979708191e-16,1.5379712895240266e-16,9.091855876497534e-09,4.756588528752957e-09,0.9999999781845322,0.4268407567494646,5.997866356392899e-06,2.1519192001900978e-06,1.0718449630823708e-10,-4.256284111877183e-10,1.729892461088933e-08,8.887645597851544e-10,2.395576035337422e-09,2.016061285175691e-09,2.4721498213176385e-08,1.5820892226470891e-09,2.8124379175763578e-08,4.886168882099609e-08,1.681895999358184e-07,2.070348335944009e-08,1.4440216063814255e-09,1.0700784252222798e-09,2.0678948660323793e-08,1.4706192422031387e-09,2.8124380796270097e-08,0.1690825766569744,1.18564945122423e-06,1.12924375324997e-07,-2.901307627470644e-09,-2.845906433740875e-09,8.925642372838148e-09,2.994910854790128e-10,3.272839403071714e-09,-8.273845921748582e-10,2.2207290306710413e-08,-5.3811306927502175e-09,7.605204276737808e-09,-1.5895066880230207e-09,1.3675259912536778e-08,-7.252854246972163e-09,0.4250013245072981,-5.391796979853807e-09,2.44098639680423e-10,-9.091855876497534e-09,5.717849602301192e-09,-1.200207296346806e-09,1.4377758662890643e-08,-6.2518121922040155e-09,0.5749985749217738,0.000291418328963,6.873948048617475e-08,-5.379996791957929e-09,-1.500693411849729e-09,-2.8431655605769327e-09,1.8381312202771513e-08,-9.287686088364459e-10,1.1909388478693004e-11,-6.481159897631164e-10,5.381887656721125e-08,1.3204502031093724e-08,2.6617511503749125e-10,3.06991150242662e-09,7.691132777432654e-08,2.3505325593613893e-08,3.124931019529285e-09,7.440302615924404e-08,5.232565331336572e-07,3.075946099116813e-07,1.604468451534917e-10,1.6294376020430166e-09,6.433450694322957e-08,2.18492001698752e-08,3.1249311995855654e-09,0.2574666508185747,3.688687181586493e-06,1.677733576257098e-06,-3.2236751416340477e-10,-4.333539342287241e-09,2.7768665159940908e-08,4.449581841402475e-09,1.8428085949113294e-14,2.0590321949080557e-15,0.1083754604628957,1.1219463274285284e-13,0.4652073376866478,-1.9167933419664435e-13,full_epsilon_grid,0.15850133537459582,0.4287203835232315,0.8192417023986122
PF0119,full_TAC,18,24.0,,72.3500827236787,7.946217965844434,3,3,LOCALLY_SOLVED,Solve_Succeeded,0.061848209,0.8319119594417429,28065162.43218484,72.3500828693382,7.946218111865837,503.579987875899,3.1845052583085723e-16,3.1845052583085723e-16,9.630327680488184e-09,9.020552195759164e-09,1.0000000068418655,0.4152019538330067,8.83796192964766e-08,-8.984116620854918e-09,-5.012491800740024e-09,5.139772432685709e-09,3.074303971470165e-09,2.1066794780036227e-10,-3.6941337406889443e-09,0.1224779738789548,5.125667905970155e-09,7.697899063599284e-10,-3.6941332948957325e-09,4.830876874743202e-08,5.191015893618626e-09,9.10625672629285e-10,-4.564362965547264e-09,1.1671658818440644e-08,3.919443956915096e-09,4.925128755767298e-10,-4.409842939329683e-09,1.9259632650727166e-08,4.0454079639498156e-09,4.2788616894659186e-10,-5.900264340277549e-09,-1.7605145435476423e-09,1.822078178087475e-09,8.965119502909237e-12,1.375399992633672e-08,1.5148013912361715e-08,-6.066877996493247e-11,-8.933893869684484e-09,0.1467485555597551,0.1062231918641961,2.822426414838951e-10,-8.999198706804698e-09,0.853251397932554,-7.639380065200796e-09,-6.099412267922015e-09,-9.628357449548192e-09,2.9205524965248585e-08,3.6755765084557198e-09,-1.0521042808737819e-09,-9.039092797350725e-09,3.9019003839530027e-08,-4.628755102204311e-09,-4.01066195626653e-09,-9.421752429655296e-09,1.6768378886523502e-09,2.1974530479831243e-08,4.0332282521955834e-09,-7.686063322176455e-09,-5.56943533415558e-10,7.826471658862331e-09,9.564501244573846e-09,3.129923795891096e-09,-4.1045930452099367e-10,0.1865005511338629,1.594652237412937e-08,1.143687860877608e-08,-4.1045925498841455e-10,7.356107968358967e-08,1.6149827224591282e-08,1.352929570763509e-08,-5.071514406163624e-10,1.7772753200807345e-08,1.2193825643735857e-08,7.317334151425701e-09,-4.89982548814409e-10,2.9327167899970907e-08,1.2585713665621648e-08,6.357165938635079e-09,-6.55584926697505e-10,-2.680783509493001e-09,5.6686876651610335e-09,1.3319606118608008e-10,-7.904555466709401e-15,0.2432519112972849,0.217579120540819,-2.7816606804627505e-12,-9.717777346748924e-12,-3.914939966575852e-12,full_epsilon_grid,0.782756506929808,0.4287203803843621,0.23333546101398517
PF0120,full_TAC,18,25.0,,72.3500827236787,7.406630142067297,3,3,LOCALLY_SOLVED,Solve_Succeeded,0.045801834,0.9116767159820444,30515438.287477676,72.35008335141232,7.406630297394628,503.57998759947475,1.592252629154286e-16,1.592252629154286e-16,9.84989498616526e-09,9.595430914034649e-09,1.00000000870359,0.4007061261351696,4.352836287529242e-09,-9.592631910443708e-09,-7.992814228936008e-09,-1.885192113243773e-09,3.7009672157294687e-10,-7.026313691457019e-11,-7.532129356192171e-09,0.0644424059783624,2.2602118540797935e-09,8.33017490999023e-10,-7.532129295133719e-09,2.7619522051659932e-08,2.3732097866024255e-09,1.3189042214967375e-09,-7.685813779307687e-09,5.9711996410240615e-09,1.7194823729026501e-09,7.095187097736631e-10,-7.6347848964639e-09,2.2698843681838573e-08,1.780954272415425e-09,4.4420501701021203e-10,-8.363685283146632e-09,-4.980219807236182e-09,-6.705028955354112e-10,-2.780019686390806e-10,7.44544342738802e-10,3.11532181224074e-08,-4.2288905800143205e-09,-9.489114167560052e-09,0.1610526181946836,0.2381353257060779,-4.76844214029357e-09,-9.577392949142411e-09,0.838947372904196,-9.038122821785423e-09,-8.313626466479607e-09,-9.849531733197256e-09,2.7130048795667752e-08,1.3206224139767697e-08,-4.2506496726586304e-09,-9.494446790288483e-09,4.6811655940029523e-08,-6.929935183952467e-09,-6.87271070543848e-09,-9.735452993837484e-09,-5.1466978281265224e-09,3.227226967024618e-08,5.829638362583298e-10,-8.342295711215781e-09,-8.880904698817782e-10,-2.870633445166654e-09,1.1514120226713903e-09,-1.0439094627307567e-09,-8.369032617991297e-10,0.0981282091034154,7.031770212692689e-09,1.23762598662712e-08,-8.369032550148573e-10,4.20569994877549e-08,7.3833193360964355e-09,1.9595148433665813e-08,-8.539793088119649e-10,9.09250854428664e-09,5.349500715697133e-09,1.0541420830922996e-08,-8.48309432940433e-10,3.4564148333708725e-08,5.540746625292433e-09,6.599617395580291e-09,-9.292983647940697e-10,-7.583516524655094e-09,-2.08600900833239e-09,-4.130314962637768e-09,-1.6574914642427897e-14,0.3133883521213659,0.2139315723244533,-2.583983873350342e-12,-9.398572774453829e-12,-3.605563161246725e-12,full_epsilon_grid,0.8578997541847445,0.42872038557070197,0.2000018647714568
PF0121,full_TAC,18,26.0,,72.3500827236787,6.867042318290161,3,3,LOCALLY_SOLVED,Solve_Succeeded,0.039348625,0.9826980882065856,32697240.254643533,72.35008281695919,6.867042460138251,503.5799879795219,4.0602442043434296e-17,5.126570965080088e-17,9.5590166456959e-09,8.762743429214738e-09,1.0000000060578609,0.3862102411243596,1.3916555471557186e-07,-8.697609455696136e-09,-3.951203689232325e-09,6.2173133251776335e-09,4.508029475571569e-09,2.2558620646862844e-10,-2.107453968313478e-09,0.0064066803595897,7.2963820308696515e-09,7.41574491638888e-10,-2.107453413433645e-09,4.8136754818529346e-08,7.373337002967487e-09,8.768663570007641e-10,-3.446787110978816e-09,1.1569545293686082e-08,5.466027125362869e-09,4.660718685689811e-10,-3.232793011597982e-09,1.8180784160802352e-08,5.6507516448588614e-09,4.0214714174504703e-10,-5.0397492098637006e-09,-9.556464419755591e-10,2.9752046189700635e-09,5.0092166581051795e-11,1.5730679994380358e-08,1.1706814567405925e-08,1.5946172569259036e-09,-8.755834577701506e-09,0.1753566755428928,0.3700477036660484,2.5748414169305713e-09,-8.776159928752758e-09,0.8246432681096976,-7.300208350799033e-09,-5.389310158177943e-09,-9.5590166456959e-09,2.8356588860166823e-08,2.449909169837681e-09,2.3721867466993495e-10,-8.882457478479498e-09,3.7131588621673154e-08,-4.322513017019869e-09,-3.0872941525437653e-09,-9.3316669081641e-09,3.281346708286578e-09,1.7891903527281862e-08,6.459917205742878e-09,-7.1952658815270846e-09,-4.390226321369248e-10,9.467272563338666e-09,1.4024980590667103e-08,3.3515664961053363e-09,-2.341615520348308e-10,0.0097556269111934,2.2699855207150025e-08,1.101767816149205e-08,-2.3416149038151603e-10,7.329914938276058e-08,2.2939270675898845e-08,1.302772873258278e-08,-3.829763456643127e-10,1.7617262151749254e-08,1.7005417723351145e-08,6.924496333024864e-09,-3.5919922351088684e-10,2.7684375881221763e-08,1.7580116228449792e-08,5.9747575344978414e-09,-5.599721344292997e-10,-1.455188900280965e-09,9.256192147906864e-09,7.442264749184839e-10,-2.293280730670107e-15,0.3835248805006315,0.2102840489024496,-2.1563185718072297e-12,-7.13722928354757e-12,-3.0857666174592828e-12,full_epsilon_grid,0.9248096428513237,0.4287203798208485,0.16666826712135102
PF0122,full_TAC,19,7.0,,69.28472242579284,17.119210970055747,3,3,LOCALLY_SOLVED,Solve_Succeeded,0.555358875,0.1847751922753122,8178317.051146452,69.28472281690873,16.867276948036324,503.5799899140877,9.022764898540956e-17,5.126570965080088e-17,9.015393201949292e-09,4.253071437931904e-09,0.999999975170092,0.4207693168218223,6.008369805031778e-06,2.1531707200556696e-06,8.003218705945651e-10,-8.421361348751138e-11,1.8414753401972042e-08,9.736815463017003e-10,3.049028538297342e-09,2.216828552448506e-09,2.535209959493492e-08,1.6384722429106483e-09,3.2515760838679205e-08,4.858341804617017e-08,1.674428815944832e-07,2.0607193529861016e-08,2.106569680916791e-09,1.3553433099317575e-09,2.1486370047574247e-08,1.5617709173184362e-09,3.251576066932002e-08,0.1666922824857395,1.1845294799666178e-06,1.1282986969484361e-07,-2.3724922602300572e-09,-2.5689114168329902e-09,9.77130185025241e-09,3.70248182395177e-10,3.904317566115654e-09,-1.0124111930568771e-09,2.1126082824388087e-08,-5.665624658023988e-09,7.953909225880654e-09,-1.9274426606981607e-09,1.2866028510070309e-08,-7.342414174283616e-09,0.5066279887230475,-5.0492518616045916e-09,1.0529514460901158e-09,-9.015393201949292e-09,6.188075388436882e-09,-1.521007852321206e-09,1.3498707536161952e-08,-6.439586878035538e-09,0.4933718931393638,0.0002500369469425,7.48847118708979e-08,-4.981506275851588e-09,-9.774539982303408e-10,-2.676158595106786e-09,1.83985674146265e-08,-1.3729274151854732e-09,8.892465228828498e-11,-1.2823436599234683e-10,5.7290343917246346e-08,1.4466125830768117e-08,3.387809486997046e-10,3.375625295773861e-09,7.887319873979754e-08,2.4343016180386777e-08,3.612862315408799e-09,7.397929566121368e-08,5.209334094050589e-07,3.06164018157935e-07,2.340632978796433e-10,2.0638182219415393e-09,6.68464845924532e-08,2.320345362873105e-08,3.6128622965911115e-09,0.2538268846941943,3.685202826562811e-06,1.676329492609105e-06,-2.63610251136673e-10,-3.911751475632053e-09,3.0399605756340836e-08,5.500830138442629e-09,1.858738917990601e-14,2.1874501958157497e-15,0.1291902609847495,1.315355059617011e-13,0.4294244132653494,-1.317022643495205e-13,full_epsilon_grid,0.1728814447566692,0.3957420516823817,0.7844431126798556
PF0123,full_TAC,19,23.0,,69.28472242579284,8.485805789621569,3,3,LOCALLY_SOLVED,Solve_Succeeded,0.067815,0.7496773356197662,25540070.496337023,69.28472260301332,8.485805938061944,503.5799878133915,5.126570965080088e-17,5.126570965080088e-17,9.679978202343518e-09,9.169985441831472e-09,1.0000000073025563,0.4200540468112894,6.01902916786612e-08,-9.146348670898688e-09,-5.6683870194637765e-09,4.257743475160865e-09,2.281605169206342e-09,1.9575727769272892e-10,-4.620529966088592e-09,0.1638211619678084,3.995157518946975e-09,7.936431108574168e-10,-4.620529376795961e-09,4.814425841216123e-08,4.048517737286551e-09,9.376156013187128e-10,-5.262859637289687e-09,1.1573407592949953e-08,3.0636335594733393e-09,5.106259048859421e-10,-5.13833340241384e-09,1.9915650376893622e-08,3.168744357045322e-09,4.4756876566564725e-10,-6.4333122925338544e-09,-2.3009256761397727e-09,1.172974821073655e-09,-2.4205148951600183e-11,1.2165818025777133e-08,1.7621783201718637e-08,-1.1124488068966807e-09,-9.055735002243124e-09,0.0881431382361579,0.0067776935994771,-1.0285092368495812e-09,-9.134349634895646e-09,0.9118568217555616,-7.860869021218635e-09,-6.534730574445308e-09,-9.671610427680987e-09,2.9533979617285744e-08,4.657264375548754e-09,-1.896816778610606e-09,-9.145624783300081e-09,4.0326262984888166e-08,-4.877303886132746e-09,-4.5982155907892216e-09,-9.481662832984198e-09,5.558338181954795e-10,2.4695218727111128e-08,2.468409662675854e-09,-8.024739100229242e-09,-6.298207799404194e-10,6.483382109904044e-09,7.0983271930863965e-09,2.908393840006258e-09,-5.133922184542879e-10,0.2494549511782537,1.2429378947835031e-08,1.1791269075595906e-08,-5.133921529773289e-10,7.331057530942735e-08,1.2595388516002602e-08,1.3930288933878017e-08,-5.84762181921076e-10,1.7623143380173792e-08,9.531304407250387e-09,7.586442015448282e-09,-5.709259336015375e-10,3.03261039829971e-08,9.858315777474334e-09,6.649593089889615e-09,-7.148124769482058e-10,-3.5036822795764722e-09,3.649254998895816e-09,-3.596193558523455e-10,-1.271208686173534e-14,0.1760154495171365,0.2325235025425799,-3.31977343338057e-12,-1.1953175105717544e-11,-4.623395172405103e-12,full_epsilon_grid,0.7053188554641602,0.3957420493812122,0.2666690579808313
PF0124,full_TAC,19,24.0,,69.28472242579284,7.946217965844434,3,3,LOCALLY_SOLVED,Solve_Succeeded,0.064314042,0.8417434176640431,28368070.19108873,69.2847225567003,7.946218111778688,503.5799878795729,1.592252629154286e-16,1.592252629154286e-16,9.627409451926436e-09,9.015168521351953e-09,1.0000000068210348,0.40555818939161,8.949205908139794e-08,-8.97819948769907e-09,-4.971544463374171e-09,5.241569227850501e-09,3.1120258713123262e-09,2.1271973740251742e-10,-3.6446064739435406e-09,0.1057855127858329,5.167000469549721e-09,7.683650464844844e-10,-3.644605779637616e-09,4.803043676783837e-08,5.227891512801456e-09,9.071406157136335e-10,-4.525699460343883e-09,1.1690704064643991e-08,3.950863555422354e-09,4.916763396489562e-10,-4.370519218694791e-09,1.9185501906729715e-08,4.075203164273713e-09,4.2643597180174725e-10,-5.861203271817025e-09,-1.6967276282956175e-09,1.863212506218675e-09,1.3183949552234272e-11,1.3979506188931369e-08,1.4932203262364537e-08,-2.8076876000727232e-11,-8.929968321406658e-09,0.1024471940949246,0.1386899550855545,3.4184612635813075e-10,-8.992159029025629e-09,0.8975527585926337,-7.614348029295145e-09,-6.0629233313902e-09,-9.624571876703888e-09,2.9301300828622182e-08,3.590743194099815e-09,-1.02506669991e-09,-9.034874205008655e-09,3.9048977258696955e-08,-4.601465949971642e-09,-3.975542857711303e-09,-9.417842827607214e-09,1.8238906854687927e-09,2.1832054302864956e-08,4.057456948452588e-09,-7.688340988946536e-09,-5.523938292637963e-10,7.98148041513599e-09,9.681858266305013e-09,3.160407527123116e-09,-4.049562748826155e-10,0.1610824853784274,1.607511257193246e-08,1.1415709262055198e-08,-4.049561977375127e-10,7.313725598739025e-08,1.6264551373160083e-08,1.3477517719173984e-08,-5.028554955937647e-10,1.7801753916616982e-08,1.2291575505758432e-08,7.304905617641634e-09,-4.856132465216431e-10,2.9214286994338423e-08,1.2678409844407111e-08,6.335620152483101e-09,-6.512448079796691e-10,-2.5836534339955992e-09,5.796661130458099e-09,1.958758219189092e-10,-7.753246621053908e-15,0.2461519360943024,0.2288759673154432,-2.764162540148787e-12,-9.667333194644438e-12,-3.8881576341755366e-12,full_epsilon_grid,0.7920458579935205,0.39574204888295883,0.23333546100860145
PF0125,full_TAC,19,25.0,,69.28472242579284,7.406630142067297,3,3,LOCALLY_SOLVED,Solve_Succeeded,0.034594375,0.9211325987636346,30806813.647293888,69.28472252523851,7.406630285818215,503.5799879350386,9.022764898540956e-17,1.5379712895240266e-16,9.586625258184451e-09,8.880291678294636e-09,1.000000006407349,0.3910623327385114,1.160112260809571e-07,-8.829258606600827e-09,-4.398843472861735e-09,5.878279919914867e-09,3.862835507940178e-09,2.2185302630375382e-10,-2.804827800749485e-09,0.0477498653961398,6.280642114881046e-09,7.519422651652524e-10,-2.804827036539095e-09,4.7959591542872924e-08,6.347515389201112e-09,8.876081746734391e-10,-3.922833036632043e-09,1.1665232233793589e-08,4.758584561762797e-09,4.770484312498591e-10,-3.737749551970651e-09,1.860369987995861e-08,4.909563005927218e-09,4.1182560956848567e-10,-5.393806670141467e-09,-1.2416957604301702e-09,2.474016657113173e-09,3.7337429275071435e-11,1.5147081753847715e-08,1.2993553475137036e-08,8.615557153060277e-10,-8.832671649149406e-09,0.1167512532353569,0.2706022123583567,1.5467088449211803e-09,-8.873016283937623e-09,0.8832486940117831,-7.4248832125173564e-09,-5.676374292054524e-09,-9.586625258184451e-09,2.88844152472351e-08,2.892948927168316e-09,-3.2547151170140316e-10,-8.949092575161025e-09,3.8010074332057236e-08,-4.421860459287975e-09,-3.4733284975575792e-09,-9.368265377881166e-09,2.744068592907425e-09,1.9590430302960528e-08,5.364044959538458e-09,-7.423195736884392e-09,-4.887603858735258e-10,8.951017150779455e-09,1.2017710469147218e-08,3.2961021050843422e-09,-3.1164753341660925e-10,0.0727100223077584,1.953977546851881e-08,1.1171713653883752e-08,-3.1164744850434384e-10,7.302937803119285e-08,1.9747825655292345e-08,1.3187321452291092e-08,-4.3587033740356017e-10,1.7762967265094778e-08,1.4804485303262034e-08,7.0875766928550515e-09,-4.1530550577451663e-10,2.8328361180846057e-08,1.5274196018440233e-08,6.118551913588928e-09,-5.993118522379405e-10,-1.8907639988368503e-09,7.696940711018759e-09,5.547275206582042e-10,-4.532388581216392e-15,0.3162884211961985,0.225228431642549,-2.404785804050711e-12,-8.186067626503097e-12,-3.411770876048439e-12,full_epsilon_grid,0.866835438164722,0.3957420485444807,0.2000018640563119
PF0126,full_TAC,20,8.0,,66.21936212790696,16.57962314627861,3,3,LOCALLY_SOLVED,Solve_Succeeded,0.58902425,0.1987388621598564,8609176.827650338,66.21936284005207,16.30395688262221,503.57998839006063,1.592252629154286e-16,1.592252629154286e-16,9.599122937715455e-09,7.744006575631344e-09,0.9999999963411428,0.4146988987396105,2.9154616372901756e-06,1.1069055019007578e-06,-4.6202336231581564e-09,-2.9234231814074692e-09,9.08539785921528e-09,2.7751023307929677e-10,-3.213331468308372e-09,-7.253485717719378e-10,1.5780687206929084e-08,9.100288304873344e-10,4.251712504081129e-09,2.7634553758632372e-08,8.68758137101308e-08,1.4599234960768548e-08,-3.9536244710064605e-09,-1.979690994088524e-09,1.0931449289668357e-08,6.355260935098716e-10,4.251712213007573e-09,0.1643023971735007,5.577091281099762e-07,5.5289850880222325e-08,-5.9302300504329965e-09,-4.2626261426981994e-09,4.0844278577453705e-09,-7.270121027722333e-11,-1.4396139710593895e-09,7.911091530555829e-10,2.88337673457029e-08,-3.2779958667989492e-09,2.805193463325921e-09,3.436095937841437e-09,2.0837828306575716e-08,-6.1291250908955845e-09,0.5882546751636186,-7.928266746846834e-09,-5.519441328663686e-09,-9.599122937715455e-09,3.9143654965205225e-10,1.804378687966737e-09,1.672594295143957e-08,-3.420915504204459e-09,0.4117453340031988,0.0002087201555579,2.4455974912435996e-08,-7.970128218309074e-09,-4.3449189013824645e-09,-2.605245794340643e-09,1.6208070742062355e-08,1.305800026580482e-09,-5.133592914620171e-10,-4.4515762080522845e-09,2.8265682228669757e-08,4.123009177178124e-09,-3.5703682981204123e-10,-1.1045080524709055e-09,4.9095471310446044e-08,1.3520428338668964e-08,4.724125004534585e-10,4.2079888677917473e-08,2.702803093204069e-07,2.169029194171327e-07,-4.392916078896064e-10,-3.014529468271162e-09,3.400895334563488e-08,9.442101960718092e-09,4.724124681119523e-10,0.250187741150558,1.7350950652310368e-06,8.214492130775887e-07,-6.589144500481104e-10,-6.490817080926802e-09,1.2707108890763373e-08,-1.0801322669758894e-09,6.229265941057201e-15,2.251418457275959e-16,0.1500049964091223,-5.18657071021684e-14,0.3936416533254035,-4.855755627756278e-13,full_epsilon_grid,0.1860947336392668,0.3627637237934428,0.7496434320491309
PF0127,full_TAC,20,23.0,,66.21936212790696,8.485805789621569,3,3,LOCALLY_SOLVED,Solve_Succeeded,0.052126375,0.7599281143924353,25855853.889505897,66.21936229104769,8.485805937955858,503.5799878172837,4.0602442043434296e-17,5.126570965080088e-17,9.676886547059628e-09,9.163431933015352e-09,1.0000000072784745,0.4104102823482095,6.141490405769662e-08,-9.139292156063429e-09,-5.623509998126021e-09,4.368096913510635e-09,2.321821256938754e-09,1.9843143942214603e-10,-4.567497128128303e-09,0.1471287011242135,4.040259401166426e-09,7.923365798230312e-10,-4.567495850230068e-09,4.7625973622085435e-08,4.087021126946676e-09,9.325263663037776e-10,-5.2190884422818965e-09,1.1592620160814702e-08,3.098624527020594e-09,5.097679549230798e-10,-5.0935974881205704e-09,1.9802378947394343e-08,3.202135501676357e-09,4.4587748265065784e-10,-6.392528858788164e-09,-2.238331285148667e-09,1.2143865091792215e-09,-1.9491023980805828e-11,1.2440184596846884e-08,1.737155360269385e-08,-1.0677832698653523e-09,-9.050117772634066e-09,0.0438417756100497,0.0392444569517319,-9.627405061168328e-10,-9.12661593387378e-09,0.9561581832838342,-7.836935648378696e-09,-6.4994060587729845e-09,-9.667935640439916e-09,2.9717369366077614e-08,4.539221428092558e-09,-1.8614178031483246e-09,-9.140281717745856e-09,4.0477884551100086e-08,-4.849065693845889e-09,-4.560369337041059e-09,-9.477430170555552e-09,7.08838477841875e-10,2.4523529650115337e-08,2.513600149492614e-09,-8.019599021492748e-09,-6.248344442362244e-10,6.651420300118466e-09,7.223443910476123e-09,2.948124242843311e-09,-5.074996809031445e-10,0.2240368858027797,1.2569695914739993e-08,1.1771857757370746e-08,-5.074995389144519e-10,7.252136892453919e-08,1.2715176839389658e-08,1.3854677442227547e-08,-5.798987158090994e-10,1.7652398881240567e-08,9.640165195175182e-09,7.573695330285758e-09,-5.659552764578408e-10,3.015362248807774e-08,9.962199338548664e-09,6.624465456524059e-09,-7.102809843097955e-10,-3.4083680932945614e-09,3.778091361890911e-09,-2.895809277148295e-10,-1.2461935816564935e-14,0.1789154743661225,0.2438203493184763,-3.290974586737945e-12,-1.1855142353274514e-11,-4.581977132705946e-12,full_epsilon_grid,0.7150030669543214,0.3627637178870413,0.26666905797427776
PF0128,full_TAC,20,24.0,,66.21936212790696,7.946217965844434,3,3,LOCALLY_SOLVED,Solve_Succeeded,0.055587209,0.8513932030739867,28665399.514388222,66.21936224407185,7.946218111691962,503.5799878832115,1.592252629154286e-16,1.592252629154286e-16,9.624519262415574e-09,9.009810963973894e-09,1.000000006799909,0.3959144249548628,9.058608068216773e-08,-8.972318693171229e-09,-4.929924238430713e-09,5.339439915647854e-09,3.149430176604072e-09,2.1478701571035438e-10,-3.5952806617525493e-09,0.0890930518599519,5.208634555287005e-09,7.673203407723282e-10,-3.595279345156525e-09,4.7617993141199695e-08,5.262474611483446e-09,9.031648123030423e-10,-4.48650528545446e-09,1.1702253842657452e-08,3.981827196030346e-09,4.909040559187445e-10,-4.330513024866903e-09,1.9094710062847148e-08,4.104521833782269e-09,4.2505483000295004e-10,-5.821748379699075e-09,-1.6337505890648155e-09,1.904003597263274e-09,1.7370518658765524e-11,1.4223377437135406e-08,1.4715302633973653e-08,4.032131452728668e-12,-8.926104046245464e-09,0.0581458320182376,0.1711567183086096,4.011997932293274e-10,-8.985173446415635e-09,0.9418541197351294,-7.590153973665949e-09,-6.027577220083887e-09,-9.620883151805425e-09,2.9433830040792272e-08,3.503582937403499e-09,-9.99198397479699e-10,-9.03080330826162e-09,3.914662232840326e-08,-4.576326008915288e-09,-3.9414440075541215e-09,-9.41403268192941e-09,1.9752134556746188e-09,2.1688247534241085e-08,4.082068059640543e-09,-7.690289864748897e-09,-5.477693598256346e-10,8.130510780645596e-09,9.798227216101558e-09,3.191121376268122e-09,-3.9947562908361646e-10,0.135664419877654,1.620464083867068e-08,1.1400187920046016e-08,-3.9947548279516936e-10,7.250921682864495e-08,1.6372143235726273e-08,1.3418448639930917e-08,-4.985005872727175e-10,1.781934107859203e-08,1.2387906832094407e-08,7.293431687935634e-09,-4.811681138741002e-10,2.9076035777517244e-08,1.2769623482878169e-08,6.315100331472399e-09,-6.468609310776748e-10,-2.4877565788032415e-09,5.923566747041299e-09,2.580762772159449e-10,-7.60412648727405e-15,0.2490519608881016,0.2401728140891606,-2.7469145140024797e-12,-9.61682079822329e-12,-3.861889983347602e-12,full_epsilon_grid,0.8011641337209555,0.3627637173816571,0.2333354610032439
PF0129,full_TAC,20,25.0,,66.21936212790696,7.406630142067297,3,3,LOCALLY_SOLVED,Solve_Succeeded,0.032621875,0.9304112624195372,31092747.325975955,66.21936221188939,7.406630285745098,503.5799879386157,3.1845052583085723e-16,3.1845052583085723e-16,9.582773860661889e-09,8.875774803943324e-09,1.000000006387979,0.3814185683258309,1.1697655351606306e-07,-8.824212409262611e-09,-4.358556827508139e-09,5.969331353499565e-09,3.8973971528206215e-09,2.2360868404528287e-10,-2.756729239009052e-09,0.0310574044096692,6.3176631065780554e-09,7.510156323775898e-10,-2.756727912991444e-09,4.7614247063487556e-08,6.3769951577350394e-09,8.842598363909705e-10,-3.885921743537648e-09,1.1674686468415651e-08,4.785155940030932e-09,4.763590872146403e-10,-3.7001925134701774e-09,1.852632177358629e-08,4.934173611155782e-09,4.106075001145755e-10,-5.354109186551026e-09,-1.1767973910916452e-09,2.514656964144305e-09,4.1295627655477496e-11,1.5371160102585034e-08,1.2797771588283589e-08,8.835009275151266e-10,-8.830038555453971e-09,0.0724498914742636,0.3030689755167728,1.6018336786047106e-09,-8.866364876183029e-09,0.9275500549288273,-7.399586721191942e-09,-5.639693794422921e-09,-9.582773860661889e-09,2.8989259441140674e-08,2.8217792301460712e-09,-3.0637517914830203e-10,-8.945793139474415e-09,3.807425283674531e-08,-4.39786967645333e-09,-3.441129160662513e-09,-9.364622896587104e-09,2.897146523655718e-09,1.9465647677488818e-08,5.371355766266406e-09,-7.430797198850422e-09,-4.842840919453486e-10,9.089663651919792e-09,1.2125235586553044e-08,3.322186162958488e-09,-3.0630324877878344e-10,0.0472919567147236,1.965495188713172e-08,1.1157946538181333e-08,-3.063031014434937e-10,7.250351257394696e-08,1.9839540490731228e-08,1.3137574712094416e-08,-4.31769082615294e-10,1.7777363485996553e-08,1.4887151813429563e-08,7.077335010046084e-09,-4.111325014966862e-10,2.8210535427960942e-08,1.5350762345817986e-08,6.1004542874165514e-09,-5.949010207278915e-10,-1.7919414818895511e-09,7.823377221782282e-09,6.135350394528084e-10,-4.431809908010809e-15,0.3191884459544068,0.236525278420704,-2.3931233039332645e-12,-8.1587053014718e-12,-3.392785622337101e-12,full_epsilon_grid,0.8756042406933467,0.36276371703542576,0.200001864051795
PF0130,full_TAC,21,8.0,,63.154001830021095,16.57962314627861,3,3,LOCALLY_SOLVED,Solve_Succeeded,1.518689583,0.2117055756689911,9009424.081696168,63.15400252720555,15.74065459976855,503.5799884570712,1.592252629154286e-16,1.592252629154286e-16,9.573271815223445e-09,7.581321458893941e-09,0.9999999953684744,0.4086274570755275,2.920421309358227e-06,1.1083335735375895e-06,-4.334802196753884e-09,-2.766945379039731e-09,9.609167640285113e-09,3.1483628583054343e-10,-2.783237090304751e-09,-3.9970134348073647e-10,1.6758966882758587e-08,9.994396447874344e-10,5.4024516232274105e-09,2.7474257881063377e-08,8.64882915217195e-08,1.4545800166505516e-08,-3.5751662825643974e-09,-1.7053278941471755e-09,1.1671164207195016e-08,7.213696181661614e-10,5.402450910799965e-09,0.1619121006069453,5.567994783009986e-07,5.522351074375653e-08,-5.763458420282515e-09,-4.1901623746462015e-09,4.2947542350283634e-09,-5.67746460956791e-11,-1.1334197813863694e-09,5.899017632194703e-10,2.8394837054539096e-08,-3.37040131530901e-09,3.400276369178543e-09,2.853362200779189e-09,1.9916953606038413e-08,-6.237497899237677e-09,0.6698813255352162,-7.808035485447854e-09,-5.2515872911444455e-09,-9.573271815223445e-09,8.920407947842407e-10,1.5342092668195802e-09,1.6154645293085186e-08,-3.6195142417368852e-09,0.3301186771572055,0.0001673441335106,2.6513541979970663e-08,-7.835599243236058e-09,-4.203109572795139e-09,-2.661883464524435e-09,1.6025425031799105e-08,1.2486893041178295e-09,-4.81644688528209e-10,-4.213303190810498e-09,2.989518821422034e-08,4.6775676751966445e-09,-3.092485655894166e-10,-6.086361366638486e-10,5.2139008079693377e-08,1.4848817579699028e-08,6.00272402580823e-10,4.1835801773437415e-08,2.690746847342384e-07,2.1610903104522478e-07,-3.972406980627108e-10,-2.5967492933604722e-09,3.6310288644606715e-08,1.0717491469897257e-08,6.002723234222181e-10,0.2465479713787577,1.7322650436031064e-06,8.20463588192954e-07,-6.403842689202792e-10,-6.380474525029442e-09,1.3361457620088238e-08,-8.435090277072321e-10,6.267040111549427e-15,2.843124765968581e-16,0.1708197924096534,-4.06869203473813e-14,0.3578587390440575,-4.286802143247473e-13,full_epsilon_grid,0.1983692203297789,0.329785392289795,0.7148448499545008
PF0131,full_TAC,21,23.0,,63.154001830021095,8.485805789621569,3,3,LOCALLY_SOLVED,Solve_Succeeded,0.073568917,0.7699772612203302,26165445.98283959,63.15400248177323,8.485805946539948,503.5799875586222,1.592252629154286e-16,1.592252629154286e-16,9.882344701664206e-09,9.6937187868629e-09,1.000000009007964,0.4007665119359194,-1.143215890206006e-09,-9.69304847774572e-09,-8.434893415202529e-09,-2.8033523723479913e-09,1.4127990845167187e-10,-1.3675829081628955e-10,-8.122373475475215e-09,0.1303059023468501,2.2837338362716204e-09,7.942479982591983e-10,-8.066245419358837e-09,0.000130334460465,2.6951630082554653e-09,1.6312006388258443e-09,-8.200152199544349e-09,4.479270132271527e-09,1.674428794702249e-09,6.301804181923181e-10,-8.160303709653253e-09,2.436309555236702e-08,1.8262650650699331e-09,4.3452422137003345e-10,-8.718461880754797e-09,-5.301329120237971e-09,-9.48230366107967e-10,-3.390787924385367e-10,-1.2262960945506983e-09,3.3587572676511714e-08,-5.080886896379354e-09,-9.602931418228294e-09,1.218686328933072e-07,0.0717113382891675,-5.6052990585610974e-09,-9.6722897085914e-09,0.99999988315501,-9.154628691289271e-09,-8.572931650080161e-09,-9.877187855299874e-09,2.2668827053083794e-08,1.6927968639059314e-08,-5.095925686735217e-09,-9.613206711835353e-09,4.3851254163295156e-08,-7.311839760477421e-09,-7.336677507162272e-09,-9.7862975967326e-09,-6.084541465636331e-09,3.5336430705404755e-08,-9.945716608201274e-10,-8.939577682283206e-09,-9.372103794669474e-10,-4.268741112438987e-09,4.3953749296075693e-10,-2.031837463556302e-09,-9.02485941719468e-10,0.1984203513008854,7.104949712845041e-09,1.1800255974136662e-08,-8.962494910398702e-10,0.0001984638375263,8.384951581239227e-09,2.4234980919698258e-08,-9.11128022171594e-10,6.8207067923225524e-09,5.209334027962552e-09,9.362680498857296e-09,-9.067004121836945e-10,3.709835004564978e-08,5.681713535773126e-09,6.455788431783355e-09,-9.687179867505323e-10,-8.072478433089636e-09,-2.9500500278914534e-09,-5.03774205908683e-09,-2.4010351713457863e-14,0.1818155229052295,0.2551172390686148,-3.422708137229354e-12,-1.2865042951056644e-11,-4.708968775997646e-12,full_epsilon_grid,0.7244974082413627,0.32978539180101657,0.2666690585045688
PF0132,full_TAC,21,24.0,,63.154001830021095,7.946217965844434,3,3,LOCALLY_SOLVED,Solve_Succeeded,0.038866334,0.860862185769305,28957177.11925802,63.15400192981281,7.946218111606817,503.5799878869529,1.592252629154286e-16,1.592252629154286e-16,9.621547439081843e-09,9.004551071116631e-09,1.000000006776603,0.3862706605229277,9.160706170796645e-08,-8.96659016047693e-09,-4.881815840923137e-09,5.436236851445441e-09,3.1870739073539333e-09,2.1738460145323603e-10,-3.5440179093478602e-09,0.0724005916579661,5.250882104195266e-09,7.677855032537926e-10,-3.544012006082846e-09,4.6557468143652706e-08,5.285138218951262e-09,8.963461171088985e-10,-4.4420828039185e-09,1.168632029995476e-08,4.010577656176516e-09,4.903833395683047e-10,-4.284706003891197e-09,1.8917011360905026e-08,4.130937752467627e-09,4.2376807523798015e-10,-5.776911807613766e-09,-1.5668980979471026e-09,1.946337720950022e-09,2.212208223283582e-11,1.4589021782234936e-08,1.4462669653293848e-08,3.4212644933333694e-11,-8.922402198885165e-09,0.0138444668048523,0.2036234817085625,4.6161639139622344e-10,-8.978004105337941e-09,0.9861554833028624,-7.566819248855424e-09,-5.993802711643301e-09,-9.617257153165314e-09,2.9761596301912515e-08,3.390027438490887e-09,-9.785185257197931e-10,-9.027195894448716e-09,3.9568635069752225e-08,-4.556478966964043e-09,-3.908912581423743e-09,-9.410292391092004e-09,2.164686578306824e-09,2.153088406026085e-08,4.103016232256969e-09,-7.693532530820688e-09,-5.424239823247929e-10,8.277906114701012e-09,9.915341045101126e-09,3.229714078733792e-09,-3.9377976770531766e-10,0.1102463554791756,1.633607765749638e-08,1.1407098905484918e-08,-3.9377911178698265e-10,7.089432649147116e-08,1.644265223673726e-08,1.3317142311332206e-08,-4.935647559909443e-10,1.7795078638567475e-08,1.2477352708104715e-08,7.2856953307290975e-09,-4.760784448767994e-10,2.8805449117741742e-08,1.2851806341010396e-08,6.295982832107133e-09,-6.418790897348624e-10,-2.3859584673285428e-09,6.055272909622291e-09,3.286709360307035e-10,-7.458064519357038e-15,0.2519519856978728,0.2514696608868064,-2.7298290247060788e-12,-9.567522212609667e-12,-3.835776428967866e-12,full_epsilon_grid,0.8101121534546618,0.32978538586281286,0.23333546099798397
PF0133,full_TAC,21,25.0,,63.154001830021095,7.406630142067297,3,3,LOCALLY_SOLVED,Solve_Succeeded,0.042383792,0.9395177032044928,31373392.738446493,63.15400189786191,7.406630285672696,503.5799879422211,7.961263145771431e-16,7.961263145771431e-16,9.579020703508808e-09,8.871302152964911e-09,1.000000006367263,0.3717748039198679,1.1789260208073363e-07,-8.819245835398248e-09,-4.314697744995839e-09,6.056853551833498e-09,3.931724627302319e-09,2.2557642315214842e-10,-2.7077570955646283e-09,0.0143649437999057,6.355103838067456e-09,7.508650081257012e-10,-2.707753452312141e-09,4.693934750989661e-08,6.399029706329812e-09,8.795533139187882e-10,-3.846080710184699e-09,1.1669174979642431e-08,4.810331932385697e-09,4.757986351856577e-10,-3.659298622552525e-09,1.840775474536824e-08,4.957066438128295e-09,4.0946330341906717e-10,-5.311578900838785e-09,-1.1108198710207543e-09,2.5556914378072163e-09,4.5466199698625173e-11,1.5657472544361007e-08,1.2587093247126793e-08,9.041324844441126e-10,-8.827518004396324e-09,0.0281485281347168,0.3355357387480177,1.657307924148057e-09,-8.859653476314988e-09,0.9718514170724168,-7.375259657231579e-09,-5.6045557041134064e-09,-9.579020703508808e-09,2.9188875524211612e-08,2.7397418792002967e-09,-2.9029599829320135e-10,-8.942788641765333e-09,3.829628478549757e-08,-4.377333107087065e-09,-3.410291456120456e-09,-9.361073526454151e-09,3.069904218538915e-09,1.933383404480737e-08,5.3772964683607735e-09,-7.438654349887021e-09,-4.79410860555093e-10,9.222936090291918e-09,1.2232032173829437e-08,3.3514211439747767e-09,-3.0086189950718075e-10,0.021873891695311,1.9771434162876533e-08,1.1155708692153274e-08,-3.00861494701349e-10,7.147582461734255e-08,1.9908092419692747e-08,1.3067649235364852e-08,-4.27342301131633e-10,1.7768970991728243e-08,1.4965477122977724e-08,7.0690082941869134e-09,-4.0658873583916934e-10,2.8029990180447092e-08,1.5421984474176918e-08,6.0834547936547116e-09,-5.901754334265315e-10,-1.6914757126906936e-09,7.951040028733562e-09,6.754978240938594e-10,-4.332307957399742e-15,0.3220884707171794,0.2478221252082538,-2.3815265735760145e-12,-8.131202101559584e-12,-3.3739656016714876e-12,full_epsilon_grid,0.8842108665859717,0.32978538551907277,0.2000018640473223
PF0134,full_TAC,22,9.0,,60.08864153213523,16.040035322501474,3,3,LOCALLY_SOLVED,Solve_Succeeded,1.492827833,0.2238431606825345,9384212.160754208,60.08864221490571,15.17735231651012,503.5799885207598,1.592252629154286e-16,1.592252629154286e-16,9.548941926026305e-09,7.424581097121053e-09,0.9999999944297184,0.4025560154700781,2.925068700391736e-06,1.1096349982773534e-06,-4.059933458632064e-09,-2.614404161968807e-09,1.0118061972140803e-08,3.5121290388801654e-10,-2.3783900494174255e-09,-1.0422310111292657e-10,1.7642126414682106e-08,1.0815611296754518e-09,6.5242574227951385e-09,2.731720489619335e-08,8.610263881662458e-08,1.4492568609891888e-08,-3.216268444397918e-09,-1.448505280019166e-09,1.2355947266930182e-08,8.042045670211142e-10,6.524255992559995e-09,0.1595218040489923,5.559646773750377e-07,5.516204871583794e-08,-5.603482549100969e-09,-4.118579878882359e-09,4.5021371936362525e-09,-4.0814212339324435e-11,-8.346948965995985e-10,4.4411052947586157e-10,2.8005917008454665e-08,-3.4830031616319435e-09,3.93895275797329e-09,2.341928335644407e-09,1.9065770407898493e-08,-6.342238258495313e-09,0.7515079756200029,-7.69658446383285e-09,-5.002093340479318e-09,-9.548941926026305e-09,1.3562538783242171e-09,1.2865764071151636e-09,1.5624923852928314e-08,-3.809556451792719e-09,0.2484920208668896,0.0001259681051926,2.8448271318770353e-08,-7.70753847693326e-09,-4.0626180156038e-09,-2.691459334946835e-09,1.5885156205839548e-08,1.1781665163427531e-09,-4.5110371762578464e-10,-3.981024519361592e-09,3.1478415024438054e-08,5.218020286336245e-09,-2.6426556104638046e-10,-1.5870335851286547e-10,5.4886615512344336e-08,1.6068908212320998e-08,7.249174914216816e-10,4.159665291011259e-08,2.678748763183876e-07,2.15318162204108e-07,-3.573631604886573e-10,-2.205678494574639e-09,3.8440724830449456e-08,1.1948182138599411e-08,7.249173325066658e-10,0.2429082016200565,1.7296678851667842e-06,8.19550438063878e-07,-6.226091721223298e-10,-6.271473906479956e-09,1.4006649046868341e-08,-6.06382583327106e-10,6.301560275921817e-15,3.3666922890852475e-16,0.191634588316761,-3.1164485886051645e-14,0.3220758249475896,-3.8143605454001273e-13,full_epsilon_grid,0.20986294387605905,0.2968070607920286,0.6800462678348655
PF0135,full_TAC,22,23.0,,60.08864153213523,8.485805789621569,3,3,LOCALLY_SOLVED,Solve_Succeeded,0.078345083,0.7800833122516019,26476785.373764645,60.088642172677794,8.485805946506098,503.5799875604631,1.592252629154286e-16,1.592252629154286e-16,9.880882426781784e-09,9.691627668763741e-09,1.0000000089950138,0.3911203948625674,-1.0816521811247666e-09,-9.691093217776893e-09,-8.402751290013585e-09,-2.7064264703818492e-09,1.8569401131559854e-10,-1.2121972099992786e-10,-8.093290692211893e-09,0.1010461263129918,2.3241564722948155e-09,8.576129305805985e-10,-8.051248731278355e-09,0.0126882317948534,2.5375840224261823e-09,1.4836495817477455e-09,-8.170452378873028e-09,4.556844791688404e-09,1.6948684958625674e-09,6.7081624832903e-10,-8.129821105027628e-09,2.1868532589624768e-08,1.8227942806993333e-09,4.519309811094183e-10,-8.690312334342224e-09,-5.266868502729011e-09,-9.059963802633025e-10,-3.287874906909493e-10,-6.925283820454342e-10,3.325483957712173e-08,-5.047394795912919e-09,-9.599788509809077e-09,1.629660252718787e-07,0.104199513406236,-5.562565107173302e-09,-9.668470269635737e-09,0.99999982947692,-9.135439392177991e-09,-8.5610238226943e-09,-9.875750728320729e-09,2.582636697436276e-08,1.5818765370856623e-08,-5.082800017631186e-09,-9.61045806602794e-09,5.2377818827964154e-08,-7.301392732509019e-09,-7.3141170349615805e-09,-9.783982559391566e-09,-5.917503471951945e-09,3.5225195479476233e-08,-1.001166223462834e-09,-8.946111775795644e-09,-9.33639032223731e-10,-4.121149398081451e-09,5.777147018707509e-10,-1.800978711998928e-09,-8.992545213568764e-10,0.1538656923402375,7.230709024917202e-09,1.2741677825768892e-08,-8.945831923642612e-10,0.0193207165967087,7.894705847548123e-09,2.2042793785966505e-08,-9.078280420970027e-10,6.938831841889161e-09,5.272924209350209e-09,9.966412832317016e-09,-9.033134561141807e-10,3.32998109887468e-08,5.670915539953481e-09,6.7144031479113574e-09,-9.655902593713575e-10,-8.020004310973722e-09,-2.818655405263608e-09,-4.8848427188369605e-09,-2.3800795997528012e-14,0.1847210927554793,0.2664193326036681,-3.395805853936599e-12,-1.27945323234291e-11,-4.6670514954212435e-12,full_epsilon_grid,0.7340453343583128,0.29680706033772436,0.26666905850247763
PF0136,full_TAC,22,24.0,,60.08864153213523,7.946217965844434,3,3,LOCALLY_SOLVED,Solve_Succeeded,0.04240775,0.8703202566826524,29248619.667530503,60.088641636710136,7.946218111507434,503.5799878888872,4.776757887462858e-16,4.776757887462858e-16,9.620010980365918e-09,8.998411648895137e-09,1.0000000067490535,0.376625278497898,9.298729987882095e-08,-8.959587898290034e-09,-4.836269245876194e-09,5.406308205587842e-09,3.211186188629521e-09,2.1331435066768957e-10,-3.6415836986733724e-09,0.0470681092379062,5.296248736852725e-09,7.59070511800294e-10,-3.389594780956454e-09,0.0086335921891571,5.443631616017154e-09,9.280069856135417e-10,-4.397646280485571e-09,1.1547485102601107e-08,4.031439482503177e-09,4.811018749656836e-10,-4.235877969153338e-09,1.8503593836287703e-08,4.150552027482126e-09,4.1496391643812427e-10,-5.745103263733454e-09,-1.5669272036497275e-09,1.9639608929963964e-09,1.987169783363582e-11,1.5122935183751445e-08,1.430928056545024e-08,7.050313805629621e-11,-8.918328309081617e-09,2.971950776437288e-07,0.2361049645979085,5.085878682452606e-10,-8.973758196026961e-09,0.9999996494631964,-7.328564756356543e-09,-5.953435902364571e-09,-9.614023617933632e-09,3.068005048803958e-08,3.2677822302810332e-09,-9.687720086392987e-10,-9.025792231127684e-09,4.11493447543695e-08,-4.5889748591702236e-09,-3.905850636107306e-09,-9.40991184758383e-09,2.300754969375289e-09,2.1416714328003047e-08,4.170745092319392e-09,-7.676710331165666e-09,-5.37363249541799e-10,8.23233294941785e-09,9.990357031291842e-09,3.1692417813485312e-09,-4.0462041096370787e-10,0.0716718936122663,1.6477218292430696e-08,1.1277619032461508e-08,-3.766216423284947e-10,0.0131466062880347,1.6935742805386697e-08,1.3787532357686905e-08,-4.886273644983965e-10,1.7583670497142594e-08,1.2542256167787661e-08,7.1477992852044415e-09,-4.706531076837041e-10,2.8175926977983553e-08,1.2912828529944393e-08,6.165178187080704e-09,-6.383448070814945e-10,-2.386002787375721e-09,6.110100555988788e-09,2.9523665352830346e-10,-7.296163424023389e-15,0.2548558228602383,0.2627701147220838,-2.7112389034975085e-12,-9.475781618269506e-12,-3.8138379575226825e-12,full_epsilon_grid,0.8190498979205113,0.296807054571577,0.2333354609918445
PF0137,full_TAC,23,10.0,,57.02328123424936,15.50044749872434,3,3,LOCALLY_SOLVED,Solve_Succeeded,1.430376458,0.2352719971031962,9737237.443647267,57.02328190293546,14.614050030136417,503.5799885819768,1.592252629154286e-16,1.592252629154286e-16,9.525806729741873e-09,7.271424710432699e-09,0.9999999935069124,0.3964845739558088,2.9294074089485723e-06,1.110809973892237e-06,-3.789652718289273e-09,-2.462714167473688e-09,1.0622537696178292e-08,3.8738751795589144e-10,-1.990286239953435e-09,1.6900553962563135e-10,1.8455325880297622e-08,1.158402816632956e-09,7.63243088658941e-09,2.715198971351464e-08,8.568587851168704e-08,1.4435293148675216e-08,-2.869918574047445e-09,-1.2039932588385862e-09,1.3001434060727424e-08,8.855022705964864e-10,7.632428000271544e-09,0.1571315075580543,5.551900933463057e-07,5.5104925830880276e-08,-5.446351647760935e-09,-4.046337354796987e-09,4.711005627842682e-09,-2.4492551507176422e-11,-5.361235925455021e-10,3.3611709300533683e-10,2.764581904483773e-08,-3.6113390598882595e-09,4.439472153745652e-09,1.882834919780441e-09,1.8264542693504263e-08,-6.444714951164157e-09,0.833134625722488,-7.592316806741467e-09,-4.767441057302811e-09,-9.525806729741873e-09,1.796380468884154e-09,1.054808394377891e-09,1.5123688436480737e-08,-3.99429243049301e-09,0.1668653647062356,8.459198806393653e-05,3.0293174893648646e-08,-7.583958586521024e-09,-3.920039936170146e-09,-2.700665338224293e-09,1.5775160542689485e-08,1.0959266944834487e-09,-4.210725242543636e-10,-3.750042027744025e-09,3.3047895054776915e-08,5.755471695344673e-09,-2.2114291555038159e-10,2.573493444299387e-10,5.741656940537036e-08,1.7210556132832483e-08,8.48047876287712e-10,4.1345075245579116e-08,2.665782887030263e-07,2.144672124946032e-07,-3.1887984156082716e-10,-1.833353371413302e-09,4.0448905966707546e-08,1.3156033734576371e-08,8.480475555857271e-10,0.2392684319634008,1.7272580681885064e-06,8.187017552016495e-07,-6.05150183084548e-10,-6.161468244804503e-09,1.465646195328834e-08,-3.6388933667804967e-10,6.334023192339175e-15,3.843703741513058e-16,0.2124493841851792,-2.2809766145504773e-14,0.2862929108529664,-3.411969235099331e-13,full_epsilon_grid,0.22068926208932274,0.26382872929780804,0.6452476855227811
PF0138,full_TAC,23,22.0,,57.02328123424936,9.025393613398704,3,3,LOCALLY_SOLVED,Solve_Succeeded,0.090694125,0.6808900250587645,23430961.63279507,57.02328144619416,9.025393764372478,503.5799877463356,3.1845052583085723e-16,3.1845052583085723e-16,9.733241562678194e-09,9.326487459368649e-09,1.0000000077796054,0.3959693572859649,3.4167232300173096e-08,-9.311336898953851e-09,-6.360393543267675e-09,3.058870560729889e-09,1.5527206568280043e-09,1.6945054354173426e-10,-5.642155685102566e-09,0.1257641621164936,3.0213976917271955e-09,8.233678780686228e-10,-5.531256950428042e-09,0.0293008765171852,3.102115663463131e-09,9.98272824053183e-10,-6.011533178969962e-09,1.1037056681809188e-08,2.2830926108158603e-09,5.228850721040232e-10,-5.9127126791456294e-09,1.9842114984268375e-08,2.375649028788421e-09,4.6453472004210337e-10,-6.999437041545397e-09,-2.928511777376759e-09,5.561907778355384e-10,-7.050246096499503e-11,1.0663796647112454e-08,2.048324067040147e-08,-2.230447009065043e-09,-9.197170395318756e-09,3.224140100486031e-07,0.0047824362999371,-2.338001179324409e-09,-9.279655911057222e-09,0.999999639896779,-7.981031218368846e-09,-6.992811114028469e-09,-9.718704717474368e-09,3.1131809072599564e-08,5.808536230874945e-09,-2.841897571109589e-09,-9.271729181670908e-09,4.4835884350970776e-08,-5.260120882587219e-09,-5.253865705073681e-09,-9.552172143817784e-09,-6.543527579358226e-10,2.7699124857809435e-08,8.272373354463481e-10,-8.404611982437464e-09,-7.067103936964081e-10,4.6578256265659676e-09,4.8306864879093455e-09,2.5175509326200512e-09,-6.269061872336182e-10,0.1915045195864789,9.399903929817941e-09,1.223289418844811e-08,-6.145841056031154e-10,0.0446172437875321,9.651026508551962e-09,1.4831481957361573e-08,-6.679481309966623e-10,1.6806427220027626e-08,7.102954789204898e-09,7.768578214116917e-09,-6.56968075460625e-10,3.021412963513594e-08,7.390908089563976e-09,6.901658697768394e-09,-7.777152268383771e-10,-4.45932475191461e-09,1.730371308821675e-09,-1.047465134337069e-09,-1.9891441838516683e-14,0.1174919988526337,0.2813706659967559,-4.1237229174139595e-12,-1.5299347481630732e-11,-5.678798430433719e-12,full_epsilon_grid,0.6406382651223146,0.26382872438400856,0.30000265495474626
PF0139,full_TAC,23,23.0,,57.02328123424936,8.485805789621569,3,3,LOCALLY_SOLVED,Solve_Succeeded,0.057690208,0.789980346093074,26781706.694283575,57.02328137105523,8.485805937634856,503.57998782763246,4.776757887462858e-16,4.776757887462858e-16,9.66866640939924e-09,9.143601865348312e-09,1.0000000072002968,0.3814742588786673,6.517794958200186e-08,-9.117774578789084e-09,-5.4809014641822924e-09,4.578914263463498e-09,2.4309011507511304e-09,2.0094357327673342e-10,-4.511922831790147e-09,0.0717862504192382,4.178895257641399e-09,7.83150856977583e-10,-4.333624986085908e-09,0.0252461776406312,4.28203202400002e-09,9.490440292785174e-10,-5.08035878047111e-09,1.1459419535900871e-08,3.192049669242433e-09,4.988790915833234e-10,-4.948901813770988e-09,1.9003497454340864e-08,3.290186262067199e-09,4.333836478061686e-10,-6.2717602306758825e-09,-2.099488640356292e-09,1.3208663325976563e-09,-1.0797263312211956e-11,1.3651719934272576e-08,1.664919233658132e-08,-9.355425520450854e-10,-9.033707178060236e-09,3.1507357489678604e-07,0.1366877907859873,-7.750799404621901e-10,-9.105513086457122e-09,0.999999637092664,-7.588131792591093e-09,-6.393220967223228e-09,-9.657520533536804e-09,3.130831517785474e-08,4.120214839616835e-09,-1.7768008732106679e-09,-9.12725863051404e-09,4.291034794458878e-08,-4.82676886065743e-09,-4.476303824568459e-09,-9.467835714073785e-09,1.1941968464017134e-09,2.4028047812996348e-08,2.677960432501022e-09,-7.991801843678898e-09,-6.089890515758101e-10,6.972437628455781e-09,7.562803580114626e-09,2.985447374397182e-09,-5.013247590877939e-10,0.1093108813202036,1.3001007468217684e-08,1.1635384160809804e-08,-4.815138873428783e-10,0.0384430432255065,1.3321877408000065e-08,1.4100082720709398e-08,-5.644843089412341e-10,1.7449570656939956e-08,9.930821193198678e-09,7.411917932095091e-09,-5.498779793078873e-10,2.893714385092813e-08,1.0236135037542398e-08,6.438842767405934e-09,-6.968622478528755e-10,-3.1969486114516263e-09,4.1093619236371535e-09,-1.6041648349572047e-10,-1.1730752861141598e-14,0.1876266968820023,0.2777214374882295,-3.20672452605203e-12,-1.1532655253088976e-11,-4.4668476851909204e-12,full_epsilon_grid,0.7433964358400345,0.2638287235756349,0.2666690579544475
PF0140,full_TAC,23,24.0,,57.02328123424936,7.946217965844434,3,3,LOCALLY_SOLVED,Solve_Succeeded,0.037578125,0.879655261021447,29536283.34019092,57.02328132364528,7.946218111423078,503.5799878901938,1.592252629154286e-16,1.592252629154286e-16,9.61897312912009e-09,8.993200478562854e-09,1.000000006727014,0.3669791612356486,9.400599134189547e-08,-8.95390148423313e-09,-4.79185126864295e-09,5.496224682683412e-09,3.247909557583963e-09,2.1568955327748456e-10,-3.589274358647526e-09,0.0178083427890001,5.338616059646831e-09,7.595765531727735e-10,-3.3428133740307732e-09,0.0211914775504262,5.4668617514304815e-09,9.211746614754947e-10,-4.356472859721902e-09,1.1539909169299465e-08,4.060730336741831e-09,4.808059439641344e-10,-4.193532774232338e-09,1.8369125590073235e-08,4.177905718513379e-09,4.139968691637583e-10,-5.703441140900155e-09,-1.5042464020591195e-09,2.0045939229646832e-09,2.4242897609899605e-11,1.543590994216209e-08,1.4080709491115814e-08,1.0039320597267611e-10,-8.914709096347442e-09,3.091886297188021e-07,0.2685931386566914,5.681292390527402e-10,-8.966785609656271e-09,0.999999636161082,-7.29762239880116e-09,-5.9212549565282326e-09,-9.61057281737381e-09,3.0912878842522505e-08,3.172434054262031e-09,-9.468115256157475e-10,-9.022160383017831e-09,4.1420181709958695e-08,-4.569074808165779e-09,-3.8741404908807024e-09,-9.406309964547187e-09,2.472093395681896e-09,2.1267765756445748e-08,4.193582332716583e-09,-7.67893491781251e-09,-5.324279187381054e-10,8.369251221358833e-09,1.0104607512483442e-08,3.2045305058369124e-09,-3.9880826207194727e-10,0.0271172492468866,1.6609027741123467e-08,1.1285137361424062e-08,-3.7142370822564137e-10,0.0322688408154218,1.7008014337783717e-08,1.3686023541921638e-08,-4.840525399691001e-10,1.7572134416887822e-08,1.2633383269863474e-08,7.143402596038567e-09,-4.659480860258152e-10,2.7971168512156973e-08,1.2997928902041625e-08,6.1508106275758375e-09,-6.337156823222391e-10,-2.290557021317296e-09,6.2365144270012355e-09,3.6018019306136547e-10,-7.154884069384857e-15,0.2577613928281674,0.2740722082024813,-2.6948478986091866e-12,-9.427426333878268e-12,-3.788930682460379e-12,full_epsilon_grid,0.827871754624642,0.2638287230655803,0.2333354609866333
PF0141,full_TAC,24,9.0,,53.9579209363635,16.040035322501474,3,3,LOCALLY_SOLVED,Solve_Succeeded,1.602877791,0.2460789633008763,10071167.580185082,53.95792112563195,14.0507650843582,503.5799908043812,1.592252629154286e-16,1.592252629154286e-16,8.709470486977308e-09,2.0581424871533582e-09,0.9999999619525496,0.3904121192820985,6.044599298521673e-06,2.156340580321992e-06,3.386143099930936e-09,1.061044708101538e-09,2.2160878323169787e-08,1.2633310789964635e-09,5.303161168362642e-09,2.7702043311808784e-09,2.7095411997996176e-08,1.796479568917971e-09,5.248105903647802e-08,4.7326604228080215e-08,1.6386860385997308e-07,2.0162127931995735e-08,4.403069224674477e-09,2.1918048010522e-09,2.3828717565980388e-08,1.8369526344101594e-09,5.2480989369292116e-08,0.154740813316458,1.1813123414047062e-06,1.125339835157635e-07,-1.5071140599604004e-10,-1.420248884635803e-09,1.3228871114049338e-08,6.77710989191624e-10,6.0284647507384104e-09,-1.810942568932187e-09,1.7090328926560657e-08,-6.539854615608391e-09,8.933846295293827e-09,-2.879346820805337e-09,1.0477283788996966e-08,-7.615683922226686e-09,0.914761284529981,-3.7542371217439664e-09,4.195574540330331e-09,-8.709470486977308e-09,7.544110389307417e-09,-2.512207471513744e-09,1.0779324655420923e-08,-6.994541743820605e-09,0.0852385227558658,4.313150691792791e-05,9.931757301521665e-08,-3.3334005119027202e-09,1.1561587536853916e-09,-2.2292504261567427e-09,1.7704936057661362e-08,-3.042899088839105e-09,3.762381222145483e-10,1.6156817146091595e-09,6.894495478319488e-08,1.876949031651889e-08,5.89240129818071e-10,4.218265686116337e-09,8.42968373270992e-08,2.6690553595352708e-08,5.831228781830888e-09,7.20655109836676e-08,5.098134342310273e-07,2.99551614989651e-07,4.892299138527193e-10,3.3375209470567584e-09,7.41337879830501e-08,2.7291867711236656e-08,5.831221041032454e-09,0.2356280566409702,3.675193951036863e-06,1.6719334693770571e-06,-1.6745711777337775e-11,-2.162651710695427e-09,4.1156487910375727e-08,1.0068848982275557e-08,1.9180841080306687e-14,2.594409391384669e-15,0.2332642560775253,1.908927366756944e-13,0.2505098076994936,3.308175989762776e-14,full_epsilon_grid,0.23092998448044996,0.23085039279735237,0.6104501744439473
PF0142,full_TAC,24,22.0,,53.9579209363635,9.025393613398704,3,3,LOCALLY_SOLVED,Solve_Succeeded,0.073474708,0.6916529728649534,23762471.660758015,53.95792113628434,9.02539376421044,503.5799877506349,5.126570965080088e-17,5.126570965080088e-17,9.729826532704377e-09,9.316477504399751e-09,1.0000000077498346,0.3863232399864169,3.5439484383053583e-08,-9.302666685036718e-09,-6.3120726147444205e-09,3.179562825512533e-09,1.591996175517099e-09,1.726603121497457e-10,-5.584161346674164e-09,0.0965043978189331,3.064484071112335e-09,8.212129587002892e-10,-5.471817247645045e-09,0.0418587595709268,3.141905686241553e-09,9.927494097595195e-10,-5.962176627147743e-09,1.1081266323303991e-08,2.318085834706797e-09,5.218971718106006e-10,-5.8622488720929475e-09,1.9756283092418315e-08,2.409061061106693e-09,4.6245157544378677e-10,-6.957338815664846e-09,-2.868022363622969e-09,5.956815562433172e-10,-6.538975975239776e-11,1.0933431173523e-08,2.0211407645389576e-08,-2.172561016679002e-09,-9.189241822837303e-09,3.2670298840144e-07,0.037270610522101,-2.264454110787508e-09,-9.270736179427488e-09,0.9999996346493928,-7.952497381523016e-09,-6.956570974370113e-09,-9.714926004914431e-09,3.1281551164022214e-08,5.664653621189891e-09,-2.793976432851651e-09,-9.264475443426452e-09,4.485838316524762e-08,-5.226467100465537e-09,-5.211303334599884e-09,-9.547297416472493e-09,-5.094503794929458e-10,2.7498504883408636e-08,8.955800031941346e-10,-8.390213412298743e-09,-7.013414016382685e-10,4.841607029757721e-09,4.952876990497641e-09,2.5652389233676503e-09,-6.204623718526847e-10,0.1469498784970117,9.533950443460596e-09,1.2200878243547154e-08,-6.079796941827826e-10,0.0637394748011839,9.774817690529276e-09,1.4749419802141432e-08,-6.624640696830823e-10,1.6873746446849255e-08,7.211822596865591e-09,7.753900838328922e-09,-6.513609857881051e-10,3.008343107254607e-08,7.494856634554156e-09,6.870709120879118e-09,-7.730376461849827e-10,-4.367215871880431e-09,1.8532315083125426e-09,-9.715050020356238e-10,-1.9428061894447083e-14,0.1203975689430497,0.2926727594652765,-4.070988742369566e-12,-1.509825107934525e-11,-5.606651668184395e-12,full_epsilon_grid,0.6508047694140257,0.23085039291195492,0.3000026549447362
PF0143,full_TAC,24,23.0,,53.9579209363635,8.485805789621569,3,3,LOCALLY_SOLVED,Solve_Succeeded,0.048401833,0.799715185492505,27081647.68080865,53.95792106071313,8.48580593753186,503.5799878312864,8.120488408686858e-17,1.572510808974845e-23,9.66576402899669e-09,9.1372391864217e-09,1.0000000071773882,0.3718281415952015,6.638713982200152e-08,-9.110899416198649e-09,-5.4393513489545085e-09,4.673828037493426e-09,2.469525153039308e-09,2.0308720306085031e-10,-4.461912718645371e-09,0.0425264860734455,4.224510055972526e-09,7.820636294573904e-10,-4.283162488690687e-09,0.0378040608429684,4.32221827611781e-09,9.446368823748512e-10,-5.039697481653841e-09,1.1475270189052424e-08,3.2268864496368763e-09,4.980853249060801e-10,-4.907235464663696e-09,1.8923005426600115e-08,3.323938631788976e-09,4.3198815402984704e-10,-6.234078404027984e-09,-2.043076860747405e-09,1.359812772966133e-09,-6.7768932058579635e-12,1.3886695159356293e-08,1.6429974374228173e-08,-8.927691319785056e-10,-9.028429258569969e-09,3.2004625224142585e-07,0.1691759647710083,-7.112089178745035e-10,-9.098160925209988e-09,0.9999996312657824,-7.561068728721924e-09,-6.360435905743161e-09,-9.654119688160617e-09,3.1421189656580135e-08,4.027462421211744e-09,-1.7424438337676083e-09,-9.122233876338264e-09,4.2965232801387515e-08,-4.802134776516022e-09,-4.4412074689282795e-09,-9.46395222094826e-09,1.3316113596089632e-09,2.3867597958376943e-08,2.7246517955935368e-09,-7.985768785424539e-09,-6.043723721060563e-10,7.116965420728625e-09,7.682967142788957e-09,3.017295588332633e-09,-4.957680798494856e-10,0.064756240157292,1.3142920174136746e-08,1.1619231066224089e-08,-4.75906943187854e-10,0.0575652744654291,1.3446901303477629e-08,1.4034605109569217e-08,-5.599663868504263e-10,1.7473706878784368e-08,1.0039202287759171e-08,7.400124827176046e-09,-5.452483849626324e-10,2.8814576445050173e-08,1.0341142410010148e-08,6.41810971701487e-09,-6.926753782253313e-10,-3.111048856138094e-09,4.230528627005747e-09,-1.006852704870326e-10,-1.1502294411450802e-14,0.1905322668846278,0.2890235309400371,-3.1806059435024137e-12,-1.144121218301414e-11,-4.429664815775986e-12,full_epsilon_grid,0.7525948041232046,0.23085039209893066,0.26666905794808476
PF0144,full_TAC,25,9.0,,50.89256063847763,16.040035322501474,3,3,LOCALLY_SOLVED,Solve_Succeeded,1.625430042,0.2563166574719342,10387617.74613308,50.89256127752431,13.487445370986183,503.5799887068,6.315935428978667e-17,5.126570965080088e-17,9.479903875009976e-09,6.949119766589319e-09,0.999999991278724,0.3843416939633588,2.931652647240915e-06,1.1099383410346689e-06,-3.1758283949586643e-09,-2.1368008666444813e-09,1.1702479141970181e-08,4.6523250651255176e-10,-1.1358896416021822e-09,6.930750930106881e-10,2.0006647210565623e-08,1.308449873061427e-09,1.0032757863049965e-08,2.6182143411797983e-08,8.292253474539852e-08,1.4069532445064169e-08,-2.108302760408286e-09,-7.120592267868203e-10,1.4280996874615926e-08,1.0572336914842503e-09,1.0032545314728826e-08,0.152350916586641,5.54089372749138e-07,5.503295054660717e-08,-5.091561650550862e-09,-3.887052313726675e-09,5.169933161829871e-09,1.2198929225073708e-11,1.8949018543697135e-10,1.7257971461236524e-10,2.688129277017375e-08,-3.9252096462221894e-09,5.587886612458311e-09,1.0043625976476663e-09,1.6630554906949615e-08,-6.663492892767935e-09,0.9963879345033664,-7.3958743262933405e-09,-4.320247891653283e-09,-9.479903875009976e-09,2.7913462379479763e-09,5.818631502795976e-10,1.4091657394651862e-08,-4.384873558087961e-09,0.0036120422754776,1.839172413597848e-06,3.362200011256804e-08,-7.34571939711473e-09,-3.572977436080549e-09,-2.676079827090396e-09,1.5595982871539632e-08,8.859151028766246e-10,-3.5286982166207367e-10,-3.253764956026824e-09,3.6407712886129445e-08,6.912025811043625e-09,-1.2620996017802023e-10,1.055364346175366e-09,6.224290243287081e-08,1.9439826685484056e-08,1.1147508736722175e-09,3.9868263831601474e-08,2.579812192079064e-07,2.0903305346952479e-07,-2.3425586226758727e-10,-1.0842720044253855e-09,4.4429768054360656e-08,1.5707471987766e-08,1.114727257192091e-09,0.2319888957114761,1.7238336041084292e-06,8.176324081210206e-07,-5.657290722834287e-10,-5.918920568629255e-09,1.6084236503470712e-08,1.8124123420109507e-10,6.3998016617491145e-15,4.7728517440447e-16,0.2540789763974824,-7.49267711556004e-15,0.2147270808929608,-2.713910866082657e-13,full_epsilon_grid,0.24063464406493343,0.19787206629354515,0.575650515560988
PF0145,full_TAC,25,22.0,,50.89256063847763,9.025393613398704,3,3,LOCALLY_SOLVED,Solve_Succeeded,0.071820291,0.70224063958024,24088599.51680242,50.892561292782275,9.025393771213464,503.5799875354293,1.592252629154286e-16,1.592252629154286e-16,9.900767080519326e-09,9.749093143592756e-09,1.0000000091750776,0.3766771356512737,-3.510243266152454e-09,-9.74947797577764e-09,-8.670072294498143e-09,-3.3041321155181603e-09,5.813572243411393e-11,-1.6143122926588732e-10,-8.423018590035086e-09,0.0672447398193479,2.5027905581488006e-09,9.111720657122671e-10,-8.396172118810947e-09,0.0544165790188895,2.690831825460499e-09,1.533254570332861e-09,-8.482080237786704e-09,3.364036138915228e-09,1.7512927530810541e-09,6.491487938080344e-10,-8.447522536174493e-09,2.1553563716944428e-08,1.9686545554544583e-09,4.791951459333498e-10,-8.906086876522551e-09,-5.467149017941354e-09,-1.0868911700153601e-09,-3.676801778210377e-10,-1.882918761085333e-09,3.4785859310082876e-08,-5.624459054227275e-09,-9.668867859267997e-09,1.764951751408021e-07,0.0697586947217004,-6.115722846047842e-09,-9.725688402160613e-09,0.9999998197610578,-9.247095081479622e-09,-8.748740533726208e-09,-9.894340452718469e-09,2.3284054073006232e-08,1.8241218999956482e-08,-5.674238920247049e-09,-9.681498227684621e-09,5.5042335880957624e-08,-7.58470732649975e-09,-7.631742550865851e-09,-9.816611481744271e-09,-6.4969016556985484e-09,3.693234877859125e-08,-2.1306868109106695e-09,-9.226209798723697e-09,-9.633413660553488e-10,-5.031292084993562e-09,1.808666920172433e-10,-2.3984068348074686e-09,-9.358909544483423e-10,0.1023953992703707,7.786459514240712e-09,1.3537413547725112e-08,-9.32908013201216e-10,0.0828616089605818,8.371476790321554e-09,2.27797821878025e-08,-9.424533597540776e-10,5.122509575166371e-09,5.448466342918834e-09,9.644496365147936e-09,-9.386136151304991e-10,3.2820199296256284e-08,6.1247030614138714e-09,7.119470739581197e-09,-9.895652085025052e-10,-8.324976913683423e-09,-3.381439195603342e-09,-5.462676927626846e-09,-3.076131438099091e-14,0.123303111345277,0.3039748425053853,-4.17797223372663e-12,-1.6058956232768636e-11,-5.6909984839009325e-12,full_epsilon_grid,0.6608062172389843,0.19787206645769626,0.30000265537735527
PF0146,full_TAC,25,23.0,,50.89256063847763,8.485805789621569,3,3,LOCALLY_SOLVED,Solve_Succeeded,0.03555775,0.8093023315629423,27377053.6039176,50.89256075093333,8.485805937429333,503.57998783487415,1.592252629154286e-16,1.592252629154286e-16,9.662914250034206e-09,9.130905587380492e-09,1.000000007154901,0.3621820243153895,6.759971460691192e-08,-9.104044831533129e-09,-5.399117454899176e-09,4.764868276480966e-09,2.5077118293680835e-09,2.050205687112593e-10,-4.4131264748623685e-09,0.0132667222323094,4.270090908252404e-09,7.807602928389852e-10,-4.23312716368952e-09,0.0503619435472414,4.364258690851026e-09,9.409619961354151e-10,-5.00014986135307e-09,1.149255074570643e-08,3.261850207925253e-09,4.972204910927369e-10,-4.866702873871623e-09,1.8856541816415893e-08,3.358008452714467e-09,4.3059681003936687e-10,-6.197600031536701e-09,-1.9885865197141453e-09,1.3979917374747755e-09,-2.998757868883124e-12,1.4099836952746512e-08,1.6222157624678062e-08,-8.502673740181674e-10,-9.023214736066792e-09,3.234149852123498e-07,0.2016641386965768,-6.480677937128424e-10,-9.090930261418148e-09,0.999999627157286,-7.534901206729029e-09,-6.328076148627622e-09,-9.65077674266805e-09,3.1502444801674984e-08,3.942733069551448e-09,-1.7078788028190687e-09,-9.117242884311452e-09,4.2974241389338614e-08,-4.7779338040476605e-09,-4.406655166123529e-09,-9.460148213076927e-09,1.4614659485582995e-09,2.3711150313028154e-08,2.772133494026213e-09,-7.979348494752571e-09,-5.999019394332414e-10,7.255594875550562e-09,7.801770135811816e-09,3.046019877995852e-09,-4.903473860958185e-10,0.0202015997628348,1.328472727011859e-08,1.1599867207893495e-08,-4.703474626321686e-10,0.0766875049469358,1.3577693704869858e-08,1.3980006799726167e-08,-5.555722068170077e-10,1.7500020453689337e-08,1.0147978424656342e-08,7.387275867663518e-09,-5.407447637635134e-10,2.8713370493178745e-08,1.0447137408445011e-08,6.397438320584879e-09,-6.886222257262999e-10,-3.02807492774654e-09,4.349307627699301e-09,-4.4552974051977834e-11,-1.1278278511057332e-14,0.1934378368775751,0.3003256243829177,-3.1550629763275976e-12,-1.1350888723581896e-11,-4.39343719588332e-12,full_epsilon_grid,0.7616540944364969,0.19787206062827578,0.2666690579417511
PF0147,full_TAC,26,14.0,,47.827200340591766,13.342096203615794,3,3,LOCALLY_SOLVED,Solve_Succeeded,1.083041084,0.2663038843400288,10696376.829490142,47.82720046704155,12.9242560718114,503.57999105562504,1.592252629154286e-16,1.592252629154286e-16,8.621976491879659e-09,1.3750399266739096e-09,0.9999999574683917,0.3782648653820135,6.090199021646768e-06,2.187081661512177e-06,4.097817356660823e-09,1.333936875538028e-09,2.305288477317757e-08,1.3330821704670238e-09,5.9025941724889345e-09,2.8902573403227486e-09,2.7471906770134127e-08,1.8306747076254998e-09,6.313912258854729e-08,0.0221297361418059,1.74610454487896e-07,2.1149417810732216e-08,5.0078750016143695e-09,2.3762232516385303e-09,2.4339392839290265e-08,1.8988819708224436e-09,5.407440071408409e-08,0.1278130867296452,1.1963841919422314e-06,1.134997184878273e-07,5.204492265162195e-10,-1.0877556977103112e-09,1.4216819818733712e-08,7.712757314184983e-10,6.575257777424379e-09,-2.0406037803749606e-09,1.6032167803863663e-08,-6.73729048831971e-09,9.200952241870414e-09,-3.08813554061189e-09,9.909414978394328e-09,-7.685252389937273e-09,0.9999990360410014,-1.3940443729887701e-09,5.166389761768367e-09,-8.621976491879659e-09,7.880192354388992e-09,-2.740227751818528e-09,1.0135691055095524e-08,-7.122991143398691e-09,7.484969851596202e-07,1.4303074981537332e-08,2.9118268660791097e-08,-6.927468810149129e-09,1.7826037341707976e-09,-2.1725166170469496e-09,1.7303859013063182e-08,-3.483165958012194e-09,4.553130396289802e-10,2.031222060478361e-09,7.172008596099689e-08,1.9805792246938637e-08,6.558437969432146e-10,4.4010736773096396e-09,8.546815439597284e-08,2.719859565615028e-08,7.0154580653941404e-09,0.0336975527613863,5.432325250734541e-07,3.1421992175945e-07,5.564305557349295e-10,3.618339951358671e-09,7.572255550001416e-08,2.8211960709362017e-08,6.008266746009341e-09,0.194624472974687,3.722084152709163e-06,1.6862815318191485e-06,5.782769183513549e-11,-1.6563552669679735e-09,4.4230106102727104e-08,1.1458953723931977e-08,1.934683341881992e-14,2.696874778079834e-15,0.2749166134567561,2.047942858562549e-13,0.1789396087902459,6.761001980068235e-14,full_epsilon_grid,0.25010343921825895,0.1648937294361343,0.5408589131501695
PF0148,full_TAC,26,22.0,,47.827200340591766,9.025393613398704,3,3,LOCALLY_SOLVED,Solve_Succeeded,0.0688835,0.7126636630706559,24409671.84700626,47.82720099079087,9.025393771166428,503.57998753694307,4.0602442043434296e-17,1.0253141930160176e-16,9.899564697387144e-09,9.746187459496005e-09,1.0000000091652683,0.3670310186565647,-3.398861561768343e-09,-9.746537103486549e-09,-8.653262173260214e-09,-3.251676154587465e-09,7.232653610068251e-11,-1.572438372327028e-10,-8.403794223652867e-09,0.0379849769697372,2.4893870404199863e-09,9.094625742395943e-10,-8.376526484367685e-09,0.0669744611270701,2.671296914609987e-09,1.523129972813386e-09,-8.463533697002487e-09,3.472052221225482e-09,1.7489721660538304e-09,6.53596763741392e-10,-8.428869754503214e-09,2.1466795550139237e-08,1.9556323457089382e-09,4.773720201051051e-10,-8.891652391002293e-09,-5.449771978845091e-09,-1.0689010336250032e-09,-3.6397000161470297e-10,-1.7637374670594387e-09,3.4659018870822184e-08,-5.592439132158073e-09,-9.665250945245274e-09,1.7771126536426978e-07,0.1022468679902968,-6.082061351077707e-09,-9.722378147561404e-09,0.9999998176616514,-9.23717575707936e-09,-8.734236721896814e-09,-9.89298309983673e-09,2.3675986451075725e-08,1.7984495503874046e-08,-5.640891545092436e-09,-9.677631092586937e-09,5.5231889023757854e-08,-7.560484609604667e-09,-7.609601806263202e-09,-9.814494077652622e-09,-6.443298996000431e-09,3.684093707714342e-08,-2.088788434494735e-09,-9.216738543143572e-09,-9.6147357480669e-10,-4.951415962667277e-09,2.2501589009101223e-10,-2.336194153171584e-09,-9.337549137392066e-10,0.0578407603857362,7.744759681306623e-09,1.3512015388702545e-08,-9.307251649297423e-10,0.1019838385344022,8.310701512119961e-09,2.2629359596084593e-08,-9.40392633000276e-10,5.286988609593346e-09,5.44124673883414e-09,9.71058048987211e-09,-9.365410838336902e-10,3.2688075042257477e-08,6.084189519983363e-09,7.0923842987044184e-09,-9.879613767780324e-10,-8.298516422332295e-09,-3.325469882388898e-09,-5.407554309704157e-09,-3.033244942198433e-14,0.1262086810470602,0.3152769358584476,-4.129201100113173e-12,-1.5871466357200495e-11,-5.624527300891724e-12,full_epsilon_grid,0.6706526259374622,0.16489373507083202,0.3000026553744496
PF0149,full_TAC,27,15.0,,44.7618400427059,12.802508379838658,3,3,LOCALLY_SOLVED,Solve_Succeeded,1.032953792,0.2757296359873352,10987895.346130712,44.76184065855699,12.361034326188657,503.5799887941322,1.592252629154286e-16,1.592252629154286e-16,9.4473751321149e-09,6.696886422711735e-09,0.9999999899732768,0.3721898955702519,2.9960286261628832e-06,1.1355050699777425e-06,-2.729360453794149e-09,-1.8449531336809302e-09,1.2657515423490316e-08,5.344907300523035e-10,-5.584872364291048e-10,1.130146187320561e-09,2.1287119238777816e-08,1.4358319678191142e-09,1.2857778025463121e-08,0.0452836108874734,8.90990394616683e-08,1.4851641276384233e-08,-1.5754132422600611e-09,-2.9888937996097333e-10,1.5342888462228144e-08,1.2113658826235832e-09,1.0891585980313022e-08,0.1022511209845175,5.637548941868309e-07,5.55785230202779e-08,-4.829569798244415e-09,-3.7441253157153014e-09,5.578538039409085e-09,4.5788191036703846e-11,7.00967309719839e-10,1.346837259906476e-10,2.6289846645418704e-08,-4.230030637566963e-09,6.247719552050622e-09,4.0479189132339576e-10,1.5334870502954853e-08,-6.858263682004453e-09,0.9999995286936076,-6.747833729417264e-09,-3.963768553408938e-09,-9.4473751321149e-09,3.42991541551787e-09,2.503077567698341e-10,1.328679060207164e-08,-4.721022613189973e-09,4.38598213704871e-07,2.4362310082797593e-08,2.004397568949567e-08,-7.916482316191086e-09,-3.315517058746566e-09,-2.599298718080294e-09,1.552137704757747e-08,6.785074203077263e-10,-3.0326227264379417e-10,-2.8093604535595973e-09,3.9378936873080995e-08,7.941005132205652e-09,-6.205413738101164e-11,1.720904421601763e-09,6.622659318730874e-08,2.1332360664741125e-08,1.428642002829235e-09,0.0689545893059255,2.7719701165852357e-07,2.2065295610628e-07,-1.7504591580667342e-10,-4.5512701039511836e-10,4.7733430771376434e-08,1.799743597040753e-08,1.2101762200347794e-09,0.1557005705900607,1.753904115247918e-06,8.257380563012715e-07,-5.366188664716013e-10,-5.701281730748298e-09,1.73554516781616e-08,6.80281695402457e-10,6.45408397861639e-15,5.499433076738044e-16,0.2957551643098426,3.198898629760404e-15,0.1431522220341797,-2.2717015835338097e-13,full_epsilon_grid,0.2590435134258206,0.13191540335860752,0.5060653063264144
PF0150,full_TAC,27,21.0,,44.7618400427059,9.564981437175842,3,3,LOCALLY_SOLVED,Solve_Succeeded,0.091998,0.5817660135285356,20390335.66102447,44.761840349540144,9.564981591341082,503.579987653839,1.592252629154286e-16,1.592252629154286e-16,9.806712770834536e-09,9.523642169083256e-09,1.000000008418911,0.3718799867631713,9.981636173384173e-09,-9.5194843640627e-09,-7.37009683896255e-09,8.57127535423287e-10,8.694016163739077e-10,1.0534919453374407e-10,-6.894673068551043e-09,0.062703026205419,2.3043744793530704e-09,8.93097389877131e-10,-6.841052593603173e-09,0.0835871030142227,2.366538025469358e-09,1.0788508783079572e-09,-7.0983739255740995e-09,9.73168529319738e-09,1.6755236339394601e-09,5.465428634344241e-10,-7.029201772726963e-09,2.07367125433487e-08,1.7981694834105395e-09,5.141336187812334e-10,-7.831360028883739e-09,-3.930884376756965e-09,-1.2125626767035255e-10,-1.6405922936906009e-10,6.3639231873674295e-09,2.5587361594874837e-08,-3.6490396211049276e-09,-9.402426696864133e-09,3.4386349672392977e-07,0.002829766799126,-3.943441659828609e-09,-9.478626028751342e-09,0.999999632349574,-8.455635137597393e-09,-7.674891045553694e-09,-9.790564770480452e-09,2.9273317542889034e-08,8.958721630336951e-09,-4.058476545530666e-09,-9.45490578148642e-09,4.737877084918328e-08,-5.942223781611041e-09,-6.155450645701434e-09,-9.658262458993428e-09,-2.9604399907845803e-09,3.1993425528822767e-08,-1.0961516336088716e-09,-8.892489117167311e-09,-8.188996487736165e-10,1.3051714743945503e-09,2.7048050287188232e-09,1.565188033072769e-09,-7.6607478539456e-10,0.0954796080855245,7.1691650468762195e-09,1.3268875506745944e-08,-7.601169548447968e-10,0.127280361408021,7.362562745904669e-09,1.6028641620575366e-08,-7.887082139526772e-10,1.4818702605550557e-08,5.212740194478319e-09,8.12006539959716e-09,-7.810224191918843e-10,3.157635773646279e-08,5.594305059499456e-09,7.638556621892608e-09,-8.70151114320415e-10,-5.985664846425378e-09,-3.772417216410968e-10,-2.437451407768892e-09,-3.5921051355365897e-14,0.0589795781539914,0.3302282667757129,-5.928536952842177e-12,-2.2765100262981798e-11,-8.051635556075076e-12,full_epsilon_grid,0.5473905972268835,0.13191540003408478,0.3333362519693142
PF0151,full_TAC,27,22.0,,44.7618400427059,9.025393613398704,3,3,LOCALLY_SOLVED,Solve_Succeeded,0.039618125,0.7229308120973595,24725957.904311515,44.76184068889097,9.0253937711199,503.5799875384363,3.1845052583085723e-16,3.1845052583085723e-16,9.89837861392866e-09,9.743313269463826e-09,1.0000000091555856,0.357384901662907,-3.2874136974859246e-09,-9.743627221723705e-09,-8.63670296203491e-09,-3.20002891942165e-09,8.589822418224587e-11,-1.5320825061329065e-10,-8.38482964294417e-09,0.0087252142149462,2.4762809951502243e-09,9.074958541296632e-10,-8.357104848708398e-09,0.0795323431345166,2.6531172209580067e-09,1.513915133742598e-09,-8.445259377953333e-09,3.577339674203118e-09,1.746505566444452e-09,6.576525747924592e-10,-8.410483091455524e-09,2.1393856678022064e-08,1.94311964617514e-09,4.755377947334252e-10,-8.877428654502888e-09,-5.432629261925762e-09,-1.0514549479120806e-09,-3.603461451845414e-10,-1.6474845807806003e-09,3.453483740641245e-08,-5.561094343936006e-09,-9.661680676535147e-09,1.7866643796428837e-07,0.1347350412351087,-6.04908166752279e-09,-9.719110274764458e-09,0.999999815899531,-9.227425328624417e-09,-8.719960907647131e-09,-9.8916439828205e-09,2.4043939571258125e-08,1.7738832496098674e-08,-5.6082511366088156e-09,-9.673809996201784e-09,5.537469409833728e-08,-7.536686182524616e-09,-7.58788825655685e-09,-9.812407749956926e-09,-6.390634424668333e-09,3.6750782541317514e-08,-2.047611616872723e-09,-9.207290646821286e-09,-9.596336624483232e-10,-4.87277130911933e-09,2.6723891967809827e-10,-2.276236866254603e-09,-9.316477381049076e-10,0.0132861216454863,7.70398531824514e-09,1.3482795547069278e-08,-9.285672054120439e-10,0.1211060679548322,8.254142465202687e-09,2.2492453415604312e-08,-9.383621531059256e-10,5.4473126857183854e-09,5.433572873382739e-09,9.770838254059396e-09,-9.344981212728355e-10,3.2577009032442686e-08,6.0452611214337694e-09,7.065132950325175e-09,-9.863809616114316e-10,-8.272412739750592e-09,-3.271193171282028e-09,-5.353714157027473e-09,-2.991789674557232e-14,0.1291142507453321,0.3265790292091511,-4.082069647961923e-12,-1.5689987060499572e-11,-5.560346102549804e-12,full_epsilon_grid,0.680352252759495,0.1319154036849522,0.3000026553715752
PF0152,full_TAC,28,8.0,,41.69647974482003,16.57962314627861,3,2,LOCALLY_SOLVED,Solve_Succeeded,1.767309333,0.2846556124685874,11264067.724608196,41.696479778928,11.7978490372571,503.57999139399647,4.511382449270478e-17,5.126570965080088e-17,8.519901682022048e-09,3.708968002379701e-10,0.999999950833329,0.366112877575863,6.1512579013726e-06,2.2031903379034186e-06,5.055559822200474e-09,1.6844329586717e-09,2.4198858182488e-08,1.4235709643212414e-09,6.695798218721195e-09,3.046103223102395e-09,2.7960141582776785e-08,1.875744097907898e-09,7.309014702804557e-08,0.0684378268029678,1.697603068130123e-07,2.065476317087257e-08,5.8059355915449e-09,2.6112353679148134e-09,2.498841895410284e-08,1.979247418500576e-09,6.29681351237461e-08,0.0766879911412607,1.213105403476331e-06,1.1471926671285365e-07,1.470790505497901e-09,-6.228116995942573e-10,1.5590484601598177e-08,9.060996260038795e-10,7.2805549753179045e-09,-2.354934931213262e-09,1.4631662827229717e-08,-6.984730481609351e-09,9.544716129874446e-09,-3.35203924003351e-09,9.164662626973944e-09,-7.779181678307916e-09,0.99999890575868,-6.959674759063264e-10,6.133769532650598e-09,-8.519901682022048e-09,8.304008590663464e-09,-3.03152408255958e-09,9.300258399398329e-09,-7.2882666927218995e-09,8.449750592978447e-07,1.3300678124775773e-08,2.9039939722105852e-08,-6.8853219667292284e-09,2.652125218867717e-09,-2.1452111933799208e-09,1.6617196755193776e-08,-4.068661158196004e-09,5.617288691333856e-10,2.564932005250088e-09,7.528533656774043e-08,2.11501971842013e-08,7.439775798579104e-10,4.638384453360465e-09,8.698710714641667e-08,2.78681980260602e-08,8.121127447560615e-09,0.1042121453590647,5.281431767515938e-07,3.068707671101067e-07,6.451039546160997e-10,3.97619931023392e-09,7.774174785720882e-08,2.940596164629427e-08,6.9964594581940084e-09,0.1167748956014651,3.7741056997041406e-06,1.7044005340195391e-06,1.6342116727754448e-10,-9.48372360745801e-10,4.8503729871638776e-08,1.3462051586343354e-08,1.9579866669114662e-14,2.835968227002905e-15,0.3165938629283026,2.2291423372120945e-13,0.1073645275418333,1.1075632073428457e-13,full_epsilon_grid,0.2675129636210262,0.09893706575729477,0.4712739516525259
PF0153,full_TAC,28,21.0,,41.69647974482003,9.564981437175842,3,3,LOCALLY_SOLVED,Solve_Succeeded,0.064164416,0.5941691473272669,20772209.151852317,41.69648003856927,9.564981591153243,503.57998765967534,3.1845052583085723e-16,3.1845052583085723e-16,9.802076890785198e-09,9.512038416923333e-09,1.000000008380418,0.3622338694885358,1.1043427407420108e-08,-9.507471004102394e-09,-7.305584956999892e-09,1.0348733321627922e-09,9.02926958930785e-10,1.1174652305011216e-10,-6.817639098229983e-09,0.0334432624100135,2.323757751061946e-09,8.876044247400593e-10,-6.761568103922996e-09,0.0961449853103336,2.384779610914396e-09,1.0707356383030332e-09,-7.029618498775649e-09,9.871710615644693e-09,1.6952202662622035e-09,5.457695499057666e-10,-6.9591267409427995e-09,2.0655712806522092e-08,1.8128829229674894e-09,5.10060029568662e-10,-7.776975442159681e-09,-3.856254251617217e-09,-8.045280430681955e-11,-1.559670043836765e-10,6.7240789545252966e-09,2.5200059191732584e-08,-3.5652670160021422e-09,-9.389666558907536e-09,3.4497055640731385e-07,0.035317941575978,-3.847445533260577e-09,-9.46624443684141e-09,0.9999996300111118,-8.419777472304673e-09,-7.627536029207215e-09,-9.785605064129229e-09,2.9568190687024498e-08,8.656572597137823e-09,-3.984759520931891e-09,-9.44324542274568e-09,4.727899873702386e-08,-5.884589537878823e-09,-6.095264489450002e-09,-9.651069295542576e-09,-2.7830593590735107e-09,3.171644657578938e-08,-9.97104905473612e-10,-8.866548353281561e-09,-8.117316618888764e-10,1.5758298467024336e-09,2.809106094451331e-09,1.660234056744523e-09,-7.575154553588867e-10,0.0509249677607023,7.2294685588593875e-09,1.3187265738995166e-08,-7.512853448803327e-10,0.1464025912680079,7.419314345067009e-09,1.5908072340502205e-08,-7.810687220861831e-10,1.5031922982913513e-08,5.274018606149077e-09,8.10857617002853e-09,-7.732363045491995e-10,3.1453017228113185e-08,5.640080204787744e-09,7.57803472502012e-09,-8.641083824621862e-10,-5.872023519508035e-09,-2.5029761339899407e-10,-2.317224065128907e-09,-3.4627980869627316e-14,0.0618851483889776,0.341530360309418,-5.782253507860234e-12,-2.2175965735214e-11,-7.85677672158915e-12,full_epsilon_grid,0.559101610939645,0.09893706855061593,0.3333362519577103
PF0154,full_TAC,29,5.0,,38.63111944693416,18.19838661761002,3,3,LOCALLY_SOLVED,Solve_Succeeded,1.702381458,0.2930601809655124,11524229.84656207,38.63112002315947,11.234627176178089,503.5799889237498,8.120488408686858e-17,5.126570965080088e-17,9.404119966230512e-09,6.265987767832255e-09,0.999999987341227,0.3600379041578603,3.051542092486232e-06,1.1540867959502949e-06,-1.8588235320094302e-09,-1.2955089293491116e-09,1.4448268426103892e-08,6.657116594923581e-10,5.028895309195191e-10,1.845916995478938e-09,2.3374235450578538e-08,1.6508468237390032e-09,1.6212483860616826e-08,0.0915916796925662,8.749360429139227e-08,1.4639925287474757e-08,-5.928981862597471e-10,4.1720318303433704e-10,1.7153665819533647e-08,1.5025565072441452e-09,1.3896618905286422e-08,0.0511260464548797,5.73477895974534e-07,5.63744022391118e-08,-4.321409799625943e-09,-3.470667361127829e-09,6.356370169764865e-09,1.1207767189471467e-10,1.7986455693021914e-09,8.810836011717687e-11,2.5020691025120264e-08,-4.812035245358085e-09,7.59356924067909e-09,-5.802445996796878e-10,1.3070428386327371e-08,-7.204437870014977e-09,0.9999994716322828,-6.502134165780243e-09,-3.5577149011911252e-09,-9.404119966230512e-09,4.691807223239407e-09,-3.4435511884193676e-10,1.1832700449852928e-08,-5.332283386075243e-09,4.779092234306546e-07,2.0174265390927742e-08,2.0290478316761707e-08,-7.839176285017999e-09,-2.771924229864437e-09,-2.4170358714594863e-09,1.5413344222631193e-08,2.570285638200627e-10,-2.0653594800104776e-10,-1.9727067787816023e-09,4.4950168436767665e-08,9.890573226743606e-09,5.587661454661321e-11,2.810828152206564e-09,7.271984362402212e-08,2.4526867095550904e-08,1.8013870956240911e-09,0.1394691486227714,2.722023244621093e-07,2.175074614139106e-07,-6.5877576251083e-11,6.352866650750131e-10,5.3366960327438014e-08,2.2323696679055872e-08,1.544068767254046e-09,0.0778510252835669,1.7841534541429943e-06,8.375625475525179e-07,-4.801566444028825e-10,-5.284879845353739e-09,1.977537386149069e-08,1.6651539824357606e-09,6.553145790652636e-15,6.76108375481158e-16,0.3374324120062965,1.976414559269855e-14,0.0715771363585267,-1.6682964209172648e-13,full_epsilon_grid,0.27549142311329944,0.06595874024690737,0.4364803376963402
PF0155,full_TAC,29,21.0,,38.63111944693416,9.564981437175842,3,3,LOCALLY_SOLVED,Solve_Succeeded,0.029383875,0.6063185598272944,21146291.89012925,38.63111972790341,9.56498159096978,503.5799876653755,1.592252629154286e-16,1.592252629154286e-16,9.797549193611742e-09,9.50070483335913e-09,1.000000008342818,0.3525877522132048,1.2123588628556776e-08,-9.49572147964887e-09,-7.242577429379334e-09,1.2069316565303283e-09,9.366016816728056e-10,1.1774141684514368e-10,-6.742316264140972e-09,0.0041834987263217,2.345403542766967e-09,8.823723493930178e-10,-6.683773719039477e-09,0.1087028675210095,2.405484039012798e-09,1.0631352145432772e-09,-6.962590502349831e-09,1.0001024082396141e-08,1.7163494755171763e-09,5.448745234684836e-10,-6.890788101660363e-09,2.0578479954035676e-08,1.829547777668001e-09,5.06187645285033e-10,-7.723786328488074e-09,-3.783143918098161e-09,-4.0285214694974934e-11,-1.4821195537092138e-10,7.072543268757778e-09,2.482506597413085e-08,-3.483994802323888e-09,-9.37729045098461e-09,3.458672406203863e-07,0.0678061162849511,-3.7539014502738324e-09,-9.454161362427403e-09,0.999999627941012,-8.384761758678324e-09,-7.581362365318117e-09,-9.780759433441955e-09,2.9835486662109076e-08,8.375065547154278e-09,-3.913505280322125e-09,-9.431943992044265e-09,4.7176065886029645e-08,-5.8293800131172085e-09,-6.036912959490373e-09,-9.644084833890653e-09,-2.6097168265928796e-09,3.144637393295254e-08,-9.005954217018422e-10,-8.841340057175386e-09,-8.047308254865922e-10,1.8378277497166358e-09,2.913871898537617e-09,1.7493010502707063e-09,-7.491462515712187e-10,0.0063703276059898,7.296811021941675e-09,1.3109532048124836e-08,-7.426415243377193e-10,0.1655248209979009,7.483728121373151e-09,1.5795151758928688e-08,-7.736211669277587e-10,1.522883212546685e-08,5.339753923831215e-09,8.095278634388898e-09,-7.656431224067067e-10,3.1335412657281594e-08,5.691926419411557e-09,7.520502158520492e-09,-8.58198480943119e-10,-5.760696420740381e-09,-1.2533177905103308e-10,-2.2020061940822593e-09,-3.3422701355398395e-14,0.064790718609187,0.3528324538348216,-5.6459036907658356e-12,-2.1627090147638502e-11,-7.675111230402527e-12,full_epsilon_grid,0.57057370361665,0.06595873707042854,0.3333362519463766
PF0156,full_TAC,30,1.0,,35.5657591490483,20.356737912718565,3,1,LOCALLY_SOLVED,Solve_Succeeded,1.593102333,0.3008033315096191,11764081.551497746,35.56574922872518,10.671909628977687,503.58003294903176,1.592252629154286e-16,1.592252629154286e-16,8.184238184513217e-09,0.0,0.9999993003544374,0.3539357717956237,8.472819436328686e-05,2.661133810791962e-05,1.4223286919875312e-08,3.4481300195193533e-09,2.9942387869424044e-08,1.8920458805782312e-09,1.4117257338548889e-08,3.4270108113360342e-09,2.980559551912197e-08,1.8966237480797556e-09,1.267396546336469e-06,0.1147492331376227,2.1424603225786536e-06,2.2906150144363947e-07,1.4088389486522742e-08,3.468954013390299e-09,2.9703679202169734e-08,1.933325793760945e-09,1.1583719176322638e-06,0.0255495843031684,1.8291206835528785e-05,1.4435531148158255e-06,1.358513340269747e-08,3.2590176434638312e-09,2.9043000972928345e-08,1.875949881782806e-09,1.0285097892427281e-08,-4.714470201519902e-09,6.155888866353632e-09,-8.184238184513217e-09,1.0206698698648163e-08,-4.6898929582503945e-09,6.230905967934241e-09,-8.163679548544714e-09,0.9999834989128568,9.2833055078067e-08,1.732271518177141e-07,6.2479226077622886e-09,1.0185344247639673e-08,-4.7125843021033495e-09,6.033007054846549e-09,-8.166545716823661e-09,1.3003415872051376e-05,1.0188355533739571e-08,3.744675904980278e-08,-5.731574428371946e-09,9.812422188213888e-09,-4.5150510878822614e-09,6.879828104647138e-09,-8.034395890887972e-09,1.5803652133194782e-09,5.250561620631742e-09,9.31540955937637e-08,2.8110395940019435e-08,1.5685841487276534e-09,5.218402826352596e-09,9.272851939282393e-08,2.8178409971470657e-08,1.4082183848182986e-07,0.1747317868231982,6.665432114689144e-06,3.4031994500197848e-06,1.565376609613637e-09,5.2822708840261374e-09,9.241144640675029e-08,2.8723697507305465e-08,1.287079908480293e-07,0.0389050488252792,5.69059768216451e-05,2.1447074848692263e-05,1.509459266966385e-09,4.962595048001743e-09,9.035600302688816e-08,2.7871255386487403e-08,2.2110988454932038e-13,3.694364981018751e-14,0.3582717445892143,3.538544251555503e-12,0.0357886488077142,5.1456525152930224e-12,full_epsilon_grid,0.2828470177617826,0.03298029597828556,0.401717878252466
PF0157,full_TAC,30,17.0,,35.5657591490483,11.723332732284389,3,3,LOCALLY_SOLVED,Solve_Succeeded,1.622362,0.3008027594765877,11764064.869512113,35.565759013494244,10.671442494216436,503.5799918432191,4.0602442043434296e-17,5.126570965080088e-17,8.401959177907357e-09,0.0,0.9999999399665424,0.353960855911538,6.3327540113455775e-06,2.2542916006060938e-06,6.575804183592602e-09,2.2597824882210806e-09,2.6071205039100462e-08,1.572916083193556e-09,7.918975625739571e-09,3.343888432765352e-09,2.8883198508604482e-08,1.9617230711489315e-09,9.12718768473412e-08,0.1147459166791633,1.6754317200459473e-07,2.0400284817238972e-08,7.035527337753011e-09,3.018440047610051e-09,2.6108728205090623e-08,2.1210416212514516e-09,7.805846367360747e-08,0.0255628826624502,1.2547317282790289e-06,1.1767667733006178e-07,3.106001056697222e-09,1.962406758744463e-10,1.7988370321077977e-08,1.154584971010959e-09,8.357833424565416e-09,-2.885076597414972e-09,1.2318092010381186e-08,-7.3699860092293765e-09,1.0076899645395324e-08,-3.779746871099784e-09,7.85303517833005e-09,-7.955038525567234e-09,0.999998790214456,9.781348501210899e-12,7.208826803859705e-09,-8.401959177907357e-09,8.94098734114234e-09,-3.5009066130696214e-09,7.88910480558854e-09,-7.567816770099418e-09,9.02739669981964e-07,1.1343566021353154e-08,2.8024712500579824e-08,-6.894218664814987e-09,4.118197529492663e-09,-2.225082338109144e-09,1.5118363688239922e-08,-5.0168511353619894e-09,7.306449092880667e-10,3.441032425245736e-09,8.111041567720142e-08,2.336903895030426e-08,8.798861806377296e-10,5.091830113529059e-09,8.985883980454725e-08,2.914559991421269e-08,1.0141319649704572e-08,0.1747267367614531,5.212454240142946e-07,3.030899458561219e-07,7.817252597503343e-10,4.596260981588032e-09,8.122715441583749e-08,3.151261837287871e-08,8.673162630400826e-09,0.0389252985996401,3.903609821312533e-06,1.7483392060466317e-06,3.4511122852191345e-10,2.988210291724523e-10,5.596381877668703e-08,1.715383385501996e-08,2.0015575209042455e-14,3.0955311061641404e-15,0.3582711189650016,2.534116328551036e-13,0.0357894310589305,1.7677054247643625e-13,full_epsilon_grid,0.2828465061709883,0.032980401246614534,0.40168902051864624
PF0158,full_TotEmiss,1,6.0,33246935.395562347,,6.867042318290161,3,3,LOCALLY_SOLVED,Solve_Succeeded,0.021361084,0.4216915690946808,32807292.83329539,71.17352573492602,6.867042468499325,503.5799878577167,1.592252629154286e-16,1.592252629154286e-16,9.702978843482804e-09,9.279253385579277e-09,1.000000005618474,0.3825087971372829,1.5669568427944046e-08,-9.300334342741936e-09,-6.08281150620357e-09,-5.168814062626393e-09,-2.8541006176885187e-10,-1.9009872067695663e-10,-5.4715892346774584e-09,-4.901909520155929e-09,7.96876392028575e-11,-9.252590136980772e-11,-5.471589025010603e-09,-4.903350982290788e-09,8.899148776756446e-11,-8.974069318819779e-11,-6.074236579145005e-09,-5.157319078226822e-09,-2.4577007498303007e-10,-1.8184640803895583e-10,-5.636160005425211e-09,-4.971968612280764e-09,2.3592012092809057e-12,-1.1486802466822683e-10,-7.462411413088058e-09,-5.715627962692987e-09,-1.1407398436848155e-09,-3.7643711743782655e-10,1.8949184862950664e-08,4.478503718776551e-09,7.287239863415351e-09,-1.71459254730928e-09,0.1583525225572213,0.3825088878233897,1.5277352250091482e-08,2.7719261807132483e-08,0.8416473793994578,-8.651557185451848e-09,-7.098366399205401e-09,-9.702978843482804e-09,1.9425215693670716e-08,3.0047695578617793e-09,7.0323920493389915e-09,-3.322732509059713e-09,1.0974566283168588e-07,-5.670581630601278e-09,-2.366001244899171e-09,-9.00783084859798e-09,-4.237382216612479e-09,-6.0993341503641914e-09,1.707243146259329e-09,3.3074488924577604e-09,-6.758679451337297e-10,-7.87069414081746e-09,-8.879424143919834e-10,-2.8243238500576413e-09,-6.07954359408606e-10,-7.46427131478289e-09,2.4791709974222334e-10,-1.374670534637143e-09,-6.079543361122887e-10,-7.466466268488245e-09,2.768624063879783e-10,-1.3332902987960816e-09,-6.74915175460556e-10,-7.853190414572661e-09,-7.646180110583158e-10,-2.7017180622930573e-09,-6.262400006028007e-10,-7.57095220506389e-09,7.339737095540594e-12,-1.7066106522136556e-09,-8.291568236764506e-10,-8.703342579555229e-09,-3.548968402574981e-09,-5.592780030504852e-09,-2.745979385326724e-11,0.3846379584694942,0.2146200421903336,-9.582986843897206e-09,-9.377755902554006e-09,-9.634170240207681e-09,full_epsilon_grid,0.928184653918268,0.41606252380253805,0.16666826763786505
PF0159,full_TotEmiss,1,7.0,33246935.395562347,,4.16910319940448,3,3,LOCALLY_SOLVED,Solve_Succeeded,0.09516,1.0009995872946031,33246886.2825347,124.46116998169904,4.169103270722876,503.5799881720031,1.592252629154286e-16,1.592252629154286e-16,9.694477198487464e-09,4.405732949663736e-09,0.999999995930454,0.4776747716804045,3.911417237524246e-07,-3.6487225525311013e-09,-3.005571013628518e-09,-2.5387152093995033e-09,7.2663931053266e-09,7.385009601968956e-11,2.2330987084364726e-09,4.370045212294306e-09,1.8337278602084823e-08,6.854665778879761e-10,1.663061571216873e-09,3.348936604802212e-09,1.7296550787261106e-08,6.303400972693118e-10,-1.215572329780811e-09,-6.275669393501285e-10,1.1159854879044076e-08,2.9397096547903356e-10,1.5113696066310543e-09,3.1416695567335987e-09,1.7022840018024618e-08,6.15359476538251e-10,-5.31468239605739e-09,-4.349844970317029e-09,3.304410057418371e-09,-1.7034643946365038e-10,6.558578415161601e-09,5.640296897009839e-09,2.3626484769500744e-08,-5.1822145684550375e-09,0.9999993373824528,0.4776747684859256,3.3366380724349064e-08,-6.773762330709358e-09,3.78192506924534e-07,-8.492787708264299e-09,-6.606354429605879e-09,-9.694477198487464e-09,2.2230214793831645e-08,5.301814706820574e-09,1.6251663871342784e-08,-7.445795243102976e-09,2.585298198069411e-07,-4.849560093671939e-09,-5.0507164648580214e-11,-9.12764307279008e-09,-2.3761234292664422e-09,-2.8426073853899398e-09,1.873948757938595e-08,8.210090204284068e-10,-3.33952334847613e-10,-3.865770887040153e-09,2.2606556327682755e-08,1.0972014265782446e-09,2.4812207871516355e-10,6.654387027811783e-09,5.704931120648613e-08,1.01840748714785e-08,1.8478461902409695e-10,5.099517102767005e-09,5.3811491338145656e-08,9.36505287371549e-09,-1.3506359219786783e-10,-9.55613294010423e-10,3.4719548512581575e-08,4.367568629974213e-09,1.6792995629233929e-10,4.783905915935251e-09,5.2959946722743265e-08,9.142483651425442e-09,-5.905202662285986e-10,-6.623627568437294e-09,1.02803868453016e-08,-2.5308613863170915e-09,4.7271940964719076e-12,0.6849071270089527,7.309917157182278e-08,-2.2906672891052802e-10,7.587959972426799e-08,-8.580750146344016e-10,full_epsilon_grid,0.9416657806152832,0.9893516049111309,2.7867724763915753e-07
PF0160,full_TotEmiss,2,6.0,28129277.69358055,,6.867042318290161,3,3,LOCALLY_SOLVED,Solve_Succeeded,0.251806625,0.9730251372942132,28129277.98629286,121.8886167816904,6.867042469250325,503.5799875488867,1.804552979708191e-16,1.592252629154286e-16,9.93135870116388e-09,9.532756625437353e-09,1.0000000084253178,0.5250673922100887,2.9768671988001283e-08,-9.302381944941047e-09,-7.918221707607581e-09,2.123658004748646e-09,1.5127604590845996e-09,-4.808165132978368e-11,-7.660244305391633e-09,0.1675707716434389,3.410600281017531e-09,4.6005328936387366e-10,-7.750779125281113e-09,0.0173419102866466,3.940697890085897e-09,1.2650518968410362e-09,-7.760557611826114e-09,2.0325958571467635e-08,3.6709905534186102e-09,1.106925181002983e-09,-7.686389133839092e-09,0.0232221198645449,3.427491433396264e-09,3.374551766046923e-10,-8.62753759188367e-09,-5.528265114716784e-09,-1.0627950748451511e-09,-4.0843491102375275e-10,9.713074803272736e-09,2.459435214085974e-08,-4.7766961710581e-09,-9.58506068278393e-09,0.9999995707727553,-8.339355696090996e-09,-7.711001048943609e-09,-9.806602323099768e-09,5.693442530178478e-08,-9.638274456371541e-09,-9.240028424306677e-09,-9.93135870116388e-09,4.923197840931971e-08,-7.604122814839009e-09,-6.917925219018828e-09,-9.729169217100884e-09,3.81100419552049e-07,-9.135699212931956e-09,-8.497419640095267e-09,-9.871564990170093e-09,-6.656524818375041e-09,1.8754234113962776e-08,5.657233040330779e-09,-3.3985627366159922e-09,-8.798024119563976e-10,3.2337519617763463e-09,4.706365872707644e-09,-7.143559626139288e-10,-8.511382561546254e-10,0.2551645840934184,1.0610756429832322e-08,6.83507744197755e-09,-8.611976805867898e-10,0.0264069997546665,1.2259948991378345e-08,1.8795056753066823e-08,-8.622841790917902e-10,3.0950891461098444e-08,1.1420859499524566e-08,1.6445745546330036e-08,-8.54043237093232e-10,0.0353609552482843,1.0663306681677264e-08,5.013619766698286e-09,-9.58615287987074e-10,-8.418040061046011e-09,-3.3064735661849153e-09,-6.068175820924327e-09,-2.157106593993033e-15,0.4058135514694103,0.0156077004073647,-6.940756463053988e-13,0.0325110646004365,-1.4047469851109834e-12,full_epsilon_grid,0.7847227553115236,0.961675082877128,0.16666826768425885
PF0161,full_TotEmiss,6,2.0,7658646.88565336,,17.658798793832883,3,3,LOCALLY_SOLVED,Solve_Succeeded,0.232106541,0.437749476891456,7658647.1554200575,72.6652016477661,17.488474575819097,503.5799885099492,1.592252629154286e-16,1.592252629154286e-16,9.55163670373267e-09,8.785487208194947e-09,0.9999999947309974,0.4274656585810956,3.533846257365517e-06,1.4492509212386346e-06,-4.189108013232213e-09,-2.7049192369961483e-09,9.826110558468309e-09,3.3764702099767725e-10,-2.617119374992029e-09,-3.592686442056874e-10,1.7049629675496303e-08,1.000358673871179e-09,6.136839684363161e-09,3.1956067804157076e-08,1.0359124353141416e-07,1.6130331771521627e-08,-3.416524350216774e-09,-1.6377750772920614e-09,1.2179453623733888e-08,7.27773295014859e-10,6.1368400320735445e-09,0.1693286053732234,6.863387426634911e-07,7.510381720377759e-08,-5.66945544673129e-09,-4.166058432323126e-09,4.524998989690185e-09,-3.906009633026762e-11,-1.0211075416823683e-09,3.7949673515467214e-10,2.8114112959269953e-08,-3.3580986730748606e-09,3.419120172543659e-09,2.5810720543802223e-09,2.0633442929426253e-08,-6.289714190188553e-09,0.4166101646120037,-7.669606824077832e-09,-4.941174790345529e-09,-9.55163670373267e-09,9.801836907146407e-10,1.429213742186708e-09,1.787099626538334e-08,-3.896951664718164e-09,0.58338983489298,0.0002957158292256,2.8837378033835777e-08,-7.744986465660756e-09,-4.131596603449604e-09,-3.04105445266953e-09,1.6678543682961448e-08,1.2414041584896346e-09,-4.654564459146901e-10,-4.1188542926986805e-09,3.057012173745695e-08,5.016470026251205e-09,-2.9079104166578094e-10,-5.470681627677512e-10,5.3043292323766275e-08,1.4862471726086086e-08,6.81871076040351e-10,4.86603759745119e-08,3.2228386876439954e-07,2.39650643462607e-07,-3.7961381669075255e-10,-2.493884776785639e-09,3.7891633496060986e-08,1.0812631811649334e-08,6.81871114674838e-10,0.2578412854546811,2.1352760882864168e-06,1.1158281413132663e-06,-6.299394940812542e-10,-6.34377079467385e-09,1.4077774634591684e-08,-5.803214311925473e-10,8.393787905279332e-15,3.942904434809122e-16,0.1062356596130462,-4.8262593589621595e-14,0.4688859267659531,-5.405626060613087e-13,full_epsilon_grid,0.1569445928380722,0.4321105500471153,0.8228182396860498
PF0162,full_TotEmiss,7,1.0,2540989.1836715625,,20.356737912718565,3,1,LOCALLY_SOLVED,Solve_Succeeded,0.075911542,0.6079817793464163,2540989.489210862,88.31893504082865,20.35660551843815,503.57998776116307,2.526374171591467e-16,1.592252629154286e-16,9.858773454260963e-09,9.950492898851549e-09,0.9999999996608224,0.4585264238583359,7.37317533507012e-07,4.888405053000061e-07,-6.520123358584849e-09,-4.67335448875592e-09,3.083687868148759e-09,-1.2967479149261127e-10,-5.4895534522181425e-09,-3.2669771458450827e-09,6.891576911841485e-09,9.60464560854576e-10,-5.468992220850533e-09,7.601703616241627e-09,1.264892793932146e-08,8.883342068321624e-09,-5.9776037005493464e-09,-4.163695196802575e-09,3.352983343204356e-09,2.0270243896309027e-10,1.3419959934973823e-09,0.1817558859178278,1.445240189898531e-07,2.2975017360971565e-08,-7.078093873902778e-09,-5.380129512357513e-09,7.743693918584919e-11,-3.6596310422029586e-10,-4.758297067943713e-10,8.118961515590191e-09,2.6548322148507945e-08,-3.8595492336854735e-09,1.5516079104452656e-08,5.037438617307003e-09,5.601913403330852e-09,-4.111414285452169e-09,1.6190344035015904e-08,-9.281887324354193e-09,-8.560338635952513e-09,-9.858773454260963e-09,5.114828892331263e-09,4.233975841092989e-09,2.732308952647714e-09,-8.473560317297198e-10,0.99999999949951,5.905712945036755e-06,2.778157723156128e-09,-9.218551794907184e-09,-3.748142511985364e-09,4.5840240912728575e-09,6.949460616706832e-09,9.68489070445567e-10,-7.244581509538718e-10,-7.116244335151061e-09,9.593695589796137e-09,-1.926596902175938e-09,-6.099503835797931e-10,-4.974715199355011e-09,2.144046150350684e-08,1.4269759189839417e-08,-6.076658023167256e-10,1.1575321415640661e-08,3.9352220255666775e-08,1.3198108215792125e-07,-6.641781889499271e-10,-6.34017223149483e-09,1.0431503734413552e-08,3.011579093165912e-09,1.4911066594415355e-10,0.2767646444657833,4.4963028130176507e-07,3.413431150772918e-07,-7.86454874878086e-10,-8.192469939271668e-09,2.409149219115307e-10,-5.437166119844395e-09,3.195223526674213e-16,-6.305608254359762e-18,7.378036586170447e-15,-1.1345901364571412e-14,0.65113329295379,-8.010431519758467e-14,full_epsilon_grid,5.3492676815795025e-08,0.6005194665919892,1.0
PF0163,full_ISI,1,1.0,33246935.395562347,124.46120778773845,,3,3,LOCALLY_SOLVED,Solve_Succeeded,0.070727708,0.0019996095482432,33243370.3492338,124.46120046352308,4.169098759633046,503.57998854620166,1.592252629154286e-16,1.592252629154286e-16,9.293958016792721e-09,0.0,1.0000000028654032,0.4776748729792412,5.335778687876819e-08,-8.887150163648523e-09,-2.452508010016883e-09,-4.433476095852226e-09,2.5024748779595604e-10,-4.768109266493928e-10,-1.1686992289193355e-09,-4.122483001408477e-09,5.054512969775548e-10,-4.692533366392392e-10,-1.956229591761095e-09,-4.309489040493239e-09,3.5931610371306716e-10,-4.73543629439857e-10,-2.484988021419702e-09,-4.4387246511334144e-09,2.505856944375383e-10,-4.768397113413012e-10,-2.2626429212058702e-09,-4.384219849449001e-09,2.9723472190266534e-10,-4.754235447645313e-10,-3.471749033472194e-09,-4.689865836355169e-09,2.2174992490467612e-11,-4.840355142959242e-10,5.2257605674529136e-08,3.789928050599459e-09,7.651582874776104e-09,-5.397197033091201e-09,0.9999997126934028,0.4776749371991723,2.0230591799557104e-08,6.732568257224392e-08,1.1782352127795645e-07,-4.087717643396929e-09,1.0476600241417084e-10,-8.5803534735061e-09,5.009914425850377e-08,1.761931841910663e-09,6.330005888425686e-09,-6.275853802751695e-09,6.820878990377779e-08,-6.843537731302534e-10,3.938022959216656e-09,-7.460469014179465e-09,1.7112735543893812e-08,1.5454325415971206e-09,8.175552798740897e-09,-3.212439468441508e-09,-2.7250089000187576e-10,-6.750974964138616e-09,7.785477398096411e-10,-7.084048053076691e-09,-1.2985546987992614e-10,-6.2774172975992725e-09,1.5725151461523927e-09,-6.971763858640124e-09,-2.1735884352901043e-10,-6.562176493478341e-09,1.1178723226628755e-09,-7.035505351677877e-09,-2.7610978015774447e-10,-6.758967082407697e-09,7.795999382501191e-10,-7.0844757113564745e-09,-2.5140476902287427e-10,-6.675971134388251e-09,9.247302459194031e-10,-7.063435522215894e-09,-3.857498926080215e-10,-7.1413866144499164e-09,6.898886552589921e-11,-7.1913847838251605e-09,-6.572087308777893e-12,0.6849075357248253,-3.5242860055683203e-11,-9.105260715214065e-09,-9.269031537608008e-09,-9.293958016792721e-09,full_epsilon_grid,0.9415579565738428,0.9893519328463801,0.0
PF0164,full_ISI,1,2.0,33246935.395562347,109.1344062983091,,3,3,LOCALLY_SOLVED,Solve_Succeeded,0.12807025,0.0880987421508618,33246935.5725009,109.13440645649774,5.5655361256162115,503.5799883988713,2.436146522606058e-16,1.592252629154286e-16,9.332460665562694e-09,5.762354665393492e-09,1.0000000024816016,0.4669708171916543,3.6987698253498314e-07,-7.1672857035553594e-09,-1.9663416520112107e-10,7.288716814172988e-09,1.0679520066708705e-08,2.545505250500108e-10,5.117354075526378e-09,0.0667319568394884,1.920380470731178e-08,7.322103061691073e-10,5.117352932935795e-09,7.633555100149303e-08,1.9275798114044965e-08,8.166620797580325e-10,4.680226741735645e-10,1.0340694889598196e-08,1.2000256115991834e-08,3.8093949880949475e-10,1.047856145021207e-09,1.4637670277669326e-08,1.2861386163343833e-08,3.7164188018741857e-10,-2.1343258004439887e-09,9.422992584129967e-10,7.652451911089396e-09,1.1266914783604251e-10,1.7413219882482592e-08,4.154149681404686e-09,6.646664701879639e-09,-8.274829615131183e-09,0.7414750136467896,0.2986240109315191,1.3199589947078942e-08,-7.904159824758467e-09,0.2585249011017452,-6.133890807246875e-09,-2.853591041809898e-09,-9.332460665562694e-09,2.3422256145825852e-08,9.057727612549749e-12,3.895039306680669e-09,-8.528324286734087e-09,3.026403266660327e-08,-3.895952728532875e-09,-1.5951684924497886e-10,-9.065205097212738e-09,6.167307025830496e-09,8.293346331054782e-09,1.3381126258826704e-08,-6.37984215657359e-09,-2.1848240577902332e-11,1.1098727876127051e-08,3.322517354087151e-08,3.781893515028731e-09,5.685948972807085e-10,0.1016145706419483,5.974517020052554e-08,1.087855312022674e-08,5.685947703261992e-10,1.1623822538863713e-07,5.99691496881399e-08,1.2133265184976485e-08,5.2002519352618256e-11,1.5746058127342708e-08,3.7334130138641265e-08,5.659672553741064e-09,1.1642846055791184e-10,2.2289179740996472e-08,4.00132013970697e-08,5.521536505641648e-09,-2.3714731116044306e-10,1.434864779856154e-09,2.3807628167833677e-08,1.673941624992631e-09,1.481848667001824e-14,0.5178964924629457,0.0659238981083175,-1.5867372460300494e-12,-3.548119490484877e-12,-2.463634113834763e-12,full_epsilon_grid,0.9416672922035026,0.824460356631499,0.08626636496837789
PF0165,full_ISI,1,3.0,33246935.395562347,93.80760480887976,,3,3,LOCALLY_SOLVED,Solve_Succeeded,0.170086166,0.122594882626608,33246935.5616311,93.80760445686975,6.126644985871184,503.579988489399,8.120488408686858e-17,5.126570965080088e-17,9.217278675960196e-09,5.4083580495766245e-09,1.0000000021976174,0.4338259990742084,3.744292464567216e-07,-7.1649716499490465e-09,5.487173093886502e-10,8.178167492413276e-09,1.09948434726483e-08,2.6833423459179054e-10,6.3955793448754694e-09,0.0436199812631746,1.918599948861112e-08,7.218247759393947e-10,6.3955793174810955e-09,8.091872082153847e-08,1.9181568434365782e-08,7.949906455256718e-10,1.0962860780181014e-09,1.0524108919748342e-08,1.2011112451859437e-08,3.7307475387277365e-10,1.647376289131238e-09,1.4107849196540164e-08,1.272460522774794e-08,3.604271340643605e-10,-1.1950951515508324e-09,2.2989622968631107e-09,8.531853324184076e-09,1.6246820519520359e-10,1.9005630156742745e-08,2.7722849993333758e-09,6.0877473131576636e-09,-8.32274783583666e-09,0.505093637317554,0.3237843892532156,1.4126743984755515e-08,-7.767842609941867e-09,0.4949062676271806,-5.328515819975203e-09,-1.708226365513294e-09,-9.217278675960196e-09,2.3634168455830336e-08,-3.924045336522571e-10,3.820994356063154e-09,-8.52047948203618e-09,2.9367500141030617e-08,-3.5626782934193227e-09,3.804146227955146e-10,-8.99789489928986e-09,8.702869325260301e-09,7.2573257137709406e-09,1.2020533792305552e-08,-6.853627026884365e-09,6.096858993207222e-11,1.2453118681629308e-08,3.42061796926836e-08,3.986680056792317e-09,7.10619927208385e-10,0.0664213351052886,5.968977618679015e-08,1.0724253813956718e-08,7.106199241645657e-10,1.2321714306916085e-07,5.967599068469354e-08,1.1811289590667122e-08,1.2180956422423344e-10,1.6025347673253157e-08,3.7367905405784924e-08,5.5428249146812085e-09,1.8304180990347083e-10,2.1482406731095247e-08,3.958766070854914e-08,5.354917420384785e-09,-1.3278835017231468e-10,3.500692588405191e-09,2.6543543675239345e-08,2.4138133343287392e-09,1.6368937812536107e-14,0.4594628048631198,0.1262011522763488,-1.6907238912119325e-12,-4.2615775507573496e-12,-2.529452589836789e-12,full_epsilon_grid,0.9416672918701556,0.6595686944291081,0.12092944610962653
PF0166,full_ISI,1,4.0,33246935.395562347,78.48080331945043,,3,3,LOCALLY_SOLVED,Solve_Succeeded,0.100629083,0.1495684162427194,33246935.553247225,78.48080268294584,6.5659806341494775,503.5799885403785,1.592252629154286e-16,1.592252629154286e-16,9.152767304435871e-09,5.1353205801479645e-09,1.0000000020623354,0.397409785238088,3.7646269910146377e-07,-7.1642127811114065e-09,9.117871330031893e-10,8.561278109436682e-09,1.1124249958102337e-08,2.7423137517456087e-10,7.038803509416592e-09,0.0074106342252547,1.917935777110676e-08,7.177110905177064e-10,7.038804806599129e-09,8.43200501094239e-08,1.9129117208739732e-08,7.839437594400373e-10,1.403937738497775e-09,1.0599735381737345e-08,1.201111732188936e-08,3.6885954758217125e-10,1.936474398323347e-09,1.3846797782021812e-08,1.2657120317517352e-08,3.556384704560485e-10,-7.159846278186726e-10,3.0188808464189723e-09,8.942737238701054e-09,1.8494063845994019e-10,1.97185911020858e-08,2.177738220103967e-09,5.816683153623541e-09,-8.346511779335351e-09,0.2719403847793797,0.3787144725921949,1.4567480901433572e-08,-7.702337760596883e-09,0.7280595152438202,-4.841418290988158e-09,-1.0711550679449531e-09,-9.152767304435871e-09,2.374418318154481e-08,-5.652642653516855e-10,3.782268663654356e-09,-8.519535971803481e-09,2.89723956353042e-08,-3.407904635925124e-09,6.360999881855502e-10,-8.965009718593299e-09,1.0033051254397848e-08,6.612476874876775e-09,1.1329444440945733e-08,-7.059630512201029e-09,1.0130968144479876e-10,1.3036491666642221e-08,3.4608777647429495e-08,4.07429471687919e-09,7.820892788240654e-10,0.0112843748430016,5.966911306566546e-08,1.0663136201977352e-08,7.820894229554586e-10,1.2839643993935002e-07,5.9512809093856935e-08,1.1647164425966266e-08,1.5599308205530827e-10,1.6140506149463682e-08,3.736792055698912e-08,5.480198992649401e-09,2.1516382203592736e-10,2.108489662262412e-08,3.937770765449842e-08,5.28377156106129e-09,-7.955384753540805e-11,4.596932197956163e-09,2.7821849187069954e-08,2.747689485690539e-09,1.750690585692568e-14,0.4168573885748111,0.1856552343796505,-1.777309588795888e-12,-4.710031173227114e-12,-2.610627312704819e-12,full_epsilon_grid,0.9416672916130452,0.49467703465492896,0.14806986092609106
PF0167,full_ISI,1,5.0,33246935.395562347,63.154001830021095,,3,3,LOCALLY_SOLVED,Solve_Succeeded,0.044850958,0.1930396987894421,31928989.133606467,63.15400194464366,7.273070613690999,503.57998896506825,1.592252629154286e-16,1.592252629154286e-16,9.007228187685037e-09,1.2464284186565462e-09,0.999999994783172,0.3681867658598021,2.392917282083466e-07,-7.3107790828354505e-09,1.619158841631255e-09,-1.869659912072552e-09,5.473588696962351e-09,7.438711987440925e-11,7.650083844633194e-09,7.86059278078843e-10,7.951596668678162e-09,2.8274254878864624e-10,7.650102261037888e-09,7.800648149686383e-10,7.976140356159432e-09,2.849577913297134e-10,2.223205473560634e-09,-1.582168597286122e-09,5.8349394245930254e-09,1.0319725274281488e-10,3.819927387895535e-09,-8.809806443850135e-10,6.543834044274812e-09,1.6256275699102888e-10,-2.191864090947794e-09,-3.5340678320951972e-09,3.397515261275871e-09,-9.660627804050017e-11,2.3242550312706615e-08,2.728591080338918e-09,1.424228369233878e-08,-5.276620368632111e-09,0.0316888281261344,0.3681867875250894,4.37697762275734e-08,1.1130208030875338e-08,0.9683110356977342,-5.308238139057411e-09,-5.907470935408364e-10,-9.007228187685037e-09,2.8823962540832848e-08,8.340857213747024e-10,1.0983113865785654e-08,-6.647840167651269e-09,5.2033096245543136e-08,-2.318128853158233e-09,5.025678673912016e-09,-8.114732501254786e-09,3.781234891072433e-09,-1.7065159413328307e-09,1.3020318984286893e-08,-2.2585333566530847e-09,1.7990653795902828e-10,-2.846982138837749e-09,1.7028942612771756e-08,1.1051800667055088e-09,8.500093160703546e-10,1.1969539007109656e-09,2.4738300746998733e-08,4.2007464391456e-09,8.500113623375427e-10,1.187825968247699e-09,2.4814658885829344e-08,4.233658614041457e-09,2.470228303956259e-10,-2.409211273140231e-09,1.8153144876511633e-08,1.5332163264646774e-09,4.24436376432837e-10,-1.3414932539499066e-09,2.0358594804410527e-08,2.415218103866714e-09,-2.4354045454975477e-10,-5.381421471599504e-09,1.0570047479524932e-08,-1.435293273744574e-09,5.551377338352754e-12,0.3394488052726812,0.2469192927385377,-7.368106886408974e-09,-7.465829443397754e-09,-8.273518842667578e-09,full_epsilon_grid,0.9012494858113438,0.3297853860223689,0.19175107694516105
PF0168,full_ISI,1,6.0,33246935.395562347,47.827200340591766,,3,3,LOCALLY_SOLVED,Solve_Succeeded,0.024217334,0.2774987592681707,26775606.012740787,47.82720083322505,8.645677744934002,503.5799884741206,1.353414734781143e-16,5.126570965080088e-17,9.155152639366586e-09,5.356991627156751e-09,1.0000000018504849,0.3568305627088148,2.8471368493061597e-07,-7.2664977633458364e-09,-3.429270023031508e-09,-2.0770009759435815e-09,5.0714827904999676e-09,6.2867503804593556e-12,-1.911242583933155e-09,2.0400123709073207e-10,7.258633391098919e-09,1.6805312394253858e-10,8.149952118194026e-09,0.0641210605392476,2.0463600884783183e-08,1.2309146895933887e-09,-3.002765714707834e-09,-1.478763575963958e-09,5.786049171911767e-09,5.7764216104692896e-11,-1.052922507676452e-09,1.8458097385387678e-09,8.499800790715643e-09,2.6191311500667255e-10,-5.664720754615353e-09,-4.334731395373153e-09,2.0536589082814355e-09,-2.2056344399061839e-10,3.657164281227263e-09,8.448380223529671e-09,1.6983323891528697e-08,-4.941373458516259e-09,1.249168684998072e-08,0.1950706154041683,3.2201209523343974e-08,-2.5689983038106693e-09,0.9999999703719392,-1.9803479191981873e-09,1.745287256657491e-10,-9.119145473799642e-09,5.6522621637779975e-09,6.853911240179998e-09,1.4351784244199022e-08,-6.363939480707547e-09,2.0777486260716507e-08,3.607567616160364e-09,7.375724904551301e-09,-8.141320235629921e-09,-3.4211991311786627e-09,-3.0689658445337973e-09,1.1634962565798012e-08,1.329375124365021e-11,-3.810300025590563e-10,-3.1627060315504533e-09,1.5777946459333232e-08,9.340314850968184e-11,-2.1236028710368383e-10,3.106382473881602e-10,2.258241499452997e-08,2.4967892700034294e-09,9.055502353548916e-10,0.0976388876393088,6.366453608599211e-08,1.828787538824463e-08,-3.3364063496753697e-10,-2.2517536270360262e-09,1.8001041868169943e-08,8.582112106982942e-10,-1.1699138974182795e-10,2.810664829138578e-09,2.6443824682226443e-08,3.891280565813421e-09,-6.294134171794833e-10,-6.600613715681845e-09,6.389161047986687e-09,-3.276942596432044e-09,5.189687301821543e-12,0.1755635621159652,0.3127089338043313,-7.739953219935076e-09,-7.497321462319469e-09,-8.565912289928405e-09,full_epsilon_grid,0.7432093446516675,0.16489373337567798,0.2765453044747576
PF0169,full_ISI,2,1.0,28129277.69358055,124.46120778773845,,3,3,LOCALLY_SOLVED,Solve_Succeeded,0.170844458,0.202887416789204,28129277.97448318,94.31742191884813,7.428999396247688,503.5799877872973,1.592252629154286e-16,2.0506283860320352e-16,9.748662092038656e-09,9.148150968624146e-09,1.000000006955171,0.4704172922079245,7.062639372049432e-08,-9.047582618476509e-09,-4.291869836756994e-09,2.2098118494522258e-08,3.746410762481759e-09,2.2230086716986142e-10,-3.636186554289495e-09,0.1864716250463799,4.807555501110466e-09,5.06483279673396e-10,-3.6361865406046934e-09,2.744353355016347e-08,4.975543759852964e-09,8.20838672794472e-10,-4.285651334679589e-09,2.0986282949192543e-08,4.484872739785682e-09,6.583250610753333e-10,-4.2833493720114174e-09,2.3162203953175448e-08,3.838053211288883e-09,2.3943361304890535e-10,-4.3195882183546525e-09,1.8750356554088776e-08,4.355871212413016e-09,6.219954160566041e-10,4.513039624039206e-08,-7.389276817392405e-09,-6.0276238121574485e-09,-9.621685004591402e-09,0.4779368891611497,-7.574628950314512e-09,-6.2530296270027215e-09,-9.643147123597914e-09,0.5220629655369275,-8.699356828071565e-09,-7.420269538302656e-09,-9.748662092038656e-09,4.571861919695803e-08,-7.820402058775921e-09,-6.219221549463921e-09,-9.616047608551913e-09,4.593922961877859e-08,-8.233098030726828e-09,-6.9312117999294504e-09,-9.710893358400891e-09,4.263866207584992e-08,-5.826293905297647e-09,-4.267512832261954e-09,-9.378695572704523e-09,-4.768744263063324e-10,3.364940770756797e-08,1.1655500149943248e-08,3.302755740809369e-09,-4.0402072825438815e-10,0.2839454290478967,1.4956839336788113e-08,7.524894440861882e-09,-4.0402072673385456e-10,4.178901699683983e-08,1.5479469475098106e-08,1.2195317424375012e-08,-4.761834816310652e-10,3.195638539990683e-08,1.3952937412666565e-08,9.780829478833524e-09,-4.759277080012684e-10,3.52697196559717e-08,1.1940609990676524e-08,3.557299393869451e-09,-4.7995424648385e-10,2.8551679298271545e-08,1.3551599327507161e-08,9.241074752840976e-09,1.2588484055451469e-15,0.2896983387627597,0.1331260496100418,-7.713941243624001e-13,-1.7429489581710494e-12,-1.0640070020393214e-12,full_epsilon_grid,0.7847227549493531,0.6650535078120603,0.20138373902710105
PF0170,full_ISI,2,3.0,28129277.69358055,93.80760480887976,,3,3,LOCALLY_SOLVED,Solve_Succeeded,0.227824958,0.2036963124784921,28129277.820904296,93.80760416196009,7.442183246232174,503.57998854956486,3.1845052583085723e-16,3.1845052583085723e-16,9.150795737602414e-09,4.146550176392468e-09,1.0000000020552744,0.4691675022087668,3.77107647835729e-07,-7.166477615339249e-09,9.33827028888149e-10,8.600309122509019e-09,1.1136105101561184e-08,2.7881561987599777e-10,7.095712078363855e-09,0.1851133286911273,1.9203241639687842e-08,7.226361886534791e-10,7.095712151376681e-09,1.0405707399494379e-07,1.9193050515779492e-08,7.795835008170257e-10,1.421572013208932e-09,1.066432171879292e-08,1.2000815986486688e-08,3.64500115757991e-10,1.95094526397523e-09,1.3840404851467876e-08,1.2652429741463784e-08,3.5989934102916315e-10,-6.873567255793875e-10,3.111423081747926e-09,8.983257909572517e-09,1.8517212574130448e-10,1.9706225253352352e-08,2.130711846816439e-09,5.794452094926185e-09,-8.347954874299687e-09,0.4702197787031306,0.0021767053169464,1.4658683440068788e-08,-7.704240233152538e-09,0.5297801212745741,-4.690266059763829e-09,-9.91628741532463e-10,-9.150795737602414e-09,2.3671570155329233e-08,-5.489943697735763e-10,3.7693692582542285e-09,-8.536561342057591e-09,2.8823735926463057e-08,-3.3909177222057142e-09,6.609861041802215e-10,-8.961792629691978e-09,1.0086691533149853e-08,6.6849852912148764e-09,1.1299193113342524e-08,-7.130470655409427e-09,1.0375855876534984e-10,1.3095925254729642e-08,3.4645660315968114e-08,4.142403495300539e-09,7.88412453151539e-10,0.2818771141433074,5.974341843458439e-08,1.0736309088565977e-08,7.884124612640755e-10,1.5845054449230074e-07,5.97117127157584e-08,1.1582383440710096e-08,1.579524459121035e-10,1.6238853526343762e-08,3.733587195795858e-08,5.41543029126158e-09,2.1677169599724762e-10,2.1075161932916993e-08,3.936311475122065e-08,5.347075923861852e-09,-7.63729695088208e-11,4.737848783570705e-09,2.7947913496447832e-08,2.751128725299381e-09,2.1072842771476782e-14,0.2884670685516374,0.1350940068664031,-2.1344374580669146e-12,-5.6872407667289326e-12,-3.1300419102923997e-12,full_epsilon_grid,0.7847227502395094,0.6595686912563559,0.20219818501813144
PF0171,full_ISI,2,4.0,28129277.69358055,78.48080331945043,,3,3,LOCALLY_SOLVED,Solve_Succeeded,0.262848584,0.2258400922712858,28129277.93095688,78.48080355630412,7.803336603595283,503.5799878382017,3.1845052583085723e-16,3.1845052583085723e-16,9.661180145173742e-09,7.730630638107693e-09,1.0000000070794446,0.4306510207054174,7.464439797590881e-08,-9.060297257564224e-09,-5.414686078553847e-09,4.2651848294792494e-09,2.641438038259312e-09,1.8882722176879311e-10,-4.2214971448314354e-09,0.1404952126113311,4.5883210259642805e-09,7.789539139399886e-10,-4.221496954203114e-09,4.5455401946102944e-08,4.662654923261218e-09,9.408989403860727e-10,-4.961026758123868e-09,1.13848267652518e-08,3.524719404372038e-09,5.104774698546898e-10,-4.820641045158283e-09,1.9749343233035212e-08,3.637762141628289e-09,4.3462714902136965e-10,-6.250739118340603e-09,-2.2789526588251576e-09,1.4210148820426535e-09,-2.265171907073237e-11,1.2125447824792732e-08,1.70925173164426e-08,-5.292547580285471e-10,-8.988947036100983e-09,0.2391389540059855,0.0762196859703204,-4.0775232232260157e-10,-9.073471705967348e-09,0.7608610045490608,-7.859359776448428e-09,-6.431470339126377e-09,-9.661180145173742e-09,2.9216751354663183e-08,4.374501118960007e-09,-1.400289514853743e-09,-9.081918677857543e-09,3.9749051429174866e-08,-4.8759004596542034e-09,-4.376578974528336e-09,-9.46082931594305e-09,6.443554045141e-10,2.3235793075109337e-08,3.611001065376372e-09,-7.687630422938731e-09,-6.016317865059827e-10,6.4947132630706754e-09,8.217807230140082e-09,2.8054330091363542e-09,-4.690552383146037e-10,0.2139358919308905,1.42747765252222e-08,1.1573029578536974e-08,-4.690552171336791e-10,6.92161802361113e-08,1.4506037539034898e-08,1.3979069971450225e-08,-5.512251953470962e-10,1.733598621072433e-08,1.0965793702490784e-08,7.584236694983962e-09,-5.356267827953645e-10,3.007286355939452e-08,1.131748221839912e-08,6.457317642603205e-09,-6.945265687045111e-10,-3.4702233668473983e-09,4.420935188577144e-09,-3.36539826193738e-10,-9.02607062921574e-15,0.2560238218121231,0.1940195670760804,-2.7291503023277873e-12,-9.529042940906718e-12,-3.847006377022374e-12,full_epsilon_grid,0.7847227536145207,0.4946770440508551,0.22450880781781993
PF0172,full_ISI,2,5.0,28129277.69358055,63.154001830021095,,3,3,LOCALLY_SOLVED,Solve_Succeeded,0.561441125,0.2449621790422546,28129277.797070004,63.154000606592774,8.11557589864654,503.57998859860413,3.1845052583085723e-16,3.1845052583085723e-16,9.056724894391742e-09,3.3703392209935333e-09,1.0000000018648043,0.3908203315985668,3.792064399950658e-07,-7.1662808187484585e-09,1.4375487881666481e-09,9.0315931511325e-09,1.1279121608197008e-08,2.86391260888773e-10,7.97893237574552e-09,0.0906157914925445,1.919696575280807e-08,7.195067185852298e-10,7.978998588960454e-09,1.0975015383340933e-07,1.9058658801377377e-08,7.62519625408534e-10,1.8543340221272563e-09,1.0721250131909782e-08,1.198799882234378e-08,3.588479927948255e-10,2.3548408071101e-09,1.3442949959870073e-08,1.2552811250177382e-08,3.544503827735354e-10,-1.5109868094245558e-11,4.115716129688213e-09,9.495806747737868e-09,2.1251952340125422e-10,2.0730535780292498e-08,1.4027238124716547e-09,5.432326584452952e-09,-8.380117513908338e-09,0.0093550566141089,0.1622210328425366,1.5230075478087983e-08,-7.619506146499567e-09,0.99064483598078,-3.881366752768952e-09,-5.669036336518754e-11,-9.056724894391742e-09,2.3993589452977617e-08,-7.729596169313914e-10,3.705534732347395e-09,-8.539257599328168e-09,2.854914487579116e-08,-3.20396715402484e-09,9.841174565039703e-10,-8.918712256683049e-09,1.200826276856198e-08,5.6771211559975374e-09,1.0339917178401524e-08,-7.374839683307425e-09,1.597276431296275e-10,1.3752653207406302e-08,3.509060055883513e-08,4.254955876061771e-09,8.865480417495018e-10,0.1379831370454655,5.972389345318066e-08,1.0689814104694841e-08,8.865553987733835e-10,1.6711955242814606e-07,5.9293605159840713e-08,1.1328863006069649e-08,2.0603711356969508e-10,1.6325539973589896e-08,3.729599633618064e-08,5.331455892951692e-09,2.6164897856778875e-10,2.046994652980215e-08,3.905319055610741e-08,5.266119972635382e-09,-1.6788742326939505e-12,6.267113197479778e-09,2.9542509881851144e-08,3.157432919104348e-09,2.4170344864768684e-14,0.229938676299221,0.2526145156101078,-2.3924526140724137e-12,-6.761557652658089e-12,-3.422186065601641e-12,full_epsilon_grid,0.784722749508577,0.3297853716271001,0.2437977137440779
PF0173,full_ISI,3,1.0,23011619.99159875,124.46120778773845,,3,3,ALMOST_LOCALLY_SOLVED,Solved_To_Acceptable_Level,0.184387541,0.3059736499677665,23011620.10247957,55.60094356167419,9.107234788455424,503.5799886760144,4.511382449270478e-17,6.29004323589938e-23,9.04141678237364e-09,3.611053619805226e-09,1.0000000014525594,0.3936755686094715,3.76850875477614e-07,-7.160019835354954e-09,3.294991473240008e-09,1.2715962949353036e-08,1.2329833569013922e-08,3.298445910263305e-10,1.0459440397057854e-08,0.0328218708567212,1.9323531177657945e-08,7.020199200741191e-10,1.0459709930825235e-08,0.1232296572518909,1.920969708192494e-08,7.480977329619769e-10,3.420329773178958e-09,1.328629221836626e-08,1.2676348617291153e-08,3.854173550564048e-10,3.668563345842639e-09,1.4565647553387805e-08,1.2811006331221673e-08,3.5470887718331687e-10,2.6756670334427463e-09,1.0092576047028484e-08,1.1809493571439937e-08,3.3665817437120536e-10,2.6895111089755372e-08,-2.700253513425167e-09,1.7986265026168015e-09,-8.804715479658539e-09,0.3086340955639837,8.947754159227794e-09,6.969397750417511e-09,-8.376906961213997e-09,0.6913657609361634,-2.949594801448539e-09,4.0948637687408204e-10,-8.994534588515545e-09,2.7897444517871557e-08,-3.487226931316848e-09,1.0417986440999823e-09,-8.850784672163634e-09,2.9991366924737346e-08,-4.451965736938443e-09,-2.8983064758726927e-10,-9.04141678237364e-09,2.241437634221226e-08,-4.621753391707748e-10,4.486209862711271e-09,-8.391501097821342e-09,3.6611016369333407e-10,1.9362943581969393e-08,3.8359482214709976e-08,4.9005482095340526e-09,1.1621600441175386e-09,0.0499787578954618,6.011765255271359e-08,1.0430010241101196e-08,1.1621899923139146e-09,0.1876451599062883,5.976350203265537e-08,1.1114594889720796e-08,3.8003664146432856e-10,2.0231399514330442e-08,3.943752903157246e-08,5.726200703695156e-09,4.076181495380709e-10,2.2179508774476885e-08,3.985646414157853e-08,5.269960461009278e-09,2.9729633704919393e-10,1.5368240798884282e-08,3.6740646666702026e-08,5.0017785906579095e-09,2.8027950575604143e-14,0.1082413775719407,0.2872049459892724,-2.037020538380662e-12,-5.419988987411054e-12,-2.6898231153188212e-12,full_epsilon_grid,0.6277782092928068,0.24852666345847285,0.3050584690033445
PF0174,full_ISI,3,2.0,23011619.99159875,109.1344062983091,,3,3,LOCALLY_SOLVED,Solve_Succeeded,3.304702083,0.3058301331082868,23011620.227825847,55.64060359473054,9.10490460863494,503.5799878716811,4.776757887462858e-16,4.776757887462858e-16,9.633678008433145e-09,7.693203573568024e-09,1.000000006880004,0.3937542327600197,7.4471500747907e-08,-9.055980926227873e-09,-4.123998502703226e-09,1.7641546836902143e-08,3.530235340451977e-09,3.232652260450374e-10,-3.498629590724762e-09,0.1205198874337775,4.617077154331811e-09,6.414784046310924e-10,-3.246072214402832e-09,0.0355628131240551,4.705475273101998e-09,7.790262651841128e-10,-4.08820290914035e-09,1.8403423203731298e-08,3.8262360418568384e-09,4.940758169355815e-10,-4.062247209929525e-09,2.0386796804170576e-08,3.6600175886863604e-09,3.525823343469706e-10,-4.340304301103261e-09,9.891332537850151e-09,3.42196592746019e-09,3.8280929753572905e-10,4.0378453174921444e-08,-3.3934597505249643e-09,-3.481515259179482e-09,-9.346870254264622e-09,2.8450381209344393e-07,-3.1761568362494493e-09,-3.644578692872316e-09,-9.380263993872377e-09,0.999999591563678,-7.45062811180266e-09,-6.108640394191302e-09,-9.62273193388207e-09,4.315064527920436e-08,-5.186049367618164e-09,-4.110443125826738e-09,-9.392984956161762e-09,4.533570371229125e-08,-6.592165770857925e-09,-5.2756396667308815e-09,-9.540845844483689e-09,2.7902661101395644e-08,5.7452192106145734e-09,-5.918233419477905e-10,-8.919333266322808e-09,-4.582220558559137e-10,2.6863264501646444e-08,1.0982954392517265e-08,4.802797644097698e-09,-3.8873662119164004e-10,0.1835189195014339,1.4364240035698964e-08,9.530536297376232e-09,-3.6067469048920336e-10,0.0541524654389021,1.4639256405206214e-08,1.1574104511306818e-08,-4.5424476768226094e-10,2.8023394423863564e-08,1.1903845463554605e-08,7.3405549944714985e-09,-4.5136080110328045e-10,3.104353149725974e-08,1.1386721387024231e-08,5.238366110297847e-09,-4.822560334559176e-10,1.506180181899909e-08,1.0646116218765034e-08,5.687452420530831e-09,-4.891451424966156e-15,0.1084679463802855,0.2870063980853605,-2.484626822058338e-12,-8.627690612313929e-12,-3.3818671140718527e-12,full_epsilon_grid,0.6277782131368337,0.24895334142911685,0.30491451973090844
PF0175,full_ISI,3,3.0,23011619.99159875,93.80760480887976,,3,3,LOCALLY_SOLVED,Solve_Succeeded,1.773714083,0.3058301805072055,23011620.103409097,55.64059799655147,9.104905376962346,503.5799886771627,1.592252629154286e-16,1.592252629154286e-16,9.045579096083474e-09,3.641325508457583e-09,1.0000000013794483,0.3937541697704989,3.759439744534608e-07,-7.160694975506789e-09,3.436066849270295e-09,1.2513243907138146e-08,1.2285039810337632e-08,3.2859905414485304e-10,9.959805824985436e-09,0.120519721471384,1.9303708328606112e-08,7.031930481034573e-10,1.0969895763634533e-08,0.0355629647986679,1.9262868059556497e-08,7.535740487233677e-10,3.55230533104514e-09,1.3084346986647624e-08,1.2627496609283828e-08,3.8405710919334656e-10,3.8118978862407374e-09,1.4300417397011436e-08,1.2758245718781064e-08,3.531182787480046e-10,2.805279869588747e-09,9.979682031326928e-09,1.177635578833156e-08,3.360515616744675e-10,2.7883245954784638e-08,-2.7662338829275214e-09,1.7401085443543052e-09,-8.810284139566598e-09,7.185686410522314e-07,8.809887751752887e-09,6.899567137888134e-09,-8.383246124290755e-09,0.999999133426376,-2.9726731398663758e-09,4.044485689730521e-10,-8.995198132139111e-09,2.8842136113554754e-08,-3.53921904890658e-09,9.8691775207514e-10,-8.856140448883886e-09,3.110351364000667e-08,-4.495576362412907e-09,-3.3556717580791877e-10,-9.045579096083474e-09,2.3183034065585285e-08,-5.474907031962811e-10,4.414340775847293e-09,-8.399366201001829e-09,3.817852054744771e-10,1.905425776768763e-08,3.822012385438374e-08,4.882043090152102e-09,1.106645091665048e-09,0.183518666785971,6.005598146677455e-08,1.0447439571822794e-08,1.2188773070705027e-09,0.0541526963979716,5.992892285195355e-08,1.1195957295318604e-08,3.9470059233834874e-10,1.992389200239525e-08,3.928554500666079e-08,5.705991336586862e-09,4.235442095823039e-10,2.1775635581812865e-08,3.9692320013985545e-08,5.246328712827497e-09,3.1169776328763836e-10,1.519633400224782e-08,3.663755134147595e-08,4.992766059163517e-09,2.7974733941771888e-14,0.108467931701645,0.2870064329011983,-2.0230083620091597e-12,-5.356003422848379e-12,-2.6712781231452567e-12,full_epsilon_grid,0.6277782093213128,0.2489532812017418,0.30491456719512994
PF0176,full_ISI,3,6.0,23011619.99159875,47.827200340591766,,3,3,LOCALLY_SOLVED,Solve_Succeeded,0.446341417,0.3128612713429868,23011619.98870256,47.8271984131214,9.220097480594177,503.5799886578824,1.592252629154286e-16,1.592252629154286e-16,9.009188293779e-09,0.0,1.0000000017186643,0.3722612962462303,3.818208696992631e-07,-7.1681247522623515e-09,1.8215618952860518e-09,9.305211807296957e-09,1.136443416890047e-08,2.9453663456806526e-10,8.40017596294702e-09,0.0574617099583989,1.9213327007420495e-08,7.207795077847728e-10,8.901933506105152e-09,0.0684379151397765,1.9228114952646668e-08,7.549662035564161e-10,2.1889829283442872e-09,1.0792618987397004e-08,1.1954902709410072e-08,3.4866320370886115e-10,2.662201596822815e-09,1.3132525930934049e-08,1.246907299835625e-08,3.5384911144727965e-10,4.974870770385157e-10,4.915878655932314e-09,9.848475195340885e-09,2.272713064631339e-10,2.1495442987720415e-08,9.041921729324653e-10,5.163510112309465e-09,-8.40389401760302e-09,1.274295448316826e-06,0.0546507825508604,1.5704343050928468e-08,-7.566812839568791e-09,0.9999986125456064,-2.2836233834957544e-09,8.253442510403017e-10,-8.978675143327619e-09,2.429669483097932e-08,-9.070572795596035e-10,3.638400223528793e-09,-8.561053689410042e-09,2.8408593169218898e-08,-3.074788025472357e-09,1.2145656734159067e-09,-8.886934861291285e-09,1.348538628251046e-08,4.962791470888887e-09,9.619361922843565e-09,-7.586085971871121e-09,2.0239576614289464e-10,1.4169299797474911e-08,3.5356017414357015e-08,4.375972856439827e-09,9.333528847718911e-10,0.0874985128911984,5.97747951341971e-08,1.070872411565948e-08,9.891037229005722e-10,0.1042122798719324,5.982080207490074e-08,1.1216640738552465e-08,2.4322032537158743e-10,1.6434215276263616e-08,3.7193030651497996e-08,5.180139026531651e-09,2.958001774247571e-10,1.9997255394831384e-08,3.8792671550441674e-08,5.257186798645298e-09,5.5276341893168387e-11,7.485542498806024e-09,3.06397006077272e-08,3.376602267452275e-09,3.7107491302618046e-14,0.100901563544032,0.3165937556303059,-3.6074362645446977e-12,-1.0618285077608463e-11,-5.062304905218038e-12,full_epsilon_grid,0.6277782058035777,0.16489370733926717,0.3120306787339976
PF0177,full_ISI,4,1.0,17893962.289616954,124.46120778773845,,3,3,LOCALLY_SOLVED,Solve_Succeeded,0.557263417,0.3514761402485477,17893962.149864938,38.46578834925062,9.849526678088926,503.5799887398424,4.0602442043434296e-17,5.126570965080088e-17,8.954940504620145e-09,0.0,1.0000000013824724,0.3597112068018357,3.799263665746116e-07,-7.166716430561412e-09,3.242492068463179e-09,1.1780841968135256e-08,1.209056527110027e-08,3.3041164671541686e-10,1.0487565546665344e-08,0.031069251120669,1.9286847973715622e-08,7.137829650855407e-10,1.0861897038937089e-08,0.111518923515473,1.9255911906523312e-08,7.353103710199378e-10,3.406317578377055e-09,1.2505610618595877e-08,1.2388841053996018e-08,3.621623400690035e-10,3.6800046494124622e-09,1.37578074497782e-08,1.2620042288474486e-08,3.583138959289086e-10,2.545233314324677e-09,9.183367258378189e-09,1.145822238007042e-08,3.1025820893314955e-10,2.5780028921907314e-08,-1.938485274612122e-09,2.686732292501882e-09,-8.695424216452782e-09,2.1135395426780353e-06,2.0328329514106337e-08,9.739477728172748e-09,-8.11250933077225e-09,0.999997746737553,-1.52146670935794e-09,1.6484605029399451e-09,-8.892049014121927e-09,2.7027501588772918e-08,-2.769263568225528e-09,1.8592955751535407e-09,-8.774683742248749e-09,2.9241281611542323e-08,-3.867758018697907e-09,4.753996022484547e-10,-8.954940504620145e-09,2.10304422003382e-08,5.050614986766963e-10,5.437451725421264e-09,-8.29947769098373e-09,3.6027689649590867e-10,1.7939009360569593e-08,3.7615091954534176e-08,4.908973036914764e-09,1.1652850607405931e-09,0.0473099960246551,6.000352702933748e-08,1.0604775481270888e-08,1.2068774487707874e-09,0.1698129062621975,5.990728148696142e-08,1.0924611226581932e-08,3.7847973093078375e-10,1.904263435104372e-08,3.8543061056876495e-08,5.380697623882338e-09,4.0888940549027337e-10,2.094938861670771e-08,3.926235378636506e-08,5.3235207395152124e-09,2.828037015916307e-10,1.3983763779803152e-08,3.5647802960219074e-08,4.609550532721079e-09,6.030452819722002e-14,0.0279628760977737,0.3553664439795068,-4.789791928504008e-12,-1.3999965172996239e-11,-6.304035914906382e-12,full_epsilon_grid,0.4708336611641413,0.06418003817153674,0.3509143194869119
PF0178,full_ISI,5,1.0,12776304.587635158,124.46120778773845,,3,3,LOCALLY_SOLVED,Solve_Succeeded,0.231628709,0.3669275651481827,12776303.530492958,32.61066821972077,10.10337730214318,503.5799878946809,1.353414734781143e-16,5.126570965080088e-17,9.615408963904606e-09,0.0,1.0000000068760218,0.3481055614637831,7.589113210273889e-08,-9.060549973193672e-09,-4.226446074497656e-09,1.4333638507978164e-08,3.3744250141623602e-09,3.7368179391096986e-10,-3.269973741412914e-09,0.0005727063751757,4.542123659049069e-09,7.316137575797537e-10,-3.259638304703268e-09,0.1374150235617892,4.557445453621464e-09,7.432809215365675e-10,-4.136182151168062e-09,1.7247185953536714e-08,3.536028811239934e-09,4.2015948885212935e-10,-4.071582785869276e-09,1.9676634732824005e-08,3.6033917367687147e-09,4.335440750234848e-10,-4.776986255284712e-09,4.9770371965092945e-09,2.7650059188758592e-09,2.2367899580266675e-10,3.0226153846367875e-08,1.7517066365826775e-09,-1.964111908458196e-09,-9.162994805514256e-09,8.673209634117518e-06,6.896225581026165e-09,-1.7774881302167924e-09,-9.188903665605352e-09,0.9999912423554392,-6.5139545737796485e-09,-5.3556271602135725e-09,-9.556689121478869e-09,3.508361783448053e-08,-2.1418752638178083e-09,-2.9358378620620414e-09,-9.280846209843004e-09,3.9227183261872875e-08,-5.097073544577695e-09,-4.261189194254087e-09,-9.43087472167728e-09,1.3152670594791172e-08,1.509074923145734e-08,1.8521280599424846e-10,-8.8375918248347e-09,-4.696051193886283e-10,2.1826222273512204e-08,1.0498211155171784e-08,5.551843795248695e-09,-3.633304157125458e-10,0.0008720756167449,1.4131051383708212e-08,1.0869690112613485e-08,-3.6218203385591854e-10,0.2092456040599973,1.4178719189044554e-08,1.1043030834257574e-08,-4.5957579457422885e-10,2.626276042924908e-08,1.1000978523857571e-08,6.242369548660206e-09,-4.523980873188083e-10,2.9962148343163826e-08,1.1210552069947117e-08,6.441226257491773e-09,-5.3077625058719e-10,7.578670276502787e-09,8.602240636502672e-09,3.3232307947824774e-09,-1.3630624187891413e-13,0.0005176328705991,0.3786712595173298,-4.802977434442343e-11,-1.8502168205438064e-10,-6.41816786405277e-11,full_epsilon_grid,0.3138890925878548,0.0011883918661764383,0.3665962047726847
PF0179,full_ISI,6,1.0,7658646.88565336,124.46120778773845,,3,2,LOCALLY_SOLVED,Solve_Succeeded,0.290473583,0.8231172607432687,7658647.156985366,72.68287822711007,17.483653580396336,503.57998820396045,1.592252629154286e-16,1.592252629154286e-16,9.563273020126476e-09,8.836464575877736e-09,1.0000000016384187,0.4275344441685287,3.6080998345284515e-07,-7.106277994551738e-09,3.612121574156018e-09,1.6581983066484258e-08,1.3173010945669571e-08,2.728336509896599e-10,3.551026700872519e-09,1.7101469313868187e-08,1.3633197615767382e-08,3.4540771236553015e-10,5.287257382717189e-09,0.1181069693120466,1.928146609249308e-08,8.775481856862288e-10,3.3167702910569393e-09,1.6869960719666392e-08,1.4462308356356169e-08,5.59428827991785e-10,9.537063578640177e-09,0.0513660947261445,1.9728225513776343e-08,5.375980883106734e-10,3.1619931173298527e-09,1.5705288824326343e-08,1.4095667599880961e-08,5.376650130829515e-10,4.1815154136493976e-08,-7.2036695986980385e-09,-4.4255663029463505e-09,-9.474363150922664e-09,4.09228180589577e-08,-7.533128532404638e-09,-4.931477463332008e-09,-9.51214758186492e-09,8.040281940739413e-08,-7.801904548806904e-09,-5.60220418350311e-09,-9.563273020126476e-09,3.770415987365924e-08,-7.438621169801921e-09,-4.640871780726517e-09,-9.446423661758216e-09,0.999999733425755,-7.126871791436175e-09,-4.5014717981169845e-09,-9.497692785343221e-09,3.57385648474011e-08,-6.5217103973105405e-09,-3.069915750297639e-09,-9.25286980959024e-09,4.013468415728907e-10,2.5249837851237393e-08,4.098270071986089e-08,4.0535285289892325e-09,3.9455852231916867e-10,2.6040873727935652e-08,4.2414392582387394e-08,5.131771726573591e-09,5.874730425241318e-10,0.1798447032706164,5.998678339886735e-08,1.3037858758766829e-08,3.6853003233965984e-10,2.5688349277673815e-08,4.4993848219774746e-08,8.311514015877948e-09,1.0596737309600192e-09,0.0782165533329928,6.137670159841527e-08,7.987171597758575e-09,3.513325685922057e-10,2.3914871618860557e-08,4.385318808851853e-08,7.988165908660995e-09,9.145962587850552e-15,5.365585908276706e-15,0.1062962698534775,-1.7355181831923226e-13,0.4685790599900001,-2.285141307380866e-13,full_epsilon_grid,0.1569445928860759,0.4323007215225575,0.8225204176993415
PF0180,full_ISI,6,2.0,7658646.88565336,109.1344062983091,,3,2,LOCALLY_SOLVED,Solve_Succeeded,0.298427,0.8231172065235246,7658647.179751626,72.68287818893612,17.48365270270164,503.5799876983514,1.592252629154286e-16,1.592252629154286e-16,9.839246965598191e-09,9.577892971313425e-09,1.00000000701796,0.4275344936452591,7.07520613174143e-08,-9.033216589813349e-09,-4.521304153745944e-09,2.145373523191484e-08,3.7120304760580573e-09,6.089004147188094e-11,-4.54107571849936e-09,2.2059556874339537e-08,4.1504561171557794e-09,2.0576418026509611e-10,-4.573331240363481e-09,0.1181069896217434,5.337174020608372e-09,9.057760608271711e-10,-4.579817262938946e-09,2.1070674572681347e-08,5.2793361361154964e-09,8.89930803769799e-10,-3.883104648950423e-09,0.0513660790766005,4.816525260433334e-09,2.0236098541208187e-10,-4.589000076133015e-09,2.0369123081208703e-08,5.1942078447873685e-09,8.654190632942844e-10,5.7372697029715854e-08,-8.746718849269887e-09,-7.65581413395538e-09,-9.782202719418045e-09,5.4488674671116474e-08,-8.936625937966547e-09,-7.895357224656234e-09,-9.800616429495164e-09,5.024148624944964e-08,-9.202575520878242e-09,-8.354336914816444e-09,-9.839246965598191e-09,4.9448591566324694e-08,-8.883161120145002e-09,-7.687084111978914e-09,-9.767315770422922e-09,0.999999776761452,-8.957683652199754e-09,-7.983280212450942e-09,-9.814971282961666e-09,4.8357984084788465e-08,-8.339547220835593e-09,-6.796511044823445e-09,-9.663958563270904e-09,-5.023671281939934e-10,3.2668187739506696e-08,1.1548539258847288e-08,9.04652044725088e-10,-5.04563968722151e-10,3.3590688876835205e-08,1.291253014226242e-08,3.057067821081427e-09,-5.08147915595942e-10,0.1798447341967456,1.6604541397448272e-08,1.3457244332289398e-08,-5.088685847709937e-10,3.2084890826582955e-08,1.6424601312359323e-08,1.322182908457987e-08,-4.3145607210560225e-10,0.0782165295030053,1.4984745254681482e-08,3.006506068979502e-09,-5.098888973481127e-10,3.1016619237295076e-08,1.6159757739338478e-08,1.2857654654657938e-08,3.282364365851791e-15,4.6129709835635035e-15,0.1062962713012597,-2.552402362337618e-13,0.4685790367456303,-3.5315287422028217e-13,full_epsilon_grid,0.15694459358425475,0.43230072111186735,0.8225203634788424
PF0181,group_TAC_TotEmiss,1,,,,20.356737912718565,3,3,LOCALLY_SOLVED,Solve_Succeeded,1.053072167,0.3060827951554467,11928347.02605418,32.50021411963327,10.108173831245042,503.57998929103934,3.1845052583085723e-16,3.1845052583085723e-16,9.062217036676044e-09,0.0,0.9999999801482968,0.3478862584519632,1.145096024706029e-06,4.1018083505311955e-07,-3.5840590490856166e-09,-3.36509569143911e-09,7.924176411373314e-09,2.017706789017201e-10,-3.9618537401083135e-09,-3.599657486993075e-09,7.091700161335659e-09,1.4470439126206755e-10,2.5600726323592375e-08,0.1379008810533199,2.112844270876686e-07,2.5827441706167512e-08,-3.94191620346448e-09,-3.548860345139713e-09,6.972684750356139e-09,1.5375591272393362e-10,-1.7272530904370786e-09,-1.865238141658768e-09,1.3370213861459875e-08,5.996447342425222e-10,-5.223231526628036e-09,-4.402179886867514e-09,4.161560387380309e-09,-7.128894032826478e-11,-3.0775434625178686e-10,-1.8970528864114502e-09,2.5112107547187825e-08,-1.7084220821446435e-09,-1.1487219663730544e-09,-2.507058389400707e-09,2.3196765014106593e-08,-8.93729672089198e-10,0.99999997366105,-2.2963627901803088e-09,1.6353374983513923e-09,-9.062217036676044e-09,-1.1056003039731055e-09,-2.250731942720323e-09,2.0586271565453308e-08,-7.044838978902186e-10,4.7169417703998495e-09,5.386253990268901e-10,2.7266096805038544e-08,-5.155670859577518e-09,-3.625854565463478e-09,-4.3678201641056285e-09,1.6213199786532294e-08,1.845478371552359e-09,-3.9822878323173496e-10,-5.124122984691373e-09,2.4652993279828084e-08,2.997735800825555e-09,-4.4020597112314574e-10,-5.481296627921273e-09,2.2063067168599826e-08,2.149893813036432e-09,2.8445251470658187e-09,0.2099854325130099,6.573293287171911e-07,3.837219910630601e-07,-4.37990689273831e-10,-5.4039464346445635e-09,2.1692797001107985e-08,2.284373560469871e-09,-1.9191701004856423e-10,-2.8402489884349423e-09,4.1596220902319616e-08,8.909007480174614e-09,-5.803590585142258e-10,-6.703319373184622e-09,1.2947076760738736e-08,-1.0591499705913623e-09,1.6672428262542367e-14,-3.8470164767110844e-16,0.3791108924020471,-2.9124739495528425e-13,8.10281739686535e-13,-1.5569532726779849e-12,reduced_group_grid,0.2878845898144886,8.394904281456382e-08,0.3668925153270727
PF0182,group_TAC_TotEmiss,39,,,,10.104569260952978,3,3,LOCALLY_SOLVED,Solve_Succeeded,0.022404625,0.330933502928981,12663724.086115,32.58315531142019,10.104569422126364,503.57998743409235,1.592252629154286e-16,1.592252629154286e-16,9.981260332591687e-09,9.956574175482384e-09,1.0000000098519868,0.3480510344136438,-9.16558517576527e-09,-9.957090933847771e-09,-9.730884002864315e-09,-5.488081394980538e-09,-1.1346599303073906e-09,-4.09542567311371e-10,-9.705971722220328e-09,0.0004318251022548,3.818856769642526e-09,1.0267058788852167e-09,-9.705511101749122e-09,0.1375342960300454,4.143293777324112e-09,1.428076361209203e-09,-9.707297233917174e-09,2.0695131197584533e-08,3.483027183776819e-09,9.549734708834775e-10,-9.707168212841724e-09,2.4924973412790708e-08,3.330027036819335e-09,7.174637873618696e-10,-9.776194411161729e-09,-6.2849159776711356e-09,-2.427182300178665e-09,-5.798049810287922e-10,-6.850572265948661e-09,4.1549314322024216e-08,-9.011959185801815e-09,-9.943417732292305e-09,3.63443244578492e-07,-8.680136211513938e-09,-9.29183788096306e-09,-9.95648134878803e-09,0.999999631494092,-9.833981252618992e-09,-9.72057500419834e-09,-9.978567403390546e-09,4.531079779264298e-08,-4.573945591874838e-09,-9.134692675571864e-09,-9.950252090214854e-09,5.0334161103287424e-08,-9.534559970240645e-09,-9.493625569814955e-09,-9.965664283314917e-09,-9.06526237736897e-09,4.3607083544780296e-08,-8.612274178508495e-09,-9.920391854412256e-09,-1.0812093336515902e-09,-8.356851215084e-09,-3.5300531165118832e-09,-6.084632428626083e-09,-1.0784413024689247e-09,0.0006575518602517,1.1880887727776746e-08,1.5253915914866077e-08,-1.0783901224165686e-09,0.2094272235002964,1.2890247307230569e-08,2.1217134509393872e-08,-1.0785885815463523e-09,3.1513040687230995e-08,1.0836084571750104e-08,1.4188177281697381e-08,-1.0785742458713023e-09,3.7953936787658574e-08,1.0360084114549042e-08,1.0659461983662064e-08,-1.0862438234624139e-09,-9.570212965999228e-09,-7.551233822778067e-09,-8.614245432427769e-09,-5.647122031926886e-13,0.0003887015706755,0.3787807386187476,-6.573481269337954e-11,-2.7539257144244716e-10,-8.640354015897258e-11,reduced_group_grid,0.3104365894721576,0.0008923973604853877,0.36666984921966134
PF0183,group_TAC_TotEmiss,40,,,,9.83477534906441,3,3,LOCALLY_SOLVED,Solve_Succeeded,0.032829334,0.5536040151359788,18572552.94727795,35.365379489762944,9.834775489527315,503.5799880776225,3.1845052583085723e-16,3.1845052583085723e-16,9.470096153750644e-09,8.677172903554297e-09,1.0000000056055434,0.3495585904778093,1.4995137227701777e-07,-8.613104293216215e-09,-3.553767219400427e-09,3.5827953790346275e-09,4.501093749643934e-09,2.3807490951783367e-10,-1.9342600571830184e-09,2.5601027735667564e-08,6.613806130969871e-09,6.027878160730811e-10,-6.540294728101638e-10,0.1241089333497751,8.187954078959156e-09,9.703314145185438e-10,-3.000533392425781e-09,7.344466125667459e-09,5.301994141116883e-09,3.8297471738099724e-10,-2.5007518243647214e-09,1.3281375361433874e-08,5.9099326387114915e-09,4.658119243132262e-10,-4.760001672794876e-09,-1.243899967517593e-09,3.016792329245975e-09,3.4685226499029154e-11,1.3866151720416024e-08,1.3407557380802904e-08,3.273736236306096e-09,-8.46677464969598e-09,8.459543944780137e-08,0.0364654460896733,4.767624236119418e-09,-8.467585099349742e-09,0.9999998586348596,-5.539657312017134e-09,-3.957111069772574e-09,-9.430074759811603e-09,2.3823314446911284e-08,7.04931135950889e-09,1.945534924769862e-09,-8.692459257786141e-09,4.0054011507603e-08,-1.8515051151329267e-09,-1.28932395410658e-09,-9.129120000133631e-09,2.857703641558672e-09,1.7853681569033458e-08,7.358889288151472e-09,-7.156794372382111e-09,-3.9486302437782504e-10,5.455620236257273e-09,1.4003402776670022e-08,3.537112941407815e-09,-2.149177841314464e-10,3.8983383142948336e-08,2.0576285740795153e-08,8.955704695942917e-09,-7.266994142335152e-11,0.1889840576007939,2.5473634912317373e-08,1.4416352444275504e-08,-3.3339259915841996e-10,1.1183618873175446e-08,1.6495092883474746e-08,5.689910086803388e-09,-2.7786131381830226e-10,2.02239124821834e-08,1.838645709821353e-08,6.9206343040822195e-09,-5.28889074754986e-10,-1.894120405083607e-09,9.385576135431922e-09,5.153233651284332e-10,-8.003994718942667e-15,0.0328189295976569,0.3666979793178075,-8.779722705921454e-12,-3.1911539275657506e-11,-1.2316043477755073e-11,reduced_group_grid,0.491644181728503,0.030824640851185702,0.3500030495315441
PF0184,group_TAC_TotEmiss,41,,,,9.564981437175842,3,3,LOCALLY_SOLVED,Solve_Succeeded,0.024487833,0.6698745557508258,21199170.786783744,38.19282410176423,9.56498159249046,503.57998760969485,1.592252629154286e-16,1.592252629154286e-16,9.841777026237811e-09,9.594645592525588e-09,1.0000000086653271,0.3512085226259954,2.9256015378353487e-09,-9.59534542407136e-09,-8.210244414413016e-09,-4.366655563899855e-09,-2.2226997657212584e-10,-2.008357406658555e-10,-7.838478789335965e-09,-9.965206456341963e-10,1.053290838832226e-09,1.9573873800183246e-10,-7.374088214385945e-09,0.1104983268046338,3.258651048198152e-09,2.492403465824021e-09,-7.946538828451918e-09,-2.817308271668911e-09,6.796563249632847e-10,8.67912059468662e-11,-7.624209065333772e-09,6.339051896958803e-09,1.976831115297839e-09,6.449710095654552e-10,-8.577145338185678e-09,-5.5089285822255185e-09,-1.1329924960553163e-09,-3.792503321181691e-10,-3.2717685924858774e-09,3.444048992392441e-08,-2.812784965734933e-09,-9.30966652132032e-09,9.057130745866746e-09,0.0724513155335253,-3.7154439161092413e-09,-9.478881077222548e-09,0.9999999759998474,-8.691440832650064e-09,-7.999312839415958e-09,-9.828536500355614e-09,3.014845661483848e-09,3.0345109219277775e-08,-3.2149051943682592e-09,-9.403316864139916e-09,8.330583813227491e-08,-2.201087889514299e-09,-5.577885450634391e-09,-9.641359428312772e-09,-6.584227248092961e-09,2.9121575391183586e-08,3.169581279368105e-09,-6.964990242364568e-09,-9.122493793792236e-10,-6.649225517756596e-09,-6.91506593779947e-10,-2.9838452898927102e-09,-8.709420877039957e-10,-1.517429164942981e-09,3.2769048319224814e-09,2.9081183931700813e-09,-8.193431349317712e-10,0.1682588158161469,1.0138025483283142e-08,3.7029994349385447e-08,-8.829487587168793e-10,-4.289992140950387e-09,2.114486344330219e-09,1.2894693454962976e-09,-8.47134340592641e-10,9.652647206732725e-09,6.1501412475932775e-09,9.582426427829621e-09,-9.530161486872971e-10,-8.388595795661582e-09,-3.524865543283207e-09,-5.63457636289851e-09,-5.0071257054344876e-14,0.0652061599181714,0.3544484589977881,-7.363056193663986e-12,-2.9190195721691886e-11,-1.034426905845715e-11,reduced_group_grid,0.5721953545002817,0.06124338325220337,0.3333362520403182
PF0185,group_TAC_TotEmiss,42,,,,9.295187525287274,3,3,LOCALLY_SOLVED,Solve_Succeeded,0.026078625,0.7650609429391834,23178374.21300226,41.02028528231476,9.295187679546892,503.5799876376899,1.592252629154286e-16,1.592252629154286e-16,9.819540162524516e-09,9.529472411768417e-09,1.0000000084561604,0.3528584696099737,6.977225326923103e-09,-9.529283423790393e-09,-8.015351436016124e-09,-4.3215069738348534e-09,-1.8988270348857975e-10,-1.9545946622378568e-10,-7.592007010832853e-09,-1.3382475684264547e-09,9.786861803047151e-10,1.5980957435597895e-10,-6.959259809803421e-09,0.0968876965313507,3.269033053538339e-09,2.43836514007062e-09,-7.7125307322084e-09,-2.8943101589673233e-09,6.504319867465759e-10,7.128046179607509e-11,-7.308971467793694e-09,5.4322605983445045e-09,1.91664848264212e-09,5.923865185131141e-10,-8.424818333897527e-09,-5.439471893157328e-09,-1.0565428499531336e-09,-3.673745271624836e-10,-3.033984826546808e-09,3.356977615473567e-08,-1.989180634994571e-09,-9.156196194012434e-09,8.212440919482012e-09,0.1084371788166064,-2.973589014490332e-09,-9.37766961897733e-09,0.9999999783557908,-8.52588178161287e-09,-7.77356218789527e-09,-9.806234396321173e-09,3.0198145900865526e-09,2.9810723885503194e-08,-2.415999101538844e-09,-9.27727905640176e-09,7.938586209102278e-08,-4.5486522520990957e-10,-5.007418689030986e-09,-9.580241512072618e-09,-6.358275499359336e-09,2.3560016477619e-08,4.2447701168474006e-09,-5.130213338833165e-09,-8.90594604001791e-10,-6.580476528339433e-09,-5.907461886311369e-10,-2.903969212467672e-09,-8.435563345369833e-10,-2.037786070103919e-09,3.044801449836891e-09,2.374313676145973e-09,-7.732510899781576e-10,0.1475335379000114,1.0170325055452609e-08,3.622713922390636e-08,-8.569478591342664e-10,-4.407245014791151e-09,2.023566180989347e-09,1.0590240038274015e-09,-8.121079408659657e-10,8.271851365660949e-09,5.9629063904421515e-09,8.801171132194836e-09,-9.360909259886135e-10,-8.28283220094411e-09,-3.287022199854194e-09,-5.458135832128327e-09,-4.1472746617050335e-14,0.097593436762766,0.3421988925970181,-6.389988390885844e-12,-2.5155997379622228e-11,-9.103692728667096e-12,reduced_group_grid,0.6328921009922726,0.09166230390408021,0.31666945356643866
PF0186,group_TAC_TotEmiss,43,,,,9.025393613398704,3,3,LOCALLY_SOLVED,Solve_Succeeded,0.027036417,0.8492333572896487,24819384.624327857,43.8477421422712,9.025393772216384,503.5799874982067,1.592252629154286e-16,1.592252629154286e-16,9.930333469527921e-09,9.811049101405385e-09,1.0000000093882886,0.3545084081751119,-5.9321404015854876e-09,-9.812608630134917e-09,-9.262908639562191e-09,-5.907188322091834e-09,-1.596802182726238e-09,-4.811632289815836e-10,-9.095094403065985e-09,-5.069205331853306e-09,-3.0228002009133067e-10,-2.999455140026146e-10,-8.837930233429714e-09,0.0832770706076005,6.4549268473107345e-09,4.109741786749713e-09,-9.13723038564073e-09,-5.500477043099456e-09,-6.945877379421756e-10,-3.4281769421631077e-10,-8.939611570747454e-09,-7.978834376584762e-10,2.386098114537116e-09,2.0586105212199028e-10,-9.402718375516145e-09,-6.192036185117094e-09,-2.1697552304040163e-09,-5.497232721844572e-10,-7.634779248936352e-09,4.0019956258504016e-08,-4.5025795497778415e-09,-9.593551944970581e-09,-4.157907717132422e-09,0.1444230394976229,-6.0018861274276984e-09,-9.740615229604788e-09,0.9999999963800544,-9.42191000914171e-09,-9.039937159205404e-09,-9.92367526125625e-09,-5.558483289589512e-09,3.865225014070562e-08,-4.9220415394691894e-09,-9.665443168454513e-09,9.975930078682733e-08,2.644235999238793e-09,-7.04608228480466e-09,-9.812171880929932e-09,-8.649347983168051e-09,1.8768639823022255e-08,8.816920452953603e-09,-2.970979341065681e-09,-1.029212071062465e-09,-8.995036763185293e-09,-4.967829012926074e-09,-7.148710830583528e-09,-1.010566044785109e-09,-7.719017209867534e-09,-9.404267291730288e-10,-4.456333350895987e-09,-9.819922481588568e-10,0.1268082666070281,2.0081994636077842e-08,6.105902083171004e-08,-1.0152478206267475e-09,-8.375726406537806e-09,-2.1609396291534352e-09,-5.093291456928046e-09,-9.932901745274942e-10,-1.2149588709799522e-09,7.423416356337694e-09,3.058507060098141e-09,-1.04474648616846e-09,-9.428782372791942e-09,-6.7503496057013836e-09,-8.167317186740505e-09,-4.8245146241613775e-14,0.1299807012386864,0.3299493369261095,-5.915973903165782e-12,-2.3912561890054743e-11,-8.516249164774943e-12,reduced_group_grid,0.6832173942933516,0.12208117807333525,0.3000026554393117
PF0187,group_TAC_TotEmiss,44,,,,8.755599701510137,3,3,LOCALLY_SOLVED,Solve_Succeeded,0.028657959,0.9263108597538396,26242536.033704378,46.675208044420856,8.755599854285707,503.5799876729657,4.0602442043434296e-17,7.0639058231532e-24,9.791520210702457e-09,9.437794506628134e-09,1.0000000081628726,0.3561583646131724,1.4112100996043044e-08,-9.43579653439642e-09,-7.763696583556943e-09,-4.264969558029385e-09,-1.047956523163392e-10,-1.8956399338927783e-10,-7.270280547492498e-09,-1.6197645445997623e-09,9.933829071188779e-10,1.2633999076078144e-10,-6.372132460153326e-09,0.0696664354776521,3.466510968707966e-09,2.356345986110563e-09,-7.408326686092459e-09,-2.955156746024783e-09,6.958307007443987e-10,5.5475763346938486e-11,-6.892930872767428e-09,4.420023098298968e-09,1.956428889629804e-09,5.271134831464314e-10,-8.213099067374666e-09,-5.3281955014849034e-09,-9.158126161424291e-10,-3.4949091865820186e-10,-2.720070919519197e-09,3.2298826545001546e-08,-8.532811958267091e-10,-8.916592444399621e-09,7.710728678992832e-09,0.1804089006858362,-1.946761569044373e-09,-9.227127236960504e-09,0.99999998089712,-8.314311759454744e-09,-7.482543607515882e-09,-9.777207835895786e-09,3.158545468583004e-09,2.8904385432083632e-08,-1.3196892645748663e-09,-9.084670204403373e-09,7.391534497758767e-08,1.6954672068347271e-09,-4.266666375930547e-09,-9.49665542048252e-09,-5.9982775739487e-09,1.7161505827303306e-08,4.938023862661615e-09,-2.992179757427907e-09,-8.626329537285488e-10,-6.494385463362926e-09,-3.2603091831749967e-10,-2.816379330354984e-09,-8.078089497213882e-10,-2.4664596474587288e-09,3.0905245999253974e-09,1.877051291303038e-09,-7.080147177948137e-10,0.1060829812955157,1.0784700791535892e-08,3.50085689364998e-08,-8.231474095658284e-10,-4.499897772355921e-09,2.1648066245381295e-09,8.242113411545147e-10,-7.658812080852695e-10,6.730489717864337e-09,6.086667656626056e-09,7.831400321032696e-09,-9.125665630416291e-10,-8.113388604533831e-09,-2.849194805776446e-09,-5.192436505778999e-09,-3.2710956968728763e-14,0.1623679867291394,0.3176997586463998,-5.401418312727369e-12,-2.1017571620171212e-11,-7.877217230131605e-12,reduced_group_grid,0.726861548891288,0.15250014952200114,0.28333585665734834
PF0188,group_TAC_TotEmiss,45,,,,8.485805789621569,3,3,LOCALLY_SOLVED,Solve_Succeeded,0.02961975,0.9983044583453502,27509584.368899994,49.50266494783018,8.485805947988707,503.57998750929806,1.592252629154286e-16,1.592252629154286e-16,9.921523473315568e-09,9.783216688216558e-09,1.000000009297816,0.3578083043709332,-5.204415092699391e-09,-9.78482858160201e-09,-9.19087992902102e-09,-5.895278070858742e-09,-1.5778136424858806e-09,-4.783114480596034e-10,-8.999504133355673e-09,-5.120970114105163e-09,-3.787247820910332e-10,-3.0974982686585625e-10,-8.661586537940747e-09,0.0560558098970409,6.3520345178920405e-09,4.121516783765958e-09,-9.046402368949873e-09,-5.509632740360771e-09,-7.248195485575535e-10,-3.4591546272608344e-10,-8.814412210490678e-09,-1.7730929197943986e-09,1.9726277637696155e-09,1.1489426375940147e-10,-9.328515448310845e-09,-6.151445169249046e-09,-2.078495908192616e-09,-5.388025957570826e-10,-7.511982542012671e-09,3.9337756209666224e-08,-3.526762098235041e-09,-9.486045655005141e-09,-3.957377931159358e-09,0.2163947568466905,-5.412009257758641e-09,-9.691915482945074e-09,0.9999999984940195,-9.361590185711042e-09,-8.940810451216537e-09,-9.915244473465346e-09,-5.341343653295805e-09,3.8090655931620575e-08,-4.018466022409412e-09,-9.586084943696924e-09,9.613431253485093e-08,4.791938764482808e-09,-6.660590167648892e-09,-9.78367514757474e-09,-8.473922183483566e-09,1.5925140224110383e-08,8.698899480971451e-09,-1.9737372027658452e-09,-1.021208881002335e-09,-8.97690069880763e-09,-4.908753554400518e-09,-7.1063415140283915e-09,-9.999449037061855e-10,-7.797840855569225e-09,-1.1782548776165475e-09,-4.601997427721292e-09,-9.62398504215638e-10,0.0853577105250396,1.9761885166775234e-08,6.12339636445228e-08,-1.0051558187722076e-09,-8.389668036458446e-09,-2.2549941510679443e-09,-5.139315446216096e-09,-9.793791344989636e-10,-2.699936946050562e-09,6.137064153949915e-09,1.707000490139679e-09,-1.036501716478982e-09,-9.366973325901957e-09,-6.466431714377028e-09,-8.005067136962368e-09,-4.2009696846795563e-14,0.1947552471232804,0.3054502029732956,-5.21222774524012e-12,-2.0877918883541132e-11,-7.705136501774681e-12,reduced_group_grid,0.7657184498928208,0.18291902415873915,0.26666905859406737
PF0189,group_TAC_TotEmiss,46,,,,8.216011877733001,3,3,LOCALLY_SOLVED,Solve_Succeeded,0.027836583,1.066406946916172,28657149.40796613,52.33013107894127,8.216012029433367,503.57998769876974,3.1845052583085723e-16,3.1845052583085723e-16,9.771023709656451e-09,9.371373195242297e-09,1.000000007952109,0.3594582603128205,2.041059753410929e-08,-9.3676636090212e-09,-7.595655387813234e-09,-4.223741369281925e-09,-1.8475931975586696e-11,-1.8532578617174503e-10,-7.053354783648559e-09,-1.730463848007551e-09,1.0656966812184514e-09,1.113555230724566e-10,-5.94758457421325e-09,0.0424451740736956,3.7142065925375863e-09,2.3098219684152875e-09,-7.204369429364461e-09,-2.970867929510283e-09,7.755840442284231e-10,4.835016981873939e-11,-6.610817865834274e-09,3.902556374560174e-09,2.056519325552347e-09,4.910392059777858e-10,-8.062667517188104e-09,-5.24362883800391e-09,-7.963223826158598e-10,-3.359173745182219e-10,-2.50671322324314e-09,3.1336353578521544e-08,-3.4263254306571234e-11,-8.727199383127415e-09,7.596749827537458e-09,0.2523806194768145,-1.202742140952806e-09,-9.113333836324096e-09,0.999999982170046,-8.179184201865052e-09,-7.290201158651073e-09,-9.758046759447473e-09,3.3009264591914562e-09,2.8162675495182146e-08,-5.350656892607501e-10,-8.935621658933715e-09,7.03074410555717e-08,2.908923423915175e-09,-3.768967018439842e-09,-9.439013329127491e-09,-5.722508101744811e-09,1.427455456250477e-08,5.297758110056073e-09,-2.075153132342093e-09,-8.439617097570256e-10,-6.431606175952021e-09,-5.7480677257380816e-11,-2.753411680265926e-09,-7.837060870720618e-10,-2.63502449582968e-09,3.3155007860129592e-09,1.654424914219355e-09,-6.608427304681388e-10,0.0646324241576729,1.155530939900582e-08,3.4317354959312845e-08,-8.004854921516062e-10,-4.523821619936113e-09,2.4129281375995382e-09,7.18345380164128e-10,-7.345353184260303e-10,5.942529024898447e-09,6.3980601239406366e-09,7.295439631669961e-09,-8.958519463542335e-10,-7.984616639687772e-09,-2.4774474125826752e-09,-4.990772421413582e-09,-2.79195023905899e-14,0.2271425340420965,0.2932006239957595,-4.8636318531979766e-12,-1.874105617532219e-11,-7.224517352425755e-12,reduced_group_grid,0.8009111255605006,0.21333799807066064,0.2500022597735148
PF0190,group_TAC_TotEmiss,47,,,,7.946217965844434,3,3,LOCALLY_SOLVED,Solve_Succeeded,0.028807958,1.1313910153997728,29708961.935769413,55.15759263322798,7.946218117093394,503.5799877114948,2.3015530447754177e-23,7.0639058231532e-24,9.760916060750937e-09,9.343487340905576e-09,1.000000007864538,0.3611082082854726,2.3338896121913023e-08,-9.338941211029793e-09,-7.528422870146721e-09,-4.2050825993699325e-09,2.365256054924375e-11,-1.8350403116454855e-10,-6.966074033240297e-09,-1.7570593035724615e-09,1.109154928215619e-09,1.0674991081161591e-10,-5.770792680125696e-09,0.0288345433320965,3.842409357621482e-09,2.291923856374113e-09,-7.122656853169e-09,-2.96983447631842e-09,8.193194350925206e-10,4.6207828136542214e-11,-6.497161480992631e-09,3.744567435063258e-09,2.114711392233796e-09,4.784305229623635e-10,-8.001325328411425e-09,-5.208569440319147e-09,-7.435368033475628e-10,-3.30403777240569e-10,-2.420778970189202e-09,3.0923854671375175e-08,3.0832523776313545e-10,-8.644941605167227e-09,7.585961844790944e-09,0.2883664783461416,-8.902474207501993e-10,-9.065042445637267e-09,0.9999999825744676,-8.128128842422806e-09,-7.214350407455821e-09,-9.750535371784605e-09,3.3648396573138963e-09,2.7835143695835283e-08,-2.0860275642862904e-10,-8.871647141720227e-09,6.89095804066812e-08,3.3212131100373046e-09,-3.569585724241832e-09,-9.4158923463179e-09,-5.609051068663243e-09,1.3352950215833444e-08,5.454323614858739e-09,-1.7971506427777655e-09,-8.36491430016302e-10,-6.403193958131487e-09,7.358574393098054e-11,-2.7263456058732926e-09,-7.740082259155883e-10,-2.6755221213489755e-09,3.450704221115259e-09,1.5859986749154362e-09,-6.411991866806326e-10,0.0439071455284197,1.1954162445933498e-08,3.405144015184396e-08,-7.914063170187774e-10,-4.522247952575775e-09,2.548993798065619e-09,6.865163037429127e-10,-7.21906831221403e-10,5.701954957937234e-09,6.579102109171811e-09,7.1081106268694025e-09,-8.890361476012692e-10,-7.931230738667791e-09,-2.3132256104146404e-09,-4.908856119002741e-09,-2.6182731181610023e-14,0.2595298072284125,0.2809510565552169,-4.6696506347089585e-12,-1.7913357766383634e-11,-6.9902538855395875e-12,reduced_group_grid,0.8331673340489592,0.2437569227433358,0.23333546133692293
PF0191,group_TAC_TotEmiss,48,,,,7.6764240539558655,3,3,LOCALLY_SOLVED,Solve_Succeeded,0.027449417,1.1937862854975403,30681282.95573317,57.98505419904686,7.676424204791473,503.5799877208035,1.592252629154286e-16,1.592252629154286e-16,9.753521968881138e-09,9.31795223866374e-09,1.00000000778522,0.3627581562996301,2.6167843288748343e-08,-9.312556208047446e-09,-7.468605475005296e-09,-4.1864481661186325e-09,6.533127354592194e-11,-1.8185997588163107e-10,-6.8881313611526494e-09,-1.7695563902976623e-09,1.1554999407878134e-09,1.0316518192025997e-10,-5.6098182629257735e-09,0.015223912571292,3.973843226037539e-09,2.2765767578766287e-09,-7.049897927859555e-09,-2.96353043834641e-09,8.645817361935543e-10,4.4537701755823e-11,-6.3956866030281494e-09,3.638467654515978e-09,2.1770484236942867e-09,4.678430579114121e-10,-7.94657250475595e-09,-5.176947855479041e-09,-6.943146239085183e-10,-3.2558313268665204e-10,-2.3443886473300707e-09,3.0545003068255706e-08,6.189178663524378e-10,-8.569325982620982e-09,7.590253988110435e-09,0.3243523369848915,-6.061033194312244e-10,-9.021130786962661e-09,0.9999999829011356,-8.085270205842955e-09,-7.147588602841805e-09,-9.743967199731177e-09,3.42387721513191e-09,2.7529416401133788e-08,8.641240015930826e-11,-8.813183264531438e-09,6.767701519772465e-08,3.6460762250426283e-09,-3.393125167730291e-09,-9.395523367353058e-09,-5.508549012839849e-09,1.2621019194984844e-08,5.6033713205763575e-09,-1.5836305481964539e-09,-8.298450527783657e-10,-6.3748187984079165e-09,2.032528510317571e-10,-2.7019196416699467e-09,-7.653479290169605e-10,-2.694551776135076e-09,3.5948887046731963e-09,1.5327398456724336e-09,-6.233131403250855e-10,0.023181866869922,1.2363067814339012e-08,3.3823426117024194e-08,-7.833219919843945e-10,-4.512648622027487e-09,2.6898098459355023e-09,6.617029975150844e-10,-7.10631844780905e-10,5.540393928467511e-09,6.7730395403822245e-09,6.950811146112407e-09,-8.829525005284386e-10,-7.8830796890249e-09,-2.160089941048724e-09,-4.837235114201687e-09,-2.4706638357123023e-14,0.2919170802058851,0.2687014890684169,-4.5054484075898606e-12,-1.720862718550303e-11,-6.791832135204239e-12,reduced_group_grid,0.8629857557815508,0.2741758475400785,0.21666866290268177
PF0192,group_TAC_TotEmiss,49,,,,7.406630142067297,3,3,LOCALLY_SOLVED,Solve_Succeeded,0.038033375,1.2539518383806478,31585138.39397021,60.812515779437675,7.406630292504081,503.57998772936577,1.592252629154286e-16,1.592252629154286e-16,9.746720896164856e-09,9.293314717262173e-09,1.0000000077114322,0.3644081043259018,2.9095880423243613e-08,-9.286855810376653e-09,-7.413390763080409e-09,-4.162742304637782e-09,1.092416136404905e-10,-1.8093872216820624e-10,-6.815706494775462e-09,-1.7542851887518035e-09,1.2084219525030155e-09,9.887086863167229e-11,-5.450549543690107e-09,0.0016132816798236,4.135689044369791e-09,2.270412762281576e-09,-6.982523357001722e-09,-2.942763114595518e-09,9.149180605053463e-10,4.198136360880161e-11,-6.301387587314999e-09,3.637262598407494e-09,2.247709873974107e-09,4.5567042069707337e-10,-7.896624626987225e-09,-5.146686145171393e-09,-6.468199754046282e-10,-3.217011146849403e-10,-2.2775982932902144e-09,3.0195642925033564e-08,9.000061052389719e-10,-8.50104275365011e-09,7.592832534045111e-09,0.3603381954672046,-3.4764589136751585e-10,-8.981611366349748e-09,0.9999999833954422,-8.05221206895956e-09,-7.084389835627642e-09,-9.737916756630078e-09,3.4722284803189492e-09,2.7239242742365825e-08,3.5281101884269837e-10,-8.760459729758168e-09,6.6349649158039e-08,3.9092331714959644e-09,-3.235662135067758e-09,-9.377599344741891e-09,-5.420919289733127e-09,1.2033207569342174e-08,5.7486565973625806e-09,-1.419198601907155e-09,-8.237100847867117e-10,-6.3387212366075325e-09,3.398627979926371e-10,-2.688232443641921e-09,-7.573007216417176e-10,-2.671297901053882e-09,3.759534963342715e-09,1.4689386196705598e-09,-6.05616615965567e-10,0.0024565880124586,1.2866588138039348e-08,3.37318467538977e-08,-7.758359285557464e-10,-4.481025651770449e-09,2.84641174379441e-09,6.237231164736237e-10,-7.001541763683328e-10,5.538558956665956e-09,6.992875163474999e-09,6.769960536070805e-09,-8.774027363319134e-10,-7.836999357420075e-09,-2.012328812369954e-09,-4.7795594181762565e-09,-2.3359154241326096e-14,0.3243043530477809,0.2564519215263692,-4.357036710349329e-12,-1.656377236342627e-11,-6.610953666239238e-12,reduced_group_grid,0.8907045257034982,0.3045947724935918,0.2000018644693382
PF0193,group_TAC_TotEmiss,50,,,,7.136836230178729,3,3,LOCALLY_SOLVED,Solve_Succeeded,0.027861917,1.329905117636229,32237579.402486622,65.84478700823558,7.136836383317997,503.57998770172384,3.1845052583085723e-16,3.1845052583085723e-16,9.785819599585115e-09,9.460262119901409e-09,1.00000000766894,0.3729922436864441,6.700800081178045e-09,-9.480305452915206e-09,-7.330712439710567e-09,-5.027228997157339e-09,-2.5029045745449813e-10,-1.0920194282047675e-11,-6.6637765537503724e-09,-4.126931913775003e-09,6.651382031097057e-10,6.686246410300454e-10,-6.663776278080119e-09,-4.0213291758657135e-09,6.978961610331836e-10,8.02914490607178e-10,-6.937803500579908e-09,-4.5790685428998914e-09,3.311551687127535e-10,4.0881347009331725e-10,-6.7393556675147885e-09,-4.240991079766066e-09,5.751250269562403e-10,5.409899030160226e-10,-7.753734319334532e-09,-5.43376815371141e-09,-7.608315386215567e-10,-2.0980759850011823e-10,3.335377415543539e-09,2.6372274825254576e-08,3.427469130653204e-09,-7.792970352577629e-09,0.0741882716756977,0.3729922740060556,1.577518169375313e-09,-8.717126081313434e-09,0.925811621622674,-8.831764702503277e-09,-7.756284650881534e-09,-9.785819599585115e-09,2.7226671193002837e-08,1.98244677677906e-08,2.0218260400403e-09,-8.405177768177394e-09,1.337062255263951e-07,-6.126267242627526e-09,-4.742719595565772e-09,-9.479023060342294e-09,-3.131973567737936e-09,7.638366109594375e-09,7.000421558864796e-09,-1.9565045206906526e-10,-8.145236044122847e-10,-7.655098700216857e-09,-7.786814231917718e-10,-1.622428864761369e-10,-7.404196170833743e-10,-6.2841917777937534e-09,2.069318854119084e-09,9.933851809589249e-09,-7.40419586453346e-10,-6.123387608704609e-09,2.1712325009921268e-09,1.1929015289020931e-08,-7.708670556199895e-10,-6.972672553961197e-09,1.030260524884122e-09,6.073800127100714e-09,-7.488172963905316e-10,-6.457872780552873e-09,1.789277861641636e-09,8.037564273380908e-09,-8.615260354816143e-10,-8.274146961333284e-09,-2.367031453489288e-09,-3.117141463430328e-09,-3.8610533596124494e-14,0.3546110314125755,0.2360819262526416,-5.788086489805442e-12,-2.2383084967419364e-11,-8.660629184344097e-12,reduced_group_grid,0.9107131038871777,0.3587338921605579,0.18333506622758106
PF0194,group_TAC_TotEmiss,51,,,,6.867042318290161,3,3,LOCALLY_SOLVED,Solve_Succeeded,0.026239667,1.4063712087923976,32806769.30138597,71.17354441831921,6.867042471219849,503.57998770748554,3.1845052583085723e-16,3.1845052583085723e-16,9.782972413355782e-09,9.44731520624202e-09,1.0000000076072406,0.3825088335276631,7.447235906714544e-09,-9.467841320070636e-09,-7.281599029658618e-09,-5.010148330883239e-09,-2.3696757785166283e-10,-8.968578696302657e-12,-6.5959677935998675e-09,-4.103786782867153e-09,6.728684796461286e-10,6.604165200309867e-10,-6.595967674876347e-09,-3.993623832729271e-09,7.07934340559188e-10,7.961463738169803e-10,-6.880591966828661e-09,-4.560447198183564e-09,3.3934311194233117e-10,4.047009373477629e-10,-6.674814530621218e-09,-4.218027175205939e-09,5.840232150668782e-10,5.3574458730694e-10,-7.708997306799981e-09,-5.41534823544748e-09,-7.393888821456522e-10,-2.0507611105603168e-10,3.478278558955685e-09,2.598481376872846e-08,3.5773836582219758e-09,-7.697724439205193e-09,0.1583528485317813,0.3825088643889786,1.745526332155937e-09,-8.673128721631669e-09,0.841647044399766,-8.820759042758979e-09,-7.733414357847728e-09,-9.782972413355782e-09,2.7250255964548552e-08,1.9588474768849065e-08,2.1605329148666693e-09,-8.346619660631387e-09,1.3332391380494826e-07,-6.09258985793785e-09,-4.683539576768582e-09,-9.469275812646808e-09,-3.001267936776974e-09,7.352684616224857e-09,6.921961444193291e-09,-1.1368797135510983e-10,-8.090665588509573e-10,-7.629089503844933e-09,-7.372324644273955e-10,-1.332474549164966e-10,-7.32885310399985e-10,-6.248948055729527e-09,2.093368603343511e-09,9.811902583317512e-09,-7.328852972084827e-10,-6.0811999271104815e-09,2.202462392850807e-09,1.1828460410995134e-08,-7.645102185365175e-10,-6.944317324506791e-09,1.0557341260428083e-09,6.012699640595333e-09,-7.416460589579127e-10,-6.422905016790861e-09,1.8169611135413991e-09,7.959633868560253e-09,-8.565552563111084e-10,-8.24609844943139e-09,-2.3003209666753615e-09,-3.0468450785467562e-09,-3.739872910211088e-14,0.3846379300312962,0.214619959112715,-5.659027841748129e-12,-2.1815585733106595e-11,-8.499612553169046e-12,reduced_group_grid,0.9281685986289705,0.41606272480570616,0.1666682678059282
PF0195,group_TAC_TotEmiss,52,,,,6.597248406401593,3,3,LOCALLY_SOLVED,Solve_Succeeded,0.027766542,1.4810596151235018,33321373.70208441,76.50230183912694,6.597248559118721,503.5799877130429,8.120488408686858e-17,5.126570965080088e-17,9.78037862562966e-09,9.434184211421251e-09,1.0000000075466318,0.3920254233889984,8.233011727186353e-09,-9.45513887739745e-09,-7.232929762165198e-09,-4.99056889748477e-09,-2.2056550907441524e-10,-7.068935380021474e-12,-6.528574887134551e-09,-4.0734816968672925e-09,6.869333287626607e-10,6.536506892072755e-10,-6.528574818950535e-09,-3.959306172444097e-09,7.2349785991009e-10,7.898331317607041e-10,-6.8236014598484545e-09,-4.537261358182246e-09,3.5257070949228017e-10,4.012306353681018e-10,-6.610741322504745e-09,-4.189527058852377e-09,5.980982367608524e-10,5.307869995594916e-10,-7.666025860296044e-09,-5.396825898304767e-09,-7.17810264943376e-10,-2.0101355281872416e-10,3.618617520875197e-09,2.5628015509334968e-08,3.7039961058810453e-09,-7.611954103297813e-09,0.2425174255461866,0.392025454660397,1.8929526866411892e-09,-8.633175109963228e-09,0.7574824669906322,-8.810620513808626e-09,-7.712536181379606e-09,-9.78037862562966e-09,2.731576874503903e-08,1.9355862684424625e-08,2.2776490697973673e-09,-8.2940450087072e-09,1.3295006690917106e-07,-6.063817515094143e-09,-4.63179427773395e-09,-9.460620219349478e-09,-2.885253312989462e-09,7.1035655244778906e-09,6.8537663958025966e-09,-4.4038012499753975e-11,-8.036588624627995e-10,-7.599275366624535e-09,-6.862038060092917e-10,-1.0502418278889046e-10,-7.253972096816164e-10,-6.202801674775195e-09,2.137125911706055e-09,9.711381668222375e-09,-7.253972021056147e-10,-6.028943489858057e-09,2.2508822308313907e-09,1.173466367187332e-08,-7.581779399831613e-10,-6.909011613595692e-09,1.0968866517537607e-09,5.961140868326083e-09,-7.345268136116381e-10,-6.3795071123433925e-09,1.8607500699226515e-09,7.88597827916959e-09,-8.517806511440046e-10,-8.217893981509531e-09,-2.2331874909349478e-09,-2.9864870704496166e-09,-3.6205312312055864e-14,0.4146648285859461,0.1931579919318654,-5.533014874007599e-12,-2.1253622312779115e-11,-8.340528426142814e-12,reduced_group_grid,0.9439501056934231,0.47339155756622847,0.15000146938409126
PF0196,group_TAC_TotEmiss,53,,,,6.327454494513025,3,3,LOCALLY_SOLVED,Solve_Succeeded,0.036667042,1.5539988025309222,33782266.6754505,81.83105927535505,6.327454647007177,503.5799877185228,9.022764898540956e-17,5.126570965080088e-17,9.777980944241464e-09,9.420409782985112e-09,1.0000000074859643,0.4015420132778058,9.091222986706432e-09,-9.441732993282956e-09,-7.183661740097613e-09,-4.967285253874421e-09,-2.001793332797919e-10,-5.2544101679132134e-12,-6.459590841509434e-09,-4.033371860731992e-09,7.085647146535357e-10,6.479347619703076e-10,-6.4595908012021125e-09,-3.914711215873996e-09,7.46471688308718e-10,7.843582624494434e-10,-6.765358321686647e-09,-4.507592471690925e-09,3.720641344409055e-10,3.983193597865619e-10,-6.545240769600837e-09,-4.152453212605513e-09,6.19086676831233e-10,5.263517266131884e-10,-7.624105190329716e-09,-5.377482470028236e-09,-6.953283723774463e-10,-1.9761283173523743e-10,3.750918416893994e-09,2.5305919180649088e-08,3.807460561203084e-09,-7.537216426835206e-09,0.3266820028642591,0.4015420447821222,2.019688081655763e-09,-8.59765743583181e-09,0.6733178893068924,-8.800915707832687e-09,-7.693046694787127e-09,-9.777980944241464e-09,2.7391563546391822e-08,1.913448405890323e-08,2.3738981478554342e-09,-8.248046242405045e-09,1.3255512214689841e-07,-6.037253689383616e-09,-4.585794131226305e-09,-9.452910575529084e-09,-2.785515740262203e-09,6.888256773860983e-09,6.7940012645217304e-09,1.4256853028962634e-11,-7.981846377886231e-10,-7.563820727490595e-09,-6.227801479815748e-10,-7.806552249471059e-11,-7.177323157232702e-10,-6.141725333387351e-09,2.204423556699889e-09,9.626459320701714e-09,-7.177323112446788e-10,-5.961037533262676e-09,2.3223563636271222e-09,1.1653322756391728e-08,-7.51706480187405e-10,-6.863833990983908e-09,1.157532862705039e-09,5.917887631114633e-09,-7.272489744000928e-10,-6.323053755558395e-09,1.9260474390305023e-09,7.82008279539594e-09,-8.471227989255235e-10,-8.188439215724812e-09,-2.1632438251742775e-09,-2.9359620714949563e-09,-3.4987596349382066e-14,0.4446917270805107,0.1716960246935443,-5.405666808767689e-12,-2.067770611172641e-11,-8.177599643136475e-12,reduced_group_grid,0.9580844304393082,0.5307203904926491,0.13333467096161086
PF0197,group_TAC_TotEmiss,54,,,,6.0576605826244565,3,3,LOCALLY_SOLVED,Solve_Succeeded,0.028604125,1.6251585979303882,34188521.72629505,87.15981673325254,6.057660734876088,503.5799877240643,1.592252629154286e-16,1.592252629154286e-16,9.775739820422767e-09,9.405427935759876e-09,1.0000000074237403,0.4110586032033925,1.0066487617219532e-08,-9.427049103616417e-09,-7.132371694603373e-09,-4.9387485524778e-09,-1.7445132428498044e-10,-3.508355152086786e-12,-6.386623558569178e-09,-3.979796966144646e-09,7.398520791743457e-10,6.43196162837268e-10,-6.386623539269305e-09,-3.855610884207212e-09,7.791678612044955e-10,7.798775088892005e-10,-6.703919548843791e-09,-4.468938913883131e-09,3.9966275337541817e-10,3.9599967113681185e-10,-6.476058530841101e-09,-4.103335343132669e-09,6.491203298826099e-10,5.225173166171957e-10,-7.582328012982904e-09,-5.356484821931957e-09,-6.709638918160197e-10,-1.9486923876526848e-10,3.873782904591556e-09,2.5021596612598918e-08,3.887989768090259e-09,-7.475412925332257e-09,0.4108465806109726,0.411058634719766,2.1253258107554288e-09,-8.56715312920988e-09,0.589153311240813,-8.791350323726397e-09,-7.674513054208113e-09,-9.775739820422767e-09,2.74717836351973e-08,1.8924778426599433e-08,2.4492344073557156e-09,-8.209537660253535e-09,1.321161024009369e-07,-6.0117286818110766e-09,-4.544776294305086e-09,-9.44610395652395e-09,-2.7031313171580387e-09,6.70450364129319e-09,6.742299326328308e-09,6.166263419648775e-11,-7.924857438448188e-10,-7.520367114000285e-09,-5.427374533310502e-10,-5.2124133688146516e-11,-7.096248398410194e-10,-6.060145380265711e-09,2.301762024097964e-09,9.556057276439413e-09,-7.096248376965892e-10,-5.871043846406436e-09,2.424077790413986e-09,1.1586751560639549e-08,-7.44879949871532e-10,-6.804975164322039e-09,1.243395232723523e-09,5.8834236854612054e-09,-7.195620589823442e-10,-6.248260636133836e-09,2.019485470745897e-09,7.76311441831262e-09,-8.424808903314334e-10,-8.156465524305478e-09,-2.087443218983173e-09,-2.8952001187982743e-09,-3.3700475564091147e-14,0.4747186255187022,0.1502340573762196,-5.2723792743821625e-12,-2.0066186588925758e-11,-8.004663031109e-12,reduced_group_grid,0.9705431597975709,0.5880492236521975,0.11666787253792305
PF0198,group_TAC_TotEmiss,55,,,,5.787866670735888,3,3,LOCALLY_SOLVED,Solve_Succeeded,0.04358575,1.6944402238846177,34537105.79656527,92.48857422293216,5.78786682271182,503.57998772985,4.776757887462858e-16,4.776757887462858e-16,9.77362022790143e-09,9.388396395555256e-09,1.0000000073578363,0.4205751931805057,1.1231051908520273e-08,-9.410226288178036e-09,-7.0770093813378185e-09,-4.902484950188339e-09,-1.4109957648300495e-10,-1.7978735555808605e-12,-6.306255493382277e-09,-3.906630663446254e-09,7.844792620672592e-10,6.39489396166976e-10,-6.3062554971167676e-09,-3.7751756779653425e-09,8.254293049564386e-10,7.765707459035813e-10,-6.6364781886632664e-09,-4.417218809927866e-09,4.385202058086014e-10,3.943693962981182e-10,-6.399985259839371e-09,-4.03660427142115e-09,6.917496520558788e-10,5.193660609253115e-10,-7.539496656361643e-09,-5.3326351430431794e-09,-6.43264845841666e-10,-1.9281590454857191e-10,3.986319284202563e-09,2.477943019637772e-08,3.944832851495171e-09,-7.429397078981222e-09,0.4950111589729249,0.4205752244182741,2.2083930759772202e-09,-8.542622085667256e-09,0.5049887326200788,-8.781609622279612e-09,-7.656494543254252e-09,-9.77362022790143e-09,2.7556188378183772e-08,1.8725111055099698e-08,2.5024629621684023e-09,-8.180011294153793e-09,1.3160185926669018e-07,-5.986303245632829e-09,-4.508291638854631e-09,-9.4402230761304e-09,-2.640111210810229e-09,6.5518122253647195e-09,6.699580523782832e-09,9.77643100744113e-11,-7.863343757042016e-10,-7.465147537786788e-09,-4.3897646016934865e-10,-2.6711264254344212e-11,-7.006950548202527e-10,-5.948733055702251e-09,2.4406021486536948e-09,9.500985314480786e-09,-7.006950552351962e-10,-5.748562964174497e-09,2.568002282086698e-09,1.1537622510567496e-08,-7.373864654070292e-10,-6.726219551481067e-09,1.364285084737871e-09,5.859202459286328e-09,-7.111094733154853e-10,-6.146647413300386e-09,2.15211002861829e-09,7.716295762318913e-09,-8.377218507068488e-10,-8.120148967815748e-09,-2.001268409285182e-09,-2.8646934390073535e-09,-3.2283799669146246e-14,0.5047455239033538,0.1287720899449992,-5.1271050997249434e-12,-1.9389819852896578e-11,-7.813463335338161e-12,reduced_group_grid,0.981233278187656,0.6453780571536701,0.10000107411218552
PF0199,group_TAC_TotEmiss,56,,,,5.518072758847321,3,3,LOCALLY_SOLVED,Solve_Succeeded,0.02656225,1.7616489311738457,34822040.53764875,97.81732692122942,5.518072917011628,503.5799875286425,4.776757887462858e-16,4.776757887462858e-16,9.916495884301576e-09,9.770686659404922e-09,1.0000000090150083,0.4300917732101302,-5.770600593349155e-09,-9.783432101015157e-09,-8.954878517572493e-09,-6.050824217601916e-09,-1.5068498984944316e-09,-3.1623415272153907e-10,-8.663950156878416e-09,-5.738794731521764e-09,-3.952095448475343e-10,8.01022884370017e-10,-8.663950159197465e-09,-5.691553593217406e-09,-3.3034594901968344e-10,1.3586948390244735e-09,-8.754017668664622e-09,-5.884713960352062e-09,-7.790951512542538e-10,2.994340005163413e-10,-8.674701608373636e-09,-5.7481779540145524e-09,-4.2236454246560174e-10,6.334603580367511e-10,-9.034376418714749e-09,-6.117359107486354e-09,-1.720423586582996e-09,-3.849347787693615e-10,-5.201434918450952e-09,3.1637026799983115e-08,8.267167698392021e-09,-8.405946509909581e-09,0.5791757047912107,0.4300918108695829,-8.40474080958809e-10,-9.433254639142442e-09,0.4208242114248787,-9.55241053809724e-09,-9.048626168644305e-09,-9.916495884301576e-09,8.478086081630869e-09,2.8597201905936077e-08,4.265692814273452e-09,-9.030965306271145e-09,1.5464667580205998e-07,-8.345607184923958e-09,-7.195861095041717e-09,-9.778734735119238e-09,-6.5178804172989125e-09,8.883609342121079e-09,1.9971353670695376e-08,-1.1394906977985715e-09,-9.949865019524986e-10,-9.2137550586211e-09,-4.687977461982677e-09,-4.698335983291437e-09,-9.62661128542046e-10,-8.738619250271775e-09,-1.2295408061923288e-09,1.1900911424925968e-08,-9.62661128799718e-10,-8.666683880581051e-09,-1.0277429525056818e-09,2.0186323322649322e-08,-9.726686298516243e-10,-8.960814439627002e-09,-2.4238515816799e-09,4.448733721957071e-09,-9.63855734263737e-10,-8.752907339067612e-09,-1.3140230210040943e-09,9.411411033688872e-09,-1.003819602079416e-09,-9.315069550036038e-09,-5.352428936035987e-09,-5.719030998859085e-09,-4.2636250481499677e-14,0.5347724056536867,0.1073101343693003,-5.088030564126426e-12,-1.9507259073915228e-11,-7.930968212512443e-12,reduced_group_grid,0.9899714460370056,0.7027068391075989,0.08333427608577301
PF0200,group_TAC_TotEmiss,57,,,,5.248278846958753,3,3,LOCALLY_SOLVED,Solve_Succeeded,0.035787875,1.8264351310982911,35032588.31196972,103.14608436921714,5.248279004966361,503.57998753129914,1.6240976817373719e-16,1.592252629154286e-16,9.915760263811969e-09,9.761006514230682e-09,1.000000008983752,0.4396083632454233,-5.552652835163065e-09,-9.774119794952629e-09,-8.928712294438687e-09,-6.031557175233556e-09,-1.465854209893705e-09,-3.144186485384069e-10,-8.623915664189376e-09,-5.693510464279277e-09,-3.018233608124238e-10,7.967323348500159e-10,-8.623915669727868e-09,-5.640556221158435e-09,-2.3151936800678222e-10,1.3574334117671527e-09,-8.718414771407422e-09,-5.852812688879031e-09,-7.042790179432385e-10,3.0284363262085187e-10,-8.635341620584668e-09,-5.703855320431377e-09,-3.3068530267935807e-10,6.30070438091181e-10,-9.012477510227287e-09,-6.103137900002545e-09,-1.689510639319975e-09,-3.8427020717610565e-10,-5.164471158487943e-09,3.174221366138772e-08,7.802290217781194e-09,-8.410745049792433e-09,0.6633402827302058,0.4396084002547005,-9.200717688842771e-10,-9.430648221718314e-09,0.3366596333390406,-9.548059749437538e-09,-9.04145415372024e-09,-9.915760263811969e-09,8.657311544118544e-09,2.853750171753084e-08,4.0308839829999884e-09,-9.027859012962509e-09,1.5430595770539536e-07,-8.330936446649405e-09,-7.1863343160392435e-09,-9.77716942871388e-09,-6.503428984163453e-09,8.949610517614165e-09,1.9181573230505388e-08,-1.0849944949864446e-09,-9.920791438265204e-10,-9.184416607742004e-09,-4.560435319669305e-09,-4.671362778284901e-09,-9.582128515765968e-10,-8.669663661516171e-09,-9.390060114164294e-10,1.1837166117771662e-08,-9.58212852191985e-10,-8.589028791309435e-09,-7.202824782433223e-10,2.016758211768341e-08,-9.687127523786022e-10,-8.91223750352034e-09,-2.191090278045631e-09,4.499391113224085e-09,-9.59482402287185e-10,-8.685416056111415e-09,-1.0287987194468915e-09,9.36104650878326e-09,-1.0013863900252535e-09,-9.293414529549327e-09,-5.256255322328811e-09,-5.709157363759283e-09,-4.0611582979725665e-14,0.5647993035255094,0.0858481670463566,-4.884904806508506e-12,-1.8532948873831307e-11,-7.657191711688589e-12,reduced_group_grid,0.9964283694199797,0.7600356721605339,0.06666747766738694
PF0201,group_TAC_TotEmiss,58,,,,4.978484935070185,3,3,LOCALLY_SOLVED,Solve_Succeeded,0.042613542,1.8881593524348816,35149052.27239132,108.47503008975475,4.978484776137944,503.5799971325465,3.1845052583085723e-16,3.1845052583085723e-16,8.20114564228001e-09,0.0,0.9999999272523602,0.4491251052496242,1.858186511133026e-06,4.54013810355785e-08,1.4977205257615007e-08,4.494207008602268e-09,2.7259176420116774e-08,4.845077885042551e-10,1.77320276845044e-07,1.1411688313781623e-07,1.3131572490403314e-07,1.3979933847363256e-09,1.7732015293324957e-07,1.0417216714927203e-07,1.2983536297929297e-07,1.4087822312641152e-09,1.5131025060517182e-08,4.6071377462964415e-09,2.7494447755374465e-08,4.94079620367157e-10,1.5768059307379407e-08,4.8724562857271015e-09,2.8184159620862634e-08,5.028459941856337e-10,1.37009319582992e-08,3.941934951474951e-09,2.596987071721555e-08,4.6218755102121845e-10,1.470166604863954e-08,-3.620895235868606e-09,8.300103865836754e-09,-8.039591814467055e-09,0.7475076386110471,0.449124500774857,2.504791489543218e-07,6.8097745185792305e-09,0.2524917699275095,2.3048663852100962e-08,5.2911252503150995e-08,-4.655300230121773e-09,1.486071177218028e-08,-3.7100631328940163e-09,7.940434997511209e-09,-8.075099147479141e-09,1.5521205913961685e-08,-3.945781501005186e-09,7.105502481393282e-09,-8.20114564228001e-09,1.3388385035588254e-08,-3.177413203887052e-09,1.0097460699130472e-08,-7.764973688472221e-09,1.6641339175127781e-09,6.843451581280726e-09,8.480632664036326e-08,7.1984014292060764e-09,1.970225298278266e-08,1.7376889023258378e-07,4.085378108125474e-07,2.0770187430368265e-08,1.97022392148055e-08,1.5862579997730057e-07,4.039322403800225e-07,2.0930478864495424e-08,1.6812250067241302e-09,7.015414295496853e-09,8.553828190560945e-08,7.340611502597762e-09,1.752006589708822e-09,7.419422071448086e-09,8.768405215379487e-08,7.470854770757985e-09,1.522325773144355e-09,6.002491857927767e-09,8.079515334244838e-08,6.8667864723152444e-09,5.495037472921285e-13,0.5948267753621734,0.0643856051849939,4.377487666370309e-12,4.897610799684585e-11,6.246984658824965e-12,reduced_group_grid,1.0,0.8173665307223587,0.0500006596793936
PF0202,group_TAC_TotEmiss,59,,,,4.708691023181617,3,3,LOCALLY_SOLVED,Solve_Succeeded,0.055379167,1.9563339387541376,31574627.987454858,125.4509461836066,4.708691127777604,503.57998826824655,1.592252629154286e-16,2.0506283860320352e-16,9.599974052819894e-09,6.461474380610392e-09,1.0000000010240562,0.4952845237645238,4.542339813885721e-07,-5.8545021174928155e-09,-9.425361359204243e-10,3.5651610604255032e-09,1.2119384850397628e-08,2.352475065004406e-10,5.907692020580089e-09,0.0634255722711497,2.984058876209465e-08,9.363829702244954e-10,1.4056729815142604e-09,1.517703164179308e-08,1.863527784283575e-08,5.712104722850607e-10,2.5575288829296595e-10,7.929991144193397e-09,1.5332711016966473e-08,4.2596439335841285e-10,1.1346875486528855e-09,1.2526597161524983e-08,1.7434011077805895e-08,4.5442759671847516e-10,-3.734487556401311e-09,-2.053758301500379e-09,6.364498194012171e-09,-2.350885455287541e-11,1.431276304648587e-08,6.3554037589413205e-09,1.0714330210516022e-08,-7.936277393047919e-09,0.9999998710725744,0.3352790107702664,1.5539765471350995e-08,-8.006034557986158e-09,4.5213076641190534e-08,-7.946130435155316e-09,-5.655301867525708e-09,-9.599974052819894e-09,2.5610445027601404e-08,2.405058313048416e-10,5.1510315744541094e-09,-8.51207184307886e-09,3.9314627612892945e-08,-5.2438456347372506e-09,-1.3457798094398882e-09,-9.22126537346507e-09,1.0263677514710544e-09,4.924797701144537e-09,1.9843329750087072e-08,-3.803075094705623e-09,-1.0472623732449156e-10,5.428767978375197e-09,3.7704752867903726e-08,3.495105810863688e-09,6.564102245088984e-10,0.0965798486856144,9.283738725985003e-08,1.3911975557621072e-08,1.561858868349178e-10,2.3110480000003098e-08,5.7976419955489e-08,8.486555588235185e-09,2.8416987588107314e-11,1.2075213787749036e-08,4.7701767608340136e-08,6.3286138441821345e-09,1.26076394294765e-10,1.9074591132322133e-08,5.4239145575396115e-08,6.7514957226744876e-09,-4.1494306182236776e-10,-3.127313777284668e-09,1.9800661048037863e-08,-3.4927441049986315e-10,2.1991556512792033e-14,0.613834089000196,2.1108778968065251e-13,-1.232782623500692e-12,7.672104095634932e-13,-2.456064920574558e-12,reduced_group_grid,0.8903822003319173,1.0,0.03333387755041702
PF0203,group_TAC_TotEmiss,60,,,,4.438897111293048,3,3,LOCALLY_SOLVED,Solve_Succeeded,0.055998708,1.9784712350818217,32420126.591716956,124.95607059460671,4.438897242094436,503.57998786640655,8.120488408686858e-17,1.0253141930160176e-16,9.772793750333e-09,8.0803273495793e-09,1.00000000529066,0.4864797509156007,2.2278846380852337e-07,-7.928449725135047e-09,-5.101024775897981e-09,-2.6615446595310303e-10,5.214463234656785e-09,6.596335865398649e-11,-2.393547044950987e-09,0.0317129722069124,1.4004138098692434e-08,9.49859641026227e-10,-3.555620241736771e-09,1.76194567585524e-08,1.0748048909621838e-08,6.964824482331685e-10,-4.008809079153423e-09,6.938026143342386e-09,8.739888259281687e-09,4.753525209653181e-10,-3.579601945963028e-09,1.5146904293977597e-08,9.990522735508088e-09,4.894733763024352e-10,-6.570436032437079e-09,-4.094569459225151e-09,1.859832994609014e-09,-2.0861495899839268e-10,5.5422389333294504e-09,1.91962538671072e-08,5.997464080939616e-09,-8.379739268970926e-09,0.9999998947957182,0.4064764653539733,3.947055423480691e-09,-8.887452006777268e-09,5.5876705050420225e-08,-8.790713805502351e-09,-7.507806764471732e-09,-9.772793750333e-09,2.7066428950752648e-08,5.666178204376816e-09,2.441163968919791e-09,-8.816042989275365e-09,5.3440932821359875e-08,-6.496996734534509e-09,-4.449541914525393e-09,-9.511964229369871e-09,-3.421320187573335e-09,6.938862431563156e-09,1.4515119392215446e-08,-1.704074461306402e-09,-5.66780530655331e-10,-4.052806640649523e-10,1.6222774507821107e-08,9.800270428592276e-10,-2.6594967166122065e-10,0.0482902076787076,4.356842964037646e-08,1.4112200380961092e-08,-3.9506891574853004e-10,2.6829627336886605e-08,3.3438374385490165e-08,1.0347739230892791e-08,-4.4542323101704675e-10,1.0564721627362269e-08,2.71907634733208e-08,7.0623803114847264e-09,-3.9773354955144743e-10,2.3064604265829523e-08,3.108162628824738e-08,7.272175876493322e-09,-7.300484480485641e-10,-6.234912585638298e-09,5.786147094339154e-09,-3.099422247976119e-09,4.766114411275477e-15,0.6493704520590187,1.8392318851787582e-13,-1.4522924480307017e-12,-9.151862466406953e-13,-2.755506045015643e-12,reduced_group_grid,0.9163113260409806,0.9946759370640034,0.016667080760576936
PF0204,group_TAC_TotEmiss,61,,,,4.16910319940448,3,3,LOCALLY_SOLVED,Solve_Succeeded,0.017024084,1.999866878093921,33242851.261018604,124.46119730626194,4.169103329886845,503.5799878706816,4.776757887462858e-16,4.776757887462858e-16,9.7708887752952e-09,8.060619527166378e-09,1.0000000052212388,0.4776749316141404,2.2307928783895386e-07,-7.908048419689097e-09,-5.074331616131778e-09,-3.987781977075683e-10,5.194704543560455e-09,6.452717595330544e-11,-2.351822464191731e-09,3.1554590273279065e-07,1.3847399037861332e-08,9.334787783873462e-10,-3.4925340236477654e-09,1.6993403077423273e-08,1.0785351767990433e-08,7.01862725939482e-10,-3.9671165570058525e-09,6.463218363369686e-09,8.706721536454613e-09,4.724415168748519e-10,-3.512419412313977e-09,1.4370924517797556e-08,1.001561825829888e-08,4.925113754988995e-10,-6.549292279321892e-09,-4.10467549062997e-09,1.8680499688405302e-09,-2.0803925556319458e-10,5.551849305481649e-09,1.9141230171265515e-08,6.259302653214051e-09,-8.341267026926978e-09,0.9999998899919532,0.477674035021499,4.17350440717664e-09,-8.866114005104045e-09,5.7855415385930506e-08,-8.781088869944691e-09,-7.48792322231374e-09,-9.7708887752952e-09,2.718916360798163e-08,5.97085287994898e-09,2.660889556226208e-09,-8.789420031772135e-09,5.5742350360602026e-08,-6.4503513713378355e-09,-4.375082817258785e-09,-9.505183163821501e-09,-3.390030180023446e-09,6.608147557011958e-09,1.4575234019550485e-08,-1.592723587778756e-09,-5.638146240146417e-10,-6.072304374183425e-10,1.6161303024410304e-08,9.586894713062522e-10,-2.6131360713241437e-10,4.804903518885676e-07,4.30807970066797e-08,1.3868827564612e-08,-3.880593359608626e-10,2.587631832243998e-08,3.35544277226369e-08,1.0427674785386589e-08,-4.4079072855620564e-10,9.841718871494748e-09,2.7087578113414352e-08,7.019131107854942e-09,-3.9026882359044177e-10,2.188299869755537e-08,3.115970124804096e-08,7.3173118645550796e-09,-7.276991421468764e-10,-6.250301315277455e-09,5.811711014170536e-09,-3.0908689397960333e-09,4.812860480080325e-15,0.684906872582561,1.8235170733306122e-13,-1.443124707109791e-12,-9.248808223982795e-13,-2.745349689474151e-12,reduced_group_grid,0.9415420375604724,0.9893518988793439,2.8233216310679283e-07
PF0205,group_TAC_ISI,1,,,124.46120778773845,,3,3,LOCALLY_SOLVED,Solve_Succeeded,0.057869209,0.6726066997635599,11928345.623085544,32.500243619659685,10.108165600639325,503.5799885737737,5.126570965080088e-17,5.126570965080088e-17,9.192696965605772e-09,0.0,1.0000000011840129,0.3478866453880385,3.392956699723097e-07,-7.169641320962569e-09,4.054253447203259e-09,1.2799710677062582e-08,1.2526260385813397e-08,3.510931583490936e-10,4.16842862566593e-09,1.3579401605245006e-08,1.2842253913970545e-08,3.953817208646202e-10,1.2274482468254996e-08,0.1379009586769091,1.9411964235284792e-08,9.086238908471959e-10,3.976510011502266e-09,1.3249287590817024e-08,1.3035869764071868e-08,4.855575924230526e-10,4.334000978638567e-09,1.4106157360290528e-08,1.2907522714275862e-08,3.7201759214567015e-10,3.423546617112489e-09,1.0764978387381964e-08,1.2309027472778502e-08,4.389651741924408e-10,3.452839874394589e-08,-4.196355298503215e-09,5.4706503080825383e-11,-9.000841168693697e-09,3.57220033005173e-08,-5.001976370296423e-09,-9.49024674896959e-10,-9.091770790161601e-09,0.9999997951952482,-4.7460481958602245e-09,-1.4244430180159975e-09,-9.141421512440091e-09,3.3740404826658886e-08,-4.7920925317564056e-09,-5.173040015883222e-10,-8.984234797882682e-09,3.753438178163824e-08,-5.529143643349561e-09,-1.7188460541043452e-09,-9.192696965605772e-09,2.8651106619841906e-08,-2.4505583099456253e-09,2.4931096634775e-09,-8.563239414643031e-09,4.5047260524480645e-10,1.9490468530981656e-08,3.897058786697501e-08,5.216241209757962e-09,4.6315873618510314e-10,2.0677725171623076e-08,3.995367884346391e-08,5.874242709988643e-09,1.3638313853616656e-09,0.2099855507125661,6.0392777620886e-08,1.3499554949729771e-08,4.4183444572247383e-10,2.0175051558744106e-08,4.0556039266001365e-08,7.213998515999638e-09,4.81555664293174e-10,2.1479830525896936e-08,4.015673733330267e-08,5.527118511878527e-09,3.8039406856805415e-10,1.6392126180786172e-08,3.829475213753311e-08,6.5217683022876914e-09,1.238151076785812e-14,6.791901097141256e-15,0.3791107944221678,-7.354431664741828e-13,-1.461797001599988e-12,-9.751667634988048e-13,reduced_group_grid,0.2878845467892844,4.0132173351860776e-07,0.36689200687287776
PF0206,group_TAC_ISI,13,,,106.06904600042324,,3,3,LOCALLY_SOLVED,Solve_Succeeded,0.052556459,0.6726066592139655,11928345.416592244,32.50024598586382,10.108165052680418,503.5799878325123,8.120488408686858e-17,7.862554044874225e-24,9.67962952834216e-09,0.0,1.0000000068838588,0.3478866951655393,7.032012214882876e-08,-9.050713560441456e-09,-4.101807960283466e-09,1.857185408857e-08,3.651625242795172e-09,2.4778328741496316e-10,-4.094136575957425e-09,1.9542949723361083e-08,3.86389176322004e-09,3.477243555921542e-10,-3.2582749469486172e-09,0.1379009559961686,4.966974759137978e-09,9.063227391511599e-10,-4.1239433024850974e-09,1.8759607246488293e-08,4.288538696355072e-09,6.61952457630384e-10,-4.0775320306580505e-09,2.008923789536769e-08,3.754285725475252e-09,2.6854253303603376e-10,-4.201023725737004e-09,1.4300655112986014e-08,4.049950420890934e-09,5.881843872273072e-10,4.975871502445022e-08,-5.976132210781386e-09,-4.8467751279132815e-09,-9.498589111790604e-09,5.055947075036821e-08,-7.077701857694151e-09,-5.620502670354534e-09,-9.569394470032321e-09,0.9999997922652052,-8.093972830366815e-09,-6.764961891965301e-09,-9.67962952834216e-09,4.755184106305689e-08,-6.804678858285857e-09,-5.1279449199513105e-09,-9.486453880932844e-09,5.236077707818802e-08,-7.555997152322568e-09,-6.144466334334276e-09,-9.631590756440709e-09,4.0895314705493865e-08,-2.18762478342405e-09,-2.2068785168030513e-09,-9.081710579441702e-09,-4.5575644003149604e-10,2.8279868725777044e-08,1.1360611866473869e-08,3.681351698736595e-09,-4.5490406399526927e-10,2.9758582533299823e-08,1.2020996596684569e-08,5.166190425940576e-09,-3.6203054966095734e-10,0.2099855466305294,1.5452810361762595e-08,1.3465366410245808e-08,-4.5821592249834396e-10,2.8565765579879898e-08,1.3342120388660224e-08,9.834722227651421e-09,-4.5305911451756084e-10,3.0590430431582606e-08,1.1680000034811895e-08,3.989774776535358e-09,-4.66780413970778e-10,2.1775997558410522e-08,1.2599845753882905e-08,8.738739467377136e-09,-5.685063172193312e-16,5.033561653482521e-15,0.3791107773267821,-9.20224589859151e-13,-2.75939790457749e-12,-1.2650052291197873e-12,reduced_group_grid,0.28788454045670064,4.2677827253188443e-07,0.3668919730221486
PF0207,group_TAC_ISI,44,,,58.5559613831923,,3,3,LOCALLY_SOLVED,Solve_Succeeded,0.0584045,0.6726066738709066,11928345.5001111,32.50024477312732,10.10816524612543,503.57998807687216,1.592252629154286e-16,1.592252629154286e-16,9.498897033864276e-09,0.0,1.0000000050358524,0.3478866764925222,1.656677983748475e-07,-8.461921980357221e-09,-1.0257096766457826e-09,1.6131493529463883e-08,6.846626776349646e-09,3.1031075710197646e-10,-9.897014506334746e-10,1.7101316317540248e-08,7.102865453898939e-09,3.8094341204833724e-10,1.3247066227469774e-09,0.1379009575627724,9.45791452863897e-09,8.938785424915026e-10,-1.063249680528971e-09,1.6528215773384782e-08,7.48653210027433e-09,5.627883734987056e-10,-9.37568046086484e-10,1.7661923050326173e-08,7.029381592210445e-09,3.3126631451409695e-10,-1.280828841165295e-09,1.2873503218898968e-08,7.073841206515512e-09,5.018338204424907e-10,4.3417274900026325e-08,-4.998734812952083e-09,-2.823146150301033e-09,-9.290588761976289e-09,4.47325078792912e-08,-6.0898070592232805e-09,-3.76288400452812e-09,-9.377828510593085e-09,0.9999997970357404,-6.990315805612645e-09,-4.9881396166972135e-09,-9.498897033864276e-09,4.210134666148935e-08,-5.811633769071665e-09,-3.23391265185894e-09,-9.275847521037581e-09,4.673552021690549e-08,-6.642345597690828e-09,-4.424947945087252e-09,-9.460228001045268e-09,3.542718590243911e-08,-2.119502188500302e-09,-8.750251688552913e-11,-8.829011499094895e-09,-1.1396774184953137e-10,2.4563865147138183e-08,2.1300616637532232e-08,4.610331248372222e-09,-1.0996682784816379e-10,2.6040640756254463e-08,2.2097803634352252e-08,5.659730693289582e-09,1.471896247496641e-10,0.2099855490160398,2.9424622977987906e-08,1.3280481202730895e-08,-1.1813885339210783e-10,2.5167964927654095e-08,2.3291433200853467e-08,8.361427263409341e-09,-1.0417422734294261e-10,2.6894291917542123e-08,2.1869187175765827e-08,4.921670958495154e-09,-1.4231431568503274e-10,1.960283444695979e-08,2.2007505975826043e-08,7.455816760859862e-09,3.642152422936067e-15,5.5794248871151634e-15,0.3791107843133012,-8.618146997970881e-13,-2.352441723021583e-12,-1.1728595002172194e-12,reduced_group_grid,0.2878845430179951,4.137311843494642e-07,0.3668919849724147
PF0208,group_TotEmiss_ISI,1,,33246935.395562347,,,3,2,LOCALLY_SOLVED,Solve_Succeeded,0.037976833,0.3671924978192428,11928820.90516743,32.50021056866753,10.108165266727688,503.57998830132374,4.776757887462858e-16,4.776757887462858e-16,9.292407405568182e-09,0.0,1.00000000104237,0.3478865923164788,2.1958596194249458e-07,-7.309716768446824e-09,-4.564057444814319e-09,-3.691536001833261e-09,3.1262427086526614e-09,-1.20957548992246e-10,-4.4172477089961065e-09,-3.5474181844495033e-09,3.393799351860939e-09,-1.0166786807314035e-10,1.3117840055008406e-08,0.1379010062809425,2.1922285172526332e-08,1.6252672082364155e-09,-5.031906958197807e-09,-4.042504759534569e-09,2.6466000478258012e-09,-1.6103187771591655e-10,-2.885785136566175e-09,-2.0773934134351224e-09,5.367801313740291e-09,5.6628516772811607e-11,-6.980521985334545e-09,-5.33061971749923e-09,1.5788716965308675e-10,-3.604293733017118e-10,2.604713765576922e-09,5.267418619118863e-09,1.7947402303790098e-08,-2.7083823072719e-09,3.426837432605847e-09,6.167842962573262e-09,1.8832270003917732e-08,-3.3472738191938503e-09,0.9999999942210904,-3.0442772151156806e-09,-1.257712639839207e-09,-9.279130523029916e-09,3.387400077940713e-10,1.0907162460526786e-09,1.6354760552166646e-08,-2.3147582559912243e-09,1.8001150654381757e-08,6.676507664765915e-09,1.1664967794487382e-08,-7.371495536328528e-09,-5.592741512342425e-09,-6.174757104909987e-09,5.517520230462279e-09,2.840351484967229e-09,-5.071174938682575e-10,-5.621202548246102e-09,9.726088426919393e-09,-1.7970835850276544e-09,-4.908053009995672e-10,-5.401750417229926e-09,1.0558486872456253e-08,-1.5104940399437995e-09,1.4575377838898224e-09,0.2099856232005261,6.8202664981193e-08,2.414682709379817e-08,-5.591007731330893e-10,-6.155632247473091e-09,8.233866815458045e-09,-2.392473611779331e-09,-3.2064279295179713e-10,-3.1633036068216633e-09,1.6699826309414242e-08,8.413379634817723e-10,-7.756135539260601e-10,-8.117080024373828e-09,4.912045278096031e-10,-5.354950689054003e-09,3.974722319345412e-12,2.0443153113830231e-13,0.3791108919437323,-8.327021490694432e-09,-7.8595445425312e-09,-9.008465671077984e-09,reduced_group_grid,0.2878991223885656,4.574638039743539e-08,0.3668919862451405
PF0209,group_TotEmiss_ISI,43,,11752773.047238795,,,5,1,LOCALLY_SOLVED,Solve_Succeeded,0.213868625,0.4391579433318168,11752773.345979024,35.74056036724905,10.70281762522731,503.57998782765367,1.592252629154286e-16,1.592252629154286e-16,9.778224189686858e-09,9.729067611657626e-09,1.000000004827702,0.3543094108897154,3.509967922998181e-07,-6.846718641907712e-09,-3.7244931088832804e-09,1.0670622695756437e-08,1.1478502278136031e-08,-3.768487356582788e-11,-3.3296673870989824e-09,1.864018400562068e-08,1.5151667307609162e-08,1.8867242441677488e-10,-2.271410029077927e-09,0.140446834968691,1.9404190128353428e-08,1.447987262395462e-09,-3.478443074034457e-09,1.443705576821195e-08,1.6353186883430493e-08,1.0712323192172123e-09,-2.2714111427381215e-09,1.0542292632800497e-07,2.1393749373106855e-08,1.5675583204299399e-10,-5.668988050214654e-09,-2.924333039487547e-09,3.8329876520152854e-09,-1.988664294375504e-10,2.3165357726536833e-08,4.1983889139226984e-09,1.9450485406207103e-09,-9.019915735057146e-09,3.8386255458324276e-08,-6.798757595392633e-09,-4.329657561678514e-09,-9.457026079979961e-09,0.9047609435000072,-8.982634103035257e-09,-7.863653511713168e-09,-9.778224189686858e-09,3.148186230213618e-08,-5.741755328316332e-09,-2.504868379690623e-09,-8.800025885345191e-09,0.0952389915360342,-7.680669310289953e-09,-5.599147913035158e-09,-9.626995428904524e-09,-1.924675191583663e-10,6.011477052654996e-09,9.15701623219311e-09,-1.8386335218863503e-09,-4.1383256765369757e-10,1.6248448195810937e-08,3.57108959764232e-08,-5.598895501208711e-10,-3.6996304301099784e-10,2.8383916554013305e-08,4.713852051256183e-08,2.803133162763512e-09,-2.5237889211976957e-10,0.2138622259750522,6.036859151043288e-08,2.1512953612732573e-08,-3.8649367489271727e-10,2.1983698556140925e-08,5.087658141511707e-08,1.5915451599798584e-08,-2.523790158597912e-10,1.6053036509037119e-07,6.65583313829991e-08,2.328943790353053e-09,-6.298875611349613e-10,-4.4529616737651285e-09,1.1924850472936445e-08,-2.9545869516436047e-09,1.2941322054380077e-15,1.059272589397639e-15,0.3571161663045167,-9.055008128117409e-14,0.0377782401996882,-2.206627729641266e-13,reduced_group_grid,0.28250022608056535,0.03486098179933246,0.4036272517409318
PF0210,group_TotEmiss_ISI,44,,11241007.277040618,,,3,1,LOCALLY_SOLVED,Solve_Succeeded,0.70101525,0.5786757453562134,11241007.574240264,42.022780779757376,11.855706847139215,503.5799878518816,4.511382449270478e-17,5.126570965080088e-17,9.763554971603271e-09,9.678895545511811e-09,1.0000000047604811,0.3667616826670679,3.401724721842183e-07,-6.922191818391268e-09,-4.025428314768848e-09,5.823021487741405e-09,9.961151355736271e-09,-3.0019720494774894e-11,-3.269230585483075e-09,1.7513805884271558e-08,1.46533882048138e-08,2.327406660584161e-10,-2.159374451112849e-09,0.1453828769417793,1.9445991073083146e-08,1.421971483549015e-09,-3.4336285593758704e-09,1.2836103351048091e-08,1.5162759349019113e-08,9.231280386095077e-10,-2.1593747181829155e-09,1.0342605876270973e-07,2.082468346318132e-08,2.3173325890145607e-10,-5.9003212849723515e-09,-3.3351494791195123e-09,3.2748301288624392e-09,-2.1718206834247787e-10,1.4948691111944273e-08,1.0616054172830386e-08,4.22232241482496e-09,-8.805953946673285e-09,3.722269471984401e-08,-5.909156760015526e-09,-3.290142241125286e-09,-9.362098005315604e-09,0.7201146865949198,-8.88459167736348e-09,-7.685428315297142e-09,-9.763554971603271e-09,3.0131887244479975e-08,-4.2201881545380405e-09,-9.05275222437587e-10,-8.534382774319506e-09,0.279885260581867,-7.192460926699672e-09,-4.935489786415733e-09,-9.573515233494981e-09,-1.4447364153465946e-09,5.852326127692686e-09,1.0217181749807498e-08,-1.5145803254427359e-09,-4.47269812752094e-10,8.866873629060776e-09,3.0990248662290616e-08,-4.460072759223698e-10,-3.6324784283145263e-10,2.6668749869231687e-08,4.5588318859420705e-08,3.457861324296467e-09,-2.399304945680942e-10,0.2213784717068003,6.049863889403645e-08,2.1126433469871082e-08,-3.815142843750966e-10,1.9545884648186865e-08,4.7173029085837235e-08,1.3715045145055542e-08,-2.399305242425461e-10,1.574896803886716e-07,6.47879041076752e-08,3.442894132250204e-09,-6.555912538858165e-10,-5.0785230704774406e-09,1.0188360400905365e-08,-3.226705015373956e-09,1.3388274742895197e-15,1.0626757462312369e-15,0.3144738087212468,-1.204495391568299e-13,0.1110212587177847,-2.71898500003316e-13,reduced_group_grid,0.2668057719890757,0.10244753809238237,0.47484817779767596
PF0211,group_TotEmiss_ISI,46,,10217475.73664426,,,3,1,LOCALLY_SOLVED,Solve_Succeeded,0.418256833,0.8160200557275459,10217476.039428318,52.71016790304196,13.817014998434924,503.5799875748344,1.353414734781143e-16,1.572510808974845e-23,9.912354561796708e-09,9.860763029652493e-09,1.0000000080795322,0.3879456778990277,7.349359248036988e-08,-8.980797714963225e-09,-7.884203326783053e-09,-2.6353027223679823e-09,1.0337439514048124e-09,-3.4814472594967195e-10,-7.397101075386032e-09,2.1659522696139563e-08,4.864053488433473e-09,-1.2082173255801536e-11,-7.285021588892212e-09,0.1537801693473015,6.636612720973041e-09,1.6173506229948052e-09,-7.426630449313346e-09,1.4345268473510466e-08,7.011737459958258e-09,1.831273443904251e-09,-7.285021577411133e-09,6.677613012641372e-08,4.878127797973857e-09,-1.5029455553239516e-10,-8.356975080859423e-09,-5.396096983267002e-09,-7.502339298166604e-10,-4.4712036432165133e-10,-4.2112301234013465e-10,3.215117996171816e-08,-2.959940796476878e-09,-9.417311016464626e-09,5.2986655279968234e-08,-7.583460574225117e-09,-6.6843612323476405e-09,-9.703330859269961e-09,0.4059921659789282,-9.577537714762695e-09,-9.096225274219632e-09,-9.912354561796708e-09,3.9287188831966944e-08,-4.600354047960555e-09,-3.8898205893864144e-09,-9.098813284196108e-09,0.59400780679478,-8.848469953981714e-09,-8.022625093265332e-09,-9.833574577565074e-09,-5.841393723937837e-09,1.0113411549449613e-08,6.819950456033438e-09,-5.152747742691119e-10,-8.760225918647834e-10,-4.012847327242155e-09,3.216092293259417e-09,-5.172435928395125e-09,-8.219001194873367e-10,3.2981545923667056e-08,1.5132610852904138e-08,-1.7950657408619427e-10,-8.094468432102455e-10,0.2341652578697546,2.064723957636057e-08,2.4029209255922826e-08,-8.251811610348158e-10,2.1843931539209115e-08,2.181429431987013e-08,2.720749116657744e-08,-8.0944684193457e-10,1.0168183451067541e-07,1.517639759369644e-08,-2.232947682195585e-09,-9.285527867621575e-10,-8.216784042702025e-09,-2.3340611149851664e-09,-6.642931127064533e-09,-3.206029311341151e-16,9.181378802080604e-16,0.2419301232596844,-1.7876016073338584e-13,0.2356231355049394,-3.835276823571881e-13,reduced_group_grid,0.23541686407184576,0.21742658117009664,0.5960100207250228
PF0212,group_TotEmiss_ISI,48,,9193944.1962479,,,5,1,LOCALLY_SOLVED,Solve_Succeeded,1.204656709,1.016607309510574,9193944.489376398,61.74265278832817,15.474621709763412,503.5799878673718,1.592252629154286e-16,1.592252629154286e-16,9.75965881987674e-09,9.546310537893976e-09,1.0000000046485995,0.4058493268641336,3.284869590985999e-07,-7.023548383902323e-09,-4.1980487399035455e-09,3.362387533600151e-09,8.893943191576655e-09,6.8023347510210346e-12,-3.1860898901085532e-09,1.6081626026067563e-08,1.3974298634851984e-08,2.984933208958661e-10,-2.068255357819107e-09,0.1608770931302996,1.9547650567659043e-08,1.3160623682877995e-09,-3.3585329650693507e-09,1.1532436071732034e-08,1.412815675757755e-08,7.786644069685356e-10,-2.068254614715259e-09,9.167641209614837e-08,1.9608769659843215e-08,3.5272798633045565e-10,-6.0379603475843115e-09,-3.566477485837779e-09,2.9964160924701743e-09,-2.1189597824972392e-10,1.1476538960850861e-08,1.349802775412128e-08,5.545851753985491e-09,-8.647789471687972e-09,3.8009093747263695e-08,-5.083857165174422e-09,-2.5125000890168242e-09,-9.306741095888962e-09,0.1405107257172892,-8.810834042126918e-09,-7.553722316767494e-09,-9.75965881987674e-09,3.0546826101079995e-08,-2.610091571539368e-09,3.3849725191417806e-10,-8.578052977061848e-09,0.8594892242572462,-6.773340495324917e-09,-4.476412429509539e-09,-9.535131804054672e-09,-2.1171256014977887e-09,5.824867596672606e-09,1.1753945878304258e-08,-1.486866033506268e-09,-4.664498599892826e-10,5.119999198891138e-09,2.7670045484905144e-08,1.0106325915802678e-10,-3.5400998778983907e-10,2.4487930539693784e-08,4.3475595752872826e-08,4.434757910452867e-09,-2.2980615086878957e-10,0.2449719372665925,6.081491287716146e-08,1.955292661456159e-08,-3.731703294521499e-10,1.7560754927410142e-08,4.3954265468019055e-08,1.156872833210396e-08,-2.2980606830169535e-10,1.3959817296458957e-07,6.100506116395668e-08,5.240530082623913e-09,-6.70884483064923e-10,-5.430772535252981e-09,9.3221833987961e-09,-3.148168819710184e-09,1.7451350224703494e-15,1.34599401348841e-15,0.1806195931736054,-1.793274522898016e-13,0.3409308154202613,-3.925192852758056e-13,reduced_group_grid,0.20402795568724755,0.31460154608377955,0.698410392568997
PF0213,group_TotEmiss_ISI,50,,8170412.655851539,,,3,1,LOCALLY_SOLVED,Solve_Succeeded,0.530910083,1.185683421174817,8170412.946406323,69.35472357005588,16.872169559481623,503.5799878703298,1.592252629154286e-16,1.592252629154286e-16,9.762853116527891e-09,9.462492420914208e-09,1.0000000044921211,0.4209375538945311,3.2822684396524577e-07,-7.057263767503679e-09,-4.037402246209536e-09,3.138335174293659e-09,8.777617211293953e-09,3.022289125100182e-11,-3.052733479372236e-09,1.4728052495087636e-08,1.3435441125088917e-08,3.0870582120937694e-10,-2.8344070487828213e-09,0.1432459040423764,1.962457876599561e-08,1.2652790509357343e-09,-3.2424994564818673e-09,1.120346111906406e-08,1.3687769706390853e-08,7.13934466518386e-10,-1.519406049911793e-09,0.0236122015625835,2.0452533515635186e-08,4.4204279732314874e-10,-5.989440263841617e-09,-3.596296042251456e-09,2.9795665305218334e-09,-2.0450163136911615e-10,1.3501748705583693e-08,1.3048126957662605e-08,5.547383025651043e-09,-8.637750167462749e-09,4.362605096566003e-08,-5.141228282570611e-09,-2.612993837094869e-09,-9.322782605617824e-09,6.02586022086583e-08,-8.806497127078662e-09,-7.544778840653904e-09,-9.762853116527891e-09,3.402374440281347e-08,-2.561559261937286e-09,2.1211028070358123e-10,-8.718578924485903e-09,0.9999998780198254,-6.519203837846783e-09,-4.365348414738317e-09,-9.527569620562424e-09,-1.9646407938273795e-09,5.926826443064232e-09,1.2387388014458813e-08,-1.6135660387621786e-09,-4.486002495788372e-10,4.7788285608562535e-09,2.7308142435136738e-08,4.49025812872027e-10,-3.3919260881913726e-10,2.24268072084289e-08,4.1799150166943296e-08,4.586486486539314e-09,-3.1493411653142455e-10,0.2181244447918005,6.105424504976411e-08,1.879843161390234e-08,-3.602777173868739e-10,1.7059815794938455e-08,4.2584172419882644e-08,1.0607026359701736e-08,-1.688228944346436e-10,0.0359549432884795,6.3630104270865e-08,6.567492988801067e-09,-6.654933626490684e-10,-5.476178064337444e-09,9.269762539401258e-09,-3.0383099517697252e-09,2.0616702354897554e-15,1.6106446309738924e-15,0.1289213030034264,-2.1033376443889414e-13,0.4297236632856445,-4.639726027108771e-13,reduced_group_grid,0.17263904751983014,0.39649514685136306,0.7847453588205491
PF0214,group_TotEmiss_ISI,51,,7658646.88565336,,,3,3,LOCALLY_SOLVED,Solve_Succeeded,0.925048042,1.2595265130469702,7658647.186085812,72.6696093434546,17.484273172023446,503.57998757789926,4.776757887462858e-16,4.776757887462858e-16,9.913830752612172e-09,9.784178280242544e-09,1.0000000080729752,0.427508182636738,6.68018244575969e-08,-9.014988110840732e-09,-7.944529802522759e-09,-3.156591317871431e-09,8.54243305859065e-10,-3.014359988045932e-10,-7.390223221707741e-09,2.145903207170773e-08,4.573176982140273e-09,1.3756190739377947e-10,-7.273625235144695e-09,1.7968656844550294e-08,6.141847755950869e-09,1.514672796907894e-09,-7.413479885347411e-09,1.3412362159208949e-08,6.0241304567621495e-09,1.5535463987540627e-09,-7.2736252249567885e-09,0.1694626526810664,5.018652517619197e-09,3.521711934726222e-11,-8.44020117351318e-09,-5.456538916838399e-09,-8.423832053592072e-10,-4.328416345419562e-10,-1.654015043098562e-09,3.27604447986215e-08,-2.670012303940048e-09,-9.374478542186321e-09,5.0960130700369414e-08,-7.192657742768011e-09,-6.510228228128282e-09,-9.698917219478616e-09,0.4166281048997549,-9.578571305191071e-09,-9.08041177435637e-09,-9.913830752612172e-09,4.037051993199219e-08,-2.4757610710616348e-09,-3.6510384353888973e-09,-9.286429043248611e-09,0.5833718706709424,-8.718707551737437e-09,-7.919415306946275e-09,-9.825253590032565e-09,-6.356930267511208e-09,1.0642295928015066e-08,7.135407275248248e-09,-6.655054468918556e-10,-8.827255336136395e-10,-4.806627688576952e-09,2.6576458404504246e-09,-4.478477696525384e-09,-8.211359135230821e-10,3.2676253381918585e-08,1.4227661722214182e-08,2.0437769098504373e-09,-8.081805816827434e-10,2.736136383147431e-08,1.9107970796291593e-08,2.2503710125488713e-08,-8.23719987260823e-10,2.0423369651522717e-08,1.8741739198815573e-08,2.3081260781488932e-08,-8.081805805507538e-10,0.2580454029461693,1.5613585610370833e-08,5.232257731593243e-10,-9.378001303903531e-10,-8.308820623367564e-09,-2.620747750006422e-09,-6.430789998909063e-09,-5.727029924955042e-16,1.3414245707774609e-15,0.1062401510543099,-2.7983570448324293e-13,0.4686518354748279,-5.942907662872042e-13,reduced_group_grid,0.15694459377850686,0.4321579697416202,0.8225586936139924
PF0215,group_TotEmiss_ISI,52,,7146881.11545518,,,3,1,LOCALLY_SOLVED,Solve_Succeeded,0.106317875,1.3260843426522306,7146881.415121519,75.66680513511473,18.03436780527292,503.579987578281,6.315935428978667e-17,5.126570965080088e-17,9.914243040290702e-09,9.759228278859338e-09,1.0000000080719962,0.4334490589666275,6.565029247394922e-08,-9.020999542276931e-09,-7.951873261025261e-09,-3.210953645065345e-09,8.372397865156576e-10,-2.9018708452895455e-10,-7.389759902055503e-09,2.1455309911816193e-08,4.521279857470587e-09,1.7192997450505228e-10,-7.272189683336048e-09,1.8555627762694096e-08,6.084093754709752e-09,1.5009990295161195e-09,-7.411591719801581e-09,1.3351009110546226e-08,5.843437318536902e-09,1.4749393921000166e-09,-7.272189661518795e-09,0.1718175939463515,5.040389195982749e-09,8.371992347277642e-11,-8.456364854726455e-09,-5.468439742378031e-09,-8.611523993264802e-10,-4.30378884182237e-10,-1.7869043812989999e-09,3.280136093034356e-08,-2.633053363710883e-09,-9.368493633077791e-09,5.0498554058135846e-08,-7.137439405068759e-09,-6.496275141744797e-09,-9.6997557627061e-09,0.3368350537370276,-9.576768286253846e-09,-9.078718809828571e-09,-9.914243040290702e-09,4.0597515045179544e-08,-2.096946070578053e-09,-3.680069216922605e-09,-9.324009388617938e-09,0.66316492230992,-8.706654164479576e-09,-7.907107145564091e-09,-9.824241241356253e-09,-6.446372726784564e-09,1.0778336956780952e-08,7.199334150175799e-09,-7.078966116549722e-10,-8.835414734472508e-10,-4.8894066868040495e-09,2.604746002493157e-09,-4.311350970144468e-09,-8.210844335617223e-10,3.2670585547538295e-08,1.4066204001019602e-08,2.5543881926464915e-09,-8.080210759262271e-10,2.825516045682965e-08,1.8928291681319232e-08,2.2300557009953782e-08,-8.23510191089064e-10,2.0329945691059023e-08,1.8179582768781473e-08,2.191338525405739e-08,-8.08021073502088e-10,0.2616313362364899,1.5681210831946328e-08,1.2438388630241066e-09,-9.395960949696059e-10,-8.326942334984731e-09,-2.679140797904605e-09,-6.394200564993234e-09,-6.489360838347829e-16,1.4881573170482578e-15,0.085892923487629,-3.120079450591753e-13,0.5035999972840467,-6.617268358768763e-13,reduced_group_grid,0.14125013971076797,0.4644029609697215,0.8565413594714293
PF0216,group_TotEmiss_ISI,53,,6635115.345257,,,3,2,LOCALLY_SOLVED,Solve_Succeeded,0.687079042,1.3854146470895237,6635115.643970585,78.33861644440024,18.524742530288066,503.5799875786288,1.804552979708191e-16,1.592252629154286e-16,9.914675532288521e-09,9.728199981219353e-09,1.000000008070977,0.4387449761260283,6.449299113679824e-08,-9.02686132750852e-09,-7.958443166059391e-09,-3.258889086003855e-09,8.2331364795403e-10,-2.781948660457552e-10,-7.389436718333338e-09,2.1454028535642378e-08,4.471770520097815e-09,2.0881544233415323e-10,-7.270856195816303e-09,1.9253990340687228e-08,6.024282221593273e-09,1.4843186116353056e-09,-7.4099048585576145e-09,1.3316287900481476e-08,5.661721140997399e-09,1.3900995339219943e-09,-7.2708561600779085e-09,0.1739168755754964,5.064205105840806e-09,1.385620970373115e-10,-8.472612638974315e-09,-5.4806498697173194e-09,-8.805614921522635e-10,-4.2807404788557436e-10,-1.903377815131101e-09,3.2829759266694533e-08,-2.5986186213741574e-09,-9.362867561223297e-09,5.0019820294655495e-08,-7.085719335838058e-09,-6.4855333806513086e-09,-9.70082443420258e-09,0.2657045727633491,-9.57505728525751e-09,-9.07736695345146e-09,-9.914675532288521e-09,4.078391456082283e-08,-1.715754947093434e-09,-3.725506964817476e-09,-9.359745896077598e-09,0.7342954037986735,-8.695589538827154e-09,-7.895913623143002e-09,-9.823319403314847e-09,-6.533503055594425e-09,1.0925450740719992e-08,7.265369309096861e-09,-7.544958690752962e-10,-8.842714628954875e-10,-4.962399290051324e-09,2.5614202380792046e-09,-4.133180866965505e-09,-8.210485242592595e-10,3.26686343610918e-08,1.3912174951415425e-08,3.1024008575359903e-09,-8.078729106462555e-10,2.9318576200591914e-08,1.874221135606796e-08,2.205273365858168e-08,-8.233227620619566e-10,2.0277074757551342e-08,1.7614243549769685e-08,2.0652907361126773e-08,-8.078729066753226e-10,0.264827969626324,1.5755304773726953e-08,2.058636870268628e-09,-9.414014043304792e-10,-8.345535028887734e-09,-2.739524642251486e-09,-6.359957282871389e-09,-7.427771427833209e-16,1.6721417014586017e-15,0.0677546514112085,-3.518458620253273e-13,0.5347540827992037,-7.452596327714026e-13,reduced_group_grid,0.1255556856373053,0.49314734012265427,0.8868347661289064
PF0217,group_TotEmiss_ISI,54,,6123349.575058821,,,3,2,LOCALLY_SOLVED,Solve_Succeeded,0.21963975,1.4376960696294243,6123349.855738993,80.69722305947627,18.956145180971863,503.5799878747908,1.592252629154286e-16,1.592252629154286e-16,9.767301048546854e-09,9.14090613617613e-09,1.0000000044888722,0.4434200307219142,3.271047898348245e-07,-7.118096559247613e-09,-4.120186572757958e-09,2.699199772826795e-09,8.547792058210018e-09,7.727658612214533e-11,-3.0501886214738467e-09,1.4534016760420528e-08,1.3204877203153224e-08,3.61163941388834e-10,-2.648610876066299e-09,0.0575709835100271,1.9926732190784193e-08,1.1440015433475516e-09,-3.219449743677306e-09,1.1220752252686264e-08,1.328844600404116e-08,6.108348063094801e-10,-1.5689433098517418e-09,0.1181990947883674,2.0121782244578818e-08,5.766967787987481e-10,-6.0749616846569205e-09,-3.661385972441507e-09,2.9465804008631552e-09,-1.928518808736292e-10,1.2130186639462617e-08,1.3619297920054274e-08,5.856130850951961e-09,-8.591007288970875e-09,4.30261225423539e-08,-4.897593024248781e-09,-2.439319783574001e-09,-9.324607082954591e-09,8.136031004533547e-08,-8.78768757013401e-09,-7.506271927171485e-09,-9.767301048546854e-09,3.449800248797062e-08,-1.934344455281756e-09,4.3934559685411925e-10,-8.884320014723351e-09,0.9999998587717136,-6.377553195969285e-09,-4.245771579925142e-09,-9.51738853501158e-09,-2.317084554365537e-09,6.302101473497714e-09,1.4185146259874504e-08,-1.8992607369457103e-09,-4.577985080842173e-10,4.110145108622619e-09,2.65931308477645e-08,1.148109279529016e-09,-3.3890984683042724e-10,2.213134370336762e-08,4.108184018758781e-08,5.365864272062677e-09,-2.942900973406998e-10,0.0876649067084504,6.199427792688415e-08,1.699659435830648e-08,-3.5771663818636717e-10,1.7086145475681353e-08,4.13418320125725e-08,9.075259979455134e-09,-1.7432703442797124e-10,0.1799849852459231,6.260110031646743e-08,8.568066427867112e-09,-6.749957427396573e-10,-5.57529227621775e-09,9.167139024907596e-09,-2.865227944408205e-09,3.2321319820334187e-15,2.5176702954450987e-15,0.0518138797589743,-3.3640320939969546e-13,0.5621453068030372,-7.424611335458267e-13,reduced_group_grid,0.10986123104002563,0.5185221420709589,0.9134851118005237
PF0218,group_TotEmiss_ISI,55,,5611583.804860641,,,3,1,LOCALLY_SOLVED,Solve_Succeeded,0.271377125,1.4827007968689898,5611584.100731023,82.7199570686727,19.32887817381228,503.5799875792547,1.592252629154286e-16,1.592252629154286e-16,9.915581397114756e-09,9.635605408989638e-09,1.000000008068874,0.4474294281579673,6.215055683403335e-08,-9.038130446522277e-09,-7.96999898499215e-09,-3.341468089764694e-09,8.023836538189893e-10,-2.519837954379694e-10,-7.389237592911204e-09,2.1466590783734792e-08,4.380023730882968e-09,2.9066728349817475e-10,-7.2684073978433145e-09,2.1190198017397365e-08,5.898273673106777e-09,1.4364284001474942e-09,-7.4073769265358e-09,1.3331544229318342e-08,5.2908154119451e-09,1.2018220593006692e-09,-7.268407315356607e-09,0.1773593587012682,5.118711981616618e-09,2.7246524851617056e-10,-8.505792978490965e-09,-5.5063979275643894e-09,-9.220759459876797e-10,-4.241472985434779e-10,-2.1028010973729047e-09,3.285855028638375e-08,-2.534304401582008e-09,-9.352364676835596e-09,4.895962361891044e-08,-6.989123390226043e-09,-6.470724356632121e-09,-9.703406355857348e-09,0.1490620269228287,-9.571725519092382e-09,-9.075448877986091e-09,-9.915581397114756e-09,4.0907960100198855e-08,-9.172580538300665e-10,-3.857903787963365e-09,-9.425346852182052e-09,0.8509379509838536,-8.675513649521356e-09,-7.875801662884686e-09,-9.821666165061557e-09,-6.7034565326322814e-09,1.1261387435602467e-08,7.406861843396881e-09,-8.63045088099239e-10,-8.85555442776905e-10,-5.088144591232602e-09,2.4963047007701887e-09,-3.743759246506973e-09,-8.210263992123556e-10,3.2687763238868885e-08,1.3626740496080344e-08,4.318485354830025e-09,-8.0760082198259e-10,3.226689243558235e-08,1.8350184760776642e-08,2.1341221945048493e-08,-8.230418807261996e-10,2.0300305985552928e-08,1.6460314614940312e-08,1.7855642023895656e-08,-8.076008128174004e-10,0.2700699325678402,1.5924881720585034e-08,4.048055120811676e-09,-9.45088108721218e-10,-8.384742298791229e-09,-2.868680720850559e-09,-6.30161700693167e-09,-1.0201032947809524e-15,2.225375942107896e-15,0.038010803813309,-4.701432936169763e-13,0.5858417701369154,-9.932518233210145e-13,reduced_group_grid,0.09416677746162343,0.5402834966560708,0.9365110785781235
PF0219,group_TotEmiss_ISI,56,,5099818.034662461,,,3,2,LOCALLY_SOLVED,Solve_Succeeded,0.2169455,1.5207743203925337,5099818.3282656325,84.43478427514918,19.6436114489442,503.5799875795428,9.022764898540956e-17,5.126570965080088e-17,9.916049615984313e-09,9.561769227640476e-09,1.0000000080678049,0.4508284642165215,6.096042398340747e-08,-9.043517366218837e-09,-7.975228242501463e-09,-3.3780771467701342e-09,7.946448119517282e-10,-2.37809265382138e-10,-7.389384851790636e-09,2.1484642552814404e-08,4.33796791948989e-09,3.3562046872925216e-10,-7.267260889209194e-09,2.262134921781825e-08,5.8312959836694615e-09,1.401449708227977e-09,-7.406770970050592e-09,1.3390619209232427e-08,5.1000204588112835e-09,1.0992559226216255e-09,-7.267260761672477e-09,0.1787067226144859,5.149812491736594e-09,3.547393973352332e-10,-8.522925865160307e-09,-5.520138327428446e-09,-9.445855066135664e-10,-4.2266169752940325e-10,-2.1907916141237687e-09,3.2862125278390133e-08,-2.503325955707113e-09,-9.3473828398987e-09,4.8356173307942056e-08,-6.942805359404763e-09,-6.4655988879271965e-09,-9.704835252905516e-09,0.1034089178950969,-9.570011016914504e-09,-9.074813419531806e-09,-9.916049615984313e-09,4.07438096641546e-08,-4.826138925509371e-10,-3.942254622337408e-09,-9.455293453176446e-09,0.8965910609717663,-8.666179869424247e-09,-7.866506781057963e-09,-9.820907091131147e-09,-6.787325760585099e-09,1.145623729212991e-08,7.484170551671259e-09,-9.270481523059475e-10,-8.86136471389051e-10,-5.143890200763612e-09,2.472228303849821e-09,-3.533166228534621e-09,-8.210427613100702e-10,3.271525115996738e-08,1.3495900193968545e-08,4.986361249691746e-09,-8.074734321343546e-10,3.444614539985961e-08,1.8141809726971655e-08,2.0821538522244223e-08,-8.229745522278432e-10,2.0390261068603928e-08,1.5866730316301772e-08,1.6331802278949863e-08,-8.074734179636082e-10,0.2721216003447854,1.6021638863180512e-08,5.270413903266322e-09,-9.46991762795589e-10,-8.405665180402407e-09,-2.9387104650199843e-09,-6.279545220436849e-09,-1.240081828882876e-15,2.668248457071486e-15,0.0263692621954577,-5.641509443544871e-13,0.605837146924803,-1.1901943320466893e-12,reduced_group_grid,0.07847232334785,0.5587322708016919,0.9559540527075843
PF0220,group_TotEmiss_ISI,57,,4588052.2644642815,,,3,2,LOCALLY_SOLVED,Solve_Succeeded,0.462094375,1.5518624355351749,4588052.554671975,85.8351271374911,19.900625389460043,503.57998757981966,3.1845052583085723e-16,3.1845052583085723e-16,9.91652720841528e-09,9.451188748611605e-09,1.0000000080667295,0.4536041467525425,5.975350163585846e-08,-9.048715974662431e-09,-7.980204757825166e-09,-3.412466405190496e-09,7.884188072990891e-10,-2.2299789309382983e-10,-7.389724999768003e-09,2.1514951913095676e-08,4.298639061643193e-09,3.8295127627767315e-10,-7.26615091931408e-09,2.463695704979659e-08,5.7605653559310544e-09,1.3559991549661281e-09,-7.406905100536528e-09,1.349761108135691e-08,4.90482622633581e-09,9.922052234942703e-10,-7.266150709650251e-09,0.1798069907688154,5.183856607103399e-09,4.4984345846148627e-10,-8.54056728679636e-09,-5.534612799250584e-09,-9.68580691928798e-10,-4.2161161523466e-10,-2.273236644312598e-09,3.2860059643403083e-08,-2.472549812509735e-09,-9.342536578345812e-09,4.768724835296011e-08,-6.897008935850135e-09,-6.461468316819896e-09,-9.70631684843952e-09,0.066128187703431,-9.568181498608949e-09,-9.07437334323657e-09,-9.91652720841528e-09,4.031308932232755e-08,-7.936939064436364e-12,-4.037541840372e-09,-9.483470952142686e-09,0.9338717924514232,-8.65715467939931e-09,-7.857530905855184e-09,-9.820179878405974e-09,-6.87111055194247e-09,1.1674823229172564e-08,7.567428237296422e-09,-9.995768147258e-10,-8.866894175361291e-10,-5.196255662449165e-09,2.452858511597165e-09,-3.3131115545369e-09,-8.210805555297778e-10,3.27614040494866e-08,1.3373543747334378e-08,5.6895618189825734e-09,-8.073501021460087e-10,3.751536641673571e-08,1.7921758885118833e-08,2.0146273159496755e-08,-8.229894556151694e-10,2.0553180510248022e-08,1.5259459370822523e-08,1.4741334749057728e-08,-8.073500788500274e-10,0.2737970086706962,1.6127553888766132e-08,6.6833885257135115e-09,-9.489519207551507e-10,-8.427705853404296e-09,-3.013362152667371e-09,-6.263943997772091e-09,-1.5688219504376259e-15,3.3324121239205082e-15,0.016862677680134,-7.046691560844218e-13,0.6221655462247402,-1.4843780623472762e-12,reduced_group_grid,0.06277786919947569,0.5737977007739989,0.9718313551449125
PF0221,group_TotEmiss_ISI,58,,4076286.4942661016,,,3,3,LOCALLY_SOLVED,Solve_Succeeded,0.231759458,1.5760008511953711,4076286.739293176,86.92259340903098,20.100215029125977,503.57998787796913,9.022764898540956e-17,5.126570965080088e-17,9.772755071150012e-09,7.97979234704187e-09,1.0000000046679751,0.4557596152955868,3.301731985849834e-07,-7.168695069887677e-09,-4.3862060958244244e-09,2.509779257592893e-09,8.434891277751264e-09,1.2838170802534223e-10,-3.248707319173315e-09,1.6357780884926937e-08,1.3423784453585696e-08,4.3106011657176125e-10,-2.042175977220518e-09,4.547047144592088e-08,2.0001940737576342e-08,9.870444342497788e-10,-3.3867529283707604e-09,1.244690826044506e-08,1.3192530767470458e-08,5.228958262061244e-10,-2.042172728662562e-09,0.1806613956454351,1.9927653649565384e-08,7.275161284491196e-10,-6.251329119103408e-09,-3.712226714282649e-09,2.938013299288482e-09,-1.8471241491381508e-10,8.946045579365254e-09,1.4502774464318317e-08,6.111620407760761e-09,-8.554457685972883e-09,3.42175845718256e-08,-4.513282622161603e-09,-2.188321414094766e-09,-9.32274099102984e-09,0.037177017814946,-8.82796678185495e-09,-7.48117283897198e-09,-9.772755071150012e-09,2.887166885014385e-08,-9.8433795248526e-10,7.077852193686093e-10,-9.013198891912471e-09,0.962822941489463,-6.2741814417776076e-09,-4.1554244012523625e-09,-9.509800032940213e-09,-2.94135016097833e-09,7.1263435291707906e-09,1.6845808850640632e-08,-2.4175457744969022e-09,-4.873562328693802e-10,3.821709324061905e-09,2.6241883975226156e-08,1.907385376376513e-09,-3.60967479908146e-10,2.4908439074775107e-08,4.1762884966711064e-08,6.404321731923311e-09,-2.269084419133908e-10,6.923912697447044e-08,6.222826007245972e-08,1.4664660165996711e-08,-3.7630588093008433e-10,1.8953246669314073e-08,4.1043429054352536e-08,7.768737989348133e-09,-2.2690808096250684e-10,0.2750980342782762,6.199714468753675e-08,1.0808811051244064e-08,-6.945921243448227e-10,-5.652708860384943e-09,9.140485820008613e-09,-2.744298735862395e-09,7.491010747365333e-15,5.7622462071619e-15,0.0094801540688403,-7.918680672088203e-13,0.6348456846616413,-1.7424264288329145e-12,reduced_group_grid,0.04708341376966558,0.5854970834050005,0.984161211906663
PF0222,group_TotEmiss_ISI,59,,3564520.7240679218,,,3,2,LOCALLY_SOLVED,Solve_Succeeded,0.305829167,1.5932183020086843,3564520.9379607206,87.698476490468,20.24261783955702,503.5799878764034,1.592252629154286e-16,1.592252629154286e-16,9.774173626777e-09,6.9658429476429105e-09,1.0000000046649915,0.4572975279065423,3.299676640087465e-07,-7.181686460802229e-09,-4.396518143018339e-09,2.4426545113100126e-09,8.398111235930005e-09,1.4236575946140482e-10,-3.251609675672806e-09,1.6357846281861576e-08,1.3360281176252105e-08,4.44420174924812e-10,-2.038936853767655e-09,6.141935684020821e-08,2.0007164295867283e-08,9.52853672685744e-10,-3.397136528783601e-09,1.2604762679020148e-08,1.3044219582840012e-08,4.950472190516483e-10,-2.0389293708618072e-09,0.181271002399901,1.98978754549048e-08,7.739743955087514e-10,-6.273155717879408e-09,-3.729084655441418e-09,2.930725522807872e-09,-1.8357722279195343e-10,8.810334101518373e-09,1.4549267448795404e-08,6.154705865908368e-09,-8.546371780031771e-09,3.3992578167981764e-08,-4.464301074914134e-09,-2.169043463870832e-09,-9.32523876114266e-09,0.0165209619600028,-8.813327448236564e-09,-7.475864300200353e-09,-9.774173626777e-09,2.8437240085941563e-08,-7.927495528357068e-10,6.859595871582407e-10,-9.047788452340176e-09,0.9834789982594956,-6.250241960265106e-09,-4.134320795813513e-09,-9.50802128196746e-09,-3.021007464637238e-09,7.405316161264992e-09,1.77262316779783e-08,-2.606424540155334e-09,-4.885020158909265e-10,3.719496642222065e-09,2.61274571784489e-08,2.115148426283728e-09,-3.61289963963645e-10,2.4908538656471035e-08,4.1565319215006536e-08,6.602814027454349e-09,-2.265485393075171e-10,9.35249297339534e-08,6.224451114269821e-08,1.415668313704534e-08,-3.774596143092889e-10,1.9193615897598865e-08,4.0582016479946706e-08,7.354987254481631e-09,-2.265477078735341e-10,0.2760262991089401,6.190450141525937e-08,1.1499048161844309e-08,-6.970173019866005e-10,-5.678378907149432e-09,9.117812737624493e-09,-2.727433024337594e-09,1.1213589237918404e-14,8.630975614164654e-15,0.0042128741096886,-1.1858035970895516e-12,0.6438927035179179,-2.611911899742171e-12,reduced_group_grid,0.031388958770618335,0.5938443335995269,0.9929582930478699
PF0223,group_TotEmiss_ISI,60,,3052754.9538697423,,,3,2,LOCALLY_SOLVED,Solve_Succeeded,1.921909125,1.6035368592758417,3052755.074378138,88.163770150029,20.328016172373705,503.57998787940784,1.592252629154286e-16,1.592252629154286e-16,9.775648058674711e-09,3.9245947599034565e-09,1.0000000046619997,0.4582198073163021,3.296595386747769e-07,-7.194592614334008e-09,-4.4066566244244894e-09,2.377155517819126e-09,8.362318975184035e-09,1.5691977241180978e-10,-3.254861402587842e-09,1.6360187224238935e-08,1.3297149992793036e-08,4.5822774409473474e-10,-2.03574466357887e-09,1.2190565440854206e-07,1.996812225409632e-08,9.170330196531307e-10,-3.411728683999161e-09,1.278852224410224e-08,1.2883445655183196e-08,4.674521699576906e-10,-2.035714345699626e-09,0.1816365297732519,1.9869529335050904e-08,8.237630057520634e-10,-6.296666300175597e-09,-3.747125924832521e-09,2.9217081166958222e-09,-1.830568503565649e-10,8.678298075654917e-09,1.4591471249333157e-08,6.1970688004766765e-09,-8.538307612028851e-09,3.37561755101337e-08,-4.415261315750329e-09,-2.1505767903273983e-09,-9.327764923383144e-09,0.0041334373202217,-8.791389619821429e-09,-7.471502675159319e-09,-9.775648058674711e-09,2.7871954420221673e-08,-5.863936779377119e-10,6.525119160386681e-10,-9.080883985814488e-09,0.9958665239646798,-6.2264360255183836e-09,-4.113470918729185e-09,-9.506258824412696e-09,-3.105583278209581e-09,7.74888784659326e-09,1.874726943435272e-08,-2.833959728295536e-09,-4.89628513824943e-10,3.619759538497305e-09,2.6016103478350325e-08,2.331379475832602e-09,-3.6165126695420457e-10,2.4912103273272924e-08,4.136891108868943e-08,6.807955055121773e-09,-2.2619385150876323e-10,1.856290646675527e-07,6.212304701274409e-08,1.3624490577703657e-08,-3.7908096488879555e-10,1.9473431598973863e-08,4.008183092723661e-08,6.94500366794283e-09,-2.2619048285551388e-10,0.2765828976092699,6.181631348682504e-08,1.22387646568878e-08,-6.996295889083991e-10,-5.705850840085884e-09,9.089758585275889e-09,-2.719701776726107e-09,2.2362205941916313e-14,1.7223308012045432e-14,0.00105410968362,-2.364747366552176e-12,0.6493181605978503,-5.213399407129027e-12,reduced_group_grid,0.01569450186253024,0.5988501427004149,0.9982338635288045
PF0224,group_TotEmiss_ISI,61,,2540989.1836715625,,,3,1,LOCALLY_SOLVED,Solve_Succeeded,0.153233584,1.6069691531408323,2540987.776255747,88.31904321127661,20.356514351845963,503.5799878800408,1.592252629154286e-16,1.592252629154286e-16,9.789899691625296e-09,0.0,1.0000000044284654,0.458527586828485,3.0191406833184514e-07,-7.235759549570838e-09,-4.160290342587219e-09,2.183139634405926e-09,8.351966034706993e-09,2.1018036963951648e-10,-2.997067433313197e-09,1.3536359590739382e-08,1.2829431318034009e-08,5.136410721815911e-10,-2.8295460577935803e-09,1.6656151488126154e-08,1.371494512074656e-08,5.793923940359659e-10,-3.1595725524462093e-09,1.1191481493999396e-08,1.2431405340118522e-08,4.900758815972e-10,-1.4507684218020681e-09,0.1817586430231056,2.0204670364601595e-08,1.0281970370496042e-09,-6.206290300483952e-09,-3.775641022820546e-09,2.9272337837913e-09,-1.6944222348241438e-10,1.13360035898621e-08,1.3783627003323994e-08,6.213817403844603e-09,-8.52645088915699e-09,4.473660971888998e-08,-4.687751857562927e-09,-2.3218163073044703e-09,-9.341014029937854e-09,5.7064202487998345e-08,-8.893797493835923e-09,-7.651143966810342e-09,-9.789899691625296e-09,3.6118671216079175e-08,-1.1119381377785959e-09,3.4421454008021145e-10,-9.124052632827349e-09,0.9999998811198888,-6.205178336879057e-09,-4.085912287831833e-09,-9.503743500150116e-09,-2.8318714514015952e-09,7.752154582513662e-09,1.9747450883871253e-08,-3.004447797785005e-09,-4.622544825096908e-10,3.324326261481751e-09,2.598389433019953e-08,3.1226797775013873e-09,-3.330074925903551e-10,2.0612183922262243e-08,3.9913786322772467e-08,7.63123878669792e-09,-3.143940064215088e-10,2.5362776129646643e-08,4.2668718153433744e-08,8.608115568534351e-09,-3.510636169384675e-10,1.7041574093135443e-08,3.867548328036873e-08,7.2811273837298306e-09,-1.611964913113408e-10,0.2767688427851835,6.28589744676494e-08,1.5276070264736978e-08,-6.895878111648833e-10,-5.74927155747674e-09,9.106949549572931e-09,-2.517427320310156e-09,2.012831068537654e-13,1.5783982955083349e-13,4.712169477351948e-12,-2.1043870052929556e-11,0.6511286853629186,-4.683974882216466e-11,reduced_group_grid,9.61036554846877e-10,0.6005206303314937,0.9999943680893203
PF0225,group_TotEmiss_ISI,45,,10729241.506842438,,,1,1,LOCALLY_SOLVED,Solve_Succeeded,2.371630333,0.7025596230709998,10729241.809969723,47.60112011140592,12.879422266312284,503.57998756707207,3.1845052583085723e-16,3.1845052583085723e-16,9.912676662871448e-09,9.871940921928962e-09,1.0000000080883944,0.3778188048565117,7.591959749079282e-08,-8.97143866389465e-09,-7.86088805207095e-09,-2.2982768868410043e-09,1.1460040217242186e-09,-3.54985928898011e-10,-7.404619903601471e-09,2.209358635785776e-08,4.969288704610495e-09,-4.087498044135557e-11,-7.292102550366444e-09,0.1497659088308842,6.744316392515179e-09,1.6159668696650703e-09,-7.434213508275508e-09,1.49459179576116e-08,7.347206311817056e-09,1.9028003980153842e-09,-7.292102558706721e-09,7.04716929390055e-08,4.9360915649006725e-09,-1.7960324254642024e-10,-8.338999170114091e-09,-5.377082592228869e-09,-7.220621393125883e-10,-4.5018821706243846e-10,1.7529630811068048e-10,3.172437755151185e-08,-3.106252341372217e-09,-9.438064738531606e-09,5.2397485477866126e-08,-7.746384491663754e-09,-6.789014579298381e-09,-9.712147644805811e-09,0.5561566474426307,-9.584113099384713e-09,-9.106810460531717e-09,-9.912676662871448e-09,3.8840883141842625e-08,-5.2997351435218625e-09,-4.1486351483478655e-09,-9.095656285608944e-09,0.4438433256307616,-8.888528971327397e-09,-8.066384591316461e-09,-9.837197109488088e-09,-5.706522980196676e-09,1.0059847044820478e-08,6.739887980388763e-09,-5.093753310569548e-10,-8.734320057856608e-10,-3.499648895871529e-09,3.565345845364235e-09,-5.2740766579133054e-09,-8.227355448446074e-10,3.364250649946522e-08,1.546000930323265e-08,-6.072854237001397e-10,-8.102336167073821e-10,0.2280526339015738,2.0982317665602775e-08,2.4008650635023904e-08,-8.260237231417227e-10,2.2758556889999477e-08,2.2857975192319725e-08,2.8270177341942844e-08,-8.102336176340797e-10,1.0730916879348565e-07,1.5356729313024314e-08,-2.6683910321182432e-09,-9.265554633460095e-10,-8.187830310893961e-09,-2.2464155445280526e-09,-6.688510653499085e-09,-2.708732176854229e-16,8.73799767396466e-16,0.2766092315839338,-1.6266102488076305e-13,0.1760578963057143,-3.509339136505823e-13,reduced_group_grid,0.25111131812661586,0.16246146955354615,0.5380892583684207
