grouping,orientation,mode,primary,swept,retained,retained_index,retained_fraction,retained_target,epsilon_index,epsilon_fraction,swept_target,swept_min_bound,retained_active,retained_normalized_error,swept_normalized_slack,attempts,successful_starts,termination,raw_status,solve_time_s,scalarized_objective,TAC,TotEmiss,ISI,NetCapture,max_abs_equality,max_abs_source_carbon_diagnostic,max_inequality_violation,epsilon_violation,TAC_normalized,TotEmiss_normalized,ISI_normalized,z1,z2,z3,z4,z5,z6,z7,z8,z9,z10,z11,z12,z13,z14,z15,z16,z17,z18,z19,z20,z21,z22,z23,z24,z25,z26,z27,z28,z29,z30,z31,z32,z33,z34,z35,z36,z37,z38,z39,z40,z41,z42,z43,z44,z45,z46,z47,z48,z49,z50,z51,z52,z53,z54,z55,z56,z57,z58,z59,z60,z61,z62,z63,z64,z65,z66,z67,z68,z69,z70,z71,z72,z73,z74,z75,z76,z77,z78,z79,z80,z81,z82,globally_nondominated
TAC + total emissions,TAC_primary,full_TAC,TAC,TotEmiss,ISI,1,0.0,4.169098759633046,1,1.0,125.4509461836066,124.46119004981726,True,9.978048874028409e-09,0.0106481321401975,3,3,LOCALLY_SOLVED,Solve_Succeeded,0.01610325,0.9425324505642988,33242885.86411521,124.46119446825016,4.16909892115278,503.57998744093067,2.436146522606058e-16,1.592252629154286e-16,9.975828567920832e-09,9.978048874028409e-09,0.941543098686461,0.9893518678598024,9.978048874028409e-09,1.0000000098050748,0.4776748597628881,-9.421443279092002e-09,-9.969354067315818e-09,-9.778148272601688e-09,-6.517311259522462e-09,-3.088056645338688e-09,-6.6705698227403e-10,-9.776686410508165e-09,-6.517008650427518e-09,-3.087315966718264e-09,-6.670457161258857e-10,-9.777090586483253e-09,-6.516938655484848e-09,-3.08715322990763e-09,-6.670382426792457e-10,-9.77853330990535e-09,-6.517304868261624e-09,-3.087880031606919e-09,-6.670542072781972e-10,-9.777115423279909e-09,-6.517074541737598e-09,-3.0873546916945813e-09,-6.670445598465358e-10,-9.779122107168716e-09,-6.517412852260991e-09,-3.088105019592166e-09,-6.670590914118475e-10,2.7622958752934924e-08,3.4262619803487686e-09,1.1781801073068184e-08,-1.068229966511357e-09,0.9999996684633884,0.4776749716514556,4.287632206333004e-08,7.268810592063735e-08,1.826196983050331e-07,-9.708420647256552e-09,-9.303923580821777e-09,-9.935191442765028e-09,1.9056045854006563e-08,1.6370812426221851e-09,1.461322688462196e-08,1.2257947081161995e-10,1.6570105352960424e-07,-8.891252704478799e-09,-7.388673982676192e-09,-9.746021324321226e-09,1.1527147707966082e-08,2.9409540600397636e-10,1.4161696112247452e-08,1.4344270973110198e-09,-1.0864609191779646e-09,-9.924087599727384e-09,-9.607287341053697e-09,-9.910560879499873e-09,-1.0862984900564619e-09,-9.92362680860554e-09,-9.604983007567934e-09,-9.910393496727446e-09,-1.0863433984981387e-09,-9.92352022539738e-09,-9.604476715268183e-09,-9.910282462663077e-09,-1.0865037011005939e-09,-9.9240778675802e-09,-9.606737876110414e-09,-9.910519650990357e-09,-1.0863461581422112e-09,-9.923727143100434e-09,-9.605103485272032e-09,-9.91037631771996e-09,-1.0865691230187455e-09,-9.924242297761052e-09,-9.60743783873118e-09,-9.910592215261736e-09,-1.3793671818545277e-12,0.6849075691718008,-4.5859398178420225e-12,-1.3725772862837564e-10,-4.005272873897295e-09,-1.8616561732656867e-10,True
TAC + total emissions,TAC_primary,full_TAC,TAC,TotEmiss,ISI,1,0.0,4.169098759633046,2,0.8333333333333334,125.28598682797504,124.46119004981726,True,9.976226867636536e-09,0.0088734355265496,3,3,LOCALLY_SOLVED,Solve_Succeeded,0.01499125,0.9425324507293626,33242885.86949764,124.46119446835051,4.169098921123286,503.5799874409342,1.592252629154286e-16,2.0506283860320352e-16,9.975825768530888e-09,9.976226867636536e-09,0.9415430988515257,0.989351867860882,9.976226867636536e-09,1.000000009806872,0.4776748597619316,-9.421378468770132e-09,-9.969350677851502e-09,-9.778123404844062e-09,-6.517305494869752e-09,-3.0880419299086922e-09,-6.670562577284515e-10,-9.776661215710143e-09,-6.5170028206100344e-09,-3.0873011033467713e-09,-6.670449892114844e-10,-9.777065485665686e-09,-6.516932809279246e-09,-3.0871383378840693e-09,-6.67037514138108e-10,-9.77850850717576e-09,-6.517299103997507e-09,-3.087865301797183e-09,-6.670534824184755e-10,-9.777090334432051e-09,-6.5170687295193994e-09,-3.0873398518534787e-09,-6.670438329295154e-10,-9.77909746134982e-09,-6.517407117618727e-09,-3.088090352473627e-09,-6.67058367955095e-10,2.7623077882909726e-08,3.426225822056344e-09,1.1782033084477431e-08,-1.0682632385331384e-09,0.9999996684690406,0.4776749716500638,4.2875852601735315e-08,7.268812948984683e-08,1.8261936239476698e-07,-9.708388219285734e-09,-9.303847634638992e-09,-9.935184224605548e-09,1.9056482088323305e-08,1.6372334529841755e-09,1.4613025526494156e-08,1.2249781681660666e-10,1.6569681265261206e-07,-8.891136705515012e-09,-7.3884129557621375e-09,-9.745994042422014e-09,1.1527147871213589e-08,2.941785045040685e-10,1.4161498071008713e-08,1.4344182819465674e-09,-1.0864581560937842e-09,-9.924078821733484e-09,-9.60724155971593e-09,-9.910550114822703e-09,-1.0862956906344596e-09,-9.923617931383461e-09,-9.604936765967734e-09,-9.910382696856338e-09,-1.086340609518409e-09,-9.923511323220669e-09,-9.604430384528216e-09,-9.91027163862332e-09,-1.0865009452417502e-09,-9.924069090178022e-09,-9.606692050035681e-09,-9.910508881645922e-09,-1.0863433704924495e-09,-9.923718292677266e-09,-9.605057316877488e-09,-9.91036551780994e-09,-1.086566384594424e-09,-9.92423356546488e-09,-9.607392207695728e-09,-9.910581466761409e-09,-1.379208649118118e-12,0.6849075691719313,-4.585413867991193e-12,-1.3724197421301002e-10,-4.0065456797178696e-09,-1.8614382384756007e-10,True
TAC + total emissions,TAC_primary,full_TAC,TAC,TotEmiss,ISI,1,0.0,4.169098759633046,3,0.6666666666666666,125.12102747234348,124.46119004981726,True,9.974404367431388e-09,0.0070987389120731,3,3,LOCALLY_SOLVED,Solve_Succeeded,0.01484175,0.9425324509442,33242885.876503065,124.46119446852788,4.169098921093784,503.5799874409389,1.592252629154286e-16,1.592252629154286e-16,9.975822066111931e-09,9.974404367431388e-09,0.9415430990663628,0.9893518678627904,9.974404367431388e-09,1.000000009805025,0.4776748597634655,-9.421294497511986e-09,-9.969346286353716e-09,-9.778091185811625e-09,-6.517298025659739e-09,-3.0880228634641387e-09,-6.670553189504281e-10,-9.77662857434574e-09,-6.516995267211735e-09,-3.0872818457121553e-09,-6.670440473739375e-10,-9.777032964305738e-09,-6.516925234327985e-09,-3.0871190424831907e-09,-6.670365701801333e-10,-9.778476372451426e-09,-6.517291635318682e-09,-3.087846216755787e-09,-6.670525432336794e-10,-9.777057828587498e-09,-6.5170611986125685e-09,-3.0873206240758852e-09,-6.670428910762156e-10,-9.779065530056925e-09,-6.517399687340181e-09,-3.0880713487065055e-09,-6.67057430589112e-10,2.7623222693625162e-08,3.4261854617541823e-09,1.1782335079611063e-08,-1.0683079014235656e-09,0.9999996684722102,0.4776749716510204,4.28752394807168e-08,7.268816327181977e-08,1.826189271072511e-07,-9.70834619430764e-09,-9.303749219477936e-09,-9.935174871180131e-09,1.90570406513201e-08,1.6374345119064383e-09,1.4612766283739786e-08,1.2239110600563215e-10,1.6569131711493457e-07,-8.890986263358364e-09,-7.388074516193964e-09,-9.745958673794472e-09,1.1527143501518871e-08,2.9428914013712945e-10,1.4161243041238213e-08,1.4344060616175075e-09,-1.0864545762012912e-09,-9.924067448163691e-09,-9.607182241888431e-09,-9.9105361672635e-09,-1.0862920638161924e-09,-9.923606429617869e-09,-9.604876853326709e-09,-9.910368703841351e-09,-1.0863369960339703e-09,-9.923499788635792e-09,-9.604370354392148e-09,-9.910257614104836e-09,-1.0864973747168246e-09,-9.924057717417084e-09,-9.606632674351341e-09,-9.91049492804324e-09,-1.0863397587319439e-09,-9.923706825160046e-09,-9.604997497124976e-09,-9.910351524560918e-09,-1.0865628366729911e-09,-9.92422225117709e-09,-9.607333084864684e-09,-9.910567540181094e-09,-1.3790033008350093e-12,0.6849075691735312,-4.5847326229489535e-12,-1.3722156767194055e-10,-4.008194732302347e-09,-1.8611559522507682e-10,True
TAC + total emissions,TAC_primary,full_TAC,TAC,TotEmiss,ISI,1,0.0,4.169098759633046,4,0.5,124.95606811671192,124.46119004981726,True,9.974404038222536e-09,0.0053240422995049,3,3,LOCALLY_SOLVED,Solve_Succeeded,0.016323375,0.9425324509442348,33242885.8765042,124.46119446852788,4.169098921093779,503.57998744093874,9.022764898540956e-17,1.0253141930160176e-16,9.975822156414832e-09,9.974404038222536e-09,0.9415430990663974,0.9893518678627904,9.974404038222536e-09,1.000000009805025,0.4776748597634656,-9.421294484825931e-09,-9.969346285688924e-09,-9.778091181101402e-09,-6.517298024490318e-09,-3.0880228603372107e-09,-6.670553187803681e-10,-9.776628569572722e-09,-6.516995266028063e-09,-3.0872818425486453e-09,-6.670440472032423e-10,-9.777032959550288e-09,-6.5169252331410565e-09,-3.0871190393118526e-09,-6.670365700090198e-10,-9.778476367757072e-09,-6.517291634148972e-09,-3.0878462136205043e-09,-6.670525430634683e-10,-9.777057823834227e-09,-6.517061197432287e-09,-3.087320620915066e-09,-6.670428909054696e-10,-9.779065525387798e-09,-6.517399686175585e-09,-3.088071345582495e-09,-6.670574304191799e-10,2.7623222687454544e-08,3.4261854591168273e-09,1.1782335076275372e-08,-1.0683079008743826e-09,0.9999996684722108,0.4776749716510204,4.2875239436343635e-08,7.268816325495517e-08,1.826189270891197e-07,-9.708346193763572e-09,-9.303749218209678e-09,-9.935174871058872e-09,1.9057040655681897e-08,1.6374345135359602e-09,1.4612766272187253e-08,1.2239110555216629e-10,1.6569131640735374e-07,-8.890986261525661e-09,-7.3880745121084165e-09,-9.74595867335256e-09,1.1527143501157542e-08,2.94289141096521e-10,1.4161243030206316e-08,1.434406062269975e-09,-1.0864545756779332e-09,-9.924067446382985e-09,-9.607182232160211e-09,-9.910536164736898e-09,-1.0862920632858576e-09,-9.92360642781546e-09,-9.604876843484672e-09,-9.910368701305317e-09,-1.086336995505587e-09,-9.923499786828424e-09,-9.604370344525764e-09,-9.91025761156258e-09,-1.0864973741952295e-09,-9.924057715635934e-09,-9.606632664597125e-09,-9.910494925514384e-09,-1.0863397582038023e-09,-9.9237068233628e-09,-9.604997487291316e-09,-9.910351522024121e-09,-1.0865628361541994e-09,-9.92422224940373e-09,-9.60733307514554e-09,-9.910567537656386e-09,-1.3790032679231049e-12,0.6849075691735315,-4.584732495175832e-12,-1.3722156445611268e-10,-4.008195001327702e-09,-1.861155909792921e-10,True
TAC + total emissions,TAC_primary,full_TAC,TAC,TotEmiss,ISI,1,0.0,4.169098759633046,5,0.3333333333333333,124.79110876108038,124.46119004981726,True,9.974404532035814e-09,0.0035493456873526,3,3,LOCALLY_SOLVED,Solve_Succeeded,0.013906209,0.9425324509192832,33242885.87569059,124.46119446848924,4.169098921093787,503.57998744093805,1.592252629154286e-16,1.592252629154286e-16,9.975822698232241e-09,9.974404532035814e-09,0.9415430990414464,0.9893518678623744,9.974404532035814e-09,1.0000000098068471,0.4776748597622194,-9.421304089046926e-09,-9.969346787950092e-09,-9.778094866183452e-09,-6.517298878775984e-09,-3.0880250406581454e-09,-6.670554260970121e-10,-9.776632302404334e-09,-6.516996129842472e-09,-3.0872840445241303e-09,-6.670441548656017e-10,-9.777036679340285e-09,-6.516926099543014e-09,-3.0871212458495493e-09,-6.670366779185208e-10,-9.778480043186722e-09,-6.517292488362821e-09,-3.087848396044997e-09,-6.670526504263642e-10,-9.777061541848462e-09,-6.517062058795603e-09,-3.0873228197176462e-09,-6.670429985743212e-10,-9.779069177497241e-09,-6.517400535989965e-09,-3.088073518694987e-09,-6.670575375737542e-10,2.7623209747750276e-08,3.426187584072151e-09,1.1782299863054225e-08,-1.0683021756404994e-09,0.9999996684734508,0.4776749716498457,4.2875311570439614e-08,7.268815808056035e-08,1.82618977000874e-07,-9.708351016377024e-09,-9.303760509338015e-09,-9.935175944056274e-09,1.905697921122717e-08,1.6374099400909506e-09,1.4612795350713271e-08,1.2240370302528447e-10,1.6569194557806485e-07,-8.891003570513492e-09,-7.388113416410224e-09,-9.745962737155954e-09,1.1527145789273914e-08,2.94275289351314e-10,1.4161271655061971e-08,1.4344077775411e-09,-1.0864549851314943e-09,-9.924068747227064e-09,-9.607189015380896e-09,-9.910537759155605e-09,-1.0862924780449254e-09,-9.923607743169217e-09,-9.604883694075072e-09,-9.910370300860368e-09,-1.0863374088155868e-09,-9.923501106122316e-09,-9.60437720930971e-09,-9.91025921478945e-09,-1.086497782576302e-09,-9.924059016370656e-09,-9.606639454362213e-09,-9.910496520620265e-09,-1.0863401713164955e-09,-9.923708134984212e-09,-9.605004328010452e-09,-9.910353121675629e-09,-1.086563241944137e-09,-9.924223543439266e-09,-9.60733983593996e-09,-9.910569129667203e-09,-1.3790267471726157e-12,0.6849075691727957,-4.584810340845121e-12,-1.3722389777192605e-10,-4.008006445363506e-09,-1.8611881908200909e-10,True
TAC + total emissions,TAC_primary,full_TAC,TAC,TotEmiss,ISI,1,0.0,4.169098759633046,6,0.1666666666666666,124.6261494054488,124.46119004981726,True,9.974404367431388e-09,0.0017746490747835,3,3,LOCALLY_SOLVED,Solve_Succeeded,0.01275725,0.9425324509193213,33242885.87569183,124.46119446848932,4.169098921093784,503.5799874409385,9.022764898540956e-17,9.828192556092783e-24,9.975822337020634e-09,9.974404367431388e-09,0.9415430990414844,0.9893518678623752,9.974404367431388e-09,1.0000000098068471,0.47767485976222,-9.421304080653916e-09,-9.96934678750311e-09,-9.778094863907051e-09,-6.517298877783311e-09,-3.0880250372732102e-09,-6.670554258337751e-10,-9.776632300092575e-09,-6.516996128832334e-09,-3.08728404107418e-09,-6.670441546010262e-10,-9.777036677036473e-09,-6.516926098530584e-09,-3.0871212423828035e-09,-6.670366776531385e-10,-9.778480040932808e-09,-6.517292487367286e-09,-3.087848392623254e-09,-6.670526501625151e-10,-9.777061539545191e-09,-6.517062057787548e-09,-3.087322816259494e-09,-6.67042998309445e-10,-9.779069175233724e-09,-6.517400534994619e-09,-3.0880735152760952e-09,-6.670575373101326e-10,2.7623209590174417e-08,3.4261876031413307e-09,1.1782299601172186e-08,-1.0683021369913356e-09,0.999999668473451,0.4776749716498465,4.28753117753256e-08,7.268815796202223e-08,1.8261897724313654e-07,-9.708351047003992e-09,-9.303760581098011e-09,-9.935175950872302e-09,1.9056978748226613e-08,1.6374098108106275e-09,1.4612795498898777e-08,1.2240378092270128e-10,1.656919457643547e-07,-8.89100368079834e-09,-7.388113664735624e-09,-9.745962763022816e-09,1.1527145771011854e-08,2.942752175976619e-10,1.4161271807660314e-08,1.4344077875203554e-09,-1.0864549848785607e-09,-9.924068745715494e-09,-9.607189004849989e-09,-9.910537755244654e-09,-1.0862924777880635e-09,-9.923607741631056e-09,-9.604883683341894e-09,-9.91037029692953e-09,-1.0863374085596075e-09,-9.92350110458066e-09,-9.604377198524276e-09,-9.910259210846626e-09,-1.086497782325867e-09,-9.924059014854732e-09,-9.606639443716789e-09,-9.910496516700224e-09,-1.086340171060576e-09,-9.923708133449222e-09,-9.605004317251757e-09,-9.910353117740328e-09,-1.0865632416926359e-09,-9.924223541923625e-09,-9.607339825303404e-09,-9.91056912575054e-09,-1.3790267152782656e-12,0.6849075691727963,-4.584810123457064e-12,-1.3722389493276771e-10,-4.00800672955846e-09,-1.8611881637004048e-10,True
TAC + total emissions,TAC_primary,full_TAC,TAC,TotEmiss,ISI,1,0.0,4.169098759633046,7,0.0,124.46119004981726,124.46119004981726,True,9.993223810933454e-09,-1.3368935794870522e-08,3,3,LOCALLY_SOLVED,Solve_Succeeded,0.012497792,0.9425338041747908,33242930.003847033,124.46119129246968,4.169098921398424,503.5799874132256,9.022764898540956e-17,1.0253141930160176e-16,9.997835068932648e-09,1.3368935794870522e-08,0.941544452331104,0.9893518336935264,9.993223810933454e-09,1.0000000099506834,0.4776748556374807,-9.856393883780364e-09,-9.992277386532621e-09,-9.952677683127668e-09,-6.552497936395649e-09,-3.162102051815354e-09,-4.717518603458614e-10,-9.952594384890144e-09,-6.552389240336781e-09,-3.16114042579181e-09,-3.2161903596252676e-10,-9.952613394218677e-09,-6.552396108729678e-09,-3.1608533955894653e-09,-1.3732655288494944e-10,-9.952690910690192e-09,-6.552402328616986e-09,-3.160892069205773e-09,-1.7741924741124112e-10,-9.952615249205326e-09,-6.552387077188817e-09,-3.1607976085020264e-09,-1.0479919064888567e-10,-9.95272019302378e-09,-6.552412818447251e-09,-3.160924462213819e-09,-2.0231091507050039e-10,1.9476935007304252e-08,9.82594121336176e-09,-4.6893325396315234e-09,-8.105507450853823e-10,0.9999996981309895,0.4776749775223167,2.5890548266669876e-08,3.133984486924829e-08,1.802698439424796e-07,-9.986777629799492e-09,-9.967893584176231e-09,-9.997064466093469e-09,1.5104672133506352e-08,-6.1405750294187045e-09,3.4336262121516546e-08,5.738613910447119e-10,1.5442445301657126e-07,-9.947090804432749e-09,-9.870409253014902e-09,-9.988149881358322e-09,8.894802726024399e-09,-6.4566088411800334e-09,3.241868338100867e-08,1.331235025420136e-09,-1.1058530759030736e-09,-9.977667312238829e-09,-9.837650827869993e-09,-7.0088847822813725e-09,-1.1058438205433487e-09,-9.977501797785552e-09,-9.834659102463409e-09,-4.778339962871827e-09,-1.1058459326909634e-09,-9.977512256474736e-09,-9.83376611961167e-09,-2.040280214290677e-09,-1.105854545632243e-09,-9.977521727666774e-09,-9.833886437529073e-09,-2.635943104395582e-09,-1.105846138800591e-09,-9.977498503901152e-09,-9.83359255978408e-09,-1.5570165467834443e-09,-1.105857799224864e-09,-9.977537700817405e-09,-9.833987215776324e-09,-3.0057621667617204e-09,-3.975781621358379e-12,0.6849074767423365,3.641942311304653e-12,-4.718396026710783e-10,-9.989767895928309e-09,-1.34447318312394e-09,False
TAC + total emissions,TAC_primary,full_TAC,TAC,TotEmiss,ISI,2,0.25,8.215975449334323,1,1.0,125.4509461836066,52.33049818681738,True,7.988460197443838e-09,0.0410172685591635,3,3,LOCALLY_SOLVED,Solve_Succeeded,0.650146208,0.7011590647379224,25365005.19413799,121.63836089811684,8.215975578647576,503.5799880369379,1.592252629154286e-16,1.592252629154286e-16,9.678002328152984e-09,7.988460197443838e-09,0.6999500819984932,0.9589827314408363,0.2500000079884601,1.0000000034534855,0.5245713149235481,2.80486462041762e-07,-7.743756078555981e-09,1.1097196711689768e-09,1.9157703914790193e-08,1.0600903065309737e-08,2.5108079422326975e-10,4.355422006464878e-09,0.1355786121103049,1.4779186612645793e-08,5.689388032384163e-10,1.0473886349814923e-09,1.9590160637044784e-08,1.2268848740505265e-08,6.27979204386217e-10,9.802995068322743e-10,1.8744113939547704e-08,1.206109577865324e-08,6.116838148550637e-10,3.710850981608786e-09,0.0723595100290337,1.4738209589746072e-08,4.77701067188009e-10,8.933417549041966e-10,1.7643173235441652e-08,1.1798284966222228e-08,5.904578458752311e-10,4.1848885120064796e-08,-7.642702967030239e-09,-5.401139379955823e-09,-9.568017895769816e-09,0.9999993164653944,-7.509851403156087e-09,-5.312248309752762e-09,-9.558190361808968e-09,4.0499423761297096e-08,-8.503411033650795e-09,-6.745182547044806e-09,-9.678002328152984e-09,3.910779131799016e-08,-7.867066783410628e-09,-5.560979643931837e-09,-9.546367317255912e-09,5.146994616986473e-07,-7.834923516465299e-09,-5.8056430686463405e-09,-9.615463909957737e-09,3.7391393046555376e-08,-7.02459694530578e-09,-4.146296549355934e-09,-9.376344237617565e-09,1.2330218568544184e-10,2.9171958233885058e-08,3.2980587314296955e-08,3.730343228460007e-09,4.839357784960975e-10,0.2064492502588734,4.5979691683786904e-08,8.452805076685041e-09,1.1637651499794355e-10,2.9830471879136374e-08,3.816975163712747e-08,9.32997675088094e-09,1.0892216742580823e-10,2.8542173498856733e-08,3.7523409089143414e-08,9.087873820703804e-09,4.123167757343094e-10,0.1101837993623922,4.5852207612543326e-08,7.097272998221849e-09,9.926019498935512e-11,2.6865741063058874e-08,3.670577545046915e-08,8.772516567289146e-09,7.684019115342142e-15,0.377020551649811,5.722493833058938e-14,-2.0039719198835082e-13,0.1013034778835322,-2.7048202335009177e-13,True
TAC + total emissions,TAC_primary,full_TAC,TAC,TotEmiss,ISI,2,0.25,8.215975449334323,2,0.8333333333333334,113.2642048508084,52.33049818681738,True,9.361179027902044e-09,0.3989609780043707,3,3,LOCALLY_SOLVED,Solve_Succeeded,0.147683833,0.7297992685816208,26314853.892721903,76.18048846364661,8.215975600868472,503.5799877121536,1.592252629154286e-16,1.592252629154286e-16,9.770761863262368e-09,9.361179027902044e-09,0.7290793392316686,0.4699293405910256,0.250000009361179,1.0000000078316948,0.4344672691377617,2.8401939957902372e-08,-9.344151690455189e-09,-5.830301452920141e-09,2.1599897498526196e-08,2.2404054902475922e-09,2.4158925727546517e-10,-5.4963457366964156e-09,5.293088290471176e-08,2.895891826604631e-09,5.203317058090821e-10,-5.496345889601398e-09,0.1722211412090221,3.0382644821662366e-09,8.165764204708352e-10,-5.821599118926166e-09,2.0950372122735172e-08,2.699585392622039e-09,6.391720511006816e-10,-5.820751766735797e-09,2.3297843471663386e-08,2.31716573947968e-09,2.635297497169341e-10,-5.865815101191121e-09,1.508716268325316e-08,2.534906833739103e-09,5.650683740177526e-10,4.6083586415317543e-08,-6.403202890394755e-09,-5.836396708659301e-09,-9.606288265856971e-09,0.8025122825338893,-7.271278805028866e-09,-6.256220988093894e-09,-9.647555792216664e-09,0.1974875815273882,-8.58895899917087e-09,-7.604032444286941e-09,-9.770761863262368e-09,4.7704013018909503e-08,-7.3057975696278935e-09,-6.166126210249128e-09,-9.618194854980702e-09,4.786643898166183e-08,-8.022962947172046e-09,-6.994203452659261e-09,-9.719086874545602e-09,4.026211129249782e-08,-8.460613862506663e-10,-3.393317049237259e-09,-9.287363894074775e-09,-6.47811272546682e-10,3.289075300911943e-08,6.970150414103618e-09,3.589326108092626e-09,-6.10705081855157e-10,8.059929896853837e-08,9.009441238325518e-09,7.730642486306361e-09,-6.107050988445993e-10,0.2622458286591927,9.452378388961625e-09,1.2131992532709552e-08,-6.468443465473516e-10,3.190170300507401e-08,8.398710110379676e-09,9.49627047349584e-09,-6.46750196303977e-10,3.547626165003288e-08,7.208960078381227e-09,3.9152991386515924e-09,-6.517572334656798e-10,2.2973634085862764e-08,7.886376816077211e-09,8.395301556835178e-09,-4.539083453396815e-15,0.2046406484449023,0.2053583280325578,-1.4500173504338017e-12,-4.6855118155493655e-12,-1.998634369655364e-12,False
TAC + total emissions,TAC_primary,full_TAC,TAC,TotEmiss,ISI,2,0.25,8.215975449334323,3,0.6666666666666666,101.0774635180102,52.33049818681738,True,8.249589866017585e-09,0.2681494785133483,3,3,LOCALLY_SOLVED,Solve_Succeeded,0.738362042,0.7296253430665038,26309192.24147876,76.15277223543217,8.215975582874615,503.5799882382574,1.0253141930160176e-16,1.5379712895240266e-16,9.384020624056869e-09,8.249589866017585e-09,0.7289057118995768,0.4696311586774443,0.2500000082495898,1.000000004060942,0.434412295539935,2.3594922521293557e-07,-8.093282715714573e-09,2.9265436608698654e-10,1.6220503163753694e-08,8.707381240971391e-09,3.250971966577607e-10,3.398970091615478e-09,0.1721993641938221,1.2085105620651925e-08,6.544434511323245e-10,3.398971443687282e-09,5.0604969346436246e-08,1.2069268485614181e-08,7.596091755367563e-10,3.505788537825341e-10,1.650774371592461e-08,9.180843876361576e-09,4.5604595811930545e-10,4.480202513552975e-10,1.80793673675323e-08,8.964741076276698e-09,3.4665807000586865e-10,-1.5739483095270318e-11,1.2741808944510529e-08,8.654174144548561e-09,4.0485391128019347e-10,3.36825955811229e-08,-4.1689186029241e-09,-1.4170733404743e-09,-9.146752471866105e-09,0.1945547716636431,-1.7254775937096399e-09,-2.70000614663597e-10,-9.058603088419529e-09,0.805445089976964,-6.5691424810317434e-09,-3.7224731656569293e-09,-9.384020624056869e-09,3.475955437520248e-08,-5.051107248881123e-09,-2.000502221808356e-09,-9.164628073836736e-09,3.66665320249284e-08,-5.9554842642194654e-09,-3.229787460240283e-09,-9.341796506381571e-09,2.8563368939611978e-08,-1.3683852900232332e-09,1.3139470775901251e-09,-8.723847903050226e-09,3.251715178744293e-11,2.4699402544806762e-08,2.7089630527466548e-08,4.830015493201015e-09,3.7766334351283077e-10,0.2622126682042291,3.7598106375361536e-08,9.723159845394534e-09,3.7766349374303115e-10,7.70575669593461e-08,3.7548835288577446e-08,1.1285622036546096e-08,3.8953205975837105e-11,2.5136791567430655e-08,2.8562625393124904e-08,6.7755399492011085e-09,4.978002792836637e-11,2.752994576419691e-08,2.7890305570638614e-08,5.1503484686586205e-09,-1.7488314550300346e-12,1.940229998368649e-08,2.6924097338595513e-08,6.014972396162874e-09,8.857445925098158e-15,0.2045908766636021,0.2053885197167775,-1.2784352628918233e-12,-3.455463796849104e-12,-1.7256599565517542e-12,True
TAC + total emissions,TAC_primary,full_TAC,TAC,TotEmiss,ISI,2,0.25,8.215975449334323,4,0.5,88.89072218521198,52.33049818681738,True,9.364986986694124e-09,0.1370398746755187,3,3,LOCALLY_SOLVED,Solve_Succeeded,0.181292416,0.7296252934725125,26309190.626807623,76.15276502554346,8.215975600930113,503.57998771079383,1.592252629154286e-16,1.592252629154286e-16,9.771731181955856e-09,9.364986986694124e-09,0.7289056623820368,0.4696310811106703,0.250000009364987,1.000000007845431,0.4344123172974363,2.7929164961895192e-08,-9.3482190663011e-09,-5.856370462536171e-09,2.172439931412464e-08,2.223696023267915e-09,2.4217522818420236e-10,-5.523720836925751e-09,0.172199382474704,2.898199310963745e-09,5.303657450817973e-10,-5.523720681301588e-09,2.853820974561733e-08,2.991493010070353e-09,8.032174504719544e-10,-5.846323031763855e-09,2.1015238327156973e-08,2.6814464187502003e-09,6.408147514914188e-10,-5.846805126316051e-09,2.3443462758421623e-08,2.300393952320833e-09,2.6423562637612275e-10,-5.891028866529687e-09,1.5025978892516037e-08,2.514863680670376e-09,5.652493821447101e-10,4.5613362813839085e-08,-6.3830005126855246e-09,-5.8361071685166774e-09,-9.60646539367145e-09,0.1945545701086864,-6.998171154960841e-09,-6.249089369104688e-09,-9.647258811866068e-09,0.8054452956219137,-8.691405575149675e-09,-7.61402610521021e-09,-9.771731181955856e-09,4.7484143745911586e-08,-7.2984650340843034e-09,-6.167798470486449e-09,-9.618598315726941e-09,4.7391721998698344e-08,-8.020949756657996e-09,-6.9978393438792805e-09,-9.719542872425885e-09,3.9945567942082316e-08,-6.887814528898966e-10,-3.380798875752693e-09,-9.286402261551011e-09,-6.507078291706853e-10,3.308033531923524e-08,6.918165405722402e-09,3.5980319615938623e-09,-6.137467596584164e-10,0.2622126960410266,9.016620078553874e-09,7.879719641215273e-09,-6.137467423668428e-10,4.3455910294462745e-08,9.3068671424411e-09,1.1933516407011892e-08,-6.495914479737613e-10,3.2000476543625376e-08,8.342277747222845e-09,9.520676307872509e-09,-6.496450140351163e-10,3.5698000109414746e-08,7.156781184998146e-09,3.925786449016681e-09,-6.545587629477427e-10,2.2880467859058506e-08,7.824020339863393e-09,8.397990820435691e-09,-4.648950509367698e-15,0.2045908286327024,0.2053885435725067,-1.4611316023383925e-12,-4.735145039606733e-12,-2.013892423453823e-12,True
TAC + total emissions,TAC_primary,full_TAC,TAC,TotEmiss,ISI,2,0.25,8.215975449334323,5,0.3333333333333333,76.70398085241379,52.33049818681738,True,8.249592170479549e-09,0.0059301157043795,3,3,LOCALLY_SOLVED,Solve_Succeeded,0.073278666,0.7296253430664806,26309192.241478015,76.15277223541001,8.215975582874652,503.57998823825653,9.022764898540956e-17,5.126570965080088e-17,9.384021209017933e-09,8.249592170479549e-09,0.7289057118995539,0.469631158677206,0.2500000082495922,1.0000000040609496,0.4344122955399541,2.3594886028119735e-07,-8.09328515598451e-09,2.926412731210066e-10,1.622050025995613e-08,8.707368363937746e-09,3.2509715856420777e-10,3.399096659372855e-09,0.1721993641938212,1.2085086202955058e-08,6.544434375036105e-10,3.398949839221745e-09,5.0604974411916953e-08,1.2069249597113804e-08,7.596091753510367e-10,3.5056612355581577e-10,1.6507743837358222e-08,9.18083094814777e-09,4.5604597463697674e-10,4.4800741520090046e-10,1.80793718467017e-08,8.96472861660509e-09,3.46658103590297e-10,-1.5753437174191953e-11,1.274178940300894e-08,8.654159294374333e-09,4.048536440063942e-10,3.3682591208158145e-08,-4.168908909894359e-09,-1.4170696694925995e-09,-9.14675203852701e-09,0.194554771663327,-1.7254661340277e-09,-2.700004437065622e-10,-9.05860304484841e-09,0.8054450899772488,-6.569144665222162e-09,-3.7224787304527843e-09,-9.384021209017933e-09,3.475955942381837e-08,-5.051102104038354e-09,-2.0005007661430216e-09,-9.164627891140884e-09,3.666654018312508e-08,-5.955482761153743e-09,-3.229788864631118e-09,-9.341796640645318e-09,2.856334098116547e-08,-1.3683575601018655e-09,1.3139596605178116e-09,-8.723846016866394e-09,3.251569701344517e-11,2.4699398123115017e-08,2.7089590465584095e-08,4.830014927239659e-09,3.7767740659698374e-10,0.2622126682042278,3.759804596474906e-08,9.723159642910783e-09,3.7766109324686037e-10,7.705757467269172e-08,3.754877652435406e-08,1.128562203378683e-08,3.8951791506201743e-11,2.5136791752340922e-08,2.856258517201528e-08,6.775540194606511e-09,4.9778601688988926e-11,2.7529952584750314e-08,2.7890266807215833e-08,5.1503489676272695e-09,-1.7503819082435497e-12,1.9402270227309064e-08,2.6924051138053483e-08,6.014968425237857e-09,8.857418469357565e-15,0.2045908766635579,0.2053885197168388,-1.2784377339586446e-12,-3.45547391121124e-12,-1.7256639086487565e-12,True
TAC + total emissions,TAC_primary,full_TAC,TAC,TotEmiss,ISI,2,0.25,8.215975449334323,6,0.1666666666666666,64.51723951961559,52.33049818681738,True,9.023350829650721e-09,-9.627148749037323e-10,3,3,LOCALLY_SOLVED,Solve_Succeeded,0.051694,0.7656157117807455,27486850.36904779,64.51723960910064,8.215975595399875,503.5799878814442,4.511382449270478e-17,1.572510808974845e-23,9.62592306616934e-09,9.023350829650721e-09,0.7650212601777825,0.3444515939396968,0.2500000090233508,1.0000000068309691,0.3978064161424339,8.803422252415152e-08,-8.987331196121252e-09,-4.943323132771746e-09,5.468553640608701e-09,3.097858673321466e-09,2.2065463883577304e-10,-3.63720093395154e-09,0.108838020064492,5.097949347062216e-09,7.714152410433178e-10,-3.6371979662447022e-09,4.91703776444781e-08,5.139568104459644e-09,8.962518083178347e-10,-4.514910017621669e-09,1.1796462860696112e-08,3.892657853484436e-09,4.875370929803626e-10,-4.361211407210338e-09,1.9043538270139807e-08,4.016345811440471e-09,4.2850310211687143e-10,-5.823325612942757e-09,-1.5557656295194032e-09,1.882074021116705e-09,2.1355033777636723e-11,1.452624840736331e-08,1.4566631335714372e-08,-9.937463836621151e-11,-8.936893710257835e-09,0.0263952635932447,0.123237535027251,3.1262501123752577e-10,-8.992597177190487e-09,0.97360468761544,-7.553675420082265e-09,-6.009749671069946e-09,-9.619228370023777e-09,2.9576055896803753e-08,3.481701224501415e-09,-1.0964286588649801e-09,-9.04423484165267e-09,3.931585887079656e-08,-4.5420268793821e-09,-3.95387592170581e-09,-9.414211576942826e-09,2.112087047679804e-09,2.1920958767900563e-08,3.805605180393969e-09,-7.787962347906431e-09,-5.492581258635271e-10,8.327115770926884e-09,9.637782539222336e-09,3.278297491274342e-09,-4.0413343710572647e-10,0.1657306214618401,1.586028685752689e-08,1.1461026438357868e-08,-4.0413310736052227e-10,7.487307504954619e-08,1.598976743609667e-08,1.3315741152150689e-08,-5.016566686246297e-10,1.796279571969635e-08,1.2110491099729356e-08,7.243408238565387e-09,-4.84579045245593e-10,2.8998115093167433e-08,1.249529808003702e-08,6.366331802879232e-09,-6.470361792158615e-10,-2.3690067540409093e-09,5.855341399029747e-09,3.1727478755345976e-10,-8.45182858469303e-15,0.2155987722949669,0.2482692102751122,-2.9566297371372405e-12,-1.0442502105105286e-11,-4.1418074929908595e-12,True
TAC + total emissions,TAC_primary,full_TAC,TAC,TotEmiss,ISI,2,0.25,8.215975449334323,7,0.0,52.33049818681738,52.33049818681738,True,9.985509459902522e-09,-9.973240636304861e-09,3,3,LOCALLY_SOLVED,Solve_Succeeded,0.010794167,0.8013849899807903,28657492.53219719,52.33049911383743,8.215975610974825,503.5799874166589,4.776757887462858e-16,4.776757887462858e-16,9.995107921310271e-09,9.985509459902522e-09,0.8009216480492592,0.2133419215456189,0.2500000099855095,1.0000000099447848,0.3594584632094975,-9.731487897816641e-09,-9.985703381880182e-09,-9.955438187414733e-09,-6.547764487734681e-09,-3.1540674393116007e-09,-6.660662534649872e-10,-9.9493312344025e-09,-6.543189541995818e-09,-3.139279445574086e-09,-6.643950158034287e-10,-9.872160667257083e-09,0.0424433669735041,1.8493998143413017e-08,5.457160299911929e-09,-9.954512388278453e-09,-6.5470049643774485e-09,-3.150690030413836e-09,-6.657061891788748e-10,-9.934449805985362e-09,-6.528492281448258e-09,-3.092561197840895e-09,-6.590427636623133e-10,-9.955314394189652e-09,-6.547538577924483e-09,-3.152418624334253e-09,-6.659090994469253e-10,-9.8609933820567e-09,3.2178788515367534e-08,-5.248795969599207e-09,-5.717066137225987e-09,-9.777242505507129e-09,0.2523854364622463,-8.988520929952987e-09,-9.941585976820536e-09,1.0000000098653112,-9.953716357069528e-09,-9.927845514674351e-09,-9.994722362714816e-09,-9.851569738440368e-09,4.1360596118938586e-08,-2.2354391954930854e-09,-9.505569525246271e-09,1.0567484579842681e-07,5.213212614241589e-09,-9.590974584896294e-09,-9.977840190790822e-09,-9.859781649306597e-09,1.0664136387803207e-09,1.4728498072386084e-08,1.2795738684254872e-09,-1.1061597986016363e-09,-9.970459560868718e-09,-9.81265425563609e-09,-9.895841480051238e-09,-1.1054812482669439e-09,-9.963493166220905e-09,-9.766647164008266e-09,-9.871011663365224e-09,-1.0969067408063423e-09,0.0646296724369268,5.753688311284049e-08,8.10778101701201e-08,-1.1060569320309383e-09,-9.969303013938384e-09,-9.80214676128749e-09,-9.890491953514714e-09,-1.1038277562205955e-09,-9.941113246750757e-09,-9.621301504393896e-09,-9.791492488697228e-09,-1.1061460437988496e-09,-9.970115561839552e-09,-9.8075246090399e-09,-9.893506620354322e-09,-2.432887155327457e-12,0.2271468524861011,0.2931990126533533,-2.665378614404764e-10,-9.978469767385997e-09,-7.950641306195587e-09,True
TAC + total emissions,TAC_primary,full_TAC,TAC,TotEmiss,ISI,3,0.5,12.2628521390356,1,1.0,125.4509461836066,32.50039885116243,True,1.9231250855139183e-10,0.8738322416451573,3,3,LOCALLY_SOLVED,Solve_Succeeded,0.417617291,0.2611794702632535,11037126.669022877,44.227596518638045,12.26285213592254,503.5799905212049,1.592252629154286e-16,1.592252629154286e-16,8.857793061053282e-09,0.0,0.260553302505091,0.1261677583548427,0.4999999998076875,0.999999976849821,0.371131819720175,1.1958849652236796e-06,8.436371169677131e-09,1.4903612749778352e-08,8.604935610067806e-09,2.8967243945891544e-08,3.7723839167997926e-10,1.4852463401771017e-08,8.877965255964407e-09,2.9000635691527246e-08,4.1019697439462896e-10,9.115360704766957e-08,0.0493193453940406,7.19047729693724e-08,1.1303693332321092e-09,1.4200061303981582e-08,9.03375955346906e-09,2.8286207717990058e-08,4.880071066652676e-10,7.729722954458782e-08,0.0977959448678172,1.004162835156947e-07,9.230509010488391e-10,1.3501855941212884e-08,8.34272923599292e-09,2.7324512506062982e-08,4.683575346567493e-10,1.990194900825089e-08,-5.204296821522952e-09,1.8573466817480406e-09,-8.844662640855553e-09,1.982410066998205e-08,-5.354399421787942e-09,1.380932580649628e-09,-8.857793061053282e-09,0.9999988175512716,-1.5823012418378836e-09,5.270875325847214e-09,-8.324129000674202e-09,1.8839726881785833e-08,-5.289575028500691e-09,1.3286919274620531e-09,-8.756863202692473e-09,8.319195068846703e-07,-1.0417497467963311e-09,7.950544700548131e-09,-8.43270018818078e-09,1.7803455021245095e-08,-4.727013655060283e-09,2.731320138320401e-09,-8.56054456918239e-09,1.6559569721975936e-09,1.3102970133512341e-08,9.012031449832925e-08,5.604684676388264e-09,1.6502737113078901e-09,1.3518719821582165e-08,9.022419992919589e-08,6.094355048148771e-09,1.0128178560852171e-08,0.0750999123045618,2.237037381269364e-07,1.6794058665162768e-08,1.5777845893312862e-09,1.3755952047327884e-08,8.800153512263572e-08,7.250391299026832e-09,8.588581060509754e-09,0.1489165524123581,3.124062153821612e-07,1.3713899101297038e-08,1.5002062156903202e-09,1.2703701336625582e-08,8.500959446330704e-08,6.958454800614562e-09,2.2013118771822102e-14,5.623131583117513e-15,0.2993871355412116,1.598641869079519e-13,0.1369147014683622,2.651592516393595e-13,True
TAC + total emissions,TAC_primary,full_TAC,TAC,TotEmiss,ISI,3,0.5,12.2628521390356,2,0.8333333333333334,109.95918829486592,32.50039885116243,True,6.3024373626978845e-09,0.7071658097695818,3,3,LOCALLY_SOLVED,Solve_Succeeded,0.405317584,0.2611794319462714,11037125.416015988,44.22760607504921,12.262852241056349,503.5799885390003,1.592252629154286e-16,1.592252629154286e-16,9.357712273297762e-09,6.3024373626978845e-09,0.2605532640788026,0.1261678611664138,0.5000000063024373,0.9999999980779678,0.3711319420254533,5.447357820490658e-07,-5.360777440836715e-09,7.151783801705655e-09,1.5145510767813342e-08,1.85664779956409e-08,2.520811516169272e-10,7.062893596271238e-09,1.554075695763588e-08,1.9099274403966033e-08,3.3137101056155463e-10,1.930368850290617e-08,0.0493191377925007,2.8645781537356372e-08,9.50924338575555e-10,6.606771752332629e-09,1.5085974966855193e-08,1.9727534020955076e-08,5.701973639207092e-10,1.649330499953093e-08,0.0977961826464442,3.1710422229818124e-08,5.231310398002449e-10,6.29221392384108e-09,1.3842242446119189e-08,1.900359599213778e-08,5.404090523269316e-10,3.2128549530389355e-08,-6.5823953395729484e-09,-2.843440440720453e-09,-9.325663778224233e-09,3.157998669434488e-08,-6.921546953125429e-09,-3.416780014437431e-09,-9.354436768092452e-09,0.999999379107558,-6.946229653208127e-09,-3.972881005534409e-09,-9.357712273297762e-09,2.8897841478120668e-08,-6.837053338039711e-09,-3.1355813685644315e-09,-9.235994706891328e-09,4.292952063043759e-07,-6.262383737826541e-09,-2.674996857748779e-09,-9.337801746086894e-09,2.7168096124062103e-08,-5.923363606514953e-09,-1.4276703367451623e-09,-8.986403768960246e-09,7.946426446339614e-10,2.3062482305533952e-08,5.7762375986438346e-08,3.745205681165775e-09,7.847659551412484e-10,2.3664334458218272e-08,5.9419964812338756e-08,4.9232264426288114e-09,2.1448542781006847e-09,0.0750995961840351,8.912020922733093e-08,1.4128018744551108e-08,7.340857502591807e-10,2.2971825517711305e-08,6.137455028741579e-08,8.471503692536252e-09,1.8325894443923247e-09,0.1489169144843583,9.865464693721193e-08,7.772232591317924e-09,6.991348804267864e-10,2.1077960088408762e-08,5.9122298642206425e-08,8.028934491714412e-09,7.815991481683346e-15,3.4611101238429248e-15,0.2993870508156774,-5.874753193678078e-14,0.1369148030849862,-7.178278346005148e-14,False
TAC + total emissions,TAC_primary,full_TAC,TAC,TotEmiss,ISI,3,0.5,12.2628521390356,3,0.6666666666666666,94.4674304061252,32.50039885116243,True,1.9231217934253979e-10,0.5404995835171492,3,3,LOCALLY_SOLVED,Solve_Succeeded,0.382547333,0.2611794702632536,11037126.66902288,44.22759651863798,12.262852135922545,503.5799905212049,3.1845052583085723e-16,3.1845052583085723e-16,8.857793056627601e-09,0.0,0.2605533025050911,0.1261677583548421,0.4999999998076878,0.9999999768498208,0.3711318197201739,1.1958849703885092e-06,8.436371370803158e-09,1.4903612697886603e-08,8.604935574816411e-09,2.8967243976854595e-08,3.7723839239816937e-10,1.4852463358922568e-08,8.877965227101323e-09,2.900063573154439e-08,4.1019697530722776e-10,9.115360691560995e-08,0.0493193453940406,7.19047732999807e-08,1.1303693374623003e-09,1.4200061261500534e-08,9.033759521436536e-09,2.8286207747194764e-08,4.880071075669364e-10,7.729722944221997e-08,0.0977959448678168,1.0041628426400405e-07,9.23050904463249e-10,1.3501855878221937e-08,8.342729184398431e-09,2.732451250287734e-08,4.683575348846881e-10,1.9901948944687017e-08,-5.204296800626563e-09,1.857346741316471e-09,-8.84466263480699e-09,1.9824100620192996e-08,-5.35439940708929e-09,1.380932622411407e-09,-8.857793056627601e-09,0.9999988175512718,-1.5823012348575564e-09,5.270875335511179e-09,-8.324128999562318e-09,1.8839726832585107e-08,-5.289575011749279e-09,1.328691971723456e-09,-8.75686319697658e-09,8.319195069417086e-07,-1.0417496974082791e-09,7.950544790148881e-09,-8.432700181387467e-09,1.7803454941909442e-08,-4.727013622604039e-09,2.731320223968408e-09,-8.560544557145225e-09,1.6559569664318436e-09,1.3102970079834078e-08,9.012031459465873e-08,5.604684687058516e-09,1.6502737065469512e-09,1.351871977763156e-08,9.022420005369368e-08,6.094355061707382e-09,1.0128178546178878e-08,0.0750999123045619,2.237037391554955e-07,1.6794058728011315e-08,1.5777845846111699e-09,1.3755951998551093e-08,8.800153521349483e-08,7.250391312423056e-09,8.588581049135546e-09,0.1489165524123575,3.1240621771023476e-07,1.3713899152025413e-08,1.5002062086913254e-09,1.2703701258061246e-08,8.500959445339617e-08,6.958454804001082e-09,2.201311874515019e-14,5.6231315588695695e-15,0.2993871355412119,1.5986418710599332e-13,0.136914701468362,2.651592493847515e-13,True
TAC + total emissions,TAC_primary,full_TAC,TAC,TotEmiss,ISI,3,0.5,12.2628521390356,4,0.5,78.97567251738451,32.50039885116243,True,1.9231239881510784e-10,0.3738332544531467,3,3,LOCALLY_SOLVED,Solve_Succeeded,0.319173416,0.261179470263254,11037126.669022892,44.227596518637824,12.26285213592254,503.57999052120493,1.592252629154286e-16,1.592252629154286e-16,8.85779305145596e-09,0.0,0.2605533025050914,0.1261677583548404,0.4999999998076876,0.9999999768498208,0.3711318197201721,1.1958849764284498e-06,8.436371605898598e-09,1.4903612637314043e-08,8.604935533592712e-09,2.8967244013007943e-08,3.772383932349103e-10,1.4852463308917536e-08,8.877965193344507e-09,2.9000635778282058e-08,4.1019697637104893e-10,9.115360676235497e-08,0.0493193453940411,7.190477368638992e-08,1.1303693424004867e-09,1.4200061211917277e-08,9.033759483979711e-09,2.8286207781300073e-08,4.880071086176303e-10,7.729722932269385e-08,0.0977959448678158,1.0041628513842128e-07,9.230509084485296e-10,1.3501855804665333e-08,8.342729124080743e-09,2.7324512499128985e-08,4.683575351480892e-10,1.9901948870501026e-08,-5.2042967762080374e-09,1.8573468109284878e-09,-8.844662627738613e-09,1.9824100562102755e-08,-5.354399389914038e-09,1.3809326712127256e-09,-8.85779305145596e-09,0.9999988175512726,-1.5823012266992755e-09,5.2708753468046506e-09,-8.32412899826324e-09,1.8839726775170464e-08,-5.289574992174186e-09,1.3286920234471486e-09,-8.756863190297078e-09,8.319195070776176e-07,-1.0417496368336755e-09,7.950544899592935e-09,-8.432700173053861e-09,1.7803454849270222e-08,-4.727013584674413e-09,2.731320324061635e-09,-8.560544543077962e-09,1.6559569597015595e-09,1.3102970017061631e-08,9.012031470713581e-08,5.604684699490094e-09,1.6502737009908367e-09,1.3518719726229133e-08,9.022420019909975e-08,6.094355077512726e-09,1.0128178529150548e-08,0.0750999123045625,2.2370374035765753e-07,1.6794058801378662e-08,1.5777845791019187e-09,1.3755951941514556e-08,8.800153531960024e-08,7.250391328033364e-09,8.588581035854869e-09,0.1489165524123559,3.12406220430644e-07,1.3713899211235297e-08,1.5002062005183694e-09,1.2703701166213856e-08,8.50095944417346e-08,6.958454807914469e-09,2.2013118722970256e-14,5.623131535398061e-15,0.2993871355412125,1.598641873527638e-13,0.1369147014683612,2.651592467497394e-13,True
TAC + total emissions,TAC_primary,full_TAC,TAC,TotEmiss,ISI,3,0.5,12.2628521390356,5,0.3333333333333333,63.48391462864382,32.50039885116243,True,1.923127280239599e-10,0.2071669253891461,3,3,LOCALLY_SOLVED,Solve_Succeeded,0.304237875,0.2611794702632546,11037126.669022912,44.22759651863748,12.262852135922536,503.5799905212048,8.120488408686858e-17,5.126570965080088e-17,8.857793037962436e-09,0.0,0.260553302505092,0.1261677583548367,0.4999999998076873,0.9999999768498204,0.3711318197201681,1.1958849921917327e-06,8.436372219280976e-09,1.4903612479149125e-08,8.604935426086513e-09,2.8967244107414573e-08,3.7723839541644844e-10,1.4852463178327529e-08,8.87796510531922e-09,2.900063590029928e-08,4.1019697914492983e-10,9.115360635899023e-08,0.0493193453940421,7.190477469462187e-08,1.1303693552774848e-09,1.4200061082442638e-08,9.03375938629504e-09,2.8286207870350192e-08,4.880071113569903e-10,7.72972290076934e-08,0.0977959448678135,1.0041628741963329e-07,9.230509188395547e-10,1.3501855612647765e-08,8.342728966747497e-09,2.7324512489412432e-08,4.683575358334105e-10,1.990194867679009e-08,-5.204296712492769e-09,1.8573469925604222e-09,-8.844662609296436e-09,1.9824100410394413e-08,-5.3543993450974505e-09,1.3809327985470134e-09,-8.857793037962436e-09,0.9999988175512742,-1.5823012054140114e-09,5.270875376265968e-09,-8.32412899487482e-09,1.8839726625247545e-08,-5.2895749410973205e-09,1.3286921584047843e-09,-8.75686317286944e-09,8.319195073011455e-07,-1.041749476355705e-09,7.950545189172092e-09,-8.43270015097478e-09,1.7803454607451627e-08,-4.727013485708791e-09,2.731320585219171e-09,-8.560544506375223e-09,1.65595694212768e-09,1.3102969853359008e-08,9.012031500084533e-08,5.604684731901519e-09,1.6502736864808356e-09,1.3518719592190631e-08,9.022420057870887e-08,6.09435511872467e-09,1.0128178484332242e-08,0.0750999123045641,2.2370374349437914e-07,1.6794058992694057e-08,1.577784564715848e-09,1.3755951792767447e-08,8.800153559664505e-08,7.250391368732427e-09,8.58858100085482e-09,0.1489165524123524,3.12406227527748e-07,1.3713899365616242e-08,1.5002061791830844e-09,1.2703700926638233e-08,8.500959441150535e-08,6.958454818096385e-09,2.2013118690451352e-14,5.6231314668139116e-15,0.2993871355412141,1.5986418797273282e-13,0.1369147014683594,2.651592398896354e-13,True
TAC + total emissions,TAC_primary,full_TAC,TAC,TotEmiss,ISI,3,0.5,12.2628521390356,6,0.1666666666666666,47.99215673990312,32.50039885116243,True,1.9231470327707243e-10,0.0405005963251763,3,3,LOCALLY_SOLVED,Solve_Succeeded,0.273048584,0.261179470263261,11037126.669023125,44.227596518634286,12.262852135922504,503.57999052120505,3.1845052583085723e-16,3.1845052583085723e-16,8.857792913412953e-09,0.0,0.2605533025050985,0.1261677583548023,0.4999999998076853,0.9999999768498176,0.3711318197201317,1.1958851376511191e-06,8.436377880728384e-09,1.490361101953133e-08,8.604934433644844e-09,2.89672449785898e-08,3.772384155722035e-10,1.4852461973220916e-08,8.87796429269307e-09,2.9000637026335455e-08,4.1019700476931813e-10,9.115360264703109e-08,0.0493193453940519,7.190478400056672e-08,1.1303694741966301e-09,1.4200059887592993e-08,9.033758484520702e-09,2.8286208692111223e-08,4.880071366656573e-10,7.729722611313413e-08,0.0977959448677919,1.0041630847741507e-07,9.230510148078983e-10,1.3501853840500416e-08,8.342727514410302e-09,2.7324512399544142e-08,4.683575421820086e-10,1.9901946889095443e-08,-5.2042961243990685e-09,1.8573486690482862e-09,-8.844662439069453e-09,1.9824099010370408e-08,-5.35439893144135e-09,1.3809339738576331e-09,-8.857792913412953e-09,0.9999988175512896,-1.582301008945667e-09,5.270875648221081e-09,-8.324128963593176e-09,1.8839725241646655e-08,-5.289574469655431e-09,1.328693404082743e-09,-8.756863012007089e-09,8.319195097029108e-07,-1.041748020326224e-09,7.950547820292113e-09,-8.432699950662183e-09,1.7803452375617253e-08,-4.727012572244514e-09,2.7313229957497303e-09,-8.560544167598541e-09,1.6559567799479251e-09,1.3102968342141012e-08,9.012031771116828e-08,5.604685031358452e-09,1.650273552580101e-09,1.3518718354782631e-08,9.022420408193253e-08,6.094355499429868e-09,1.0128178071892337e-08,0.075099912304579,2.237037724462076e-07,1.6794060759492784e-08,1.5777844319547767e-09,1.3755950419611068e-08,8.800153815323493e-08,7.250391744746909e-09,8.588580679237123e-09,0.1489165524123195,3.124062930408468e-07,1.3713900791431632e-08,1.5002059822778232e-09,1.2703698715124777e-08,8.50095941319151e-08,6.9584549124184125e-09,2.2013118193477057e-14,5.6231308750512414e-15,0.2993871355412292,1.598641937018049e-13,0.1369147014683426,2.6515917646846514e-13,True
TAC + total emissions,TAC_primary,full_TAC,TAC,TotEmiss,ISI,3,0.5,12.2628521390356,7,0.0,32.50039885116243,32.50039885116243,False,0.1331069852751225,1.3472459617328306e-06,3,3,LOCALLY_SOLVED,Solve_Succeeded,0.02566725,0.2882514589876113,11928346.24882129,32.50027362365923,10.108181915250382,503.5799952253691,3.1845052583085723e-16,3.1845052583085723e-16,8.821333276454227e-09,0.0,0.2878845652945164,6.783700126950294e-07,0.3668930147248775,0.9999994121818856,0.3478867753433238,1.54489744614372e-06,5.382953279731817e-07,1.6116116854786913e-08,4.247554062159307e-09,3.4331340735756476e-08,2.286071503278478e-09,1.571381040626358e-08,4.317708326220691e-09,3.35196416947041e-08,2.432365299640222e-09,1.316760754038506e-06,0.1379010533455945,2.064029795349702e-07,2.45835523852073e-08,1.4597122303484569e-08,4.4434266990507706e-09,3.138669028189353e-08,2.820766935618047e-09,1.6232926030570256e-08,4.323001764051684e-09,3.458773854897906e-08,2.319219664696652e-09,1.4306423210625089e-08,4.291150431246013e-09,3.0942331098894256e-08,2.758724693321891e-09,1.183613219969522e-08,-5.910108900012069e-09,1.6969062572388763e-09,-8.78326846582372e-09,1.153752288675102e-08,-5.911493176997258e-09,1.5042669543305875e-09,-8.764849002246862e-09,0.9999978071070332,2.013975705140284e-09,1.1614769754569076e-08,-7.904943959134018e-09,1.070515978557307e-08,-5.893706762116846e-09,1.1069937452840027e-09,-8.708148994768515e-09,1.1922711545929132e-08,-6.003926488156188e-09,1.3674913801210835e-09,-8.821333276454227e-09,1.0487600405915036e-08,-5.712697698374433e-09,1.6829391496972847e-09,-8.618950253483336e-09,1.7906796505318783e-09,6.467866412833489e-09,1.0680861562235345e-07,3.3964490905851686e-08,1.7459789340292863e-09,6.574692224017869e-09,1.0428332971685722e-07,3.6137998737511873e-08,1.4630675044872288e-07,0.2099856948671552,6.421426029976851e-07,3.652413497230799e-07,1.6219024781649511e-09,6.7661270190091274e-09,9.76474808770021e-08,4.1908537329182404e-08,1.8036584478411391e-09,6.582752686169609e-09,1.0760629770793485e-07,3.445697787549312e-08,1.5896025789583423e-09,6.534251793033702e-09,9.626503008544881e-08,4.0986766872210955e-08,2.524426927141593e-14,5.328187308845815e-15,0.379110829359895,4.905006939974252e-13,3.881078075691628e-12,7.304869637749235e-13,False
TAC + total emissions,TAC_primary,full_TAC,TAC,TotEmiss,ISI,4,0.75,16.309728828736876,1,1.0,125.4509461836066,32.50039885116243,True,3.1943769193627204e-09,0.6366904212162022,3,3,LOCALLY_SOLVED,Solve_Succeeded,0.147548834,0.1870099396435074,8602717.078916349,66.27010317257519,16.309728880445874,503.57998957204666,1.592252629154286e-16,1.592252629154286e-16,9.031531349247264e-09,3.1943769193627204e-09,0.1858966300615292,0.3633095787837976,0.7500000031943769,0.999999987768582,0.4148233036549147,9.160371104615374e-07,1.8038083405395322e-10,1.2549292302592542e-08,1.0576545605739303e-08,2.5877179482166247e-08,3.4841676110326477e-10,1.2566071217502972e-08,1.0927096392550681e-08,2.6097744331175325e-08,3.8202530874859006e-10,4.976058190286016e-08,5.0911689380351876e-08,5.349439464816612e-08,9.5794457841919e-10,1.2056007014770517e-08,1.0953496969792095e-08,2.5758323057641858e-08,4.589207471626833e-10,4.976057730196874e-08,0.1644343808337798,6.479999089539076e-08,7.82652174519913e-10,1.141156645705118e-08,1.002011152528356e-08,2.4830486141741528e-08,4.3826567650001004e-10,2.3101439375081334e-08,-5.495282163693765e-09,4.3835912314195264e-10,-8.996868769525142e-09,2.3139360750470604e-08,-5.7423692024072855e-09,-1.4881871780235763e-10,-9.031531349247264e-09,0.5869995873148377,-5.032916232530849e-09,1.287048261459803e-09,-8.840806144914176e-09,2.2000888424412208e-08,-5.6653465903887935e-09,-5.0763099509322264e-11,-8.94655983866009e-09,0.4130001470484534,-2.1905696408546404e-09,4.9276789212744085e-09,-8.683637013319433e-09,2.0603495359035447e-08,-4.916825947829846e-09,1.6113407971478196e-09,-8.730644958330697e-09,1.3943658113991706e-09,1.6105194445103032e-08,8.050678061118388e-08,5.176477593534221e-09,1.3962301352781074e-09,1.6638987688656715e-08,8.119298236365658e-08,5.675804587121909e-09,5.528953544762238e-09,7.752461792008128e-08,1.6642700557207234e-07,1.4232319450799392e-08,1.3395563349745011e-09,1.6679188567637965e-08,8.01370050682191e-08,6.818251100702724e-09,5.528953033552079e-09,0.2503887162696191,2.0159997167454901e-07,1.1627975164295851e-08,1.2679518285612416e-09,1.5257897095318146e-08,7.725040132986252e-08,6.511375765143005e-09,2.1561905281667585e-14,6.497953283199397e-15,0.1496849450673506,6.090695920794116e-14,0.3940315423375943,1.2532858655675361e-13,True
TAC + total emissions,TAC_primary,full_TAC,TAC,TotEmiss,ISI,4,0.75,16.309728828736876,2,0.8333333333333334,109.95918829486592,32.50039885116243,True,3.1943766998901513e-09,0.4700240921521989,3,3,LOCALLY_SOLVED,Solve_Succeeded,0.115472417,0.1870099396435074,8602717.07891635,66.2701031725751,16.30972888044587,503.57998957204666,1.592252629154286e-16,1.592252629154286e-16,9.031531346467568e-09,3.1943766998901513e-09,0.1858966300615293,0.3633095787837967,0.7500000031943767,0.999999987768582,0.4148233036549136,9.160371130172774e-07,1.8038097546062062e-10,1.2549292282984092e-08,1.0576545587317333e-08,2.587717951871723e-08,3.484167542093838e-10,1.2566071202313344e-08,1.0927096379327612e-08,2.6097744372975756e-08,3.820253023094911e-10,4.9760581860790946e-08,5.091168937697945e-08,5.3494394810318644e-08,9.57944588105937e-10,1.2056007003013496e-08,1.09534969588525e-08,2.575832309818568e-08,4.5892073674909917e-10,4.9760577262064455e-08,0.1644343808337794,6.479999116080353e-08,7.826522078604191e-10,1.1411566433872885e-08,1.0020111498075988e-08,2.4830486162762808e-08,4.3826566466174884e-10,2.3101439343573624e-08,-5.495282146956163e-09,4.383591633865944e-10,-8.996868765629123e-09,2.3139360729136617e-08,-5.742369190918065e-09,-1.488186900271913e-10,-9.031531346467568e-09,0.5869995873148384,-5.032916230616945e-09,1.2870482664778831e-09,-8.840806144541491e-09,2.2000888410403e-08,-5.665346576835607e-09,-5.0763068194149146e-11,-8.946559834891664e-09,0.4130001470484531,-2.190569607269829e-09,4.927678976487908e-09,-8.683637009049321e-09,2.0603495320352147e-08,-4.916825920154469e-09,1.6113408603403816e-09,-8.730644950026608e-09,1.394365809220454e-09,1.6105194417051392e-08,8.050678072489805e-08,5.176477491110845e-09,1.396230133590371e-09,1.6638987668521584e-08,8.119298249370237e-08,5.675804491455296e-09,5.52895354008788e-09,7.752461791494597e-08,1.664270060765469e-07,1.4232319594716777e-08,1.3395563336681656e-09,1.6679188550979944e-08,8.013700519435543e-08,6.818250945986616e-09,5.528953029118269e-09,0.2503887162696186,2.0159997250027765e-07,1.1627975659640512e-08,1.2679518259858751e-09,1.5257897053888435e-08,7.725040139526208e-08,6.511375589260268e-09,2.1561905278945788e-14,6.497953262210219e-15,0.1496849450673509,6.090695921326235e-14,0.3940315423375941,1.2532858445811014e-13,True
TAC + total emissions,TAC_primary,full_TAC,TAC,TotEmiss,ISI,4,0.75,16.309728828736876,3,0.6666666666666666,94.4674304061252,32.50039885116243,True,3.1943766998901513e-09,0.3033577630881953,3,3,LOCALLY_SOLVED,Solve_Succeeded,0.097681125,0.1870099396435077,8602717.07891636,66.27010317257503,16.30972888044587,503.5799895720467,1.592252629154286e-16,1.592252629154286e-16,9.031531341720005e-09,3.1943766998901513e-09,0.1858966300615296,0.363309578783796,0.7500000031943767,0.999999987768582,0.4148233036549132,9.160371172979392e-07,1.8038073167106722e-10,1.254929219894376e-08,1.0576545503771621e-08,2.5877179548680535e-08,3.4841677949233667e-10,1.2566071130057498e-08,1.0927096308646264e-08,2.6097744416063352e-08,3.8202532631516287e-10,4.97605817802196e-08,5.0911689382551045e-08,5.3494395143046507e-08,9.579445772858358e-10,1.205600691589445e-08,1.0953496865581902e-08,2.575832310772267e-08,4.5892077634043516e-10,4.9760577170725134e-08,0.1644343808337795,6.479999172405912e-08,7.826520690888507e-10,1.1411566318840634e-08,1.002011136850738e-08,2.4830486126632882e-08,4.3826570746626766e-10,2.31014391938497e-08,-5.4952821180453706e-09,4.38359237131507e-10,-8.996868758537806e-09,2.3139360605207643e-08,-5.742369172022306e-09,-1.4881864093637727e-10,-9.031531341720005e-09,0.5869995873148398,-5.032916226623252e-09,1.2870482755298355e-09,-8.840806143839344e-09,2.2000888256351782e-08,-5.665346556727841e-09,-5.076301828158819e-11,-8.946559829368276e-09,0.4130001470484527,-2.1905695371314227e-09,4.9276790918826275e-09,-8.683637000514583e-09,2.060349510998148e-08,-4.916825874741585e-09,1.6113409693256771e-09,-8.730644936458442e-09,1.3943657998826391e-09,1.6105194289834058e-08,8.050678081811723e-08,5.176477866743287e-09,1.3962301255619436e-09,1.663898756089317e-08,8.119298262775265e-08,5.67580484811099e-09,5.528953531135509e-09,7.752461792342997e-08,1.6642700711170026e-07,1.4232319433960986e-08,1.3395563239882716e-09,1.6679188408954257e-08,8.01370052240261e-08,6.818251534200751e-09,5.528953018969457e-09,0.2503887162696188,2.015999742526283e-07,1.1627973597891497e-08,1.2679518132045142e-09,1.525789685659078e-08,7.725040128285783e-08,6.511376225213119e-09,2.1561905253919494e-14,6.4979532272992345e-15,0.1496849450673513,6.090695982909766e-14,0.3940315423375939,1.2532858123846258e-13,True
TAC + total emissions,TAC_primary,full_TAC,TAC,TotEmiss,ISI,4,0.75,16.309728828736876,4,0.5,78.97567251738451,32.50039885116243,True,3.194376480417584e-09,0.1366914340241957,3,3,LOCALLY_SOLVED,Solve_Succeeded,0.094084792,0.1870099396435088,8602717.078916393,66.27010317257461,16.309728880445867,503.57998957204666,9.022764898540956e-17,1.0253141930160176e-16,9.031531323224496e-09,3.194376480417584e-09,0.1858966300615306,0.3633095787837914,0.7500000031943764,0.9999999877685816,0.4148233036549089,9.160371341716366e-07,1.8038097376326055e-10,1.2549291995157573e-08,1.0576545305567624e-08,2.587717974472253e-08,3.484167874693618e-10,1.2566070961794932e-08,1.0927096150745226e-08,2.6097744652898896e-08,3.820253343871335e-10,4.9760581487766166e-08,5.0911689376366355e-08,5.3494396301914825e-08,9.57944599239478e-10,1.2056006740609133e-08,1.0953496684711294e-08,2.5758323290901262e-08,4.5892079021401753e-10,4.976057687186205e-08,0.1644343808337783,6.479999364854262e-08,7.82652010146297e-10,1.1411566055482912e-08,1.0020111067197786e-08,2.4830486162211012e-08,4.382657199617758e-10,2.3101438844971948e-08,-5.495282006273567e-09,4.3835951201481527e-10,-8.996868731982911e-09,2.313936033611007e-08,-5.742369096682018e-09,-1.4881845385271696e-10,-9.031531323224496e-09,0.5869995873148448,-5.032916212843669e-09,1.2870483096070126e-09,-8.840806141227612e-09,2.200088797456631e-08,-5.66534647098778e-09,-5.0762815181261035e-11,-8.94655980561367e-09,0.4130001470484505,-2.190569295253816e-09,4.927679489656751e-09,-8.68363697029252e-09,2.0603494643703927e-08,-4.916825693348843e-09,1.6113413911617914e-09,-8.730644882096243e-09,1.3943657772397298e-09,1.610519398802343e-08,8.050678142802562e-08,5.176477985259088e-09,1.3962301068661031e-09,1.6638987320452956e-08,8.119298336457433e-08,5.6758049680374125e-09,5.528953498640683e-09,7.752461791401242e-08,1.6642701071706836e-07,1.4232319760129384e-08,1.3395563045121252e-09,1.6679188133537653e-08,8.013700579391501e-08,6.818251740322546e-09,5.528952985762448e-09,0.2503887162696169,2.0159998023991037e-07,1.1627972722173554e-08,1.2679517839425455e-09,1.5257896397778448e-08,7.725040139354537e-08,6.511376410860669e-09,2.1561905129140843e-14,6.497953109647384e-15,0.1496849450673529,6.090696075250076e-14,0.3940315423375924,1.253285678402493e-13,True
TAC + total emissions,TAC_primary,full_TAC,TAC,TotEmiss,ISI,4,0.75,16.309728828736876,5,0.3333333333333333,63.48391462864382,32.50039885116243,False,0.031409889228358,-7.47613091919654e-09,3,3,LOCALLY_SOLVED,Solve_Succeeded,1.125754,0.1981399485443874,8967646.765863685,63.483915323555685,15.80128103455951,503.57998851436855,9.022764898540956e-17,2.260449863409024e-22,9.550659208699238e-09,7.47613091919654e-09,0.1970880237423956,0.3333346912201138,0.7185901107716419,0.999999994573326,0.4092808728546569,3.02454281184336e-06,1.1333530419172863e-06,-4.108798500531872e-09,-2.645286921749336e-09,1.0014271977024372e-08,3.4354877694381353e-10,-2.462050882159794e-09,-1.8344876245974408e-10,1.7439206221587132e-08,1.0508410109430103e-09,6.358581450618501e-09,2.8216509519582473e-08,8.938974308225675e-08,1.473003475566268e-08,-3.287064974172209e-09,-1.5093681753054964e-09,1.2265482088158548e-08,7.765283047881845e-10,6.358580701425248e-09,0.1621693470014485,5.7700057464145e-07,5.648384959478374e-08,-5.629537550097811e-09,-4.13392029259455e-09,4.492663002645473e-09,-4.22886580573992e-11,-8.991129135038929e-10,4.4224046600843084e-10,2.8068105618003253e-08,-3.446643857608303e-09,3.778318344339788e-09,2.441571628535628e-09,1.9492683340120564e-08,-6.319657633752121e-09,0.6610961675392247,-7.697022793895174e-09,-5.002823806627401e-09,-9.550659208699238e-09,1.2371489912241455e-09,1.3417544218653186e-09,1.614534599329819e-08,-3.810075787238243e-09,0.3389038300840506,0.0001717948034689,2.8400819185737983e-08,-7.720508097523147e-09,-4.08820386655524e-09,-2.7682343061264853e-09,1.6075146236657843e-08,1.1978679103781255e-09,-4.5653316672576336e-10,-4.0280505399364885e-09,3.1155512817409156e-08,5.104153257450943e-09,-2.7356120912886585e-10,-2.7934243374551927e-10,5.4255308244937746e-08,1.5612495019724724e-08,7.06509050068722e-10,4.2966048586636945e-08,2.781014229225766e-07,2.1884623065555979e-07,-3.6522944157468965e-10,-2.298356085124279e-09,3.815927760760437e-08,1.1536991956853029e-08,7.065089668250272e-10,0.2469396874794783,1.795112898884511e-06,8.391886225510726e-07,-6.255041722330901e-10,-6.294833172814429e-09,1.3977173786008137e-08,-6.282886339956452e-10,6.683383914796814e-15,3.433080195178169e-16,0.1685795795364224,-3.5192618708227344e-14,0.3617099076695327,-4.1410208194429884e-13,True
TAC + total emissions,TAC_primary,full_TAC,TAC,TotEmiss,ISI,4,0.75,16.309728828736876,6,0.1666666666666666,47.99215673990312,32.50039885116243,False,0.1925626832333122,-6.731805110601543e-09,3,3,LOCALLY_SOLVED,Solve_Succeeded,0.819960541,0.2503446480272696,10680630.52073525,47.99215736562936,13.192619092403987,503.5799888067837,1.592252629154286e-16,1.592252629154286e-16,9.440218365595412e-09,6.731805110601543e-09,0.2496205423490911,0.1666683614117837,0.5574373167666877,0.9999999902085334,0.3259051542484021,0.2711443062024988,1.1592231308884477e-06,-2.7815708939115547e-09,-1.8637377286744208e-09,1.237695678728335e-08,5.295778517547752e-10,-6.584618907382491e-10,1.0579753343998835e-09,2.0672242036808047e-08,1.402141023406967e-09,1.2984599198962788e-08,2.99390365202607e-08,0.0659534712840568,1.5405520325629463e-08,-1.6527981999277902e-09,-3.5389727574971763e-10,1.50405066254279e-08,1.172701005257568e-09,1.078819180649284e-08,0.1291875973398902,4.739315213869193e-07,5.6581399929679196e-08,-4.851184024325827e-09,-3.751804563154053e-09,5.526971438282097e-09,4.583504446410645e-11,5.85472730867533e-10,1.3470092771579088e-10,2.6078043992358914e-08,-4.143398588707591e-09,5.9461536790669035e-09,5.480888139328755e-10,1.5763645778068164e-08,-6.7872155251818775e-09,0.999999577684684,-7.188486668180541e-09,-2.9544502826298763e-09,-9.440218365595412e-09,3.2294563990782104e-09,3.2282853392043857e-10,1.3728314429861768e-08,-4.676051452441667e-09,3.907499829593212e-07,2.4856781455315932e-08,2.057122801409633e-08,-7.902075966754803e-09,-3.352523074510875e-09,-2.6707003934495646e-09,1.559422382800784e-08,7.111700726548187e-10,-3.090634326568393e-10,-2.8379642686633222e-09,3.8506087782659316e-08,7.868013797499518e-09,-7.316243230424988e-11,1.611007895563459e-09,6.43136418922917e-08,2.083180949061779e-08,1.442733244329198e-09,4.5588987428578784e-08,0.2051885773281767,2.288820162664949e-07,-1.8364424443642103e-10,-5.388890335279791e-10,4.679268727910901e-08,1.7422986363826732e-08,1.1986879784992043e-09,0.19671747776756,1.4744536220926374e-06,8.406379418123765e-07,-5.390204471473138e-10,-5.712975130257306e-09,1.7195022252433192e-08,6.809778034667244e-10,6.842874437792962e-15,5.64562409022521e-16,0.273796669168046,1.7611106619061173e-15,0.1808632348876617,-2.4450942621831517e-13,True
TAC + total emissions,TAC_primary,full_TAC,TAC,TotEmiss,ISI,4,0.75,16.309728828736876,7,0.0,32.50039885116243,32.50039885116243,False,0.383106985274722,1.3472458164912475e-06,3,3,LOCALLY_SOLVED,Solve_Succeeded,0.032289125,0.2882514589876112,11928346.248821272,32.50027362367273,10.108181915256866,503.5799952253696,4.511382449270478e-17,2.516017294359752e-22,8.821333281673558e-09,0.0,0.2878845652945158,6.783701579366124e-07,0.366893014725278,0.9999994121814174,0.3478867753438378,1.5448962781689228e-06,5.38295584319793e-07,1.6116116232234405e-08,4.247553672148765e-09,3.4331340158920216e-08,2.28607192006227e-09,1.5713809752582377e-08,4.317707912620377e-09,3.3519641055066624e-08,2.432365737247959e-09,1.3167612124984263e-06,0.1379010533458004,2.064026973214729e-07,2.458356631750419e-08,1.4597121605538628e-08,4.443426242726588e-09,3.138668954197229e-08,2.820767423057616e-09,1.623292538019801e-08,4.3230013595344184e-09,3.458773792589877e-08,2.3192200865471678e-09,1.430642256061282e-08,4.291150002689963e-09,3.094233042556819e-08,2.7587251726234313e-09,1.1836131408754504e-08,-5.910108986231655e-09,1.696906097303801e-09,-8.783268474364992e-09,1.1537522080615363e-08,-5.91149326209487e-09,1.50426680246733e-09,-8.764849012147987e-09,0.9999978071060636,2.013975877423152e-09,1.1614776200277756e-08,-7.904944034665709e-09,1.0705158967547168e-08,-5.893706856750268e-09,1.10699357032575e-09,-8.708149015056327e-09,1.1922710732046256e-08,-6.003926563738004e-09,1.3674912522778232e-09,-8.821333281673558e-09,1.0487599629093005e-08,-5.712697810037525e-09,1.682938927463863e-09,-8.618950281117311e-09,1.7906795813593775e-09,6.4678658189538005e-09,1.0680861382775176e-07,3.3964497098068014e-08,1.7459788613980412e-09,6.574691594217391e-09,1.0428332772687395e-07,3.613800523911253e-08,1.46306801388714e-07,0.2099856948674688,6.421417250001378e-07,3.65241556717205e-07,1.6219024006154024e-09,6.766126324151849e-09,9.764747857502489e-08,4.190854457114173e-08,1.8036583755775558e-09,6.5827520702001365e-09,1.0760629576946285e-07,3.445698414298649e-08,1.589602506734757e-09,6.534251140459716e-09,9.626502799065658e-08,4.098677399326241e-08,2.5244269525604998e-14,5.328187342786066e-15,0.3791108293599055,4.905007157786271e-13,3.881078182368652e-12,7.304869954165939e-13,False
TAC + total emissions,TAC_primary,full_TAC,TAC,TotEmiss,ISI,5,1.0,20.35660551843815,1,1.0,125.4509461836066,32.50039885116243,False,3.3306803314180227e-06,0.3994783862575103,3,3,LOCALLY_SOLVED,Solve_Succeeded,0.042347375,0.0016005209237972,2540987.8623650083,88.31913631870225,20.356551603027775,503.5800243954284,1.2631870857957334e-16,5.032034588719504e-22,8.352676425166601e-09,0.0,2.6407351317749883e-09,0.6005216137424896,0.9999966693196686,0.9999990783806358,0.4585278712030875,2.913716252359661e-06,9.616615129797145e-07,1.53315012660662e-08,3.6930390750665765e-09,3.1155857693389484e-08,1.9323440378581715e-09,1.4189790324196273e-08,3.7237785144556732e-09,2.8998123894835247e-08,2.2097986635799924e-09,1.1931942006254113e-08,3.850845895310833e-09,2.5080352675458456e-08,3.0182749173744627e-09,1.187797507333192e-08,3.816181664149299e-09,2.4999898818905762e-08,2.998569304464665e-09,3.737851748477008e-06,0.1817587561451609,5.455536115654217e-07,4.998540643388678e-08,1.1755858170214036e-08,3.7383791100142805e-09,2.4820745530138025e-08,2.954740832740171e-09,1.0725346390980854e-08,-5.035050670381608e-09,4.89602525405484e-09,-8.352676425166601e-09,9.913437350498266e-09,-4.925906430386312e-09,4.529828953191354e-09,-8.18406083731909e-09,8.286286701824437e-09,-4.991988181875508e-09,2.849250363497203e-09,-7.958133359675263e-09,8.247024188843184e-09,-4.95880019716817e-09,2.9463510363611046e-09,-7.930084624683757e-09,0.9999948075628546,7.73330108673555e-08,9.727556482089475e-08,1.3811356993021347e-09,8.158114080834842e-09,-4.885899557325092e-09,3.1616945326061704e-09,-7.866652484081652e-09,1.7035001406740215e-09,5.623491318851378e-09,9.69293350461006e-08,2.8709111419607124e-08,1.5766433693551411e-09,5.670299101557501e-09,9.021638545059855e-08,3.2831294430331316e-08,1.3257713340282341e-09,5.863788067859676e-09,7.802776387920408e-08,4.484294162956344e-08,1.3197750081479902e-09,5.811003897681887e-09,7.777746299215124e-08,4.4550172523475024e-08,4.153168609418897e-07,0.2767690150392223,1.6972779026479784e-06,7.426403241606035e-07,1.3062064633571147e-09,5.6925318266126525e-09,7.722009720487385e-08,4.3899006657853965e-08,8.468601550113736e-15,1.4892327175237712e-15,1.7826380939418985e-14,1.4231504445573098e-13,0.6511289370734716,2.1533138208888377e-13,False
TAC + total emissions,TAC_primary,full_TAC,TAC,TotEmiss,ISI,5,1.0,20.35660551843815,2,0.8333333333333334,109.95918829486592,32.50039885116243,False,3.3306806652357985e-06,0.2328120571938455,3,3,LOCALLY_SOLVED,Solve_Succeeded,0.040411208,0.0016005209237959,2540987.8623649864,88.3191363186707,20.35655160302237,503.5800243954228,1.2631870857957334e-16,5.126570965080088e-17,8.352676409434445e-09,0.0,2.640734460588862e-09,0.6005216137421502,0.9999966693193344,0.9999990783808128,0.4585278712027537,2.9137162538338787e-06,9.61661518336448e-07,1.5331501066480057e-08,3.6930390509321358e-09,3.1155857611214517e-08,1.9323440336467315e-09,1.4189790177941968e-08,3.7237785037802974e-09,2.8998123865704964e-08,2.2097986628664312e-09,1.1931941964795182e-08,3.850845929818755e-09,2.5080352760760815e-08,3.0182749419697084e-09,1.1877974948292276e-08,3.816181644656452e-09,2.4999898778906136e-08,2.998569298345378e-09,3.7378500850291273e-06,0.1817587561450276,5.455536119078328e-07,4.998540678520035e-08,1.1755857986370254e-08,3.73837905268097e-09,2.4820745401914562e-08,2.95474080507661e-09,1.0725346381445434e-08,-5.035050632224124e-09,4.896025380133013e-09,-8.352676409434445e-09,9.913437367710966e-09,-4.9259064090494565e-09,4.529829007922067e-09,-8.184060830061512e-09,8.286286774267294e-09,-4.991988208112683e-09,2.849250270619713e-09,-7.958133389658648e-09,8.247024200010802e-09,-4.95880017158343e-09,2.9463510948362318e-09,-7.930084611091007e-09,0.9999948075648808,7.733301357998293e-08,9.727556537695392e-08,1.381135657423349e-09,8.158114048078651e-09,-4.885899496549293e-09,3.1616946951529742e-09,-7.866652439112092e-09,1.7035001184977832e-09,5.623491282101206e-09,9.692933479044517e-08,2.8709111357037154e-08,1.5766433531046627e-09,5.670299085301817e-09,9.0216385359971e-08,3.2831294419729825e-08,1.3257713294216862e-09,5.863788120405832e-09,7.80277641445892e-08,4.4842941994978525e-08,1.319774994254697e-09,5.811003867999597e-09,7.777746286770799e-08,4.4550172432559894e-08,4.153166761143473e-07,0.2767690150390192,1.6972779037132577e-06,7.426403293801192e-07,1.3062064429300276e-09,5.692531739309659e-09,7.72200968059564e-08,4.3899006246852496e-08,8.468601521708359e-15,1.4892327137154917e-15,1.7826381057286757e-14,1.4231504349089674e-13,0.6511289370734343,2.153313784902147e-13,False
TAC + total emissions,TAC_primary,full_TAC,TAC,TotEmiss,ISI,5,1.0,20.35660551843815,3,0.6666666666666666,94.4674304061252,32.50039885116243,False,3.3306826764824124e-06,0.0661457281318867,3,3,LOCALLY_SOLVED,Solve_Succeeded,0.045143083,0.0016005209237879,2540987.8623648593,88.31913631848056,20.356551602989818,503.5800243953913,2.526374171591467e-16,1.592252629154286e-16,8.352676314423097e-09,0.0,2.6407305619971054e-09,0.6005216137401046,0.9999966693173232,0.9999990783818824,0.4585278712007418,2.9137162627232607e-06,9.616615506438136e-07,1.5331499861115833e-08,3.6930389051950085e-09,3.1155857114964475e-08,1.932344008196991e-09,1.4189789294671986e-08,3.7237784393288565e-09,2.8998123689814016e-08,2.209798658540253e-09,1.1931941714429645e-08,3.8508461382487536e-09,2.508035327597412e-08,3.018275090490411e-09,1.1877974193149115e-08,3.816181526953963e-09,2.4999898537370297e-08,2.9985692613688374e-09,3.73784003841465e-06,0.1817587561442237,5.455536139724483e-07,4.9985408904233875e-08,1.175585687608486e-08,3.738378706444348e-09,2.4820744627558795e-08,2.95474063798583e-09,1.0725346323882808e-08,-5.035050401773805e-09,4.896026141566393e-09,-8.352676314423097e-09,9.913437471691732e-09,-4.925906280185195e-09,4.52982933846139e-09,-8.18406078623115e-09,8.286287211805485e-09,-4.991988366566871e-09,2.849249709696708e-09,-7.958133570739464e-09,8.247024267483079e-09,-4.958800017064279e-09,2.9463514479923693e-09,-7.9300845289981e-09,0.9999948075771172,7.733302996098403e-08,9.727556873416967e-08,1.3811354044995923e-09,8.158113850277063e-09,-4.8858991294971415e-09,3.161695676839704e-09,-7.866652167522006e-09,1.7034999845684251e-09,5.623491060183307e-09,9.692933324655613e-08,2.8709110978926732e-08,1.5766432549635534e-09,5.670298987159849e-09,9.02163848127547e-08,3.2831294355455185e-08,1.325771301603293e-09,5.863788437787874e-09,7.802776574747503e-08,4.4842944201571834e-08,1.3197749103499014e-09,5.811003688770806e-09,7.777746211626315e-08,4.455017188319416e-08,4.153155598238499e-07,0.2767690150377952,1.697277910136506e-06,7.42640360862903e-07,1.3062063195649838e-09,5.692531212085712e-09,7.722009439684958e-08,4.3899003764360916e-08,8.468601381948367e-15,1.4892326646176536e-15,1.7826381798189144e-14,1.4231503775891554e-13,0.6511289370732101,2.1533135678946689e-13,False
TAC + total emissions,TAC_primary,full_TAC,TAC,TotEmiss,ISI,5,1.0,20.35660551843815,6,0.1666666666666666,47.99215673990312,32.50039885116243,False,0.4425626832326654,-6.731805492816235e-09,3,3,LOCALLY_SOLVED,Solve_Succeeded,0.8527815,0.2503446480272712,10680630.520735282,47.99215736562939,13.192619092414455,503.5799888067836,1.592252629154286e-16,1.592252629154286e-16,9.44021837231447e-09,6.731805492816235e-09,0.249620542349092,0.1666683614117841,0.5574373167673344,0.9999999902085328,0.3259051542480836,0.2711443062027519,1.1592237536579431e-06,-2.7815709219471727e-09,-1.863737797886928e-09,1.2376956676869188e-08,5.295778923881703e-10,-6.584619423129683e-10,1.0579751701977262e-09,2.0672241775516664e-08,1.4021411348782831e-09,1.2984599227280774e-08,2.993903595357383e-08,0.0659534712840744,1.5405521618283003e-08,-1.652798247470684e-09,-3.5389738803216477e-10,1.5040506442049035e-08,1.1727010834214167e-09,1.0788191984988102e-08,0.1291875973397648,4.7393156591212666e-07,5.65814376562178e-08,-4.851184037043575e-09,-3.751804587050075e-09,5.526971405309424e-09,4.5835058555369745e-11,5.85472644467141e-10,1.3470074362999979e-10,2.6078043821326517e-08,-4.1433984914814715e-09,5.94615346890724e-09,5.480886923599142e-10,1.5763645841128493e-08,-6.787215481192014e-09,0.9999995776846516,-7.188486660483959e-09,-2.954450268471696e-09,-9.44021837231447e-09,3.2294562385162542e-09,3.2282843226490096e-10,1.3728314443147868e-08,-4.676051410429107e-09,3.907500153440946e-07,2.4856782175344663e-08,2.057122819285726e-08,-7.902076026942511e-09,-3.352523105904667e-09,-2.6707004769645275e-09,1.5594223728642612e-08,7.111701180760044e-10,-3.0906343577190795e-10,-2.837964374055094e-09,3.8506087439148585e-08,7.868014401195672e-09,-7.316243803477424e-11,1.6110076455283562e-09,6.431364107938518e-08,2.0831811146763063e-08,1.4427332474756406e-09,4.558898656566924e-08,0.2051885773282314,2.288820354716332e-07,-1.8364424971896483e-10,-5.388892045035236e-10,4.679268670859699e-08,1.742298752511819e-08,1.1986879983320107e-09,0.1967174777673691,1.4744537606155052e-06,8.406385023209498e-07,-5.39020448560397e-10,-5.7129751666444315e-09,1.7195022149851537e-08,6.809780128226363e-10,6.842874465340635e-15,5.645623983618513e-16,0.2737966691680454,1.7611134026709378e-15,0.1808632348876633,-2.4450942494365933e-13,True
TAC + total emissions,TAC_primary,full_TAC,TAC,TotEmiss,ISI,5,1.0,20.35660551843815,7,0.0,32.50039885116243,32.50039885116243,False,0.6331069852746527,1.347245790118434e-06,3,3,LOCALLY_SOLVED,Solve_Succeeded,0.029668666,0.2882514589876062,11928346.248821104,32.500273623675184,10.108181915257983,503.57999522536966,8.120488408686858e-17,5.032034588719504e-22,8.821333293372317e-09,0.0,0.2878845652945107,6.783701843094262e-07,0.3668930147253472,0.9999994121813311,0.347886775343946,1.5448960029897334e-06,5.382956331434518e-07,1.611611525781125e-08,4.247553264075887e-09,3.433134310515669e-08,2.286071910254675e-09,1.5713808837141465e-08,4.3177075073205695e-09,3.351964399922078e-08,2.4323657238902804e-09,1.316761322129254e-06,0.1379010533458454,2.0640262521928777e-07,2.4583569468267135e-08,1.4597120829109272e-08,4.443425862157818e-09,3.1386692351221175e-08,2.820767406147787e-09,1.6232924395183668e-08,4.323000944607768e-09,3.4587740905276403e-08,2.3192200751774408e-09,1.430642180673046e-08,4.291149634965189e-09,3.0942333187249336e-08,2.758725158418471e-09,1.1836130653864102e-08,-5.91010905900449e-09,1.696906414787762e-09,-8.783268487614575e-09,1.153752136281858e-08,-5.911493335426596e-09,1.504267071820001e-09,-8.764849026825217e-09,0.9999978071058638,2.0139759189651012e-09,1.1614736823720849e-08,-7.90494405264356e-09,1.0705158343186458e-08,-5.893706928910472e-09,1.1069937434790783e-09,-8.708149033012921e-09,1.1922709969838276e-08,-6.00392663097798e-09,1.3674915569869679e-09,-8.821333293372317e-09,1.0487599021159818e-08,-5.712697891648806e-09,1.682939112911244e-09,-8.618950302978421e-09,1.7906794730901383e-09,6.4678651975701e-09,1.068086229938208e-07,3.396449695235517e-08,1.7459787596823842e-09,6.574690977056321e-09,1.0428333688646464e-07,3.6138005040655584e-08,1.4630681356991706e-07,0.2099856948675373,6.421415006822287e-07,3.6524160352854025e-07,1.621902314345474e-09,6.766125744649403e-09,9.76474873149103e-08,4.1908544319909986e-08,1.8036582661315181e-09,6.58275143838001e-09,1.0760630503863768e-07,3.4456983974064834e-08,1.5896024229700503e-09,6.534250580515174e-09,9.626503658255345e-08,4.0986773782217283e-08,2.524426959713904e-14,5.3281873748459355e-15,0.3791108293598988,4.905007231303211e-13,3.881078215339977e-12,7.304870067460862e-13,False
TAC + ISI,TAC_primary,full_TAC,TAC,ISI,TotEmiss,1,0.0,32.50021056866753,1,1.0,20.35660551843815,10.108165246524909,True,8.622399278275864e-09,0.6331076813785335,3,3,LOCALLY_SOLVED,Solve_Succeeded,0.016520833,0.2882514777877986,11928346.906396767,32.50021137012589,10.108170647071711,503.5799883491297,4.776757887462858e-16,4.776757887462858e-16,9.547922976229647e-09,8.622399278275864e-09,0.2878845854605547,8.622399278275864e-09,0.3668923186214665,0.9999999857130624,0.3478864143024754,6.370269126032353e-07,2.485384238973499e-07,-4.906368273302066e-09,-4.126812316607011e-09,5.337819861634011e-09,1.284357253409488e-11,-5.885343853053031e-09,-4.733120958886327e-09,3.1478023046571014e-09,-1.4589199728669585e-10,1.8320336967215225e-08,0.1379009467803649,1.0417891820618124e-07,1.6708671353940005e-08,-5.437294978686063e-09,-4.410007692538307e-09,3.912988008172624e-09,-6.998758525587914e-11,-4.019367528467443e-09,-3.431290759331839e-09,8.085935825494553e-09,2.0721333169522648e-10,-6.069491452957579e-09,-4.809178073017671e-09,2.6015456873933053e-09,-1.8387792185034247e-10,7.451436366093828e-10,1.0926240991821827e-10,2.9219390480344953e-08,-2.1262863765536948e-09,-2.8526588858221272e-09,-3.245950301191195e-09,2.0428518088503084e-08,1.2451750640511096e-09,0.9999999958091312,-6.710543270172321e-09,-4.6141398754843965e-09,-9.547922976229647e-09,-1.378101688536082e-09,-9.624167618991295e-10,1.8888332794497555e-08,1.0045791824624719e-10,5.667379517977129e-09,2.903957954786371e-09,3.29448176482005e-08,-4.96350629303349e-09,-3.3916884000695438e-09,-2.904675876251446e-09,1.6959397238205316e-08,1.7282560367005642e-09,-5.45152030366896e-10,-6.284009663924313e-09,1.6606550680639145e-08,1.9081879193512388e-10,-6.539270947836699e-10,-7.20725236921327e-09,9.793162725599871e-09,-2.167538245402338e-09,2.035592996357246e-09,0.2099855325973738,3.241121899747861e-07,2.482431172585372e-07,-6.041438865206733e-10,-6.715238986365149e-09,1.2173740469870385e-08,-1.039815552373061e-09,-4.4659639205193797e-10,-5.224920019891664e-09,2.5156244790427498e-08,3.0785980709005073e-09,-6.743879392175086e-10,-7.323066611185998e-09,8.093697694112506e-09,-2.731900553205088e-09,6.007170960810007e-15,-8.156216528191252e-16,0.37911089556519,-3.08282670733632e-13,1.243299856691868e-13,-1.3598409847329102e-12,False
TAC + ISI,TAC_primary,full_TAC,TAC,ISI,TotEmiss,1,0.0,32.50021056866753,2,0.8333333333333334,18.648532139785942,10.108165246524909,True,8.622399354718802e-09,0.5275896788780519,3,3,LOCALLY_SOLVED,Solve_Succeeded,0.015246625,0.2882514777877985,11928346.906396767,32.500211370125896,10.10817064707166,503.5799883491297,4.776757887462858e-16,4.776757887462858e-16,9.547922975626242e-09,8.622399354718802e-09,0.2878845854605547,8.622399354718802e-09,0.3668923186214634,0.9999999857130624,0.3478864143024769,6.370269118585182e-07,2.4853842084703386e-07,-4.906368271866534e-09,-4.126812316263916e-09,5.337819859369062e-09,1.2843570585647606e-11,-5.885343850595027e-09,-4.733120957754394e-09,3.1478023065328803e-09,-1.4589199818590996e-10,1.8320336994842575e-08,0.1379009467803655,1.0417891801133256e-07,1.6708671170850458e-08,-5.437294976923581e-09,-4.410007691920461e-09,3.912988007817347e-09,-6.998758661700636e-11,-4.019367524020071e-09,-3.431290756852624e-09,8.08593582876886e-09,2.0721332900599368e-10,-6.069491451956146e-09,-4.809178072769904e-09,2.601545686493223e-09,-1.838779228067097e-10,7.451436429741368e-10,1.0926241784894199e-10,2.9219390496064363e-08,-2.1262863800279113e-09,-2.8526588784083547e-09,-3.2459502927234713e-09,2.0428518111364377e-08,1.2451750575101946e-09,0.9999999958091312,-6.710543270756964e-09,-4.614139875701794e-09,-9.547922975626242e-09,-1.3781016822541791e-09,-9.624167554143956e-10,1.888833280085947e-08,1.0045791545738909e-10,5.667379548545441e-09,2.903957972860377e-09,3.2944817646920434e-08,-4.963506301784581e-09,-3.3916883972502174e-09,-2.9046758724692735e-09,1.6959397244387505e-08,1.7282560351615771e-09,-5.451520302073925e-10,-6.284009663401871e-09,1.6606550673592638e-08,1.9081876298676437e-10,-6.539270945105584e-10,-7.2072523674896445e-09,9.793162731435629e-09,-2.16753825876209e-09,2.0355929994269513e-09,0.2099855325973747,3.241121893685901e-07,2.482431145383496e-07,-6.04143886324842e-10,-6.715238985424337e-09,1.2173740468765078e-08,-1.039815572595523e-09,-4.4659639155778544e-10,-5.224920016116495e-09,2.5156244800614234e-08,3.078598030946191e-09,-6.743879391062382e-10,-7.323066610808716e-09,8.093697691312249e-09,-2.7319005674139723e-09,6.0071709558361294e-15,-8.15621652180851e-16,0.37911089556519,-3.082826708694429e-13,1.2432998434619224e-13,-1.3598409845024069e-12,False
TAC + ISI,TAC_primary,full_TAC,TAC,ISI,TotEmiss,1,0.0,32.50021056866753,3,0.6666666666666666,16.940458761133737,10.108165246524909,True,8.622399278275864e-09,0.4220716763775724,3,3,LOCALLY_SOLVED,Solve_Succeeded,0.016954625,0.2882514777877984,11928346.906396763,32.50021137012589,10.108170647071582,503.57998834912945,4.776757887462858e-16,4.776757887462858e-16,9.547922974585322e-09,8.622399278275864e-09,0.2878845854605546,8.622399278275864e-09,0.3668923186214584,0.9999999857130624,0.3478864143024789,6.370269108551546e-07,2.485384162905581e-07,-4.906368270641682e-09,-4.126812314364483e-09,5.337819860867417e-09,1.2843568015335635e-11,-5.885343846217622e-09,-4.733120954452161e-09,3.1478023148999487e-09,-1.4589199911781818e-10,1.8320336951943132e-08,0.1379009467803662,1.0417891771503873e-07,1.6708670895923975e-08,-5.4372949746048975e-09,-4.410007689678854e-09,3.912988011435462e-09,-6.998758832123148e-11,-4.019367517097493e-09,-3.4312907497772463e-09,8.085935845790864e-09,2.0721332584948536e-10,-6.0694914510252754e-09,-4.809178071684969e-09,2.601545687388663e-09,-1.838779240730764e-10,7.451436416586144e-10,1.0926243028255793e-10,2.9219390522279162e-08,-2.126286385947039e-09,-2.8526588681706844e-09,-3.2459502756672734e-09,2.0428518157054823e-08,1.2451750431361635e-09,0.9999999958091312,-6.710543271104088e-09,-4.6141398747522e-09,-9.547922974585322e-09,-1.3781016783194495e-09,-9.624167442685303e-10,1.888833281096745e-08,1.0045790998786356e-10,5.667379581856022e-09,2.90395800577074e-09,3.294481764049198e-08,-4.963506318760391e-09,-3.391688397179643e-09,-2.9046758666644607e-09,1.6959397253493486e-08,1.7282560326253407e-09,-5.451520300712979e-10,-6.2840096605095555e-09,1.660655067825418e-08,1.908187247992723e-10,-6.539270940241798e-10,-7.207252362461245e-09,9.793162757466506e-09,-2.167538272607584e-09,2.035592994660347e-09,0.2099855325973758,3.241121884467871e-07,2.482431104537276e-07,-6.041438860672105e-10,-6.715238982010982e-09,1.2173740480021436e-08,-1.039815597915439e-09,-4.4659639078861015e-10,-5.2249200053426245e-09,2.5156244853571577e-08,3.0785979840494972e-09,-6.74387939002808e-10,-7.323066609156657e-09,8.093697694098062e-09,-2.731900586228564e-09,6.007170961449271e-15,-8.156216499797555e-16,0.3791108955651899,-3.082826707056558e-13,1.2432998298836605e-13,-1.3598409829168054e-12,False
TAC + ISI,TAC_primary,full_TAC,TAC,ISI,TotEmiss,1,0.0,32.50021056866753,4,0.5,15.232385382481528,10.108165246524909,True,8.622399201832926e-09,0.3165536738770955,3,3,LOCALLY_SOLVED,Solve_Succeeded,0.017696334,0.2882514777877984,11928346.906396763,32.50021137012588,10.108170647071455,503.5799883491297,3.1845052583085723e-16,3.1845052583085723e-16,9.54792297355662e-09,8.622399201832926e-09,0.2878845854605545,8.622399201832926e-09,0.3668923186214508,0.9999999857130624,0.3478864143024829,6.37026908746494e-07,2.485384086127209e-07,-4.9063682734710565e-09,-4.126812316402165e-09,5.337819844769931e-09,1.284356240037438e-11,-5.885343849942309e-09,-4.733120956823745e-09,3.147802301534049e-09,-1.4589200272110716e-10,1.8320336953336772e-08,0.1379009467803678,1.0417891723749476e-07,1.6708670439083842e-08,-5.437294976861541e-09,-4.410007691467149e-09,3.9129880001560215e-09,-6.998759254908103e-11,-4.019367522390881e-09,-3.4312907540453403e-09,8.085935816120701e-09,2.0721331638972408e-10,-6.069491452302856e-09,-4.8091780726236445e-09,2.6015456802944847e-09,-1.8387792680703594e-10,7.45143658292889e-10,1.0926246217733627e-10,2.9219390580002228e-08,-2.126286397599125e-09,-2.852658866485917e-09,-3.245950267076168e-09,2.0428518183147862e-08,1.2451750431823947e-09,0.9999999958091312,-6.710543274440161e-09,-4.614139879796203e-09,-9.54792297355662e-09,-1.3781016675555111e-09,-9.624167253178223e-10,1.8888332835428364e-08,1.0045790548176235e-10,5.667379607584075e-09,2.903958044146681e-09,3.2944817684145606e-08,-4.963506325604179e-09,-3.391688389728009e-09,-2.904675852114468e-09,1.6959397279823006e-08,1.7282560274687544e-09,-5.451520303856725e-10,-6.284009663612387e-09,1.660655062817312e-08,1.9081864137699077e-10,-6.53927094438034e-10,-7.20725236607252e-09,9.793162715883708e-09,-2.167538326142163e-09,2.035592994815196e-09,0.2099855325973782,3.241121869610948e-07,2.482431036663886e-07,-6.041438863179487e-10,-6.715238984734067e-09,1.2173740444929842e-08,-1.0398156607292041e-09,-4.465963913767643e-10,-5.224920011841767e-09,2.5156244761264405e-08,3.078597843504471e-09,-6.743879391447613e-10,-7.323066610586001e-09,8.093697672027285e-09,-2.7319006268473907e-09,6.007170948392551e-15,-8.156216551501157e-16,0.37911089556519,-3.082826725053543e-13,1.243299768857246e-13,-1.359840986977669e-12,False
TAC + ISI,TAC_primary,full_TAC,TAC,ISI,TotEmiss,1,0.0,32.50021056866753,5,0.3333333333333333,13.52431200382932,10.108165246524909,True,8.622399278275864e-09,0.2110356713766269,3,3,LOCALLY_SOLVED,Solve_Succeeded,0.014571416,0.2882514777877982,11928346.906396758,32.50021137012589,10.1081706470712,503.5799883491296,5.126570965080088e-17,1.4127811646306399e-22,9.547922970563004e-09,8.622399278275864e-09,0.2878845854605544,8.622399278275864e-09,0.3668923186214348,0.9999999857130628,0.3478864143024899,6.37026905061364e-07,2.4853839336349357e-07,-4.9063682697667945e-09,-4.1268123141773555e-09,5.3378198351714765e-09,1.2843552785060827e-11,-5.8853438405552566e-09,-4.733120951265913e-09,3.147802310541853e-09,-1.4589200724498988e-10,1.8320336969025447e-08,0.1379009467803704,1.041789162622193e-07,1.6708669523630224e-08,-5.4372949709195605e-09,-4.410007688112941e-09,3.912987999265295e-09,-6.998759927533447e-11,-4.019367506013715e-09,-3.4312907417071672e-09,8.085935832248103e-09,2.0721330292796001e-10,-6.069491449370026e-09,-4.809178071147449e-09,2.601545676564286e-09,-1.8387793152379567e-10,7.451436778828095e-10,1.0926250697166789e-10,2.921939066853461e-08,-2.126286416896475e-09,-2.8526588367459593e-09,-3.245950224437827e-09,2.0428518298942076e-08,1.245175011368996e-09,0.9999999958091312,-6.710543277455763e-09,-4.61413988110071e-09,-9.547922970563004e-09,-1.3781016443146807e-09,-9.624166902344236e-10,1.888833287109483e-08,1.0045789098040957e-10,5.6673797269955735e-09,2.903958138645853e-09,3.29448176901237e-08,-4.963506368160494e-09,-3.3916883802673015e-09,-2.904675831143267e-09,1.6959397314616102e-08,1.7282560190210254e-09,-5.451520299740878e-10,-6.284009660224607e-09,1.660655059831126e-08,1.9081849852090372e-10,-6.539270933950282e-10,-7.2072523576094584e-09,9.793162743907989e-09,-2.167538393354135e-09,2.035592996558382e-09,0.2099855325973822,3.241121839269045e-07,2.482430900653633e-07,-6.041438856577285e-10,-6.715238979626522e-09,1.2173740442158696e-08,-1.039815760662112e-09,-4.4659638955707915e-10,-5.224919993054095e-09,2.5156244811438537e-08,3.0785976435011205e-09,-6.743879388188915e-10,-7.32306660833816e-09,8.093697660422223e-09,-2.731900696924964e-09,6.0071709201861136e-15,-8.156216553761389e-16,0.3791108955651899,-3.08282673314391e-13,1.2432996994867782e-13,-1.3598409861375985e-12,False
TAC + ISI,TAC_primary,full_TAC,TAC,ISI,TotEmiss,1,0.0,32.50021056866753,6,0.1666666666666666,11.816238625177114,10.108165246524909,True,8.38129847986551e-09,0.1055174614036128,3,3,LOCALLY_SOLVED,Solve_Succeeded,0.013551666,0.2882514865059106,11928347.183920115,32.50021134771539,10.108174005534174,503.57998877021606,1.592252629154286e-16,1.592252629154286e-16,9.252680205798808e-09,8.38129847986551e-09,0.2878845939714354,8.38129847986551e-09,0.3668925260939644,0.9999999823356052,0.3478862461273829,1.1453781871730036e-06,4.179650411577762e-07,-4.457817381544855e-09,-3.9147735142848215e-09,5.969407149573893e-09,6.107796300444668e-11,-5.779173605148204e-09,-4.732361193675161e-09,3.1761933808424278e-09,-1.44252594267809e-10,2.2491549302758168e-08,0.1379008816667542,2.269267634216341e-07,2.7098850098796247e-08,-5.128267476346953e-09,-4.306502029613426e-09,4.5010707333525694e-09,-3.877059068586035e-11,-4.157128762511893e-09,-3.6725497024620787e-09,7.0354786653526006e-09,1.3365252828553335e-10,-5.760513775515269e-09,-4.7011229215458204e-09,3.173904513773179e-09,-1.4310157241526595e-10,3.832220843071474e-10,-8.541752331815155e-10,2.721077616782794e-08,-1.746828744528894e-09,-3.4631434140486415e-09,-4.35012582627653e-09,1.7955832786339944e-08,1.986564245149176e-09,0.9999999921900729,-3.187728726359439e-09,-2.875235147436249e-10,-9.252680205798808e-09,-1.7514222683163484e-09,-2.484258162134498e-09,2.1169658143808983e-08,2.6328381296717105e-10,1.4965425565760855e-09,-2.666361919545898e-10,3.0764828077597114e-08,-2.810036664001838e-09,-3.418164714161854e-09,-4.040565246797905e-09,1.756858651355509e-08,1.897939080900965e-09,-4.953130423938726e-10,-5.961132396751887e-09,1.8571488909785444e-08,9.074440217803505e-10,-6.421304005720222e-10,-7.206095454005359e-09,9.881490518176442e-09,-2.1431814005503047e-09,2.499061033639795e-09,0.209985433447103,7.05994375089528e-07,4.026114871821156e-07,-5.698074973718835e-10,-6.5576280905477174e-09,1.4003331170430217e-08,-5.760202044756395e-10,-4.6190319583465454e-10,-5.592291592385438e-09,2.1888155847763646e-08,1.9856947059564956e-09,-6.40057086168363e-10,-7.158528085081135e-09,9.874369598405444e-09,-2.12608050445538e-09,1.6744063762598688e-14,-1.9031193393412193e-15,0.3791109026392472,-7.988874655458049e-13,-1.924011235679503e-13,-3.2728247008125002e-12,False
TAC + ISI,TAC_primary,full_TAC,TAC,ISI,TotEmiss,1,0.0,32.50021056866753,7,0.0,10.108165246524909,10.108165246524909,True,8.958115565513269e-09,-9.11767322601587e-09,3,3,LOCALLY_SOLVED,Solve_Succeeded,0.013251542,0.2882514704033408,11928346.676174482,32.500211401330965,10.108165394117304,503.5799877280794,5.126570965080088e-17,7.862554044874225e-24,9.747742673494233e-09,9.11767322601587e-09,0.2878845784002679,8.958115565513269e-09,0.366891994114766,1.0000000066060215,0.3478866180535428,3.943060563116893e-08,-9.106876743575081e-09,-7.558945899742304e-09,-5.3703792781777094e-09,-7.178178795786438e-10,-3.6302853664758726e-10,-7.513759200007572e-09,-5.3308222611902775e-09,-6.342489448105568e-10,-3.513280529262183e-10,-1.2486693729832931e-09,0.1379010035120688,6.223483209126559e-09,2.867215523141295e-09,-7.556296585480717e-09,-5.372681090258014e-09,-6.746774844748268e-10,-3.553623517176441e-10,-6.730575332705556e-09,-4.539206907207979e-09,2.82575290026773e-10,-2.1161736158728579e-10,-7.72556123297728e-09,-5.492255521142575e-09,-8.646721061044971e-10,-3.8477430824638126e-10,-1.659140222625734e-09,1.801115473846569e-08,6.953495260553605e-09,-4.0516130928887436e-09,-1.1063411252129315e-09,1.8388980963028743e-08,7.652537729947853e-09,-4.370272353437753e-09,1.000000004329827,-7.878302806016497e-09,-6.991986383654863e-09,-9.744866418891364e-09,-1.6281009178752482e-09,1.2097648328643689e-08,8.208864007744059e-09,-2.039364630352216e-09,5.259294394934301e-08,1.5554004419323587e-08,1.0704920038484143e-09,-8.780251813868476e-09,-3.3300472895197743e-09,5.240367711224477e-09,7.677007777747878e-09,8.333993896069203e-10,-8.398828777491446e-10,-8.177622991770603e-09,-2.233211180911336e-09,-5.393566830192726e-09,-8.348621333341743e-10,-8.117388443176104e-09,-1.9732189394106216e-09,-5.21973107204667e-09,-1.3874104144258806e-10,0.2099856189842866,1.9361947761727073e-08,4.2598630629527815e-08,-8.395885094978571e-10,-8.181128023801977e-09,-2.0989966183661278e-09,-5.279669225519282e-09,-7.478417036339503e-10,-6.911974154157603e-09,8.791231245277381e-10,-3.144029372153959e-09,-8.58395692553031e-10,-8.363207270830738e-09,-2.6900909967695467e-09,-5.716646865374806e-09,-2.2045016643970756e-14,-1.1562288875891729e-15,0.3791108798064669,-4.716145660118335e-12,-1.6399426055565943e-11,-9.988413254478822e-12,True
TAC + ISI,TAC_primary,full_TAC,TAC,ISI,TotEmiss,2,0.25,55.7378944724023,1,1.0,20.35660551843815,7.890846205118336,True,1.9101810653396923e-09,0.369343122447183,3,1,LOCALLY_SOLVED,Solve_Succeeded,1.465698458,0.225931685551415,9879466.234112415,55.73789464995504,14.377861227506196,503.5799909131173,1.592252629154286e-16,1.592252629154286e-16,8.667644576522936e-09,1.9101810653396923e-09,0.225051028671952,0.250000001910181,0.630656877552817,0.9999999605915793,0.3939375534270794,6.351074038903104e-06,2.2336483263299658e-06,3.5945949794234133e-09,1.1379748135114486e-09,2.2406263407742034e-08,1.2820901955337098e-09,5.476755962407638e-09,2.791816635127758e-09,2.7195591509026097e-08,1.7960364908212247e-09,5.4730206451846166e-08,4.965250372154975e-08,1.7238594368676677e-07,2.079224775783519e-08,4.596096941242758e-09,2.2379792820738893e-09,2.4061109512987847e-08,1.834923966373049e-09,5.47301617915247e-08,0.1561287581526776,1.245409381125412e-06,1.1673714961067538e-07,5.902849192065395e-11,-1.3208865505987935e-09,1.3577324788390848e-08,7.041563969089267e-10,6.1590378661368135e-09,-1.8816627504836094e-09,1.6801804648595764e-08,-6.591200865589422e-09,8.965030469699141e-09,-2.930935952452727e-09,1.0405707183665391e-08,-7.628885792171813e-09,0.8673628401827986,-3.533536828145123e-09,4.706013073943061e-09,-8.667644576522936e-09,7.629043293703138e-09,-2.5712376419499134e-09,1.0749521197719372e-08,-7.040339890031303e-09,0.1326369594382374,6.715282780398105e-05,1.0324241900849852e-07,-3.117206806744348e-09,1.343159853462113e-09,-2.219244080332191e-09,1.7799938332678044e-08,-3.202551512455932e-09,3.9939944215815695e-10,1.7328252842106146e-09,6.970837504630855e-08,1.9048197190786548e-08,6.08528440267515e-10,4.251175330762723e-09,8.460850691697008e-08,2.6683970720772482e-08,6.081134050205127e-09,7.560722157599621e-08,5.363118248032743e-07,3.089133952592656e-07,5.106774379158619e-10,3.407832088612514e-09,7.485678515151775e-08,2.7261727500399585e-08,6.0811290879471875e-09,0.2377415180961228,3.874606963501281e-06,1.7343805085014629e-06,6.558721324517104e-12,-2.011349974775435e-09,4.224056600832708e-08,1.0461752182646912e-08,2.0413826642602383e-14,2.777421037199982e-15,0.2211776598517302,2.066528451003499e-13,0.2712879880750196,4.7057799621720246e-14,True
TAC + ISI,TAC_primary,full_TAC,TAC,ISI,TotEmiss,2,0.25,55.7378944724023,2,0.8333333333333334,18.278978966218183,7.890846205118336,True,6.82608608513012e-08,0.2409694614477977,9,2,LOCALLY_SOLVED,Solve_Succeeded,1.505183125,0.2259322867880396,9879484.98956823,55.73788812750507,14.37828418036633,503.5800212947856,5.126570965080088e-17,1.0253141930160176e-16,8.133473234448108e-09,0.0,0.2250516038503965,0.2499999317391391,0.6306830059039236,0.9999995320269046,0.3939142786937796,7.889653419734589e-05,2.4784923810769336e-05,1.3646732603804308e-08,3.378129272226536e-09,2.9705259001348857e-08,1.8726534621223e-09,1.3636661458762864e-08,3.397204822024161e-09,2.9706769295904394e-08,1.888199440046575e-09,8.172126595360859e-07,6.157329860596902e-07,2.0467877250981507e-06,2.186415685239532e-07,1.3577339638198953e-08,3.424445307869021e-09,2.9565772868609535e-08,1.921216040324231e-09,8.172072665288359e-07,0.1561194203223936,1.670720156117975e-05,1.335083566491163e-06,1.2852639344063197e-08,3.111980803845975e-09,2.858183028507877e-08,1.8359626915994661e-09,1.0150672413528406e-08,-4.597117283299926e-09,6.5726079325244955e-09,-8.129090034758374e-09,1.0142978193021294e-08,-4.612569095905465e-09,6.479663065887555e-09,-8.133473234448108e-09,0.8673579420552814,5.4024164980353135e-08,1.3627254811466128e-07,2.777946302432444e-09,1.0097648414134996e-08,-4.622875470251743e-09,6.333538763764231e-09,-8.127625084672953e-09,0.1326396743339984,6.593648208912196e-05,1.1502604783904782e-06,5.7609167890369343e-08,9.542659920510872e-09,-4.337924639039556e-09,7.580921526699296e-09,-7.929043364173582e-09,1.5163036226449224e-09,5.1439695736176805e-09,9.241636133752976e-08,2.7822280008674172e-08,1.5151846065292062e-09,5.173016433536791e-09,9.242106003170257e-08,2.8053248823549114e-08,9.080140661512063e-08,9.37593410590892e-07,6.36778403363869e-06,3.2483890180701613e-06,1.5085932931332163e-09,5.214496264255101e-09,9.198240448011857e-08,2.8543781170531433e-08,9.080080739209284e-08,0.2377272991272812,5.1977960412559215e-05,1.983552727358299e-05,1.4280710382292434e-09,4.738698042220006e-09,8.892124977580062e-08,2.7277159989477778e-08,2.1968666527411173e-13,3.633095130849515e-14,0.2211782504121228,3.461224152651672e-12,0.2712867794961573,4.902731401485162e-12,False
TAC + ISI,TAC_primary,full_TAC,TAC,ISI,TotEmiss,2,0.25,55.7378944724023,3,0.6666666666666666,16.20135241399821,7.890846205118336,True,1.910180606682062e-09,0.1126480571580517,9,3,LOCALLY_SOLVED,Solve_Succeeded,1.431132042,0.2259316855513841,9879466.23411165,55.737894649954995,14.377861227385983,503.579990913117,4.511382449270478e-17,1.5379712895240266e-16,8.667644514511118e-09,1.910180606682062e-09,0.2250510286719285,0.2500000019101806,0.6306568775453908,0.9999999605915812,0.3939375534309535,6.351069844834552e-06,2.233641257588624e-06,3.594595538641787e-09,1.1379752240841071e-09,2.2406264806014732e-08,1.2820900139140506e-09,5.476756514780768e-09,2.7918170703664687e-09,2.7195592964401194e-08,1.7960361712976795e-09,5.473020700992894e-08,4.9652503574547185e-08,1.723859430625336e-07,2.079223704542959e-08,4.5960975006666736e-09,2.237979725747804e-09,2.406111087493063e-08,1.8349236753716703e-09,5.47301624915668e-08,0.1561287581542227,1.2454083556800956e-06,1.1673671539721203e-07,5.902896658535965e-11,-1.3208862338331516e-09,1.3577325772081522e-08,7.041563446167668e-10,6.159038625946072e-09,-1.8816627166822195e-09,1.6801804187683834e-08,-6.591201094013875e-09,8.965031256258414e-09,-2.930935975686558e-09,1.0405706847321936e-08,-7.628885894019684e-09,0.8673628401829255,-3.533536865993861e-09,4.706013014053389e-09,-8.667644514511118e-09,7.629044073309323e-09,-2.571237648950875e-09,1.0749520885045524e-08,-7.040340021361265e-09,0.1326369594381056,6.71528277764322e-05,1.032424228255295e-07,-3.11720610775863e-09,1.3431604414383106e-09,-2.219243849029839e-09,1.7799938528018092e-08,-3.202551909773676e-09,3.9939950429353177e-10,1.732825909400799e-09,6.970837939649029e-08,1.9048194492437323e-08,6.085285016423071e-10,4.251175993512577e-09,8.46085114448037e-08,2.6683965973565523e-08,6.081134112214323e-09,7.560722135215138e-08,5.363118228612157e-07,3.089132361035253e-07,5.106775000740746e-10,3.407832764206884e-09,7.485678938867308e-08,2.7261723176950527e-08,6.081129165729641e-09,0.2377415180984755,3.8746037732269635e-06,1.7343740573300069e-06,6.558774065039959e-12,-2.0113494924277533e-09,4.2240569068698064e-08,1.046175140573482e-08,2.0413826567591562e-14,2.7774211521317825e-15,0.2211776598517363,2.0665283558795829e-13,0.2712879880749891,4.7057797652009614e-14,True
TAC + ISI,TAC_primary,full_TAC,TAC,ISI,TotEmiss,2,0.25,55.7378944724023,4,0.5,14.123725861778244,7.890846205118336,False,0.0148276651130762,-6.8303814783032e-09,3,3,LOCALLY_SOLVED,Solve_Succeeded,0.20338125,0.2304711725619528,10028485.550140882,54.3596520926899,14.12372597234509,503.5799883946213,9.022764898540956e-17,1.0253141930160176e-16,9.446156931673652e-09,6.8303814783032e-09,0.2296210428181804,0.2351723348869237,0.6149574088855455,0.9999999997663565,0.3912151375709268,4.684360017761513e-07,-6.164411162780539e-09,5.547186232888766e-09,1.6272278068263435e-08,1.6477947504746497e-08,2.542709990241525e-10,5.495181214087412e-09,1.6622267159339514e-08,1.7035537463874112e-08,3.3579464063991667e-10,1.3580129205474422e-08,2.7976681140808346e-08,2.414588877173617e-08,9.03102539886048e-10,5.169465634470491e-09,1.6036348902854854e-08,1.7862053838864928e-08,5.842214853148255e-10,1.3580119232273985e-08,0.1550761954212973,2.627530938640491e-08,5.110462709486792e-10,4.922026248388266e-09,1.4763816535824651e-08,1.7253751335661462e-08,5.552667433335984e-10,3.400754462841728e-08,-6.790974270787166e-09,-3.436066851669626e-09,-9.381880390275786e-09,3.3582574197466713e-08,-7.1405846986641836e-09,-3.9898238020538e-09,-9.414286478647209e-09,0.9040865193758004,-7.65326248667749e-09,-4.677782588078733e-09,-9.446156931673652e-09,3.103993886751524e-08,-7.054051334877631e-09,-3.682787849216045e-09,-9.312198397000982e-09,0.0959132988647338,-6.478606680768632e-09,-3.2277277101859782e-09,-9.385193265459677e-09,2.9235644593181286e-08,-6.113604839868434e-09,-1.9795946612733542e-09,-9.074838183343441e-09,6.163540258765293e-10,2.4778241603946594e-08,5.126472557032242e-08,3.777740556930265e-09,6.105756904541566e-10,2.5311179538085172e-08,5.2999449887608345e-08,4.988948946650191e-09,1.5089032450527126e-09,4.2600855373503614e-08,7.512054284540141e-08,1.3417523449735573e-08,5.743850704967208e-10,2.4418985829347164e-08,5.5570834165357555e-08,8.679862067534552e-09,1.508902136919331e-09,0.2361387521187936,8.174540697992642e-08,7.592687454094664e-09,5.468918053764736e-10,2.2481266088642084e-08,5.367833748872452e-08,8.249677329527746e-09,7.694853112206641e-15,3.783163620305952e-15,0.2305420688371746,-9.183426805946909e-14,0.2551522548930668,-1.1830563822311124e-13,True
TAC + ISI,TAC_primary,full_TAC,TAC,ISI,TotEmiss,2,0.25,55.7378944724023,5,0.3333333333333333,12.046099309558274,7.890846205118336,False,0.1365241861395441,4.10799096096734e-10,3,3,LOCALLY_SOLVED,Solve_Succeeded,0.288414958,0.2644370961471767,11144202.029943896,43.0478709415008,12.04609930290846,503.5799905769551,1.804552979708191e-16,1.5379712895240266e-16,8.850557062751404e-09,0.0,0.2638370104643202,0.1134758138604558,0.4866098689960863,0.9999999761184072,0.3687934303447821,1.2119390787025737e-06,9.073525028742552e-09,1.5010526820580015e-08,8.52040723702765e-09,2.910413372045886e-08,3.8020502045515015e-10,1.4954546213116042e-08,8.7896654573357e-09,2.91266170600382e-08,4.1321434947736615e-10,9.364931539891333e-08,0.0582303400384294,7.278119391567372e-08,1.142116461580201e-09,1.4295752035588248e-08,8.951163052309323e-09,2.8395252124710197e-08,4.913336192050913e-10,7.94380443421681e-08,0.087958021325679,1.0281042599069137e-07,9.341465699125996e-10,1.3598170061748184e-08,8.272202587423149e-09,2.7436289318603474e-08,4.717406040859391e-10,1.977145965050429e-08,-5.1978310064137975e-09,1.9105666984496395e-09,-8.838603757951003e-09,1.9687694342618626e-08,-5.343139682064003e-09,1.440905771639691e-09,-8.850557062751404e-09,0.9999987960055956,-1.45309009736592e-09,5.462156445622489e-09,-8.296844590625802e-09,1.8710243248180804e-08,-5.278769615999918e-09,1.3809654883444876e-09,-8.749051748779841e-09,8.476447616353982e-07,-9.439243372448155e-10,8.176894439020742e-09,-8.413737029250474e-09,1.7691591745181192e-08,-4.725456224092563e-09,2.768173324329314e-09,-8.554250116686731e-09,1.667836313397779e-09,1.2974256474564833e-08,9.054619379698313e-08,5.648760303905088e-09,1.6616162459017814e-09,1.3384263310033906e-08,9.061614196456329e-08,6.139184620806583e-09,1.0405479488768145e-08,0.0886689268766994,2.264303810709849e-07,1.6968587429191557e-08,1.588416892843138e-09,1.3630180102380104e-08,8.834078438798727e-08,7.2998137710470716e-09,8.826449371352007e-09,0.1339360779277385,3.1985465863770644e-07,1.387874903870148e-08,1.5109077846386863e-09,1.2596308485394341e-08,8.535734454676636e-08,7.008717546419669e-09,2.2044114169893083e-14,5.592430169856471e-15,0.3074070263795207,1.6476420784787058e-13,0.1231416170093739,2.720561119423509e-13,True
TAC + ISI,TAC_primary,full_TAC,TAC,ISI,TotEmiss,2,0.25,55.7378944724023,6,0.1666666666666666,9.968472757338304,7.890846205118336,False,0.2153360120197968,-9.670330611202146e-09,3,3,LOCALLY_SOLVED,Solve_Succeeded,0.073086041,0.4246377094562774,16374789.02644268,35.72225375077482,9.968472913876846,503.579987587718,1.592252629154286e-16,1.592252629154286e-16,9.859233525259524e-09,9.670330611202146e-09,0.4242447831218683,0.0346639879802031,0.3582623464289373,1.0000000088663636,0.3542731871202282,1.8949670333334516e-10,-9.66929532384356e-09,-7.779380917728833e-09,1.6348998840743012e-08,1.4542687526628112e-09,3.6848981217492896e-10,-7.688673003687305e-09,0.0167808773673569,2.0540495392625982e-09,7.484227679802705e-10,-7.662073952416905e-09,0.1236516779618587,2.100507442878188e-09,8.856628642269782e-10,-7.763031843509273e-09,2.0413552334076458e-08,1.7022338079311274e-09,5.902235509999608e-10,-7.759674896762404e-09,2.2825884612111742e-08,1.6105918857929855e-09,4.4223533562014637e-10,-8.039620089951224e-09,-1.609114828949394e-09,4.97915850997236e-10,2.4397659906414547e-11,3.904295030959412e-08,1.3699799848722944e-09,-5.701245370822911e-09,-9.648256759404474e-09,3.598347951176898e-07,-5.5464711627181395e-09,-6.598606854700569e-09,-9.719799092871444e-09,0.9999995600326844,-8.838469068021224e-09,-8.197645885675903e-09,-9.843296237912718e-09,4.849104420066342e-08,-5.667672084384506e-09,-6.47618771629511e-09,-9.703323918898135e-09,5.0878003843533535e-08,-7.83948638996453e-09,-7.411986265318455e-09,-9.780229754813922e-09,2.467390736937189e-09,3.006853848524828e-08,-4.149718908567372e-09,-9.488239701495097e-09,-8.643756575254255e-10,2.489506641658594e-08,4.524391674950969e-09,5.474705780884658e-09,-8.542970004097002e-10,0.0255526996275663,6.390376344372526e-09,1.1119423981421164e-08,-8.513415502685447e-10,0.1882877823510121,6.534912044509918e-09,1.3158419697086532e-08,-8.625590937232522e-10,3.10842728723437e-08,5.295838513563508e-09,8.769035614856561e-09,-8.621860996402666e-10,3.4757597022988335e-08,5.010730311355955e-09,6.5703535577850315e-09,-8.932911211056911e-10,-2.4502430349911227e-09,1.5490715364358454e-09,3.6247951860958746e-10,-5.879561040994618e-14,0.01510285118662,0.3662863644072634,-8.703629286376407e-12,-3.4022270761962825e-11,-1.1614815490384864e-11,True
TAC + ISI,TAC_primary,full_TAC,TAC,ISI,TotEmiss,2,0.25,55.7378944724023,7,0.0,7.890846205118336,7.890846205118336,True,6.897921196096863e-09,-9.243155185362821e-09,3,3,LOCALLY_SOLVED,Solve_Succeeded,0.01221325,0.839952621341898,29914567.933259085,55.73789511356915,7.890846354741973,503.57998775765714,1.592252629154286e-16,1.592252629154286e-16,9.724248703090502e-09,9.243155185362821e-09,0.8394727065216465,0.2500000068979212,0.2299148133534834,1.0000000075437798,0.3614468417183089,3.7933296807664624e-08,-9.231772784021694e-09,-7.0310198045590075e-09,-3.405498204420215e-09,5.645329200621694e-10,-9.883853597029655e-11,-6.3563040408701504e-09,2.04055727081902e-10,1.7502054435705347e-09,2.3097890969908223e-10,-5.116858553649479e-09,0.0260411317440411,4.171125830060539e-09,1.9137242793695696e-09,-6.554478461111222e-09,-1.685597584519451e-09,1.4227796796899607e-09,1.6255473108313477e-10,-5.910876130838532e-09,6.473601491922311e-09,2.58891126045524e-09,5.310673375610666e-10,-7.638949139424781e-09,-4.877442304827833e-09,-3.6040351766692584e-10,-2.773554107870557e-10,-5.619995529089937e-10,2.8905837885432543e-08,6.232192264064827e-10,-8.626683771285911e-09,1.2994826067246969e-08,0.2957521148005532,-2.4826898276271544e-10,-8.977225303087533e-09,0.9999999720449212,-7.862800656015536e-09,-6.842117985735781e-09,-9.711725295037065e-09,6.862936932364092e-09,2.4605219336483992e-08,1.692826852872439e-10,-8.810326441044708e-09,6.391382614333791e-08,1.3347918457842695e-09,-3.285075598146691e-09,-9.370009697594314e-09,-4.812412980060291e-09,1.497332576892444e-08,5.841300818355387e-09,-2.778170206837966e-09,-7.812244227287781e-10,-5.185644993094418e-09,1.756324640193416e-09,-1.4684582487015487e-09,-7.062560045411273e-10,3.1072122078380527e-10,5.445083602219441e-09,3.431686658386364e-09,-5.685398392943864e-10,0.0396535415193353,1.29768359157439e-08,2.8432475007776466e-08,-7.282753845679132e-10,-2.5667054127909832e-09,4.426425670146544e-09,2.415098861806574e-09,-6.567640145376143e-10,9.857529544518063e-09,8.05439058808297e-09,7.890143300907274e-09,-8.48772126602753e-10,-7.427014418715108e-09,-1.1212553882971026e-09,-4.120708960264827e-09,-2.0769197706287577e-14,0.2661768842217087,0.2784369832157172,-4.2194616267786496e-12,-1.5952595822471143e-11,-6.2167085466320296e-12,True
TAC + ISI,TAC_primary,full_TAC,TAC,ISI,TotEmiss,3,0.5,78.97557837613707,2,0.8333333333333334,18.042509160393465,6.4720273701700295,False,0.0351197034369947,-6.004508948110531e-09,3,3,LOCALLY_SOLVED,Solve_Succeeded,0.088630542,0.1423261976818189,7138864.207050834,75.7111761070899,18.042509257591497,503.5799890379152,1.592252629154286e-16,1.592252629154286e-16,9.178288642251668e-09,6.004508948110531e-09,0.1410042730791331,0.4648802965630051,0.8570443061228117,0.999999993354198,0.433536906850834,7.335633448917669e-07,-3.158101805443287e-09,1.0271025009132656e-08,1.2444620271549091e-08,2.273807159546883e-08,3.440753995199064e-10,1.0305351138452698e-08,1.2843171650686213e-08,2.3045606502500913e-08,3.7903582946314815e-10,3.2215138078111604e-08,5.1860382139429946e-08,4.1752485101863125e-08,8.909178784532064e-10,9.930553238526309e-09,1.2752910042059202e-08,2.3021398766330003e-08,4.5900108612010325e-10,3.2215142770525715e-08,0.1718523793112781,4.644136090226467e-08,7.220068260013276e-10,9.405442606500952e-09,1.1652332537466938e-08,2.2237058756569082e-08,4.384629872784605e-10,2.6451129226269487e-08,-5.868043481410341e-09,-9.01039956896712e-10,-9.132535720726e-09,2.6566835349656937e-08,-6.178317199507968e-09,-1.5289060352015019e-09,-9.178288642251668e-09,0.3356540006737246,-6.074030219800794e-09,-1.2286627596396374e-09,-9.13057629031622e-09,2.5322338433051327e-08,-6.090309666640908e-09,-1.3421622250460482e-09,-9.107629010516972e-09,0.6643457747579528,-4.087662668804929e-09,1.2731945025731486e-09,-8.99268276664743e-09,2.364593656398904e-08,-5.214009899408469e-09,4.318857965472398e-10,-8.890460911958267e-09,1.1412250010147391e-09,1.8949762686222476e-08,7.074066718590301e-08,5.111977364295751e-09,1.1450390153836326e-09,1.955664774081764e-08,7.169744245222505e-08,5.6313894663096295e-09,3.579459786456844e-09,7.896921825776833e-08,1.2989662031690746e-07,1.3236494194161924e-08,1.1033948042807003e-09,1.9419203927681057e-08,7.16221294952489e-08,6.819444708070105e-09,3.579460307836188e-09,0.2616843048603552,1.4448423391815673e-07,1.0726958557734008e-08,1.0450491785001055e-09,1.774332454568829e-08,6.91819605759927e-08,6.514307239565697e-09,2.1269838638232334e-14,7.524699090909019e-15,0.0855918109800448,-3.3186813636219016e-14,0.5041171517488026,-7.804426076061901e-15,True
TAC + ISI,TAC_primary,full_TAC,TAC,ISI,TotEmiss,3,0.5,78.97557837613707,3,0.6666666666666666,15.728412802348778,6.4720273701700295,False,0.1707654382984089,-7.317453546768049e-09,3,3,LOCALLY_SOLVED,Solve_Succeeded,0.105102417,0.199619556687347,9016174.406213349,63.102805268692464,15.728412920800109,503.5799882508724,1.592252629154286e-16,1.592252629154286e-16,9.530217993521113e-09,7.317453546768049e-09,0.1985762335180913,0.329234561701591,0.7140886075540592,1.000000001337674,0.4085453460859092,3.937672106749261e-07,-6.855473811160482e-09,3.812787776387927e-09,1.7570212557296923e-08,1.4256459197519477e-08,2.530830610566714e-10,3.789552932109288e-09,1.7856094708580288e-08,1.4808774106217251e-08,3.3651590522918336e-10,9.497084370974991e-09,2.8482586707695542e-08,2.0474978200184163e-08,8.859295358562652e-10,3.579658891428065e-09,1.7140641383771817e-08,1.577094339645754e-08,5.942813050412684e-10,9.497083158738012e-09,0.1619458231142014,2.135282658504148e-08,4.9421526462931e-10,3.400774529639586e-09,1.5879892894907712e-08,1.5295340000084334e-08,5.674372929057743e-10,3.6049168504914515e-08,-7.067818385068071e-09,-4.1345208673709126e-09,-9.448175343517012e-09,3.578639606965907e-08,-7.415409725826409e-09,-4.655614254369811e-09,-9.482745245176242e-09,0.6713213377414162,-7.942994481840499e-09,-5.3820819403143415e-09,-9.530217993521113e-09,3.3505954942645663e-08,-7.328552344420811e-09,-4.340667762790251e-09,-9.39859385134426e-09,0.3286784892609549,-6.970222290925085e-09,-4.191971203698921e-09,-9.470438413623268e-09,3.16860703655523e-08,-6.390068245098921e-09,-2.6940327369359822e-09,-9.181349033085797e-09,4.2364308626532504e-10,2.6754641848611223e-08,4.435342861450504e-08,3.760091192841974e-09,4.2106143690103183e-10,2.7189962397156347e-08,4.6071741663786995e-08,4.999664877690724e-09,1.0552315967749983e-09,4.33712115776273e-08,6.369993217835071e-08,1.3162381675578798e-08,3.9773987682534047e-10,2.6100522107107084e-08,4.9065157233423464e-08,8.829322246327418e-09,1.0552314620820008e-09,0.2465993215602612,6.643101604235126e-08,7.342626788778321e-09,3.778638366266205e-10,2.418074599906401e-08,4.758550222248459e-08,8.430496923171504e-09,7.611511568183764e-15,4.238664070907274e-15,0.1711869451791173,-1.3026118281955557e-13,0.3570999205474156,-1.72330249707236e-13,True
TAC + ISI,TAC_primary,full_TAC,TAC,ISI,TotEmiss,3,0.5,78.97557837613707,4,0.5,13.414316444304092,6.4720273701700295,False,0.3064083413450156,-1.005088232717807e-09,3,3,LOCALLY_SOLVED,Solve_Succeeded,0.287387791,0.242660337831231,10428735.535135828,50.49469764956451,13.414316460573964,503.5799901926891,1.592252629154286e-16,1.592252629154286e-16,8.905362791927467e-09,1.005088232717807e-09,0.241895613271216,0.1935916586549842,0.5711329013599967,0.9999999814023172,0.383554133092308,1.1144465355647057e-06,5.200312511845353e-09,1.3958007454918184e-08,9.279181776502788e-09,2.8247588145019333e-08,3.619710826722807e-10,1.3943003254005744e-08,9.573356021658194e-09,2.8342761330448816e-08,3.9477085267191677e-10,7.809809516522288e-08,0.0019810746022345,6.872878040130534e-08,1.0845400981930067e-09,1.336129382057178e-08,9.675848527423884e-09,2.7721781444697344e-08,4.711471261351642e-10,6.331499566384086e-08,0.1500583740187541,8.72525028259902e-08,8.583351527400533e-10,1.2675247516527124e-08,8.899384445333433e-09,2.6741538914130173e-08,4.5111173253327414e-10,2.0363160976671025e-08,-5.250545157671561e-09,1.5044290140027544e-09,-8.884968036532172e-09,2.0337787611696782e-08,-5.432812323027736e-09,9.854811587223627e-10,-8.905362791927467e-09,0.9999991206621704,-2.3984082567650235e-09,4.194152435138157e-09,-8.475429002248622e-09,1.9363116592914308e-08,-5.366911072940661e-09,9.79375190541221e-10,-8.808432262440264e-09,5.653840484338341e-07,-1.7017306363263966e-09,6.494786798960039e-09,-8.554777465446285e-09,1.8235763280279383e-08,-4.743927502840156e-09,2.4779483807996532e-09,-8.603323785127301e-09,1.5508897172131311e-09,1.41296631596747e-08,8.788138534006014e-08,5.377856085416741e-09,1.5492225837784151e-09,1.4577610305706797e-08,8.817747969472963e-08,5.865166953982762e-09,8.677566129469205e-09,0.0030166363261298,2.1382287235961658e-07,1.611316717315324e-08,1.4845882022857523e-09,1.4733678439486366e-08,8.624554227239172e-08,6.9999001597224405e-09,7.0349995182045384e-09,0.2284979786194664,2.714522310141917e-07,1.2752407983566509e-08,1.4083608351696802e-09,1.3551335405394089e-08,8.319589884396052e-08,6.702231454780073e-09,2.1841101721534308e-14,5.8347285456972405e-15,0.2567827633637862,1.3006711947708625e-13,0.2100819828912949,2.229359160063713e-13,True
TAC + ISI,TAC_primary,full_TAC,TAC,ISI,TotEmiss,3,0.5,78.97557837613707,5,0.3333333333333333,11.100220086259403,6.4720273701700295,False,0.4419100700173681,1.6406284456043811e-09,3,3,LOCALLY_SOLVED,Solve_Succeeded,0.23704925,0.2777990161681677,11583619.782531612,37.899712292373465,11.10022005970172,503.5799908595265,8.120488408686858e-17,2.516017294359752e-22,8.819830787328693e-09,0.0,0.2773127490393525,0.0580899299826318,0.4281771988325829,0.9999999721197206,0.3585890206958645,1.30084635941534e-06,1.2888803568810841e-08,1.5513192483296078e-08,8.135821813775848e-09,2.982031872193311e-08,3.9895866489529955e-10,1.5432446770164498e-08,8.387195747552799e-09,2.9786654562958547e-08,4.3246025387606806e-10,1.075755727961485e-07,0.0971166812198485,7.765261239823919e-08,1.2152470491431395e-09,1.4745120451642576e-08,8.575325458298614e-09,2.8969967141619234e-08,5.127876341012192e-10,9.095730792122264e-08,0.0450266899885001,1.1635945750229148e-07,9.996332274457487e-10,1.4056877027235594e-08,7.955399591396679e-09,2.802917858409781e-08,4.93451042148517e-10,1.9122659172964736e-08,-5.18546955563604e-09,2.1244682747149334e-09,-8.813554761797253e-09,1.9011387133700533e-08,-5.307879145677284e-09,1.6889130500482603e-09,-8.819830787328693e-09,0.9999987093598144,-8.665661233363636e-10,6.348875085015922e-09,-8.166149925188268e-09,1.807126338308383e-08,-5.245619734936689e-09,1.5922104979413702e-09,-8.716244387942319e-09,9.024339809015465e-07,-5.31223675716405e-10,9.205929133608405e-09,-8.327168075369461e-09,1.7142263100284876e-08,-4.737653115140731e-09,2.900075628216352e-09,-8.529920457664458e-09,1.7236880536995635e-09,1.2388637761885949e-08,9.277432491268077e-08,5.92738587844445e-09,1.7147163077960545e-09,1.2771411706500852e-08,9.26695919736488e-08,6.42512377187301e-09,1.1952841421794269e-08,0.1478822191302239,2.4158590523896637e-07,1.805509901584093e-08,1.6383467168491742e-09,1.3057881947863798e-08,9.012878666281538e-08,7.618559135218115e-09,1.0106367546802514e-08,0.0685633688461252,3.620072011182402e-07,1.4851693664908265e-08,1.5618752252483987e-09,1.2113903923263126e-08,8.720188892830428e-08,7.331272626206539e-09,2.2234059134912107e-14,5.465731423879918e-15,0.3424047175670494,1.908465058575687e-13,0.0630377870592371,3.086514381610456e-13,True
TAC + ISI,TAC_primary,full_TAC,TAC,ISI,TotEmiss,3,0.5,78.97557837613707,6,0.1666666666666666,8.786123728214717,6.4720273701700295,False,0.1719431532906882,-8.703424021149274e-09,3,3,LOCALLY_SOLVED,Solve_Succeeded,0.217357583,0.670559436216199,24386635.3006992,62.99333579381536,8.786123869101452,503.57998805219785,9.022764898540956e-17,5.126570965080088e-17,9.491332560247012e-09,8.703424021149274e-09,0.6699461578601947,0.3280568467093117,0.2852215092949382,1.0000000055654672,0.4083284005973468,1.4975486209192246e-07,-8.624121723606136e-09,-1.9457123717094836e-09,1.6825142206222892e-08,5.911511173424972e-09,3.235741587854376e-10,-5.995075725209052e-10,0.1588144815397574,7.880322438059942e-09,6.43821241634179e-10,-5.934348409195894e-11,0.0030453685710042,8.066758624367344e-09,7.770685580233608e-10,-1.891317219621535e-09,1.7346527435223966e-08,6.284589364623552e-09,4.6204679867856474e-10,-1.835953906130665e-09,1.9134619485411067e-08,6.1014182810423e-09,3.4881296752368455e-10,-2.203405189390548e-09,1.1877720671398976e-08,5.834132546594966e-09,3.9167365808919456e-10,3.670245943558504e-08,-3.6558546206983942e-09,-2.2236887428142446e-09,-9.218174647862356e-09,2.78927632586596e-07,-1.924872845020471e-09,-1.7576881191751143e-09,-9.194254735663314e-09,0.9999995909822836,-6.666007464849014e-09,-4.791222546236517e-09,-9.491332560247012e-09,3.860915241607796e-08,-4.930303029954915e-09,-2.85174390702073e-09,-9.254763561928688e-09,4.0687264882438366e-08,-6.107770235916888e-09,-4.097985682376786e-09,-9.423115829491568e-09,2.9140274096346685e-08,1.206708758242313e-09,7.090688850809843e-10,-8.77343888605901e-09,-2.1619026352327586e-10,2.5620102904930306e-08,1.8391368095099913e-08,4.807387501955073e-09,-6.661195250232278e-11,0.2418311423446306,2.4516558696186486e-08,9.565344161422088e-09,-6.5937204546621036e-12,0.0046372657785746,2.5096582386920626e-08,1.1545018576347076e-08,-2.1014635773572603e-10,2.6414030412727405e-08,1.9552055801051052e-08,6.8646952946529625e-09,-2.039948784589627e-10,2.913680694369413e-08,1.898219020768715e-08,5.182364088923314e-09,-2.448227988211719e-10,1.808652920417571e-08,1.815063458940656e-08,5.819151491610891e-09,3.112668639401303e-15,0.1429330834478865,0.2577407010083257,-1.894679282328747e-12,-6.048805922130629e-12,-2.5706666533539642e-12,True
TAC + ISI,TAC_primary,full_TAC,TAC,ISI,TotEmiss,3,0.5,78.97557837613707,7,0.0,6.4720273701700295,6.4720273701700295,True,5.29734228714735e-09,-9.069223943331364e-09,3,3,LOCALLY_SOLVED,Solve_Succeeded,0.139440708,0.9513578409351152,33541982.56725059,78.97557886852893,6.472027516978153,503.5799878729405,3.1845052583085723e-16,3.1845052583085723e-16,9.658130014238198e-09,9.069223943331364e-09,0.9507155751200388,0.5000000052973422,0.1422658097790409,1.0000000064936063,0.3964424307757634,5.5885937103720155e-08,-9.063647539381372e-09,-5.427198045187943e-09,-2.400940116179768e-09,1.5491170660707071e-09,1.3900272886977554e-10,-4.194859167868219e-09,1.8137812810673354e-09,2.8806010352932222e-09,6.599809180196094e-10,-4.194859022987541e-09,2.360427097576858e-09,2.936198034633726e-09,7.810654428784013e-10,-4.835998619209528e-09,-8.281326269620828e-10,2.308652912876791e-09,4.712490974436028e-10,-4.478288960603715e-09,5.815349420045306e-10,2.6050627778466446e-09,5.040480303388506e-10,-6.437817204914985e-09,-4.2346539123012255e-09,4.955931357675378e-10,-1.1115170330994032e-10,1.1462445043402329e-08,2.164607011168839e-08,2.4310158993208252e-09,-8.309324976215506e-09,0.2815813669616299,0.3964424021562419,2.222192951973655e-09,-8.611525393323136e-09,0.7184185225625882,-7.963104091966493e-09,-6.519430287382499e-09,-9.658130014238198e-09,3.656596135166112e-08,1.2621128378172102e-08,1.3739018138598487e-09,-8.54440786714594e-09,1.02602453452147e-07,-4.201249541451814e-09,-3.330513222740962e-09,-9.316363074749632e-09,-8.070040767961446e-10,1.3348180034211346e-08,7.188400658458242e-09,-3.381837796662269e-09,-6.030220050208823e-10,-3.6559769950919204e-09,4.819475316664422e-09,2.0651834003509503e-09,-4.660954630964685e-10,2.761894223443442e-09,8.961869887578915e-09,9.805430782005625e-09,-4.660954469986154e-10,3.5942867167647612e-09,9.134838329971593e-09,1.160440086562196e-08,-5.373331799121697e-10,-1.2610201365104443e-09,7.182475728950016e-09,7.0014151620192405e-09,-4.975876622893015e-10,8.855191162341716e-10,8.104639753300673e-09,7.488713593605778e-09,-7.153130227683312e-10,-6.44822300282232e-09,1.5418453112767843e-09,-1.6513967348905416e-09,-1.3311706178088108e-14,0.4286013930742785,0.1831966943966953,-3.348236802182103e-12,-1.2177490540890687e-11,-4.848616618649363e-12,True
TAC + ISI,TAC_primary,full_TAC,TAC,ISI,TotEmiss,4,0.75,102.21326227987186,1,1.0,20.35660551843815,5.295506956828319,False,0.1494783862583023,3.3306811103261666e-06,3,3,LOCALLY_SOLVED,Solve_Succeeded,0.043124042,0.0016005209237941,2540987.8623649585,88.31913631862865,20.356551603015166,503.58002439541593,1.592252629154286e-16,1.592252629154286e-16,8.352676388412301e-09,0.0,2.640733603755509e-09,0.6005216137416978,0.9999966693188894,0.9999990783810496,0.4585278712023086,2.9137162558051187e-06,9.61661525495552e-07,1.5331500799777063e-08,3.693039018682722e-09,3.115585750141084e-08,1.932344028019718e-09,1.4189789982504122e-08,3.7237784895154023e-09,2.899812382678149e-08,2.209798661913519e-09,1.1931941909391281e-08,3.850845975929817e-09,2.5080352874746833e-08,3.018274974835779e-09,1.1877974781203736e-08,3.816181618609029e-09,2.499989872545749e-08,2.998569290169176e-09,3.7378478621738033e-06,0.1817587561448497,5.455536123656887e-07,4.9985407254713674e-08,1.1755857740704773e-08,3.738378976069266e-09,2.4820745230576876e-08,2.9547407681118767e-09,1.0725346368699646e-08,-5.035050581236099e-09,4.896025548605451e-09,-8.352676388412301e-09,9.913437390707724e-09,-4.925906380538001e-09,4.529829081056397e-09,-8.184060820363514e-09,8.28628687106603e-09,-4.99198824317205e-09,2.8492501465124112e-09,-7.95813342972392e-09,8.247024214930564e-09,-4.958800137395811e-09,2.946351172973751e-09,-7.930084592927711e-09,0.999994807567588,7.733301720477031e-08,9.727556612000373e-08,1.3811356014618102e-09,8.158114004305316e-09,-4.885899415337644e-09,3.1616949123561787e-09,-7.866652379021555e-09,1.703500088864117e-09,5.623491232994145e-09,9.692933444883373e-08,2.870911127343581e-08,1.576643331389346e-09,5.670299063580271e-09,9.021638523887573e-08,3.2831294405572285e-08,1.325771323265697e-09,5.863788190620404e-09,7.802776449921233e-08,4.4842942483274424e-08,1.3197749756893035e-09,5.811003828336475e-09,7.77774627014233e-08,4.4550172311084894e-08,4.1531642913042243e-07,0.2767690150387484,1.697277905137698e-06,7.426403363557459e-07,1.3062064156338634e-09,5.692531622650928e-09,7.722009627290581e-08,4.3899005697662154e-08,8.468601458957232e-15,1.4892327051766408e-15,1.782638122383751e-14,1.423150422264475e-13,0.6511289370733846,2.153313736942297e-13,False
TAC + ISI,TAC_primary,full_TAC,TAC,ISI,TotEmiss,4,0.75,102.21326227987186,2,0.8333333333333334,17.84642242483651,5.295506956828319,False,0.2966136757357929,-9.079774593227444e-09,3,3,LOCALLY_SOLVED,Solve_Succeeded,0.080668292,0.1481065891324848,7328121.376901923,74.6428029267789,17.846422571815424,503.5799880256288,1.804552979708191e-16,1.592252629154286e-16,9.661256565511676e-09,9.079774593227444e-09,0.146808271960254,0.4533863242642072,0.8449308479666068,1.000000003704573,0.4314193149012871,2.651062778759392e-07,-7.826774799102883e-09,7.305768012861158e-10,1.983117421870254e-08,1.0286103180007849e-08,2.5111096711105465e-10,7.308330316988516e-10,1.9996009705159593e-08,1.0755225938771241e-08,3.3812504588783027e-10,3.5883905889095483e-09,2.9195403018440685e-08,1.4237401190190276e-08,8.586724346152867e-10,6.519461248112924e-10,1.9118454380536535e-08,1.1728278824484542e-08,6.139533775708768e-10,3.5883910094467704e-09,0.1710129741294543,1.4097023356664249e-08,4.698671617089949e-10,5.675731088425582e-10,1.7973360656706097e-08,1.1469876553993926e-08,5.922182140460288e-10,4.016064573690797e-08,-7.626010785560499e-09,-5.4099382992701325e-09,-9.568758343657491e-09,4.016632204225368e-08,-7.94307961759708e-09,-5.854893681446489e-09,-9.6032158975339e-09,0.3640969814903752,-8.436562996482761e-09,-6.559372117913535e-09,-9.661256565511676e-09,3.8465035050626996e-08,-7.860601191720453e-09,-5.570182014331415e-09,-9.54766747717224e-09,0.6359028557254766,-7.766562703301616e-09,-5.730042229525688e-09,-9.608179664077612e-09,3.6743706588644865e-08,-6.990169450900126e-09,-4.128697629589814e-09,-9.37457389462824e-09,8.117520014290174e-11,3.0197469833024316e-08,3.200120989335774e-08,3.73079151136424e-09,8.120367018876125e-11,3.0448469323765734e-08,3.3460702920621636e-08,5.0235721103334795e-09,3.9871006543439404e-10,4.4456636414443773e-08,4.429413703614752e-08,1.2757419028569972e-08,7.24384583123658e-11,2.9112191897635186e-08,3.6487978565063026e-08,9.121593038195884e-09,3.98710112160752e-10,0.2604061196971237,4.385740599851099e-08,6.980883545390781e-09,6.306367876028422e-11,2.7368526454529738e-08,3.5684060390203326e-08,8.798670608683857e-09,7.490868411345369e-15,5.4176164031466404e-15,0.0928447305250987,-2.2034450189873786e-13,0.4916595893587345,-2.9835653765744353e-13,True
TAC + ISI,TAC_primary,full_TAC,TAC,ISI,TotEmiss,4,0.75,102.21326227987186,3,0.6666666666666666,15.336239331234871,5.295506956828319,False,0.443753637705564,-2.2706348771599575e-09,3,3,LOCALLY_SOLVED,Solve_Succeeded,0.167446666,0.2076486988482896,9279528.785549708,60.966035223334515,15.33623936799079,503.5799898272022,1.592252629154286e-16,1.592252629154286e-16,8.974960583407836e-09,2.2706348771599575e-09,0.2066525908059509,0.3062463622944361,0.6898616800442995,0.9999999850474396,0.4043098605511451,9.938698191614869e-07,2.0460589177156953e-09,1.3302478925310212e-08,9.93059669760176e-09,2.6935824920285e-08,3.5335130834889427e-10,1.3305107047137911e-08,1.0257820420756224e-08,2.7106578330368267e-08,3.8656700629505427e-10,5.861260497916826e-08,5.0487944273629934e-08,5.8425886229713793e-08,9.935063460371674e-10,1.2750199505046314e-08,1.0325298909051152e-08,2.6643972867422947e-08,4.6301161525293135e-10,5.8612587081682736e-08,0.1602668920702794,7.384437780079352e-08,8.147694354645813e-10,1.2077099190257665e-08,9.464163872247232e-09,2.5686168703448114e-08,4.4256148393626364e-10,2.1958365170355585e-08,-5.3791973476521e-09,9.242076802127479e-10,-8.946179979219146e-09,2.1963560207517768e-08,-5.597546983169196e-09,3.6456529558131347e-10,-8.974960583407836e-09,0.7282074894451399,-4.5754304832989574e-09,2.4099520650589022e-09,-8.702822477240054e-09,2.0878957856065952e-08,-5.52488961871132e-09,4.192163802075209e-10,-8.884572434189356e-09,0.2717922238057562,-1.3011728920385986e-09,6.650843469444153e-09,-8.539815992493574e-09,1.9595574583756253e-08,-4.83215148569687e-09,2.013931212629826e-09,-8.672469427473337e-09,1.4780532139233562e-09,1.5121590425893592e-08,8.380034419644221e-08,5.249790866897858e-09,1.478345227459767e-09,1.5619862913424253e-08,8.433157702781238e-08,5.743281236383664e-09,6.5125116643520245e-09,7.687936968939106e-08,1.8176942382577625e-07,1.47606657125522e-08,1.4166888338940344e-09,1.572261424787334e-08,8.28923600319825e-08,6.879029712329265e-09,6.512509675742523e-09,0.2440427674706526,2.297380642691354e-07,1.2105145898330922e-08,1.3418999100286284e-09,1.4411340441831017e-08,7.99125248551719e-08,6.575199189910202e-09,2.1680954605415853e-14,6.18059801617964e-15,0.1856929645484034,9.262946248414495e-14,0.3321845920488961,1.7020408927791414e-13,True
TAC + ISI,TAC_primary,full_TAC,TAC,ISI,TotEmiss,4,0.75,102.21326227987186,4,0.5,12.826056237633235,5.295506956828319,False,0.590853871132047,-3.4347917793366587e-10,3,3,LOCALLY_SOLVED,Solve_Succeeded,0.434031875,0.2523903463365775,10748320.47167991,47.29296031721367,12.826056243193309,503.5799903787733,9.022764898540956e-17,5.126570965080088e-17,8.877710041474113e-09,3.4347917793366587e-10,0.2516964076907056,0.1591461288679531,0.5347925170039762,0.9999999786920896,0.3772078205792941,1.1565409591024072e-06,6.928051923725773e-09,1.460129066406662e-08,8.841482924936959e-09,2.8620091285979704e-08,3.703805328142254e-10,1.4562863124084486e-08,9.124353358722618e-09,2.8681147830744786e-08,4.0325607433867965e-10,8.50664885609492e-08,0.0261652778303007,6.982717888397055e-08,1.1037648395625523e-09,1.3929666036989172e-08,9.26382351600642e-09,2.8010351318141816e-08,4.804051418742816e-10,7.184370420303237e-08,0.1233585166463891,9.455552288011256e-08,8.96122731598743e-10,1.3232097795662876e-08,8.540472974790699e-09,2.7042596134391868e-08,4.6060402734343254e-10,2.0225063118161904e-08,-5.225137016045599e-09,1.7081818305178919e-09,-8.861500946476916e-09,2.0163882339643053e-08,-5.388045200677513e-09,1.2143180217458903e-09,-8.877710041474113e-09,0.9999988891660132,-1.9257846391104863e-09,4.771022919997078e-09,-8.394361050089917e-09,1.916492234485083e-08,-5.3221074659674156e-09,1.1822389363826011e-09,-8.778438536940425e-09,7.749592618107125e-07,-1.310828212284191e-09,7.344598229606843e-09,-8.483433995092099e-09,1.8083935187681508e-08,-4.735105848332646e-09,2.6245026826429832e-09,-8.578389445635396e-09,1.6223656293407346e-09,1.3463167181154005e-08,8.904028400082573e-08,5.5027964875256335e-09,1.6180959026760531e-09,1.3893901705327624e-08,8.923023769565046e-08,5.991233104460384e-09,9.451832062327684e-09,0.0398425821506852,2.172401120834639e-07,1.6398791902072205e-08,1.5477406707765739e-09,1.4106276717555229e-08,8.714331521199676e-08,7.137447822132185e-09,7.982633800336926e-09,0.1878413776206379,2.941727378492391e-07,1.3313823440895609e-08,1.4702330884069855e-09,1.300481112070402e-08,8.413252130699691e-08,6.8432598348167125e-09,2.193910951469617e-14,5.709589535532867e-15,0.2785484901627095,1.4732199028914981e-13,0.1727022736616505,2.4746913442853153e-13,True
TAC + ISI,TAC_primary,full_TAC,TAC,ISI,TotEmiss,4,0.75,102.21326227987186,5,0.3333333333333333,10.315873144031595,5.295506956828319,False,0.7378374684405402,5.700062088515591e-09,3,3,LOCALLY_SOLVED,Solve_Succeeded,0.066893166,0.2872838655006003,11895979.951102426,33.63072682405925,10.315873051761802,503.5799915039459,1.592252629154286e-16,1.592252629154286e-16,8.788322144860816e-09,0.0,0.2868919796191936,0.0121625315594599,0.3797233498472673,0.9999999597111012,0.3501272304100216,1.5713612571892677e-06,2.8008806037487925e-08,1.6553892070580446e-08,7.412720386087206e-09,3.1576937796206644e-08,4.79296717515785e-10,1.6413938985067942e-08,7.632028665447059e-09,3.1410231595510556e-08,5.162842722302616e-10,1.5118395453008116e-07,0.1293622529266457,9.145332672623568e-08,1.5246100192865847e-09,1.566655157796852e-08,7.873434111498647e-09,3.0393224532455265e-08,6.079162106918442e-10,1.2473611073710317e-07,0.0094268974853702,1.61213755146804e-07,1.2593624808609041e-09,1.5026800413646705e-08,7.3780497398906784e-09,2.95168726823074e-08,5.88450517978831e-10,1.7774931463870318e-08,-5.270813367144871e-09,2.289065025614211e-09,-8.788322144860816e-09,1.7612434547779666e-08,-5.349534448192131e-09,1.9277957908463687e-09,-8.784008596715804e-09,0.9999985611317488,-3.1325455401857056e-11,7.743568886959338e-09,-7.935717533030017e-09,1.6749089211498233e-08,-5.2903964123281505e-09,1.763703302192643e-09,-8.680721174531555e-09,9.531145103142176e-07,-1.0373458857846344e-10,1.0762484025007674e-08,-8.189214615447205e-09,1.601588885013811e-08,-4.876347170720978e-09,2.887874187289779e-09,-8.517087649444863e-09,1.8393213411756042e-09,1.1287551496996429e-08,9.823936203264286e-08,7.120979803091661e-09,1.8237709983408814e-09,1.1621498195112566e-08,9.772072051936617e-08,7.67050918742103e-09,1.679821717000901e-08,0.1969834305928468,2.845214609260665e-07,2.265134885797211e-08,1.740727953107613e-09,1.198909285160021e-08,9.455669854541637e-08,9.031897987421686e-09,1.3859567859678124e-08,0.0143545938981773,5.015539049011678e-07,1.8710528287076287e-08,1.6696444904051886e-09,1.1234757558469897e-08,9.183027056717859e-08,8.742693409971205e-09,2.2858295700095118e-14,5.326026249285733e-15,0.3714257118285118,2.588131006910462e-13,0.0131981337448651,4.036066721335636e-13,True
TAC + ISI,TAC_primary,full_TAC,TAC,ISI,TotEmiss,4,0.75,102.21326227987186,6,0.1666666666666666,7.805690050429957,5.295506956828319,False,0.1784864986183937,-7.796192022351194e-09,3,3,LOCALLY_SOLVED,Solve_Succeeded,0.469475167,0.7621016256485516,27365685.250184365,85.62281093595735,7.805690176630868,503.5799883983147,1.592252629154286e-16,1.592252629154286e-16,9.30739931040246e-09,7.796192022351194e-09,0.7613054579449396,0.5715135013816064,0.2246542022303538,1.000000002564636,0.4531832706205084,3.171123808635255e-07,-7.534985564595454e-09,2.288432996813471e-09,1.5519153070075738e-08,1.1282421793426034e-08,3.2486688447034164e-10,7.173035434638585e-09,0.1796401138784667,1.6430349387323468e-08,6.648918161755567e-10,7.173036201011365e-09,5.1005585416369796e-08,1.63140167337617e-08,7.729740596947289e-10,2.31928439744354e-09,1.5724345919392487e-08,1.1814501235404422e-08,4.50045868778219e-10,2.478918619709613e-09,1.7017874285116938e-08,1.1596490723222954e-08,3.435992980224944e-10,1.9104062017140368e-09,1.2909415500898729e-08,1.1225421576101298e-08,4.0963180986648965e-10,3.2209778570528595e-08,-4.622256715010932e-09,-1.0441630445334727e-09,-9.119674951584949e-09,0.3422945062024624,-1.978521936584269e-09,6.380924928602281e-10,-8.982631718073005e-09,0.6577053430473445,-6.336929141415371e-09,-2.947097777937014e-09,-9.30739931040246e-09,3.258258799450839e-08,-5.268475415974296e-09,-1.5867429935549434e-09,-9.123695644470785e-09,3.4589743923142446e-08,-5.98182210936558e-09,-2.7315947778986852e-09,-9.297969172357856e-09,2.7995925620704897e-08,-2.738925775066063e-09,1.390725451047646e-09,-8.736054883116278e-09,2.5427033297927447e-10,2.363143762943351e-08,3.5100867801769874e-08,4.826593712130789e-09,7.970039371820645e-10,0.2735429006785743,5.111664253833966e-08,9.878392697465416e-09,7.970040223345961e-10,7.766759597492672e-08,5.075471872725863e-08,1.1484186029750256e-08,2.576982663826154e-10,2.3943890377256743e-08,3.6756226065702646e-08,6.686395764704968e-09,2.7543540218995686e-10,2.59135812977917e-08,3.607797113891585e-08,5.104903856334201e-09,2.12267355746004e-10,1.9657519058186695e-08,3.4923533792315144e-08,6.085958318016417e-09,1.2465987567493154e-14,0.2489611861305104,0.1677148874326018,-9.038555436896368e-13,-1.8215978262969212e-12,-1.2105914223753705e-12,True
TAC + ISI,TAC_primary,full_TAC,TAC,ISI,TotEmiss,4,0.75,102.21326227987186,7,0.0,5.295506956828319,5.295506956828319,True,1.0899488101669253e-08,-9.973723453788993e-09,3,3,LOCALLY_SOLVED,Solve_Succeeded,0.015516958,0.9963049239067822,35001837.91051831,102.21326329298728,5.295507118278035,503.5799874254952,8.120488408686858e-17,5.126570965080088e-17,9.988316441654354e-09,1.0899488101669253e-08,0.995485338852588,0.7500000108994883,0.0695850432947177,1.0000000098319748,0.4379424381069671,-9.507085678206138e-09,-9.973684086991509e-09,-9.833194759768584e-09,-6.517156910573616e-09,-3.046338304779287e-09,-6.333041776964477e-10,-9.83240045509968e-09,-6.5166678848090544e-09,-3.043238564755195e-09,-6.322081392830166e-10,-9.83240045516888e-09,-6.51664264463876e-09,-3.042409429635451e-09,-6.315971174252631e-10,-9.833418145064774e-09,-6.516913748629669e-09,-3.043426994744647e-09,-6.321893446691173e-10,-9.83256102184554e-09,-6.516687748055593e-09,-3.0424268420506583e-09,-6.317174801050145e-10,-9.83363106183348e-09,-6.516984580182452e-09,-3.043664459827595e-09,-6.323192212806767e-10,2.51979483137676e-08,5.34311595630131e-09,3.531307718468185e-09,-5.925542698381893e-10,0.6486067381226516,0.4379425546978523,4.2598539992406994e-08,6.833151579808677e-08,0.3513931172005047,-9.947390846581766e-09,-9.872524512131122e-09,-9.988316441654354e-09,1.7433622095482654e-08,-1.456031923097236e-09,1.9607218385565336e-08,8.141651822337435e-10,1.64772021663265e-07,-9.790631652933992e-09,-9.48995662721924e-09,-9.952985770111692e-09,1.2658121949940969e-08,-2.098652590903245e-09,1.9193403814074268e-08,1.5659540330077124e-09,-1.092577195529842e-09,-9.92385256837346e-09,-9.477496948202224e-09,-9.409090640061508e-09,-1.0924889394555198e-09,-9.923107915504692e-09,-9.467853312571721e-09,-9.392806640776248e-09,-1.0924889394632082e-09,-9.923069481609022e-09,-9.465273781088067e-09,-9.383728601746768e-09,-1.0926020161183078e-09,-9.923482299049722e-09,-9.468439539205569e-09,-9.392527406512596e-09,-1.0925067802050594e-09,-9.923138161811925e-09,-9.465327953046492e-09,-9.385516847274502e-09,-1.092625673537053e-09,-9.923590156186917e-09,-9.46917831946363e-09,-9.39445700188434e-09,-1.2094293241769725e-12,0.5595431860202182,0.0896051978920346,-1.3258829582387846e-10,-7.219388150823604e-09,-2.2451338575285607e-10,True
TAC + ISI,TAC_primary,full_TAC,TAC,ISI,TotEmiss,5,1.0,125.45094618360662,1,1.0,20.35660551843815,4.16910319940448,False,0.3994783862575105,3.3306803314180227e-06,3,3,LOCALLY_SOLVED,Solve_Succeeded,0.0411605,0.0016005209237972,2540987.8623650083,88.31913631870225,20.356551603027775,503.5800243954284,1.2631870857957334e-16,5.126570965080088e-17,8.352676425166594e-09,0.0,2.6407351317749883e-09,0.6005216137424896,0.9999966693196686,0.9999990783806358,0.4585278712030876,2.913716252359717e-06,9.61661512979936e-07,1.5331501266066126e-08,3.6930390750664503e-09,3.1155857693389325e-08,1.9323440378582476e-09,1.4189790324196273e-08,3.723778514455548e-09,2.8998123894835e-08,2.2097986635800776e-09,1.1931942006254042e-08,3.850845895310699e-09,2.5080352675458225e-08,3.018274917374554e-09,1.1877975073331877e-08,3.816181664149181e-09,2.4999898818905537e-08,2.998569304464762e-09,3.737851748480381e-06,0.1817587561451609,5.45553611565435e-07,4.9985406433900314e-08,1.1755858170213998e-08,3.7383791100141705e-09,2.4820745530137834e-08,2.954740832740271e-09,1.0725346390980748e-08,-5.035050670381619e-09,4.896025254054868e-09,-8.352676425166594e-09,9.913437350498148e-09,-4.9259064303863215e-09,4.529828953191359e-09,-8.184060837319086e-09,8.286286701824301e-09,-4.991988181875514e-09,2.849250363497224e-09,-7.958133359675261e-09,8.247024188843066e-09,-4.958800197168186e-09,2.946351036361093e-09,-7.93008462468376e-09,0.9999948075628546,7.733301086736468e-08,9.727556482090101e-08,1.381135699302269e-09,8.158114080834726e-09,-4.885899557325115e-09,3.161694532606139e-09,-7.866652484081662e-09,1.703500140674013e-09,5.623491318851184e-09,9.692933504610009e-08,2.8709111419608245e-08,1.5766433693551403e-09,5.67029910155731e-09,9.021638545059778e-08,3.283129443033257e-08,1.3257713340282263e-09,5.8637880678594745e-09,7.802776387920338e-08,4.48429416295648e-08,1.3197750081479855e-09,5.811003897681707e-09,7.777746299215058e-08,4.4550172523476473e-08,4.153168609422644e-07,0.2767690150392223,1.69727790264802e-06,7.426403241608044e-07,1.3062064633571102e-09,5.692531826612485e-09,7.722009720487324e-08,4.3899006657855454e-08,8.468601534937747e-15,1.489232717523767e-15,1.7826380933690173e-14,1.423150444557325e-13,0.6511289370734716,2.1533138209139017e-13,False
TAC + ISI,TAC_primary,full_TAC,TAC,ISI,TotEmiss,5,1.0,125.45094618360662,2,0.8333333333333334,17.65868846526587,4.16910319940448,False,0.5576181961191747,-5.343768126805625e-09,3,3,LOCALLY_SOLVED,Solve_Succeeded,0.101982416,0.1534262635583936,7502322.67063114,73.61992466205396,17.658688551768154,503.5799891690392,1.0253141930160176e-16,1.5379712895240266e-16,9.1382014743836e-09,5.343768126805625e-09,0.1521505483701238,0.4423818038808254,0.8333333843890146,0.9999999919924144,0.4293917358450645,7.814309582762799e-07,-2.402068606895886e-09,1.09442767717919e-08,1.1904249578659045e-08,2.36551052402008e-08,3.4441286054281595e-10,1.0976166955808093e-08,1.2291903404533093e-08,2.394493904912761e-08,3.7897130532699365e-10,3.639429436764256e-08,5.16101693482003e-08,4.4825750192692584e-08,9.066357553991675e-10,1.0562176242899534e-08,1.223473135180592e-08,2.3836974707315417e-08,4.5786285771045126e-10,3.639429782892378e-08,0.1702092503260196,5.088126659826559e-08,7.36272660543037e-10,9.998843418160408e-09,1.1175917312162556e-08,2.300488646263325e-08,4.3718279857608436e-10,2.5478513580923253e-08,-5.755820050313568e-09,-5.244064225753057e-10,-9.094879814805972e-09,2.55740768703998e-08,-6.0508071442406785e-09,-1.1456550420819003e-09,-9.1382014743836e-09,0.3913284791597674,-5.8080370346163225e-09,-5.909700944786247e-10,-9.059475241610442e-09,2.4351324529492384e-08,-5.965658403105051e-09,-9.794971791877426e-10,-9.063609862372031e-09,0.6086712866036103,-3.618746637986963e-09,2.1744276146040995e-09,-8.915871693678313e-09,2.274728244501519e-08,-5.121137908292608e-09,7.737123712543389e-10,-8.845536867036818e-09,1.2160307524213215e-09,1.8126925494776274e-08,7.359366074729135e-08,5.116991070921836e-09,1.2195741062008987e-09,1.871721654781175e-08,7.449536593061922e-08,5.6304308220010495e-09,4.043810485293616e-09,7.858821241657773e-08,1.394578894883769e-07,1.347001693735906e-08,1.1735751380999478e-09,1.8630159103886285e-08,7.41594768672035e-08,6.802533885983846e-09,4.043810869880418e-09,0.2591822675418935,1.5829727386127066e-07,1.0938908099496548e-08,1.1109826020178226e-09,1.7017874088974806e-08,7.157075788374786e-08,6.495287293130396e-09,2.1348538712128862e-14,7.209677114129964e-15,0.0997888053439542,-5.3083870657608106e-15,0.4797325625637032,3.163001587868234e-14,True
TAC + ISI,TAC_primary,full_TAC,TAC,ISI,TotEmiss,5,1.0,125.45094618360662,3,0.6666666666666666,14.960771412093592,4.16910319940448,False,0.7157625107062177,-1.95594929305629e-09,3,3,LOCALLY_SOLVED,Solve_Succeeded,0.345009667,0.2150192046896813,9521340.723592518,58.920294287867975,14.960771443755537,503.5799899206186,1.2631870857957334e-16,1.3244823418412252e-24,8.956095011019212e-09,1.95594929305629e-09,0.2140683004403411,0.2842374892937823,0.6666667600464424,0.9999999840360112,0.4002549014550235,1.0212959973976011e-06,2.7805637443483374e-09,1.3542247424489621e-08,9.722207069527172e-09,2.7272691443921672e-08,3.5564507816405775e-10,1.3539012178890032e-08,1.0041220716209062e-08,2.7424772996964243e-08,3.8875624059383116e-10,6.193228328974061e-08,5.0324422090893646e-08,6.013169438001494e-08,1.0072724913791927e-09,1.2970004425764144e-08,1.0121955533392832e-08,2.6921434913776546e-08,4.651690892128739e-10,6.193225519263043e-08,0.158659521617414,7.720998851536523e-08,8.272502143751878e-10,1.2289759075706882e-08,9.285637477955632e-09,2.5957121956967588e-08,4.4481025709661405e-10,2.1594702177243848e-08,-5.344014284065237e-09,1.0820693323505362e-09,-8.929479564571576e-09,2.1588574392054337e-08,-5.552349024922337e-09,5.330826573202395e-10,-8.956095011019212e-09,0.7826703641522386,-4.414749830621551e-09,2.807308362537898e-09,-8.652580658874742e-09,2.0522461263639592e-08,-5.481123454296936e-09,5.721841601238513e-10,-8.863924165807961e-09,0.2173293411166069,-9.798431399329571e-10,7.275874722118879e-09,-8.487876559038221e-09,1.9277470494176044e-08,-4.807604052601027e-09,2.141583089885762e-09,-8.653519462227823e-09,1.504694158276624e-09,1.4804269855870925e-08,8.484837338108966e-08,5.2838697327231445e-09,1.504334686543336e-09,1.5290040636045616e-08,8.532151599055543e-08,5.775807003108349e-09,6.881364809971177e-09,7.663037000204259e-08,1.87076382515602e-07,1.4965191300490864e-08,1.4411116028626815e-09,1.5412977744029995e-08,8.37555752873048e-08,6.911083611162697e-09,6.881361688070045e-09,0.2415951806446986,2.40208853158914e-07,1.2290574613574222e-08,1.365528786189653e-09,1.4139493432341533e-08,8.075549053278805e-08,6.608609534006836e-09,2.1722671134435952e-14,6.082450405629974e-15,0.1995809991987126,1.0289530350422797e-13,0.3083306670625962,1.8471994520174599e-13,True
TAC + ISI,TAC_primary,full_TAC,TAC,ISI,TotEmiss,5,1.0,125.45094618360662,4,0.5,12.262854358921317,4.16910319940448,False,0.8738321116599281,1.9231020408942727e-10,3,3,LOCALLY_SOLVED,Solve_Succeeded,0.427437458,0.2611794365467518,11037125.560882716,44.22760860086072,12.262854355808292,503.5799905212043,1.592252629154286e-16,1.592252629154286e-16,8.857793136086599e-09,0.0,0.2605532685214683,0.1261678883400719,0.5000001369434296,0.9999999768498284,0.3711318436689143,1.1958848044208015e-06,8.436364859390459e-09,1.4903611642947926e-08,8.604936485528288e-09,2.8967242561254663e-08,3.7723836253671914e-10,1.4852462344058409e-08,8.877966169955928e-09,2.90006344172252e-08,4.101969447960882e-10,9.115358209220859e-08,0.0493192541316086,7.190476423098006e-08,1.1303692179324428e-09,1.4200060313314732e-08,9.033760408281828e-09,2.8286206615830532e-08,4.88007074096473e-10,7.729720794937417e-08,0.0977960456234409,1.0041625958560532e-07,9.230507906496287e-10,1.3501854946465432e-08,8.342729967259805e-09,2.7324511377471436e-08,4.683575015073003e-10,1.99019503285632e-08,-5.204296892561046e-09,1.8573461264756702e-09,-8.844662703878535e-09,1.9824102051508615e-08,-5.354399541950593e-09,1.3809319568144064e-09,-8.857793136086599e-09,0.9999988175515024,-1.5823025678807576e-09,5.270873369432519e-09,-8.324129278440727e-09,1.8839728195137897e-08,-5.289575144053373e-09,1.328691382271461e-09,-8.75686328378716e-09,8.319193343188558e-07,-1.0417507615686574e-09,7.950542373122004e-09,-8.43270038310973e-09,1.780345615609856e-08,-4.727013676153482e-09,2.7313197493983832e-09,-8.560544635102551e-09,1.655956849216436e-09,1.3102971466599892e-08,9.012031019057005e-08,5.604684243402683e-09,1.650273593784267e-09,1.351872121334198e-08,9.022419596470061e-08,6.094354608399026e-09,1.012817578802317e-08,0.0750997733367676,2.237037109408269e-07,1.6794056952139147e-08,1.5777844792571914e-09,1.3755953348974602e-08,8.800153169369497e-08,7.250390815147598e-09,8.588578661041571e-09,0.1489167058356941,3.124061409329943e-07,1.3713897461080198e-08,1.500206105162825e-09,1.2703702450145613e-08,8.500959095213335e-08,6.958454308108459e-09,2.2013118439124493e-14,5.623131900265521e-15,0.2993870534050701,1.5986413734478966e-13,0.136914842526144,2.651591818591747e-13,False
TAC + ISI,TAC_primary,full_TAC,TAC,ISI,TotEmiss,5,1.0,125.45094618360662,5,0.3333333333333333,9.564937305749035,4.16910319940448,False,0.0808741444648584,-4.837207991660124e-09,3,3,LOCALLY_SOLVED,Solve_Succeeded,0.736081417,0.662117949228464,24090532.292617075,117.93363496336916,9.564937384051374,503.5799890305538,1.592252629154286e-16,1.592252629154286e-16,9.31545316234868e-09,4.837207991660124e-09,0.6608654898519106,0.9191258555351416,0.3333335210181945,0.9999999931145472,0.5172279326250125,7.503858657325704e-07,-3.1318203265024753e-09,1.0515780522779294e-08,1.2303519707004436e-08,2.2672635743173036e-08,3.4634812519767287e-10,3.379488986289195e-08,0.0890292861779363,4.515694685962182e-08,7.749861775520862e-10,1.0627720791413461e-08,1.3693684617317424e-08,2.368885094981952e-08,4.805147382291235e-10,1.0140211155187511e-08,1.2647963263681924e-08,2.2963004007822776e-08,4.6187801059455327e-10,3.0852828377569075e-08,0.1159979650875107,4.6558230793635626e-08,7.302595591823578e-10,9.615099140669553e-09,1.1574128297923081e-08,2.219465287667586e-08,4.4159280934630675e-10,2.7098322345028275e-08,-5.915423240260759e-09,-9.882861426657546e-10,-9.14065207875466e-09,0.99999879738799,-3.506368508832702e-09,1.986734639630917e-09,-8.890245687507211e-09,2.748151691065241e-08,-6.968193799619893e-09,-3.163794427611936e-09,-9.31545316234868e-09,2.584016822075711e-08,-6.1312793931969285e-09,-1.422465930573778e-09,-9.116493060467317e-09,9.738837235558644e-07,-4.695063483501918e-09,3.4719784063616527e-10,-9.07358064481804e-09,2.4148903909807706e-08,-5.267896843248723e-09,3.298258045214833e-10,-8.902440782797016e-09,1.1684200580865878e-09,1.8734905008393122e-08,7.053708897876055e-08,5.145743574365425e-09,3.754987762543549e-09,0.1355673221345848,1.4048827911882338e-07,1.1514080352202424e-08,1.180857865712606e-09,2.0851747030915173e-08,7.36986473994385e-08,7.139076110832693e-09,1.1266901283541671e-09,1.9259398606061108e-08,7.144045691322641e-08,6.8621875859762205e-09,3.428092041952117e-09,0.1766332650196185,1.4484782913575528e-07,1.084957059356646e-08,1.0683443489632832e-09,1.7624240817291963e-08,6.905003117188046e-08,6.560807453145128e-09,2.1392068339044763e-14,0.3351260499327954,8.200090259873474e-14,-2.5600553443423935e-14,0.1623975321294228,2.8024815824887483e-15,False
TAC + ISI,TAC_primary,full_TAC,TAC,ISI,TotEmiss,5,1.0,125.45094618360662,6,0.1666666666666666,6.867020252576758,4.16910319940448,False,0.0011605420528169,-7.808666404174437e-09,3,3,LOCALLY_SOLVED,Solve_Succeeded,0.269762167,0.7373681257777254,26547130.27242086,125.3430729460852,6.867020378979598,503.5799880794332,8.120488408686858e-17,1.0253141930160176e-16,9.660660289616105e-09,7.808666404174437e-09,0.7362026194167433,0.9988394579471832,0.1666669030348995,1.0000000028828366,0.5319145851130712,3.135837350562132e-07,-7.51341903942049e-09,1.8844579488261092e-09,1.868839533703524e-08,1.1621966318363513e-08,2.5228556023068835e-10,5.730357268250723e-09,0.1821278871535581,1.647141310328694e-08,5.745778495837397e-10,1.796093426461958e-09,1.9193065692252e-08,1.3386571383994568e-08,6.256851153185521e-10,1.7165022995361582e-09,1.8337750224909616e-08,1.314515600122912e-08,6.088262865623134e-10,4.9923567857532935e-09,0.0287210823124161,1.6535161527183454e-08,4.859025976467195e-10,1.6148492362521435e-09,1.72490640916314e-08,1.2845525748660492e-08,5.872643893608827e-10,4.0966015709382165e-08,-7.577460244792542e-09,-5.210485360601492e-09,-9.55046881944576e-09,0.9999992897664068,-7.399361846829237e-09,-5.068669609712162e-09,-9.535122983179246e-09,3.9354115157625575e-08,-8.439411007055079e-09,-6.585385607216782e-09,-9.660660289616105e-09,3.7968396658586784e-08,-7.799332679798735e-09,-5.3756919854568735e-09,-9.524779676018343e-09,5.388396238754895e-07,-7.737655938481204e-09,-5.5806062303827615e-09,-9.59564143979392e-09,3.628314865154644e-08,-6.972382379546643e-09,-3.952579601591009e-09,-9.351622925084464e-09,2.093842165362342e-10,2.8457329263212756e-08,3.6157228546019815e-08,3.748242609141656e-09,6.36706363138969e-10,0.2773311008929181,5.1244396321337155e-08,8.536585193815562e-09,1.995659362735508e-10,2.9225804576838265e-08,4.1647110972427544e-08,9.295893141875631e-09,1.9072247772623975e-10,2.7923392387930552e-08,4.08960408927128e-08,9.045419114640088e-09,5.547063095281434e-10,0.0437343753393609,5.14427247512374e-08,7.219124307894118e-09,1.7942769291690474e-10,2.6265620321347813e-08,3.996385788472152e-08,8.7250709276474e-09,7.894274568075211e-15,0.4189148934524995,5.5389755920039895e-14,-1.655226106314663e-13,0.0402096903034635,-2.2193596646245939e-13,True
TAC + ISI,TAC_primary,full_TAC,TAC,ISI,TotEmiss,5,1.0,125.45094618360662,7,0.0,4.16910319940448,4.16910319940448,False,0.0106480668375927,-9.395109377187423e-09,3,3,LOCALLY_SOLVED,Solve_Succeeded,0.014889166,0.9425313625611884,33242850.375385765,124.46120053817532,4.169103351487877,503.57998776164146,9.022764898540956e-17,5.2979293673649006e-24,9.721083902456472e-09,9.395109377187423e-09,0.9415420103443596,0.9893519331624074,2.8366658924146666e-07,1.0000000078771991,0.4776749787423177,2.6188751099111478e-08,-9.383467772123844e-09,-6.086584471673206e-09,6.34331331751519e-09,1.4743869796082736e-09,1.9253289334114137e-10,-5.429377483801374e-09,3.298029097728688e-07,2.475978488499276e-09,7.074178535520258e-10,-5.844081279388872e-09,1.8688962151642248e-08,2.242488321069553e-09,8.12772187459802e-10,-5.910427011766859e-09,1.0665098775394621e-08,2.0208922963329172e-09,6.678526094384376e-10,-5.843051890473625e-09,1.5922552315505498e-08,1.8609221045971103e-09,3.3432107164528416e-10,-6.4104857899219385e-09,-8.494787620092865e-10,1.0665639478289147e-09,1.8483899508663238e-10,2.3195164747338863e-08,1.3912581315825354e-08,-2.855876017449011e-09,-9.264038751431052e-09,0.9999998609781032,0.4776739916072989,-2.480068491040148e-09,-9.250357248782321e-09,5.5876360278897733e-08,-7.527090648172111e-09,-6.4377678316861525e-09,-9.642769477551662e-09,4.2375348933530674e-08,2.5306241167006564e-09,-2.994361072060093e-09,-9.207697737426164e-09,5.613659627226668e-08,-4.246369286949439e-09,-4.958633184581906e-09,-9.510400189885658e-09,8.786745589783704e-09,2.2382484780995093e-08,1.1261446219171189e-10,-8.48972619105969e-09,-6.762871635192448e-10,9.659136188034494e-09,4.586981714336852e-09,2.860488701068386e-09,-6.032641648668192e-10,5.021998853359593e-07,7.703044186442193e-09,1.0510208109915812e-08,-6.493423643765411e-10,2.8458192367273417e-08,6.976630332216387e-09,1.2075472499402773e-08,-6.567141124185395e-10,1.6240036771623622e-08,6.2872204774801884e-09,9.922381625942502e-09,-6.492279878304024e-10,2.4245704662247008e-08,5.7895354365243444e-09,4.9670559215870776e-09,-7.122761988802151e-10,-1.293524478514141e-09,3.318198948801068e-09,2.7461793555728232e-09,-9.331642541229363e-15,0.6849068315271541,-3.9595669312520054e-15,-1.7665077928062045e-12,-7.164244138547191e-12,-2.3428426426153084e-12,True
Total emissions + ISI,TotEmiss_primary,full_TotEmiss,TotEmiss,ISI,TAC,1,0.0,2540987.776255747,2,0.8333333333333334,20.35659019236092,20.35651356197475,True,9.952954051243526e-09,2.84178197289572e-06,7,1,LOCALLY_SOLVED,Solve_Succeeded,0.237769958,0.6015202697866809,2540988.1008023145,88.31901174824608,20.356544190996026,503.5799877647653,5.126570965080088e-17,5.65112465852256e-23,9.857303201634091e-09,9.952954051243526e-09,9.952954051243526e-09,0.6005202735652942,0.9999962114337284,0.999999999603894,0.4585270681230976,7.397646702567382e-07,4.867328497565161e-07,-6.49406106915838e-09,-4.654811736936818e-09,3.1439413718151787e-09,-1.2612818059117747e-10,-5.450767398076486e-09,-3.226377551854708e-09,6.991649265166413e-09,9.742230110786842e-10,-5.4306484180326635e-09,7.603565351637564e-09,1.2701464853870073e-08,8.875551805348754e-09,-5.946336214195083e-09,-4.134890692182635e-09,3.412486780293299e-09,2.1111731054323422e-10,1.4127870935831515e-09,0.1817579149416073,1.4478992840467186e-07,2.2823889618219653e-08,-7.063740273884311e-09,-5.37135924723989e-09,9.820379370704939e-11,-3.6458265192586813e-10,-4.6090712328625483e-10,8.020096357364444e-09,2.6596377679945944e-08,-3.850439881832459e-09,1.5464082305565093e-08,4.990528728955763e-09,5.610170439014023e-09,-4.134091655270646e-09,1.6109438583989674e-08,-9.275274973635569e-09,-8.54728780144956e-09,-9.857303201634091e-09,5.102579475513897e-09,4.199644470529103e-09,2.7219924949651952e-09,-8.614484123337783e-10,0.9999999993405329,1.4312535580969273e-06,2.8596335661653486e-09,-9.210571472732444e-09,-3.7598694801710365e-09,4.559353771701662e-09,6.957788836721508e-09,9.692941936434776e-10,-7.215623410175974e-10,-7.0880087812447e-09,9.781150934536113e-09,-1.8739043973546364e-09,-6.056408220084983e-10,-4.912893090324214e-09,2.1751797713851065e-08,1.4474170450311877e-08,-6.034053797814065e-10,1.1578156330902652e-08,3.951566843426245e-08,1.3186534110803862e-07,-6.607040237994535e-10,-6.296310826732649e-09,1.0616625538690265e-08,3.136600042356623e-09,1.5697634373146118e-10,0.2767677341156293,4.504575550367568e-07,3.390977886135491e-07,-7.848600304315898e-10,-8.179115217388013e-09,3.0552291375526477e-10,-5.416656542898612e-09,3.227512774337499e-16,-5.6520770757657395e-18,7.375550992978392e-15,-1.1268384787492728e-14,0.6511298689180519,-7.971512639916244e-14,False
Total emissions + ISI,TotEmiss_primary,full_TotEmiss,TotEmiss,ISI,TAC,1,0.0,2540987.776255747,3,0.6666666666666666,20.356574866283687,20.35651356197475,True,9.870461434820962e-09,1.763556213930439e-06,3,1,LOCALLY_SOLVED,Solve_Succeeded,0.100333958,0.6015203149244301,2540988.09811239,88.31901593162317,20.35654631870555,503.5799883855908,1.3586493389542661e-22,0.0,9.630284789890884e-09,9.870461434820962e-09,9.870461434820962e-09,0.6005203185716845,0.9999963428751888,0.999999989188339,0.4585269553005048,1.1500857553302743e-06,6.17012559265693e-07,-3.0480167678693063e-09,-2.4061769494470024e-09,1.0687245810959568e-08,4.215608745476323e-10,-7.993802911544437e-10,7.548917167066874e-10,1.680057982590282e-08,2.362568993220044e-09,-8.810696954857396e-10,6.641996753649602e-09,1.7722852456263907e-08,7.995704915765605e-09,-2.2455344582169983e-09,-7.677919034635908e-10,9.878174077423521e-09,1.605415533417319e-09,1.4554215849733505e-08,0.1817578750733504,2.0767916048845946e-07,2.8553645152634892e-08,-5.113692188692061e-09,-4.095885655955598e-09,3.2020926882478113e-09,-1.0201454297905448e-10,1.899704993975967e-09,1.214979976916379e-09,2.5838673411693696e-08,-4.117703895275039e-09,1.0580253382310078e-08,-2.1460099270862647e-10,6.915998278281159e-09,-6.342560975960033e-09,1.0171784129915128e-08,-8.33185163039817e-09,-6.663917883051517e-09,-9.630284789890884e-09,4.48338447338951e-09,5.008388723490112e-11,3.1107548010070652e-09,-3.087372046300049e-09,0.9999999624220304,1.412400534071344e-06,1.9357742514678826e-08,-8.007789273028125e-09,-3.109398668812501e-09,1.3803898948247962e-09,8.093848891164221e-09,6.420155528166655e-10,-3.3866852976325615e-10,-3.663951263930662e-09,3.3249209189651986e-08,6.263190136136251e-09,-8.882003235049372e-11,1.1494942049851827e-09,5.2268470569475444e-08,3.5101025042126385e-08,-9.789663283174882e-11,1.0113949602148257e-08,5.513776319726549e-08,1.1879333017708897e-07,-2.4950382869077747e-10,-1.1691376711831951e-09,3.0732097129762054e-08,2.3851887925057312e-08,1.617135094414833e-09,0.2767676734071472,6.461129437418737e-07,4.2422558512486113e-07,-5.681880209657843e-10,-6.236916794296024e-09,9.962066141215414e-09,-1.5156446385459515e-09,9.738601672913776e-16,9.748737597453911e-17,8.681676167276368e-15,-4.718781930615253e-17,0.651129838861601,-4.8132820243676984e-14,False
Total emissions + ISI,TotEmiss_primary,full_TotEmiss,TotEmiss,ISI,TAC,1,0.0,2540987.776255747,4,0.5,20.356559540206455,20.35651356197475,True,9.952819913982109e-09,9.574662847994803e-07,8,1,LOCALLY_SOLVED,Solve_Succeeded,0.089213916,0.6015202697177517,2540988.1007979405,88.31901174269915,20.356544041214494,503.57998776464,3.1845052583085723e-16,3.1845052583085723e-16,9.857127140139071e-09,9.952819913982109e-09,9.952819913982109e-09,0.6005202735056181,0.9999962021808196,0.9999999996333284,0.4585270722484663,7.386957427810575e-07,4.775778674941892e-07,-6.496928573765749e-09,-4.655250502517221e-09,3.138708256001199e-09,-1.2926980050533735e-10,-5.4522109211361645e-09,-3.225171576196776e-09,6.993738106997799e-09,9.514163882378342e-10,-5.430838863925039e-09,7.61640916311509e-09,1.2730668114910078e-08,8.860438784969935e-09,-5.9477651011217646e-09,-4.133775516167455e-09,3.414860845481599e-09,2.0475570369148516e-10,1.3865477303004615e-09,0.1817579165404164,1.444829382038983e-07,2.229408733730883e-08,-7.064938447313431e-09,-5.3705863081908055e-09,1.0009148017137064e-10,-3.652113263475833e-10,-4.726912613771979e-10,8.055280151070214e-09,2.6618574892431946e-08,-3.860525574655565e-09,1.5486360043794124e-08,5.0098527533093164e-09,5.630402816009432e-09,-4.123606042708327e-09,1.6174463628168738e-08,-9.275264088971901e-09,-8.546838994107561e-09,-9.857127140139071e-09,5.106479606285847e-09,4.202646231098446e-09,2.731392573323642e-09,-8.582296897985781e-10,0.9999999993290172,1.4312490203538562e-06,2.867739333457907e-09,-9.20571514833169e-09,-3.761262918287e-09,4.559280311901433e-09,6.965896018160591e-09,9.687715617619022e-10,-7.218809526406385e-10,-7.088676901560314e-09,9.764870129781506e-09,-1.9205798932221544e-09,-6.058012134595734e-10,-4.9110567182996364e-09,2.1758296332882033e-08,1.4135329196676394e-08,-6.034265404361152e-10,1.1597713952925248e-08,3.960652302416468e-08,1.316408048052676e-07,-6.608627890135292e-10,-6.294612717800441e-09,1.0624011519276084e-08,3.042084740559208e-09,1.5406085892227343e-10,0.2767677365501795,4.495024744121279e-07,3.312264404400169e-07,-7.849931608126031e-10,-8.177938242017816e-09,3.1139571608870857e-10,-5.4259968485926654e-09,3.2318103868078916e-16,-5.703810368386883e-18,7.391890118316525e-15,-1.1353363734585504e-14,0.6511298690042561,-8.002681276279355e-14,True
Total emissions + ISI,TotEmiss_primary,full_TotEmiss,TotEmiss,ISI,TAC,1,0.0,2540987.776255747,5,0.3333333333333333,20.35654421412922,20.35651356197475,True,9.95132518247828e-09,1.071898103216887e-07,3,1,LOCALLY_SOLVED,Solve_Succeeded,0.396355959,0.6015202692863616,2540988.1007492,88.31901171157173,20.35654247899344,503.57998776329737,4.0759480168627984e-22,5.126570965080088e-17,9.855234247561378e-09,9.95132518247828e-09,9.95132518247828e-09,0.6005202731707373,0.9999961056729952,0.9999999999403656,0.4585271150291966,7.270289703848599e-07,3.8335340682011553e-07,-6.5281914063839744e-09,-4.660491419835101e-09,3.0811975305850703e-09,-1.6071524651607144e-10,-5.4684146883252005e-09,-3.213290643569456e-09,7.011952402002207e-09,7.400979882558853e-10,-5.4329890149350185e-09,7.757375851329844e-09,1.3050813844003124e-08,8.694281624535115e-09,-5.963488674246535e-09,-4.122647002708381e-09,3.438630654114671e-09,1.4189207294753446e-10,1.1108743742413855e-09,0.1817579336356748,1.4114129970758597e-07,1.682703745904045e-08,-7.078168182380318e-09,-5.3623693015131075e-09,1.2014827641702428e-10,-3.717457974390055e-10,-6.027313745997954e-10,8.425499770506541e-09,2.6848514783458772e-08,-3.966583703849023e-09,1.5705144907285594e-08,5.220004919913262e-09,5.850150896394812e-09,-4.042769296250631e-09,1.6891819509116166e-08,-9.275141201032461e-09,-8.542001452053363e-09,-9.855234247561378e-09,5.142849870767412e-09,4.237081699443914e-09,2.837480974203838e-09,-8.293986402074067e-10,0.9999999992035398,1.4298678878202385e-06,2.9533641680358592e-09,-9.153220164472694e-09,-3.777615431430228e-09,4.558363475808283e-09,7.055953309908736e-09,9.62878702249027e-10,-7.2535460070933e-10,-7.096657389294357e-09,9.58594787293133e-09,-2.387769376810204e-09,-6.076016320361331e-10,-4.8929652981625805e-09,2.1814963028451313e-08,1.0995741539801726e-08,-6.036654461038905e-10,1.1812367773615898e-08,4.060253195912083e-08,1.2917218413595026e-07,-6.62609852694059e-10,-6.277667026851397e-09,1.0697962035023418e-08,2.108110798077654e-09,1.2343048602682055e-10,0.2767677625815957,4.391062657569342e-07,2.500016993914581e-07,-7.864631313755906e-10,-8.165425981849504e-09,3.737946377418533e-10,-5.523080419093796e-09,3.279582962050596e-16,-6.2625237561919564e-18,7.574069535950946e-15,-1.2294561525204322e-14,0.6511298687900041,-8.348926104226234e-14,True
Total emissions + ISI,TotEmiss_primary,full_TotEmiss,TotEmiss,ISI,TAC,1,0.0,2540987.776255747,6,0.1666666666666666,20.356528888051987,20.35651356197475,True,7.011270441926421e-09,-6.831178053988963e-10,3,1,LOCALLY_SOLVED,Solve_Succeeded,0.366046042,0.601520403308087,2540988.0048797056,88.31902424724039,20.35652889910996,503.579988280867,1.592252629154286e-16,1.592252629154286e-16,9.652937894333396e-09,7.011270441926421e-09,7.011270441926421e-09,0.6005204080343141,0.9999952667616248,0.9999999968620285,0.4585273218215594,9.562659055487551e-07,9.249340010495198e-09,-3.6926219093652477e-09,-2.221775382580564e-09,9.403845788816152e-09,2.9082971950824728e-11,-1.2693354558743988e-09,1.9881615371659334e-09,1.9007009600647155e-08,3.583471993311141e-10,9.799902398788926e-10,1.0841315226779711e-08,3.35517619353611e-08,8.438358701994161e-10,-2.3080304200725013e-09,-1.6534101896906396e-10,1.4302094129563124e-08,2.5701908949857783e-10,6.933559403370737e-09,0.1817582175049507,1.2781097223921408e-07,1.5793823793941787e-09,-5.511089216221132e-09,-4.116104408078891e-09,4.314706125796908e-09,-1.7984274415369355e-10,1.5449838489537296e-09,4.472264480640639e-09,2.827056740277204e-08,-5.020616732222051e-09,1.3643118109819297e-08,4.231830575020729e-09,1.456299821572744e-08,-7.844938136748255e-09,4.389988168433542e-08,-8.275744458829231e-09,-6.169544354317182e-09,-9.652937894333396e-09,7.272352375373062e-09,5.181476133866161e-09,1.951804809606259e-08,-6.557989787979427e-09,0.9999999392916504,8.902641442100675e-07,2.3021005167189533e-08,-8.080231873899915e-09,-3.381594297218454e-09,-2.353864884028665e-09,2.034678398601581e-08,6.134045713258981e-10,-4.1029132326280506e-10,-3.3831579689294947e-09,2.9256409120761364e-08,4.3208986898368164e-10,-1.4103727287493314e-10,3.0274277952299438e-09,5.9132918757568935e-08,5.324015532919409e-09,1.0888780443098802e-10,1.6508366368050922e-08,1.0438325935445675e-07,1.2536990071534182e-08,-2.5644782445250007e-10,-2.5176927888471103e-10,4.449540395864082e-08,3.818569329693156e-09,7.70395489263415e-10,0.2767681948370841,3.9763413585533266e-07,2.3465109636713512e-08,-6.123432462467921e-10,-6.267704439574672e-09,1.3423530169145934e-08,-2.6719493417120182e-09,1.8922477517348432e-14,2.168539899098126e-15,1.8194622544308811e-13,-3.911139657212363e-13,0.6511294383350091,-1.677927544583502e-12,True
Total emissions + ISI,TotEmiss_primary,full_TotEmiss,TotEmiss,ISI,TAC,1,0.0,2540987.776255747,7,0.0,20.35651356197475,20.35651356197475,True,8.002123484571641e-10,-1.0841313658926853e-08,3,3,LOCALLY_SOLVED,Solve_Succeeded,0.288692959,0.6015206367383092,2540987.750162371,88.31904603253744,20.356513737468592,503.5799877843957,1.0253141930160176e-16,5.126570965080088e-17,9.826461499546643e-09,1.0841313658926853e-08,-8.002123484571641e-10,0.600520642408974,0.999994330135522,1.0000000057421925,0.4585276133521727,1.9481058587109441e-07,-8.149940021983295e-09,-4.391076242100186e-09,9.050459344407705e-09,7.650040179905786e-09,3.854519465812308e-10,-4.0853876899598606e-09,1.6767705887195498e-08,8.943521074222645e-09,5.291319709427276e-10,-4.033416747323236e-09,1.8703954777964523e-08,9.342878001449236e-09,5.957465474872594e-10,-4.127502146024188e-09,1.5836811115379434e-08,9.029619372946151e-09,5.585038578721328e-10,-3.1748026392927813e-09,0.1817586381610908,1.2420124772396678e-08,9.578475697340719e-10,-6.3253448453553365e-09,-3.24294581500809e-09,2.646638203360598e-09,-1.1681544115354816e-10,2.9055239110699895e-08,5.075325798902643e-09,3.937076659174066e-10,-9.087448736065733e-09,5.1167078818416266e-08,-6.809614712406205e-09,-4.989822106536403e-09,-9.557974149957658e-09,5.725426123610172e-08,-9.084251366889798e-09,-8.076207711539137e-09,-9.826461499546643e-09,4.6925328002005275e-08,-5.4763021908314086e-09,-3.7238611493049404e-09,-9.447702916647345e-09,0.9999998520292912,-7.59408056562855e-09,-5.97502290553652e-09,-9.650865222406058e-09,-1.6473051585488581e-09,1.9610290003377575e-08,1.1491303260494004e-08,-6.721655513429869e-09,-4.878973602333537e-10,1.3781381274439001e-08,2.3800125004151333e-08,5.726714634921142e-09,-4.5393196555109545e-10,2.5532643055502237e-08,2.7824287786470453e-08,7.861389282577667e-09,-4.481574163692483e-10,2.8481022048264155e-08,2.906673156006429e-08,8.851091562667854e-09,-4.5861134955824285e-10,2.4115144198418683e-08,2.8092149160276913e-08,8.297771602671688e-09,-3.527558488103089e-10,0.2767688353816609,3.8640388180789665e-08,1.4230878178906212e-08,-7.028160939283703e-10,-4.938122036489591e-09,8.233985521566304e-09,-1.7355436971384294e-09,3.2714568952831985e-14,5.0854210789087155e-14,1.17128597625275e-12,-5.7319690678231194e-12,0.6511286592720027,-1.1988193179679724e-11,True
Total emissions + ISI,TotEmiss_primary,full_TotEmiss,TotEmiss,ISI,TAC,2,0.25,10693003.90028964,1,1.0,20.35660551843815,12.948441880681113,True,9.302253510633894e-09,0.4587506221081422,3,3,LOCALLY_SOLVED,Solve_Succeeded,1.416274792,0.1660560646993137,10693004.203618122,47.861696723196104,12.930576722456552,503.57998848830226,9.022764898540956e-17,1.0253141930160176e-16,9.565364354776984e-09,9.302253510633894e-09,0.2500000093022534,0.1652648153121196,0.5412493778918577,0.9999999946419074,0.3783342943924687,2.693304462667555e-06,1.1758201937228195e-06,-4.0900004925686e-09,-2.607963277679557e-09,1.0153271341558109e-08,3.6369961205017725e-10,-2.35356340069183e-09,3.60085246091307e-11,1.79592673366848e-08,1.1887914492543935e-09,6.955012334019739e-09,0.0218689880553417,8.208919055300603e-08,1.4807520999426194e-08,-3.2134300377995014e-09,-1.3806669763229362e-09,1.2292295689685458e-08,8.821296396907691e-10,5.572925000943394e-09,0.1281013614783834,5.071054884129776e-07,5.8866545188134876e-08,-5.63371150002997e-09,-4.1179940664234624e-09,4.380764485210784e-09,-4.4158881743853985e-11,-8.14799060861801e-10,5.73743089160122e-10,2.8039736266417386e-08,-3.552513859827307e-09,4.241912337280036e-09,2.291328682416279e-09,1.786976366368801e-08,-6.414234651769541e-09,0.9999996369200084,-7.456375271734978e-09,-5.190323064785136e-09,-9.565364354776984e-09,1.5077048427184676e-09,1.2682066233454087e-09,1.4132468649215184e-08,-3.7405228042625174e-09,3.5993638714671733e-07,2.9586923174130655e-08,1.6807553887480912e-08,-8.229540595413185e-09,-4.0795641815526465e-09,-2.380565142326691e-09,1.5281898898034374e-08,1.1562830236994975e-09,-4.5444449917428874e-10,-3.97121680919387e-09,3.158795528484744e-08,5.403537093316919e-09,-2.615070445213144e-10,5.483116247299447e-11,5.587327615857493e-08,1.7662044388922418e-08,7.727791482244152e-10,0.0333005045388158,2.553885928315742e-07,2.199974548486177e-07,-3.570477819777222e-10,-2.102379259400835e-09,3.824269770124364e-08,1.3105926075405711e-08,6.192138889937101e-10,0.1950634367966293,1.5776615195070411e-06,8.745886713665752e-07,-6.259679444477741e-10,-6.270581873872089e-09,1.3629045065100216e-08,-6.560748144801163e-10,5.148628779632689e-15,2.91818473244927e-16,0.2746820264716836,-2.374338236178134e-14,0.1793425175031026,-3.110855370608213e-13,True
Total emissions + ISI,TotEmiss_primary,full_TotEmiss,TotEmiss,ISI,TAC,2,0.25,10693003.90028964,2,0.8333333333333334,19.12191157881198,12.948441880681113,True,9.749693429892954e-09,0.3811552166767206,3,3,LOCALLY_SOLVED,Solve_Succeeded,0.832261667,0.1672776515225764,10693004.218208272,47.9751213376064,12.95195893270374,503.5799878010306,1.592252629154286e-16,1.592252629154286e-16,9.837873009022622e-09,9.749693429892954e-09,0.2500000097496934,0.1664850812267453,0.5425702860814747,1.0000000044663877,0.3785341751180954,1.6059264421569285e-06,7.589611873090817e-07,-7.352036279192902e-09,-4.560626193798014e-09,3.547219012918115e-09,-1.1203209685280617e-10,-6.963950762273105e-09,-3.899743821411278e-09,5.866681083385719e-09,1.7003390478251923e-10,-4.6482345121238506e-09,0.1499581437410174,4.9452508860386635e-08,1.2423032650126949e-08,-7.13033499438601e-09,-4.352340589979882e-09,3.823191799752689e-09,2.7439686095457028e-11,-4.648234532980286e-09,9.930896131470113e-08,3.074415478130355e-07,3.7436522931785283e-08,-7.674717576691738e-09,-5.072897620857136e-09,1.3622849855956335e-09,-2.608094584538388e-10,-4.769265642954545e-09,9.036404453288056e-09,3.206674599118771e-08,-4.4186589005787975e-09,-2.999549007462305e-09,1.1399264858202102e-08,2.1223326044147836e-08,-5.044914293312981e-09,0.5454167829283159,-9.078928728580996e-09,-8.169389060326588e-09,-9.837873009022622e-09,-3.825995331602648e-09,5.7039601773918625e-09,1.3117785564878932e-08,-1.3558526930567202e-09,0.4545832817144475,0.0002304512483056,6.449304059419874e-09,-9.094507061507636e-09,-5.895445146835941e-09,2.4171544834824124e-09,1.3987887164537736e-08,8.637324750357306e-10,-8.16892919910322e-10,-6.944589886010612e-09,1.1035792484634136e-08,-1.6644768675274061e-09,-7.737723069192334e-10,-5.938246273512627e-09,1.825189670386668e-08,2.5262180139117136e-09,-5.164705013470943e-10,0.2283453552420037,1.538522497878695e-07,1.845707708018861e-07,-7.922594438206674e-10,-6.627427716560275e-09,1.1894374488119477e-08,4.076753362753615e-10,-5.164705036644758e-10,1.5122046382011306e-07,9.564848154183324e-07,5.561997692722384e-07,-8.527463974101926e-10,-7.724639559032456e-09,4.238219955186414e-09,-3.874883382742747e-09,1.6672945580265225e-15,-1.9904183849723402e-16,0.2740436177492446,-8.23275133971488e-14,0.1806410510633229,-4.94526482758411e-13,False
Total emissions + ISI,TotEmiss_primary,full_TotEmiss,TotEmiss,ISI,TAC,2,0.25,10693003.90028964,3,0.6666666666666666,17.887217639185806,12.948441880681113,True,9.749693487015176e-09,0.3048807194355236,3,2,LOCALLY_SOLVED,Solve_Succeeded,1.50481425,0.1672776515222271,10693004.218208274,47.97512133757398,12.951958932693904,503.5799878010304,1.592252629154286e-16,1.592252629154286e-16,9.837873008911214e-09,9.749693487015176e-09,0.2500000097496934,0.1664850812263966,0.5425702860808672,1.0000000044682067,0.3785341751166694,1.6059267268048968e-06,7.589611563320697e-07,-7.3520304698709744e-09,-4.560761523881286e-09,3.547252823150405e-09,-1.1202957414542479e-10,-6.963950760840684e-09,-3.8997438170832405e-09,5.866681066580806e-09,1.7003390006555102e-10,-4.648234515173179e-09,0.1499581437405071,4.94525085176743e-08,1.2423032554720464e-08,-7.1303349931912754e-09,-4.352340587672016e-09,3.823191789063027e-09,2.743968291446832e-11,-4.648234536076964e-09,9.930896121036768e-08,3.0744153642475157e-07,3.7436520361395824e-08,-7.674712701103109e-09,-5.072889109658779e-09,1.3623008913487178e-09,-2.6080811962830283e-10,-4.7692429479845125e-09,9.036661828996785e-09,3.206677825687962e-08,-4.418716974311737e-09,-2.9995489944837804e-09,1.1399264918536515e-08,2.1223325982657803e-08,-5.0449143047605525e-09,0.5454167829301186,-9.078928729238812e-09,-8.169389060755713e-09,-9.837873008911214e-09,-3.825995321960554e-09,5.7039602010588366e-09,1.3117785541506331e-08,-1.3558526965909452e-09,0.4545832817144141,0.0002304512483054,6.449304110585077e-09,-9.094507056870209e-09,-5.895429941128699e-09,2.4170785983254763e-09,1.3987983533463465e-08,8.637407462565981e-10,-8.168922744301078e-10,-6.944795956819231e-09,1.1035897672023482e-08,-1.664439387303454e-09,-7.737723067600757e-10,-5.938246266922207e-09,1.8251896651584737e-08,2.526217943831044e-09,-5.164705016859086e-10,0.2283453552412267,1.5385224872165338e-07,1.8457076938441833e-07,-7.922594436879191e-10,-6.627427713046024e-09,1.1894374454862752e-08,4.076752890149578e-10,-5.164705040085513e-10,1.512204636612417e-07,9.564847799881158e-07,5.56199731083595e-07,-8.527458556781226e-10,-7.724626598798594e-09,4.238269439751566e-09,-3.874863491620498e-09,1.667296214365202e-15,-1.990418437762885e-16,0.2740436177492447,-8.23275135494677e-14,0.1806410510632946,-4.945270844642893e-13,False
Total emissions + ISI,TotEmiss_primary,full_TotEmiss,TotEmiss,ISI,TAC,2,0.25,10693003.90028964,4,0.5,16.65252369955963,12.948441880681113,True,9.310031329712806e-09,0.2286057471676731,3,3,LOCALLY_SOLVED,Solve_Succeeded,1.148282417,0.1672777090119464,10693004.203871742,47.97512663717252,12.95196662218123,503.5799884869949,9.022764898540956e-17,5.032034588719504e-22,9.566569270171077e-09,9.310031329712806e-09,0.2500000093100313,0.1664851382415294,0.5425707611069129,0.999999994746632,0.3785338031949836,2.7124814098379537e-06,1.185411025658103e-06,-4.102623575779152e-09,-2.602498405673116e-09,1.0168604752370469e-08,3.6489847259404637e-10,-2.3710930422836672e-09,5.3980232933680946e-11,1.799996188509952e-08,1.1961990531489531e-09,6.221997065350884e-09,0.1499578206265481,7.798829641905794e-08,1.4288762500536892e-08,-3.22673948787641e-09,-1.3696784934946167e-09,1.2304159096763667e-08,8.879423338001941e-10,6.22199689748319e-09,2.882852307447369e-07,5.122585602060275e-07,5.993812555056785e-08,-5.640955789107955e-09,-4.1157346270275095e-09,4.379089477829271e-09,-4.410044191342095e-11,-8.400919823936204e-10,5.91106122648485e-10,2.804976709666255e-08,-3.5611112890656892e-09,4.193494731631137e-09,2.2943233318360532e-09,1.7801553998973435e-08,-6.419276789972165e-09,0.5454178292547108,-7.461072856883353e-09,-5.222356820189097e-09,-9.566569270171077e-09,1.4775845853758684e-09,1.271461678582063e-09,1.40505816496874e-08,-3.7388932156415944e-09,0.4545821679709897,0.0002304180052847,3.158957077692036e-08,-7.617405857704326e-09,-4.090702659651252e-09,-2.3570529856179513e-09,1.525108669428901e-08,1.1524465050109654e-09,-4.558470639754611e-10,-3.962895299547699e-09,3.1635659229597e-08,5.421348735682975e-09,-2.6345478247596276e-10,8.21971728762869e-11,5.599988142030962e-08,1.7772100218213022e-08,6.91333007261209e-10,0.2283448632267891,2.4263025552595793e-07,2.122901857222624e-07,-3.5852660976404543e-10,-2.0856467969122576e-09,3.82796060788203e-08,1.3192286102174309e-08,6.913329886092432e-10,4.3897978317948563e-07,1.593693298418752e-06,8.905092938941508e-07,-6.26772865456439e-10,-6.267141363882797e-09,1.3623833931024398e-08,-6.552065655708254e-10,5.0921786937233155e-15,2.9006835911790535e-16,0.2740436121896625,-2.3347006837934783e-14,0.1806410248434841,-3.07287286896247e-13,False
Total emissions + ISI,TotEmiss_primary,full_TotEmiss,TotEmiss,ISI,TAC,2,0.25,10693003.90028964,5,0.3333333333333333,15.417829759933458,12.948441880681113,True,9.310031443957252e-09,0.1523312499263305,3,2,LOCALLY_SOLVED,Solve_Succeeded,0.246957417,0.167277709011943,10693004.203871746,47.97512663717225,12.951966622173751,503.5799884869949,9.022764898540956e-17,1.0253141930160176e-16,9.566569268420276e-09,9.310031443957252e-09,0.2500000093100314,0.1664851382415265,0.542570761106451,0.999999994746632,0.3785338031951976,2.712481298506836e-06,1.1854105803788191e-06,-4.102623570288251e-09,-2.60249838333799e-09,1.016860477100668e-08,3.6489844569026335e-10,-2.3710930165098704e-09,5.3980313658763464e-11,1.7999962016401473e-08,1.196198981655314e-09,6.221996972693238e-09,0.1499578206266343,7.798829543746895e-08,1.428876166042812e-08,-3.2267394678786195e-09,-1.369678447052545e-09,1.2304159166206165e-08,8.879422877563848e-10,6.221996805650435e-09,2.882852295845935e-07,5.122585338982446e-07,5.993809846843168e-08,-5.640955788627931e-09,-4.115734620974882e-09,4.3790894741452485e-09,-4.4100452087724136e-11,-8.400919388440293e-10,5.91106264152454e-10,2.8049767280418087e-08,-3.561111351099163e-09,4.193494894133836e-09,2.2943234620966263e-09,1.7801553952449972e-08,-6.419276825566456e-09,0.5454178292544245,-7.461072873697539e-09,-5.222356846126871e-09,-9.566569268420276e-09,1.477584690635819e-09,1.2714617645017676e-09,1.4050581622231291e-08,-3.738893236219705e-09,0.454582167971276,0.0002304180052833,3.158957062005141e-08,-7.617405781076541e-09,-4.090702646179329e-09,-2.3570529247780322e-09,1.5251086739089272e-08,1.152446484341438e-09,-4.558470633653609e-10,-3.9628952655373935e-09,3.1635659287576335e-08,5.421348335969626e-09,-2.6345477961220765e-10,8.219729579857162e-11,5.5999881828804583e-08,1.7772099156021808e-08,6.91332996965915e-10,0.2283448632269204,2.4263025247212564e-07,2.1229017324064634e-07,-3.585266075420687e-10,-2.085646726193648e-09,3.827960629486361e-08,1.319228541809486e-08,6.913329784056034e-10,4.389797814129037e-07,1.5936932165723167e-06,8.905088915309849e-07,-6.26772865403103e-10,-6.267141354666298e-09,1.362383391956299e-08,-6.552067167319012e-10,5.092178643101188e-15,2.900683594076481e-16,0.2740436121896647,-2.3347008530146602e-14,0.1806410248434795,-3.0728728703862633e-13,False
Total emissions + ISI,TotEmiss_primary,full_TotEmiss,TotEmiss,ISI,TAC,2,0.25,10693003.90028964,6,0.1666666666666666,14.183135820307283,12.948441880681113,True,9.749693487015176e-09,0.0760572277101859,3,3,LOCALLY_SOLVED,Solve_Succeeded,0.350289292,0.1672776515225735,10693004.218208274,47.97512133760618,12.951958932692673,503.5799878010308,8.120488408686858e-17,1.0253141930160176e-16,9.837873007343596e-09,9.749693487015176e-09,0.2500000097496934,0.166485081226743,0.542570286080791,1.0000000044663877,0.378534175118415,1.6059262671714778e-06,7.589605259464829e-07,-7.352036298940707e-09,-4.560626207774046e-09,3.547218891505684e-09,-1.1203214755533099e-10,-6.9639507448450885e-09,-3.899743764017784e-09,5.866681203993839e-09,1.7003382941789174e-10,-4.648234561474103e-09,0.1499581437411447,4.94525074954869e-08,1.2423031163018986e-08,-7.130334982659712e-09,-4.352340560734389e-09,3.823191848692778e-09,2.7439633830073918e-11,-4.648234582330486e-09,9.930896024583957e-08,3.074415066416107e-07,3.743648294128751e-08,-7.674717582852956e-09,-5.0728976221017165e-09,1.3622849537200695e-09,-2.6080948233679724e-10,-4.769265672763348e-09,9.036405034322072e-09,3.206674601892471e-08,-4.418659042352882e-09,-2.9995488299099267e-09,1.1399265669920292e-08,2.1223325798165312e-08,-5.0449145433027974e-09,0.5454167829278891,-9.078928739183516e-09,-8.169389077072708e-09,-9.837873007343596e-09,-3.825995211320892e-09,5.703960456928451e-09,1.3117785518831169e-08,-1.3558527684468703e-09,0.4545832817148744,0.0002304512483047,6.449304136072741e-09,-9.094506989758951e-09,-5.895445136906078e-09,2.417154676264359e-09,1.3987887188182884e-08,8.637324290423674e-10,-8.168929221045227e-10,-6.944589907292297e-09,1.1035792106906573e-08,-1.6644776208220603e-09,-7.737723049827872e-10,-5.938246186117989e-09,1.8251897079091943e-08,2.5262168942086767e-09,-5.164705068304556e-10,0.2283453552421975,1.538522455415148e-07,1.8457074870771064e-07,-7.922594425177455e-10,-6.627427672027364e-09,1.189437464037753e-08,4.076745597610982e-10,-5.164705091478317e-10,1.512204621925284e-07,9.564846873294553e-07,5.561991751277001e-07,-8.527463980947725e-10,-7.724639560927613e-09,4.238219856017993e-09,-3.8748837375752725e-09,1.6672945155710804e-15,-1.9904183133256183e-16,0.2740436177492464,-8.232751540977102e-14,0.1806410510633193,-4.945264802664083e-13,False
Total emissions + ISI,TotEmiss_primary,full_TotEmiss,TotEmiss,ISI,TAC,2,0.25,10693003.90028964,7,0.0,12.948441880681113,12.948441880681113,True,9.302255110056152e-09,0.0011036388740447,9,1,LOCALLY_SOLVED,Solve_Succeeded,0.589039083,0.1660560646761793,10693004.203618174,47.86169672106588,12.930576718948233,503.57998847913893,1.592252629154286e-16,1.592252629154286e-16,9.565363616620596e-09,9.302255110056152e-09,0.2500000093022551,0.1652648152892019,0.5412493776751276,0.9999999946437912,0.3783342944565649,2.693252373230211e-06,1.1756405585948934e-06,-4.089998037319043e-09,-2.607954165334406e-09,1.0153279159753605e-08,3.636884983175166e-10,-2.3535531317351376e-09,3.604046977261581e-11,1.7959318606399613e-08,1.188761483678003e-09,6.95497391874019e-09,0.021868988057686,8.208877092067927e-08,1.4807156277524796e-08,-3.2134215364785843e-09,-1.3806479699508676e-09,1.2292324552692614e-08,8.821106703064933e-10,5.572889254883937e-09,0.1281013615013941,5.070931509029056e-07,5.8855648095103034e-08,-5.633711200672042e-09,-4.1179915954427765e-09,4.380763004161514e-09,-4.416309342798875e-11,-8.14780628863061e-10,5.738010840453048e-10,2.8039812813553068e-08,-3.5525394284154693e-09,4.2419781976943644e-09,2.291375899252132e-09,1.7869732664632708e-08,-6.414244093751765e-09,0.9999996369217652,-7.456382205258291e-09,-5.190333822740468e-09,-9.565363616620596e-09,1.5077490101366846e-09,1.2682422092295074e-09,1.4132457605557692e-08,-3.740531476278082e-09,3.599364387340436e-07,2.9586738918865462e-08,1.6807512299039553e-08,-8.229525048802873e-09,-4.079558445814027e-09,-2.380540192986844e-09,1.5281917845288282e-08,1.1562744878044901e-09,-4.544442263687824e-10,-3.971202933577391e-09,3.158797960812232e-08,5.403371975003104e-09,-2.615059035261263e-10,5.4879806244664974e-11,5.5873435664354354e-08,1.7661599186073188e-08,7.727748798600208e-10,0.0333005045423856,2.553872873087799e-07,2.199920361232255e-07,-3.5704683738650927e-10,-2.10235031787973e-09,3.8242787497265914e-08,1.3105644244553614e-08,6.19209917209326e-10,0.1950634368316682,1.577623136142373e-06,8.744267716986734e-07,-6.259679111857823e-10,-6.2705781112424085e-09,1.3629040457391376e-08,-6.561373880729757e-10,5.148608326259677e-15,2.918198643567758e-16,0.274682026473212,-2.3744086988261107e-14,0.1793425174881553,-3.110855996598659e-13,True
Total emissions + ISI,TotEmiss_primary,full_TotEmiss,TotEmiss,ISI,TAC,3,0.5,18845020.024323534,6,0.1666666666666666,11.521017727282564,9.753900169051446,False,0.2121101479232505,0.0872669091113774,3,3,ALMOST_LOCALLY_SOLVED,Solved_To_Acceptable_Level,2.654816917,0.0006548067070175,11928518.640557325,32.50021162397123,10.10838404622211,503.5799899503168,4.511382449270478e-17,5.126570965080088e-17,8.204641905208281e-09,0.0,0.2878898520767495,1.1353365755179232e-08,0.3669055015750601,0.9999999764296468,0.3478612933449698,0.0001146192069785,7.143665755267993e-06,-3.462054366055823e-09,-3.3956358271759606e-09,7.541283906831224e-09,1.6896439242755534e-10,-4.531150829644167e-09,-4.075074171778751e-09,5.379125563262454e-09,1.1216638894787274e-11,3.054449013660536e-08,0.1378909836809114,2.782152669190156e-05,4.507786541429414e-07,-4.177415926484288e-09,-3.847297757693296e-09,6.198796186777843e-09,6.95043099613492e-11,-2.6660588984141503e-09,-2.8043057875175093e-09,9.69744702724781e-09,3.192375032538471e-10,-6.569101949248346e-09,-5.223279718376855e-09,1.4454565349980314e-09,-2.7209241573534417e-10,-2.822325630268553e-10,-2.1220948431791398e-09,2.3990697896926916e-08,-1.4202629578222543e-09,-2.478342577951521e-09,-3.909313726883483e-09,1.981620318977293e-08,7.210884656098444e-10,0.9999999750894316,1.4219218772206278e-08,1.7115153560875033e-08,-8.204641905208281e-09,-1.789308450423653e-09,-3.4055606955165287e-09,2.185328355580064e-08,-1.379861717896388e-10,1.601188805085348e-09,-1.0048652261356923e-09,2.7392109184477572e-08,-3.063533013924241e-09,-5.865210295061343e-09,-6.8237853762364764e-09,7.24112657377872e-09,3.002692642051275e-09,-3.8467270733953574e-10,-5.170627282290666e-09,2.3461772154586023e-08,2.510328116066536e-09,-5.034612032937963e-10,-6.205226579754008e-09,1.6735057307927634e-08,1.6664720643683947e-10,3.393832237400594e-09,0.2099703615141151,8.655586081924928e-05,6.697282861552272e-06,-4.6415732516492064e-10,-5.858385221942065e-09,1.9285143692197733e-08,1.0326354622829022e-09,-2.9622876649046107e-10,-4.270192903719843e-09,3.0169835195882075e-08,4.742957191200014e-09,-7.299002165831491e-10,-7.953630480255666e-09,4.496975886660542e-09,-4.042515890925113e-09,1.7535921091056144e-11,-6.46027380065507e-13,0.379110916601526,-4.1079536367119266e-10,2.411804537780448e-10,-7.44509140708768e-09,False
Total emissions + ISI,TotEmiss_primary,full_TotEmiss,TotEmiss,ISI,TAC,3,0.5,18845020.024323534,7,0.0,9.753900169051446,9.753900169051446,True,8.986074634594211e-09,-9.835289704915132e-09,3,3,LOCALLY_SOLVED,Solve_Succeeded,0.181486167,0.0887528701156256,18845020.317342035,40.67131111981496,9.753900328260263,503.579987495572,3.1845052583085723e-16,3.1845052583085723e-16,9.93242623926794e-09,9.835289704915132e-09,0.5000000089860747,0.0879078632039805,0.3450069026590148,1.0000000094518111,0.3640828343123092,-6.321062002987563e-09,-9.836315478541061e-09,-9.097759592905222e-09,-4.335984100777045e-09,-2.6155674383056886e-10,-2.4864125009477057e-10,-8.93898842445413e-09,0.0425563795725171,3.0433280771545494e-09,1.0526259463161955e-09,-8.928234155605689e-09,0.1017643633307456,3.231668995082262e-09,1.6560821199862343e-09,-8.979084516736757e-09,9.680413432976367e-10,1.8090488332392358e-09,4.926946675394301e-10,-8.95076736028553e-09,2.1914608978576124e-08,2.441134838767342e-09,5.782023531936681e-10,-9.256747190856905e-09,-5.8029916489746035e-09,-1.491911019659579e-09,-4.4577614534914387e-10,-4.134252561480177e-09,3.7551733151851476e-08,-6.706168499450122e-09,-9.777018690799596e-09,2.073068005604861e-07,8.438930419375839e-07,-7.130686154556599e-09,-9.815816352361607e-09,0.9999998041121092,-9.447379238125334e-09,-9.082201795966215e-09,-9.925629790408277e-09,1.4024532040661288e-08,2.4473339949508918e-08,-6.823709133455532e-09,-9.792815856350024e-09,5.5857604520545344e-08,-8.128109575339395e-09,-8.220437866553305e-09,-9.871160752501125e-09,-7.546558833888954e-09,3.967854558705913e-08,-4.4193452516580014e-09,-9.57613600278744e-09,-1.0108621769894687e-09,-6.602521244365045e-09,-8.137320919173253e-10,-3.694098572836591e-09,-9.932209360504583e-10,0.0648017598036055,9.468131795591933e-09,1.56390140595549e-08,-9.920260172895204e-10,0.1549593714354536,1.0054081318033703e-08,2.4604648639795482e-08,-9.976760574151944e-10,1.4740629545668556e-09,5.6281519256331795e-09,7.320035060585816e-09,-9.94529706698392e-10,3.3369972762831835e-08,7.594641720609507e-09,8.590434961734497e-09,-1.0285274656507667e-09,-8.836373647302234e-09,-4.641500950052023e-09,-6.622959873758709e-09,-5.954778300271866e-14,0.0383015290931193,0.3465878443627516,-7.538965177358318e-12,-2.9874744247687196e-11,-1.012547712970466e-11,True
Total emissions + ISI,TotEmiss_primary,full_TotEmiss,TotEmiss,ISI,TAC,4,0.75,26997036.148357425,6,0.1666666666666666,10.025977679542276,7.9598521117631,False,0.3491781411141587,-8.634458826879764e-09,3,3,LOCALLY_SOLVED,Solve_Succeeded,0.027489292,0.0100291332823944,15611012.80226621,33.36153824904173,10.025977819312637,503.5799879902887,1.592252629154286e-16,1.592252629154286e-16,9.539466481397012e-09,8.634458826879764e-09,0.4008218588858412,0.0092664966519723,0.3618147715363128,1.0000000050941038,0.3483892320467314,1.0910631386499813e-07,-8.598597393777227e-09,-5.918596892938875e-09,-4.077343053214899e-09,1.2603516024910199e-09,-1.5491642678165374e-10,-5.276845823213797e-09,-3.248843735342641e-09,2.0654489361468752e-09,-4.601804810265179e-11,1.7481263785793076e-09,0.1337548105637281,9.616902025269294e-09,1.9554397204375413e-09,-5.747898814372004e-09,-3.857010450085234e-09,1.5339687083640012e-09,-1.2021514290516094e-10,-4.245778817759132e-09,-1.4954628802020407e-09,3.304392533727344e-09,1.4574477563626555e-10,-7.342073922308692e-09,-5.340444702178393e-09,-3.667301021850982e-10,-3.5665114062101005e-10,7.188573702892164e-10,1.4402683834621109e-08,1.0668180251598365e-08,-4.49044870631947e-09,6.690985257206857e-09,0.0109623456186846,1.4140074056898345e-08,-5.164967964830811e-09,0.999999995205816,-5.627705633449661e-09,-4.3859556847397216e-09,-9.509876566082949e-09,1.9855937203730903e-09,1.2530132568528892e-08,9.688654437963794e-09,-6.005081409804849e-09,3.5801788898310824e-08,7.233852101710166e-09,2.9352903370747063e-09,-8.576375990478421e-09,-5.5499732682535234e-09,-5.121215649061369e-09,4.46780968385852e-09,2.5773539750778853e-09,-6.57621876993208e-10,-6.208681467395414e-09,3.921093874416505e-09,-2.301615483613141e-09,-5.863162025793106e-10,-4.947102960635385e-09,6.425841134679165e-09,-6.836967146679696e-10,1.9423626428658968e-10,0.2036720979038586,2.9919250745282246e-08,2.9052247275072044e-08,-6.386554238191113e-10,-5.873175003538878e-09,4.772347092688004e-09,-1.7860535517338195e-09,-4.717532019732367e-10,-2.277182113034925e-09,1.0280332327151736e-08,2.165350952310231e-09,-8.15785991367632e-10,-8.132040796498916e-09,-1.140938095686972e-09,-5.298816946369292e-09,-6.38120412297782e-12,0.0098661003600091,0.375379306669709,-9.15667778243162e-09,-8.775381176380015e-09,-9.353443839710692e-09,True
Total emissions + ISI,TotEmiss_primary,full_TotEmiss,TotEmiss,ISI,TAC,4,0.75,26997036.148357425,7,0.0,7.9598521117631,7.9598521117631,True,9.246038330885228e-09,-9.692284726525632e-09,3,3,LOCALLY_SOLVED,Solve_Succeeded,0.820282292,0.5342154742127373,26997036.44985284,82.06445182923476,7.959852268657024,503.5799875555272,1.804552979708191e-16,1.592252629154286e-16,9.884803107852008e-09,9.692284726525632e-09,0.7500000092460383,0.5332312964783168,0.2341777251745095,1.0000000090107195,0.4461301039162945,-1.1283616230268646e-09,-9.691632189066841e-09,-8.464356596700458e-09,-3.0459406988548344e-09,9.082812290232295e-11,-1.4948757894855818e-10,-8.121846626518845e-09,0.1768442041724341,2.3575126689933028e-09,8.583337528629512e-10,-8.121846611851871e-09,2.661692493899061e-08,2.507040656301239e-09,1.4680891682694634e-09,-8.22035835546654e-09,4.044379150236469e-09,1.7444693829272836e-09,7.235109178300468e-10,-8.181545771164152e-09,2.3575675332750823e-08,1.8727035834807373e-09,4.5371245289110913e-10,-8.749997187450834e-09,-5.388529664961745e-09,-1.0131513513209034e-09,-3.4915880161998845e-10,-1.582936188749002e-09,3.3987617686445096e-08,-5.072145427202779e-09,-9.603019769604932e-09,0.2867816328789287,2.226249984926238e-07,-5.665685273493703e-09,-9.677678382339758e-09,0.7132183682861226,-9.243926376496031e-09,-8.659092492153012e-09,-9.883846078413868e-09,2.3912428722906946e-08,1.672280512070832e-08,-5.061392411470614e-09,-9.61070934810833e-09,4.717996518089747e-08,-7.482826271485335e-09,-7.418770678734495e-09,-9.793037645700282e-09,-6.263843558907186e-09,3.48708374179212e-08,-3.288212668064092e-10,-8.774053843847897e-09,-9.404840663000507e-10,-4.638136973256225e-09,2.8257638236278246e-10,-2.2209583158071502e-09,-9.02427402946538e-10,0.2692854927171156,7.334483859090276e-09,1.2752387185392416e-08,-9.02427401316874e-10,4.05303175207357e-08,7.799682041826075e-09,2.1811610500003458e-08,-9.13373150607393e-10,6.158486433314622e-09,5.427238080218216e-09,1.0749305064903553e-08,-9.090606412404612e-10,3.58993238021433e-08,5.8261889263845165e-09,6.740870728667908e-09,-9.72221909716759e-10,-8.205261080737202e-09,-3.152026426331699e-09,-5.187502195496972e-09,-2.1002006269336255e-14,0.2322892759057199,0.1818706751296948,-3.0063597295325733e-12,-1.1092594556842297e-11,-4.169743402719575e-12,True
Total emissions + ISI,TotEmiss_primary,full_TotEmiss,TotEmiss,ISI,TAC,5,1.0,35149052.27239132,5,0.3333333333333333,9.564937305749035,4.16910319940448,False,0.4277780473473361,-8.631128550132063e-09,3,3,LOCALLY_SOLVED,Solve_Succeeded,0.018415833,0.0621537771665354,21200038.114458445,38.19327782977352,9.564937445465487,503.5799879919731,3.1845052583085723e-16,3.1845052583085723e-16,9.53812850845837e-09,8.631128550132063e-09,0.5722219526526638,0.0612482216890706,0.3333335248121151,1.000000005074754,0.3512087650221428,1.0979222801571213e-07,-8.592999790367764e-09,-5.909144460234559e-09,-4.074225782957721e-09,1.2708411345022436e-09,-1.5469459884252974e-10,-5.268809331487848e-09,-3.2500731080380253e-09,2.07417663275066e-09,-4.6474035461389143e-11,1.8027290324021214e-09,0.1104961308431063,9.665023028963625e-09,1.9502306693292393e-09,-5.7413165264017604e-09,-3.857794812864159e-09,1.5412167105986259e-09,-1.2056223085683613e-10,-4.234592411463287e-09,-1.4995949128535596e-09,3.316298112830262e-09,1.4482319189625894e-10,-7.338968374101338e-09,-5.3402526200641025e-09,-3.6330290468521806e-10,-3.5669329918130047e-10,7.381932759633135e-10,1.4323897440406137e-08,1.0716907019048917e-08,-4.472730057200331e-09,6.680203821417825e-09,0.0724571844169484,1.4279076149595544e-08,-5.1061418196677535e-09,0.9999999952059888,-5.614251646930661e-09,-4.369738700391708e-09,-9.5085752479744e-09,1.980559381049876e-09,1.2439224544031476e-08,9.751363323907913e-09,-5.978597354216133e-09,3.5674657470349084e-08,7.243585485782417e-09,2.978565272221521e-09,-8.570735672274062e-09,-5.549179929581755e-09,-5.131564250555911e-09,4.474127123160241e-09,2.5800808818131835e-09,-6.565716066927285e-10,-6.203934714958347e-09,3.953727974006979e-09,-2.2983197542318696e-09,-5.854232590542051e-10,-4.948974959966994e-09,6.4529939685576114e-09,-6.904713839977813e-10,2.0030322582245787e-10,0.1682554719656391,3.0068960534553497e-08,2.8974855658605842e-08,-6.379240584890841e-10,-5.874369374134059e-09,4.794896432973502e-09,-1.791210287015851e-09,-4.70510267940365e-10,-2.2834740718451934e-09,1.0317371906583038e-08,2.151658851030133e-09,-8.154409304557039e-10,-8.131748307824881e-09,-1.130275703465123e-09,-5.299443302122178e-09,-6.295475785843908e-12,0.0652114554615833,0.3544464949559993,-9.153399661787938e-09,-8.771104799140113e-09,-9.351602935517761e-09,True
Total emissions + ISI,TotEmiss_primary,full_TotEmiss,TotEmiss,ISI,TAC,5,1.0,35149052.27239132,6,0.1666666666666666,6.867020252576758,4.16910319940448,False,0.0718139906139889,-9.271476035281222e-09,3,3,LOCALLY_SOLVED,Solve_Succeeded,0.018709208,0.4171620398420747,32807337.034725495,71.17396165888125,6.867020402658839,503.579987862542,1.592252629154286e-16,1.592252629154286e-16,9.699820017945102e-09,9.271476035281222e-09,0.9281860093860111,0.416067186928191,0.1666669044977091,1.0000000055711302,0.3825095756400663,1.6250573154697982e-08,-9.292548545695796e-09,-6.044572196858497e-09,-5.153345640361531e-09,-2.6582551964869086e-10,-1.873431842215807e-10,-5.420278435052388e-09,-4.88042028592324e-09,1.0388906757106404e-10,-8.858180612009169e-11,-5.420278220631021e-09,-4.881883788755451e-09,1.1321946031887372e-10,-8.579130850809934e-11,-6.032559383397184e-09,-5.1403209786861064e-09,-2.241613851284199e-10,-1.7858644402103155e-10,-5.5890775450354675e-09,-4.952399121111154e-09,2.50711360868398e-11,-1.113462264898867e-10,-7.441061456512075e-09,-5.7076598099224025e-09,-1.127034327655563e-09,-3.747309110228493e-10,1.8942561979456863e-08,4.474913749556388e-09,7.283837431049612e-09,-1.7270014182070606e-09,0.1583594077385607,0.3825096659800668,1.5262710707808705e-08,2.7485399112138423e-08,0.8416404941067375,-8.637032350208563e-09,-7.070927011127518e-09,-9.699820017945102e-09,1.9599814878827583e-08,3.0274903078011238e-09,7.018843321807259e-09,-3.3636808412829544e-09,1.0933585359257014e-07,-5.635737692535873e-09,-2.322834697220024e-09,-8.999643695061765e-09,-4.210367904964616e-09,-6.081468798922512e-09,1.731069850476407e-09,3.2876507036016454e-09,-6.71619132984277e-10,-7.847139952368694e-09,-8.27012727795927e-10,-2.783384451292055e-09,-6.02253159450265e-10,-7.43154907174675e-09,3.232104324433103e-10,-1.3160725480699335e-09,-6.022531356256687e-10,-7.433777587423072e-09,3.522383209920515e-10,-1.2746137264060471e-09,-6.702843759330203e-10,-7.827306944817479e-09,-6.97390975955084e-10,-2.653284311169611e-09,-6.210086161150515e-10,-7.541153207146528e-09,7.799909004794603e-11,-1.654286793564031e-09,-8.267846062791192e-10,-8.691209256018202e-09,-3.5063290193728623e-09,-5.56743067805376e-09,-2.866561766140951e-11,0.3846404140042505,0.214618286518287,-9.581198492279136e-09,-9.37168052039274e-09,-9.631094136047425e-09,True
Total emissions + ISI,TotEmiss_primary,full_TotEmiss,TotEmiss,ISI,TAC,5,1.0,35149052.27239132,7,0.0,4.16910319940448,4.16910319940448,False,0.0581531792012306,-9.691649133968538e-09,3,3,LOCALLY_SOLVED,Solve_Succeeded,0.013051042,0.9902926356494954,33252789.65434226,124.46109414512055,4.169103356288116,503.5799875864793,1.804552979708191e-16,1.592252629154286e-16,9.88859493651061e-09,9.691649133968538e-09,0.9418468207987694,0.9893507885447336,2.839631289982478e-07,1.0000000081886085,0.477674684743776,-3.837093119685471e-09,-9.714181240661851e-09,-8.320807593564825e-09,-6.003674890362006e-09,-1.5131183867140266e-09,-2.0255063993509095e-10,-8.213310192533595e-09,-5.957927709787645e-09,-1.368583874852171e-09,-9.683027142060109e-11,-8.216976306813023e-09,-5.959923594981914e-09,-1.364467857665263e-09,-9.31233724096126e-11,-8.399647447270461e-09,-6.030909479808915e-09,-1.570075660311663e-09,-2.434552192955834e-10,-8.236858130246495e-09,-5.966997233269686e-09,-1.384609871720021e-09,-1.1052991640393143e-10,-8.713333311003794e-09,-6.14949946117515e-09,-1.920755939258309e-09,-4.089425302887383e-10,1.834039486897702e-08,4.5087041186183574e-09,1.0664618958017132e-08,-1.3604944749449159e-09,0.999998227205319,0.477674796830589,2.5564232500820725e-08,2.5394807233281825e-08,1.6836752333669587e-06,-9.49702309830263e-09,-8.817454539673468e-09,-9.88859493651061e-09,5.470752725740416e-09,-1.102886951449586e-09,1.0168566675270113e-08,3.473316729510186e-12,1.3455678658431948e-07,-8.126873101380971e-09,-5.886147876242887e-09,-9.577787947422422e-09,-5.392174699807099e-09,-6.876654539715983e-09,1.9690499231555588e-09,4.036265057154039e-09,-9.245341770627579e-10,-9.141959492142144e-09,-4.707479425332528e-09,-3.009323793321351e-09,-9.125900213926212e-10,-9.072299012631185e-09,-4.257816499540087e-09,-1.4386211753917874e-09,-9.129973674236688e-10,-9.075338201449734e-09,-4.245011112736373e-09,-1.38354724722853e-09,-9.332941608078284e-10,-9.183430344254484e-09,-4.8846798320807286e-09,-3.6170489723915245e-09,-9.152064589162767e-10,-9.086109423387931e-09,-4.307675156462287e-09,-1.642158758001267e-09,-9.681481456670878e-10,-9.364010543153072e-09,-5.975685144359182e-09,-6.075717592861254e-09,-3.4047835679360495e-11,0.6849069264318809,3.860020649814534e-07,-9.822194447347732e-09,-9.728079451624512e-09,-9.859960705768664e-09,True
