scenario,point_id,objective,dz1,dz2,dz3,dz4,dz5,dz6,dz7,dz8,dz9,dz10,dz11,dz12,dz13,dz14,dz15,dz16,dz17,dz18,dz19,dz20,dz21,dz22,dz23,dz24,dz25,dz26,dz27,dz28,dz29,dz30,dz31,dz32,dz33,dz34,dz35,dz36,dz37,dz38,dz39,dz40,dz41,dz42,dz43,dz44,dz45,dz46,dz47,dz48,dz49,dz50,dz51,dz52,dz53,dz54,dz55,dz56,dz57,dz58,dz59,dz60,dz61,dz62,dz63,dz64,dz65,dz66,dz67,dz68,dz69,dz70,dz71,dz72,dz73,dz74,dz75,dz76,dz77,dz78,dz79,dz80,dz81,dz82
baseline,baseline__TAC,TAC,0.0,0.0,0.0,0.0,8.195539697612527e6,2.873151627218451e7,9.21362997041039e6,7.900656749454473e7,5.704777238666776e7,2.0113764447007e8,6.381756115238031e7,5.456661064390855e8,2.987128190236981e7,1.045623625012952e8,3.3537895085782338e7,2.801235692486331e8,4.626035865681479e7,1.6238860162302184e8,5.184812164476224e7,4.3732373911813253e8,636063.4935508323,2.3301807220987673e6,1.5668501968464786e6,1.3584328158916064e7,4.233961436260259e7,1.4855390682134166e8,4.746724618066746e7,3.99710929849247e8,8.195539697612527e6,2.869501281218451e7,9.19649012741039e6,7.888677740454473e7,5.704777238666776e7,2.0110114101007e8,6.380042130938031e7,5.455463163490855e8,2.987128190236981e7,1.0452585904129519e8,3.352075524278234e7,2.800037791586331e8,4.626035865681479e7,1.6235209816302183e8,5.183098180176224e7,4.3720394902813256e8,636063.4935508323,2.2936772620987673e6,1.5497103538464787e6,1.3464538068916067e7,4.233961436260259e7,1.4851740336134166e8,4.745010633766746e7,3.9959113975924695e8,0.0,0.0,0.0,0.0,0.0,0.0,0.0,0.0,0.0,0.0,0.0,0.0,0.0,0.0,0.0,0.0,0.0,0.0,0.0,0.0,0.0,0.0,0.0,0.0,-882.0,-2540.0,28512.0,-15120.0,-9231.0,-23738.0
baseline,baseline__TAC,TotEmiss,3.570000000000003,5.544000000000005,1.077300000000001,2.3982000000000028,113.37503184,400.4158536,127.25397972,1091.4582319200001,197.52827136,696.5966952,220.76419428,1895.5842847200001,26.282207481599997,92.718144288,29.363549543999998,252.129124656,86.50307863680001,305.048195424,96.60139907040002,829.4646446496,65.4819635904,230.931624672,73.1283478128,627.89000904,147.6622074816,520.689744288,164.88228183840002,1415.7561342816,101.30843184000001,160.6552416,32.33738592,84.60411072000001,185.46167136,301.8812832,61.85598048,188.52428352,14.2156074816,50.172732288000006,15.890835743999999,136.446123456,74.4364786368,142.764983424,33.680615270400004,172.7134634496,53.415363590400005,110.908812672,27.6598240128,162.10406784,135.5956074816,238.668732288,52.51342803840001,217.93677308160002,0.0,0.0,0.0,0.0,0.0,0.0,0.0,0.0,0.0,0.0,0.0,0.0,0.0,0.0,0.0,0.0,0.0,0.0,0.0,0.0,0.0,0.0,0.0,0.0,0.0,0.0,0.0,0.0,0.0,0.0
baseline,baseline__TAC,ISI,0.7872105843439912,2.7783902976846746,0.8798235942668137,7.5545755237045205,21.079750091877983,74.39911797133406,23.559720690922457,202.29474457919883,6.16570809712733,21.761322695743516,6.89108552031878,59.17007266318833,2.147931910059804,7.58093615315225,2.4006297818315456,20.61292639738064,18.24641675854465,64.39911797133406,20.39305402425579,175.10426838872263,17.682880846942442,62.410167695090976,19.763219770112144,169.69621787569974,14.541049836310261,51.32135236344798,16.251761581758526,139.54520095013712,19.833333333333332,70.0,22.166666666666668,190.33333333333334,4.919291338582677,17.362204724409448,5.498031496062992,47.20866141732284,0.9015151515151515,3.1818181818181817,1.0075757575757576,8.651515151515152,17.0,60.0,19.0,163.14285714285714,16.43646408839779,58.011049723756905,18.370165745856355,157.73480662983425,13.294633077765608,46.92223439211391,14.858707557502738,127.58378970427164,1.2464167585446526,4.399117971334069,1.3930540242557883,11.96141124586549,1.2464167585446526,4.399117971334069,1.3930540242557883,11.96141124586549,1.2464167585446526,4.399117971334069,1.3930540242557883,11.96141124586549,1.2464167585446526,4.399117971334069,1.3930540242557883,11.96141124586549,1.2464167585446526,4.399117971334069,1.3930540242557883,11.96141124586549,1.2464167585446526,4.399117971334069,1.3930540242557883,11.96141124586549,0.0,0.0,0.0,0.0,0.0,0.0
baseline,baseline__TotEmiss,TAC,0.0,0.0,0.0,0.0,8.114888937044591e6,2.8706298064073984e7,9.129530436283108e6,7.81721081522533e7,7.932891821845393e10,2.799844017215157e11,8.866184537139035e10,7.612898565192811e11,1.2081176732394516e6,4.347171602653154e6,1.5367420395116152e6,1.3299785025817322e7,1.9643354682774582e9,6.932877851187231e9,2.195587009625157e9,1.8845416939028072e10,8.277751826638384e8,2.921511479723369e9,9.252206592004194e8,7.940240650393669e9,1.7202431926318963e9,6.071209211426746e9,1.9229369995709074e9,1.6503248469533514e10,8.114888937044591e6,2.8669794604073986e7,9.112390593283108e6,7.805231806225331e7,7.932891821845393e10,2.799843652180557e11,8.866182823154735e10,7.61289736729191e11,1.2081176732394516e6,4.310668142653154e6,1.5196021965116153e6,1.3179994935817322e7,1.9643354682774582e9,6.932841347727231e9,2.195569869782157e9,1.8845297148938072e10,8.277751826638384e8,2.921474976263369e9,9.252035193574195e8,7.940120860303669e9,1.7202431926318963e9,6.071172707966747e9,1.9229198597279072e9,1.6503128679443514e10,0.0,0.0,0.0,0.0,0.0,0.0,0.0,0.0,0.0,0.0,0.0,0.0,0.0,0.0,0.0,0.0,0.0,0.0,0.0,0.0,0.0,0.0,0.0,0.0,-882.0,-2540.0,28512.0,-15120.0,-9231.0,-23738.0
baseline,baseline__TotEmiss,TotEmiss,3.570000000000003,5.544000000000005,1.077300000000001,2.3982000000000028,113.37503184,400.4158536,127.25397972,1091.4582319200001,197.52827136,696.5966952,220.76419428,1895.5842847200001,26.282207481599997,92.718144288,29.363549543999998,252.129124656,86.50307863680001,305.048195424,96.60139907040002,829.4646446496,65.4819635904,230.931624672,73.1283478128,627.89000904,147.6622074816,520.689744288,164.88228183840002,1415.7561342816,101.30843184000001,160.6552416,32.33738592,84.60411072000001,185.46167136,301.8812832,61.85598048,188.52428352,14.2156074816,50.172732288000006,15.890835743999999,136.446123456,74.4364786368,142.764983424,33.680615270400004,172.7134634496,53.415363590400005,110.908812672,27.6598240128,162.10406784,135.5956074816,238.668732288,52.51342803840001,217.93677308160002,0.0,0.0,0.0,0.0,0.0,0.0,0.0,0.0,0.0,0.0,0.0,0.0,0.0,0.0,0.0,0.0,0.0,0.0,0.0,0.0,0.0,0.0,0.0,0.0,0.0,0.0,0.0,0.0,0.0,0.0
baseline,baseline__TotEmiss,ISI,0.7872105843439912,2.7783902976846746,0.8798235942668137,7.5545755237045205,21.079750091877983,74.39911797133406,23.559720690922457,202.29474457919883,6.16570809712733,21.761322695743516,6.89108552031878,59.17007266318833,2.147931910059804,7.58093615315225,2.4006297818315456,20.61292639738064,18.24641675854465,64.39911797133406,20.39305402425579,175.10426838872263,17.682880846942442,62.410167695090976,19.763219770112144,169.69621787569974,14.541049836310261,51.32135236344798,16.251761581758526,139.54520095013712,19.833333333333332,70.0,22.166666666666668,190.33333333333334,4.919291338582677,17.362204724409448,5.498031496062992,47.20866141732284,0.9015151515151515,3.1818181818181817,1.0075757575757576,8.651515151515152,17.0,60.0,19.0,163.14285714285714,16.43646408839779,58.011049723756905,18.370165745856355,157.73480662983425,13.294633077765608,46.92223439211391,14.858707557502738,127.58378970427164,1.2464167585446526,4.399117971334069,1.3930540242557883,11.96141124586549,1.2464167585446526,4.399117971334069,1.3930540242557883,11.96141124586549,1.2464167585446526,4.399117971334069,1.3930540242557883,11.96141124586549,1.2464167585446526,4.399117971334069,1.3930540242557883,11.96141124586549,1.2464167585446526,4.399117971334069,1.3930540242557883,11.96141124586549,1.2464167585446526,4.399117971334069,1.3930540242557883,11.96141124586549,0.0,0.0,0.0,0.0,0.0,0.0
baseline,baseline__ISI,TAC,0.0,0.0,0.0,0.0,8.118941751997367e6,2.8731517312982492e7,9.123514193922905e6,7.816438879553501e7,1.4211303766354166e11,5.015754275548182e11,1.588322785502128e11,1.3638054743496963e12,1.204826679810571e6,4.333531409579074e6,2.2585880298664146e6,7.973009701169156e6,-1.055754187440182e10,-3.7262412444425e10,-1.1799507132103765e10,-1.013242686676632e11,-6.812372469038419e9,-2.4044206683555256e10,-7.613760315414273e9,-6.538357762298598e10,-5.363797054202003e9,-1.8931501372655262e10,-5.994703707648802e9,-5.1481474495944145e10,8.118941751997367e6,2.8695013852982495e7,9.106374350922907e6,7.804459870553501e7,1.4211303766354166e11,5.0157539105135815e11,1.5883226141036978e11,1.3638053545596064e12,1.204826679810571e6,4.297027949579074e6,2.2414481868664143e6,7.853219611169156e6,-1.055754187440182e10,-3.7262448947885e10,-1.1799524271946766e10,-1.0132438845775319e11,-6.812372469038419e9,-2.4044243187015255e10,-7.613777455257274e9,-6.538369741307598e10,-5.363797054202003e9,-1.893153787611526e10,-5.994720847491802e9,-5.148159428603415e10,0.0,0.0,0.0,0.0,0.0,0.0,0.0,0.0,0.0,0.0,0.0,0.0,0.0,0.0,0.0,0.0,0.0,0.0,0.0,0.0,0.0,0.0,0.0,0.0,-882.0,-2540.0,28512.0,-15120.0,-9231.0,-23738.0
baseline,baseline__ISI,TotEmiss,3.570000000000003,5.544000000000005,1.077300000000001,2.3982000000000028,113.37503184,400.4158536,127.25397972,1091.4582319200001,197.52827136,696.5966952,220.76419428,1895.5842847200001,26.282207481599997,92.718144288,29.363549543999998,252.129124656,86.50307863680001,305.048195424,96.60139907040002,829.4646446496,65.4819635904,230.931624672,73.1283478128,627.89000904,147.6622074816,520.689744288,164.88228183840002,1415.7561342816,101.30843184000001,160.6552416,32.33738592,84.60411072000001,185.46167136,301.8812832,61.85598048,188.52428352,14.2156074816,50.172732288000006,15.890835743999999,136.446123456,74.4364786368,142.764983424,33.680615270400004,172.7134634496,53.415363590400005,110.908812672,27.6598240128,162.10406784,135.5956074816,238.668732288,52.51342803840001,217.93677308160002,0.0,0.0,0.0,0.0,0.0,0.0,0.0,0.0,0.0,0.0,0.0,0.0,0.0,0.0,0.0,0.0,0.0,0.0,0.0,0.0,0.0,0.0,0.0,0.0,0.0,0.0,0.0,0.0,0.0,0.0
baseline,baseline__ISI,ISI,0.7872105843439912,2.7783902976846746,0.8798235942668137,7.5545755237045205,21.079750091877983,74.39911797133406,23.559720690922457,202.29474457919883,6.16570809712733,21.761322695743516,6.89108552031878,59.17007266318833,2.147931910059804,7.58093615315225,2.4006297818315456,20.61292639738064,18.24641675854465,64.39911797133406,20.39305402425579,175.10426838872263,17.682880846942442,62.410167695090976,19.763219770112144,169.69621787569974,14.541049836310261,51.32135236344798,16.251761581758526,139.54520095013712,19.833333333333332,70.0,22.166666666666668,190.33333333333334,4.919291338582677,17.362204724409448,5.498031496062992,47.20866141732284,0.9015151515151515,3.1818181818181817,1.0075757575757576,8.651515151515152,17.0,60.0,19.0,163.14285714285714,16.43646408839779,58.011049723756905,18.370165745856355,157.73480662983425,13.294633077765608,46.92223439211391,14.858707557502738,127.58378970427164,1.2464167585446526,4.399117971334069,1.3930540242557883,11.96141124586549,1.2464167585446526,4.399117971334069,1.3930540242557883,11.96141124586549,1.2464167585446526,4.399117971334069,1.3930540242557883,11.96141124586549,1.2464167585446526,4.399117971334069,1.3930540242557883,11.96141124586549,1.2464167585446526,4.399117971334069,1.3930540242557883,11.96141124586549,1.2464167585446526,4.399117971334069,1.3930540242557883,11.96141124586549,0.0,0.0,0.0,0.0,0.0,0.0
baseline,baseline__MaxCapture,TAC,0.0,0.0,0.0,0.0,8.114692681617419e6,2.8745720361912046e7,9.159193843807619e6,7.817207356145929e7,7.682402865338268e10,2.7114370304068555e11,8.586228555556621e10,7.372513569106216e11,826151.5291095291,2.9254692399008027e6,967024.0656915882,8.135776176186115e6,1.900683635679654e9,6.708675288185302e9,2.1245351531984649e9,1.8235702181621143e10,8.150356549327843e8,2.876840082692657e9,9.11048380730418e8,7.818967547524023e9,1.5618441868852632e9,5.512567079973738e9,1.7459653826418734e9,1.498366146745292e10,8.114692681617419e6,2.8709216901912045e7,9.142054000807619e6,7.805228347145928e7,7.682402865338268e10,2.7114366653722552e11,8.58622684157232e10,7.372512371205316e11,826151.5291095291,2.8889657799008028e6,949884.2226915882,8.015986086186114e6,1.900683635679654e9,6.708638784725302e9,2.124518013355465e9,1.8235582391531143e10,8.150356549327843e8,2.876803579232657e9,9.110312408874179e8,7.818847757434023e9,1.5618441868852632e9,5.512530576513738e9,1.7459482427988734e9,1.498354167736292e10,0.0,0.0,0.0,0.0,0.0,0.0,0.0,0.0,0.0,0.0,0.0,0.0,0.0,0.0,0.0,0.0,0.0,0.0,0.0,0.0,0.0,0.0,0.0,0.0,-882.0,-2540.0,28512.0,-15120.0,-9231.0,-23738.0
baseline,baseline__MaxCapture,TotEmiss,3.570000000000003,5.544000000000005,1.077300000000001,2.3982000000000028,113.37503184,400.4158536,127.25397972,1091.4582319200001,197.52827136,696.5966952,220.76419428,1895.5842847200001,26.282207481599997,92.718144288,29.363549543999998,252.129124656,86.50307863680001,305.048195424,96.60139907040002,829.4646446496,65.4819635904,230.931624672,73.1283478128,627.89000904,147.6622074816,520.689744288,164.88228183840002,1415.7561342816,101.30843184000001,160.6552416,32.33738592,84.60411072000001,185.46167136,301.8812832,61.85598048,188.52428352,14.2156074816,50.172732288000006,15.890835743999999,136.446123456,74.4364786368,142.764983424,33.680615270400004,172.7134634496,53.415363590400005,110.908812672,27.6598240128,162.10406784,135.5956074816,238.668732288,52.51342803840001,217.93677308160002,0.0,0.0,0.0,0.0,0.0,0.0,0.0,0.0,0.0,0.0,0.0,0.0,0.0,0.0,0.0,0.0,0.0,0.0,0.0,0.0,0.0,0.0,0.0,0.0,0.0,0.0,0.0,0.0,0.0,0.0
baseline,baseline__MaxCapture,ISI,0.7872105843439912,2.7783902976846746,0.8798235942668137,7.5545755237045205,21.079750091877983,74.39911797133406,23.559720690922457,202.29474457919883,6.16570809712733,21.761322695743516,6.89108552031878,59.17007266318833,2.147931910059804,7.58093615315225,2.4006297818315456,20.61292639738064,18.24641675854465,64.39911797133406,20.39305402425579,175.10426838872263,17.682880846942442,62.410167695090976,19.763219770112144,169.69621787569974,14.541049836310261,51.32135236344798,16.251761581758526,139.54520095013712,19.833333333333332,70.0,22.166666666666668,190.33333333333334,4.919291338582677,17.362204724409448,5.498031496062992,47.20866141732284,0.9015151515151515,3.1818181818181817,1.0075757575757576,8.651515151515152,17.0,60.0,19.0,163.14285714285714,16.43646408839779,58.011049723756905,18.370165745856355,157.73480662983425,13.294633077765608,46.92223439211391,14.858707557502738,127.58378970427164,1.2464167585446526,4.399117971334069,1.3930540242557883,11.96141124586549,1.2464167585446526,4.399117971334069,1.3930540242557883,11.96141124586549,1.2464167585446526,4.399117971334069,1.3930540242557883,11.96141124586549,1.2464167585446526,4.399117971334069,1.3930540242557883,11.96141124586549,1.2464167585446526,4.399117971334069,1.3930540242557883,11.96141124586549,1.2464167585446526,4.399117971334069,1.3930540242557883,11.96141124586549,0.0,0.0,0.0,0.0,0.0,0.0
capture_low,capture_low__TAC,TAC,0.0,0.0,0.0,0.0,8.128170935504746e6,2.9006333575039607e7,9.219865046571665e6,7.90641743843567e7,6.567558595688325e7,2.3158806938881025e8,7.34601417490165e7,6.284603617886361e8,3.4478021102135316e7,1.2081663452041216e8,3.868555135252507e7,3.243074628536342e8,5.329627617449479e7,1.872166785185189e8,5.971085010265502e7,5.0482126507921416e8,939951.3284953658,5.938757569750974e6,1.8859440711097494e6,1.6313125852388807e7,4.876177651500965e7,1.7121604828846025e8,5.464411180414883e7,4.613195047155289e8,8.128170935504746e6,2.8969830115039606e7,9.202725203571666e6,7.894438429435672e7,6.567558595688325e7,2.3155156592881024e8,7.34430019060165e7,6.28340571698636e8,3.4478021102135316e7,1.2078013106041215e8,3.866841150952507e7,3.241876727636342e8,5.329627617449479e7,1.871801750585189e8,5.969371025965502e7,5.047014749892141e8,939951.3284953658,5.902254109750973e6,1.8688042281097493e6,1.6193335762388807e7,4.876177651500965e7,1.7117954482846025e8,5.462697196114883e7,4.6119971462552893e8,0.0,0.0,0.0,0.0,0.0,0.0,0.0,0.0,0.0,0.0,0.0,0.0,0.0,0.0,0.0,0.0,0.0,0.0,0.0,0.0,0.0,0.0,0.0,0.0,-882.0,-2540.0,28512.0,-15120.0,-9231.0,-23738.0
capture_low,capture_low__TAC,TotEmiss,3.570000000000003,5.544000000000005,1.077300000000001,2.3982000000000028,113.37503184,400.4158536,127.25397972,1091.4582319200001,197.52827136,696.5966952,220.76419428,1895.5842847200001,26.282207481599997,92.718144288,29.363549543999998,252.129124656,86.50307863680001,305.048195424,96.60139907040002,829.4646446496,65.4819635904,230.931624672,73.1283478128,627.89000904,147.6622074816,520.689744288,164.88228183840002,1415.7561342816,101.30843184000001,160.6552416,32.33738592,84.60411072000001,185.46167136,301.8812832,61.85598048,188.52428352,14.2156074816,50.172732288000006,15.890835743999999,136.446123456,74.4364786368,142.764983424,33.680615270400004,172.7134634496,53.415363590400005,110.908812672,27.6598240128,162.10406784,135.5956074816,238.668732288,52.51342803840001,217.93677308160002,0.0,0.0,0.0,0.0,0.0,0.0,0.0,0.0,0.0,0.0,0.0,0.0,0.0,0.0,0.0,0.0,0.0,0.0,0.0,0.0,0.0,0.0,0.0,0.0,0.0,0.0,0.0,0.0,0.0,0.0
capture_low,capture_low__TAC,ISI,0.7872105843439912,2.7783902976846746,0.8798235942668137,7.5545755237045205,21.079750091877983,74.39911797133406,23.559720690922457,202.29474457919883,6.16570809712733,21.761322695743516,6.89108552031878,59.17007266318833,2.147931910059804,7.58093615315225,2.4006297818315456,20.61292639738064,18.24641675854465,64.39911797133406,20.39305402425579,175.10426838872263,17.682880846942442,62.410167695090976,19.763219770112144,169.69621787569974,14.541049836310261,51.32135236344798,16.251761581758526,139.54520095013712,19.833333333333332,70.0,22.166666666666668,190.33333333333334,4.919291338582677,17.362204724409448,5.498031496062992,47.20866141732284,0.9015151515151515,3.1818181818181817,1.0075757575757576,8.651515151515152,17.0,60.0,19.0,163.14285714285714,16.43646408839779,58.011049723756905,18.370165745856355,157.73480662983425,13.294633077765608,46.92223439211391,14.858707557502738,127.58378970427164,1.2464167585446526,4.399117971334069,1.3930540242557883,11.96141124586549,1.2464167585446526,4.399117971334069,1.3930540242557883,11.96141124586549,1.2464167585446526,4.399117971334069,1.3930540242557883,11.96141124586549,1.2464167585446526,4.399117971334069,1.3930540242557883,11.96141124586549,1.2464167585446526,4.399117971334069,1.3930540242557883,11.96141124586549,1.2464167585446526,4.399117971334069,1.3930540242557883,11.96141124586549,0.0,0.0,0.0,0.0,0.0,0.0
capture_low,capture_low__TotEmiss,TAC,0.0,0.0,0.0,0.0,8.115369073134801e6,2.870111090649072e7,9.125955505054917e6,7.817211265390451e7,8.15709911569734e10,2.8789758473560126e11,9.116769203201257e10,7.828060930246619e11,1.6824289116821736e6,8.848123004783101e6,2.821002756778906e6,2.4670088295723725e7,2.0615021086133206e9,7.275516415128831e9,2.30412208412216e9,1.9776763243785717e10,8.98163652617494e8,3.1696295469234405e9,1.0038303583140965e9,8.613349486461943e9,1.7033234603849225e9,6.011371791878449e9,1.9039938342328033e9,1.6340833820358162e10,8.115369073134801e6,2.866460744649072e7,9.108815662054917e6,7.805232256390451e7,8.15709911569734e10,2.878975482321413e11,9.116767489216957e10,7.828059732345719e11,1.6824289116821736e6,8.811619544783102e6,2.803862913778906e6,2.4550298205723725e7,2.0615021086133206e9,7.275479911668831e9,2.30410494427916e9,1.9776643453695717e10,8.98163652617494e8,3.1695930434634404e9,1.0038132184710964e9,8.613229696371943e9,1.7033234603849225e9,6.011335288418449e9,1.9039766943898034e9,1.6340714030268162e10,0.0,0.0,0.0,0.0,0.0,0.0,0.0,0.0,0.0,0.0,0.0,0.0,0.0,0.0,0.0,0.0,0.0,0.0,0.0,0.0,0.0,0.0,0.0,0.0,-882.0,-2540.0,28512.0,-15120.0,-9231.0,-23738.0
capture_low,capture_low__TotEmiss,TotEmiss,3.570000000000003,5.544000000000005,1.077300000000001,2.3982000000000028,113.37503184,400.4158536,127.25397972,1091.4582319200001,197.52827136,696.5966952,220.76419428,1895.5842847200001,26.282207481599997,92.718144288,29.363549543999998,252.129124656,86.50307863680001,305.048195424,96.60139907040002,829.4646446496,65.4819635904,230.931624672,73.1283478128,627.89000904,147.6622074816,520.689744288,164.88228183840002,1415.7561342816,101.30843184000001,160.6552416,32.33738592,84.60411072000001,185.46167136,301.8812832,61.85598048,188.52428352,14.2156074816,50.172732288000006,15.890835743999999,136.446123456,74.4364786368,142.764983424,33.680615270400004,172.7134634496,53.415363590400005,110.908812672,27.6598240128,162.10406784,135.5956074816,238.668732288,52.51342803840001,217.93677308160002,0.0,0.0,0.0,0.0,0.0,0.0,0.0,0.0,0.0,0.0,0.0,0.0,0.0,0.0,0.0,0.0,0.0,0.0,0.0,0.0,0.0,0.0,0.0,0.0,0.0,0.0,0.0,0.0,0.0,0.0
capture_low,capture_low__TotEmiss,ISI,0.7872105843439912,2.7783902976846746,0.8798235942668137,7.5545755237045205,21.079750091877983,74.39911797133406,23.559720690922457,202.29474457919883,6.16570809712733,21.761322695743516,6.89108552031878,59.17007266318833,2.147931910059804,7.58093615315225,2.4006297818315456,20.61292639738064,18.24641675854465,64.39911797133406,20.39305402425579,175.10426838872263,17.682880846942442,62.410167695090976,19.763219770112144,169.69621787569974,14.541049836310261,51.32135236344798,16.251761581758526,139.54520095013712,19.833333333333332,70.0,22.166666666666668,190.33333333333334,4.919291338582677,17.362204724409448,5.498031496062992,47.20866141732284,0.9015151515151515,3.1818181818181817,1.0075757575757576,8.651515151515152,17.0,60.0,19.0,163.14285714285714,16.43646408839779,58.011049723756905,18.370165745856355,157.73480662983425,13.294633077765608,46.92223439211391,14.858707557502738,127.58378970427164,1.2464167585446526,4.399117971334069,1.3930540242557883,11.96141124586549,1.2464167585446526,4.399117971334069,1.3930540242557883,11.96141124586549,1.2464167585446526,4.399117971334069,1.3930540242557883,11.96141124586549,1.2464167585446526,4.399117971334069,1.3930540242557883,11.96141124586549,1.2464167585446526,4.399117971334069,1.3930540242557883,11.96141124586549,1.2464167585446526,4.399117971334069,1.3930540242557883,11.96141124586549,0.0,0.0,0.0,0.0,0.0,0.0
capture_low,capture_low__ISI,TAC,0.0,0.0,0.0,0.0,8.128171569140311e6,2.875570209794811e7,9.116377771044588e6,7.821535327889737e7,1.2707756806045758e11,4.485087331917649e11,1.4202785150137723e11,1.2195150030067446e12,1.9558265009121648e6,9.667846526736345e6,2.9768691181405266e6,2.09804561075793e7,-1.0295538716947853e10,-3.633866298858358e10,-1.150690459058202e10,-9.88112524403353e10,-6.565964287172505e9,-2.3175078495362507e10,-7.3384636875503645e9,-6.301948529760221e10,-4.299283273581101e9,-1.5174691706942667e10,-4.805015538352693e9,-4.1266273815402794e10,8.128171569140311e6,2.871919863794811e7,9.099237928044587e6,7.809556318889739e7,1.2707756806045758e11,4.4850869668830493e11,1.4202783436153424e11,1.2195148832166545e12,1.9558265009121648e6,9.631343066736344e6,2.9597292751405262e6,2.08606660175793e7,-1.0295538716947853e10,-3.633869949204358e10,-1.150692173042502e10,-9.88113722304253e10,-6.565964287172505e9,-2.3175114998822506e10,-7.338480827393364e9,-6.301960508769221e10,-4.299283273581101e9,-1.5174728210402666e10,-4.805032678195693e9,-4.126639360549279e10,0.0,0.0,0.0,0.0,0.0,0.0,0.0,0.0,0.0,0.0,0.0,0.0,0.0,0.0,0.0,0.0,0.0,0.0,0.0,0.0,0.0,0.0,0.0,0.0,-882.0,-2540.0,28512.0,-15120.0,-9231.0,-23738.0
capture_low,capture_low__ISI,TotEmiss,3.570000000000003,5.544000000000005,1.077300000000001,2.3982000000000028,113.37503184,400.4158536,127.25397972,1091.4582319200001,197.52827136,696.5966952,220.76419428,1895.5842847200001,26.282207481599997,92.718144288,29.363549543999998,252.129124656,86.50307863680001,305.048195424,96.60139907040002,829.4646446496,65.4819635904,230.931624672,73.1283478128,627.89000904,147.6622074816,520.689744288,164.88228183840002,1415.7561342816,101.30843184000001,160.6552416,32.33738592,84.60411072000001,185.46167136,301.8812832,61.85598048,188.52428352,14.2156074816,50.172732288000006,15.890835743999999,136.446123456,74.4364786368,142.764983424,33.680615270400004,172.7134634496,53.415363590400005,110.908812672,27.6598240128,162.10406784,135.5956074816,238.668732288,52.51342803840001,217.93677308160002,0.0,0.0,0.0,0.0,0.0,0.0,0.0,0.0,0.0,0.0,0.0,0.0,0.0,0.0,0.0,0.0,0.0,0.0,0.0,0.0,0.0,0.0,0.0,0.0,0.0,0.0,0.0,0.0,0.0,0.0
capture_low,capture_low__ISI,ISI,0.7872105843439912,2.7783902976846746,0.8798235942668137,7.5545755237045205,21.079750091877983,74.39911797133406,23.559720690922457,202.29474457919883,6.16570809712733,21.761322695743516,6.89108552031878,59.17007266318833,2.147931910059804,7.58093615315225,2.4006297818315456,20.61292639738064,18.24641675854465,64.39911797133406,20.39305402425579,175.10426838872263,17.682880846942442,62.410167695090976,19.763219770112144,169.69621787569974,14.541049836310261,51.32135236344798,16.251761581758526,139.54520095013712,19.833333333333332,70.0,22.166666666666668,190.33333333333334,4.919291338582677,17.362204724409448,5.498031496062992,47.20866141732284,0.9015151515151515,3.1818181818181817,1.0075757575757576,8.651515151515152,17.0,60.0,19.0,163.14285714285714,16.43646408839779,58.011049723756905,18.370165745856355,157.73480662983425,13.294633077765608,46.92223439211391,14.858707557502738,127.58378970427164,1.2464167585446526,4.399117971334069,1.3930540242557883,11.96141124586549,1.2464167585446526,4.399117971334069,1.3930540242557883,11.96141124586549,1.2464167585446526,4.399117971334069,1.3930540242557883,11.96141124586549,1.2464167585446526,4.399117971334069,1.3930540242557883,11.96141124586549,1.2464167585446526,4.399117971334069,1.3930540242557883,11.96141124586549,1.2464167585446526,4.399117971334069,1.3930540242557883,11.96141124586549,0.0,0.0,0.0,0.0,0.0,0.0
capture_low,capture_low__MaxCapture,TAC,0.0,0.0,0.0,0.0,8.114692416489612e6,2.8745720331342082e7,9.159193839168388e6,7.81720735614587e7,7.682364878853325e10,2.7114236233031058e11,8.586186099513419e10,7.372477115513936e11,826151.5291076308,2.9254692398944884e6,967024.065689514,8.135776176167417e6,1.9006946337693732e9,6.708714138403187e9,2.1245474560169737e9,1.8235807618511967e10,8.150378151759193e8,2.87684772363638e9,9.110508003276746e8,7.818988229526666e9,1.561870013607741e9,5.512658254114843e9,1.7459942558944635e9,1.4983909099651733e10,8.114692416489612e6,2.870921687134208e7,9.142053996168388e6,7.805228347145872e7,7.682364878853325e10,2.711423258268506e11,8.58618438552912e10,7.372475917613036e11,826151.5291076308,2.888965779894488e6,949884.222689514,8.0159860861674175e6,1.9006946337693732e9,6.708677634943187e9,2.1245303161739738e9,1.8235687828421967e10,8.150378151759193e8,2.87681122017638e9,9.110336604846746e8,7.818868439436666e9,1.561870013607741e9,5.512621750654843e9,1.7459771160514634e9,1.4983789309561733e10,0.0,0.0,0.0,0.0,0.0,0.0,0.0,0.0,0.0,0.0,0.0,0.0,0.0,0.0,0.0,0.0,0.0,0.0,0.0,0.0,0.0,0.0,0.0,0.0,-882.0,-2540.0,28512.0,-15120.0,-9231.0,-23738.0
capture_low,capture_low__MaxCapture,TotEmiss,3.570000000000003,5.544000000000005,1.077300000000001,2.3982000000000028,113.37503184,400.4158536,127.25397972,1091.4582319200001,197.52827136,696.5966952,220.76419428,1895.5842847200001,26.282207481599997,92.718144288,29.363549543999998,252.129124656,86.50307863680001,305.048195424,96.60139907040002,829.4646446496,65.4819635904,230.931624672,73.1283478128,627.89000904,147.6622074816,520.689744288,164.88228183840002,1415.7561342816,101.30843184000001,160.6552416,32.33738592,84.60411072000001,185.46167136,301.8812832,61.85598048,188.52428352,14.2156074816,50.172732288000006,15.890835743999999,136.446123456,74.4364786368,142.764983424,33.680615270400004,172.7134634496,53.415363590400005,110.908812672,27.6598240128,162.10406784,135.5956074816,238.668732288,52.51342803840001,217.93677308160002,0.0,0.0,0.0,0.0,0.0,0.0,0.0,0.0,0.0,0.0,0.0,0.0,0.0,0.0,0.0,0.0,0.0,0.0,0.0,0.0,0.0,0.0,0.0,0.0,0.0,0.0,0.0,0.0,0.0,0.0
capture_low,capture_low__MaxCapture,ISI,0.7872105843439912,2.7783902976846746,0.8798235942668137,7.5545755237045205,21.079750091877983,74.39911797133406,23.559720690922457,202.29474457919883,6.16570809712733,21.761322695743516,6.89108552031878,59.17007266318833,2.147931910059804,7.58093615315225,2.4006297818315456,20.61292639738064,18.24641675854465,64.39911797133406,20.39305402425579,175.10426838872263,17.682880846942442,62.410167695090976,19.763219770112144,169.69621787569974,14.541049836310261,51.32135236344798,16.251761581758526,139.54520095013712,19.833333333333332,70.0,22.166666666666668,190.33333333333334,4.919291338582677,17.362204724409448,5.498031496062992,47.20866141732284,0.9015151515151515,3.1818181818181817,1.0075757575757576,8.651515151515152,17.0,60.0,19.0,163.14285714285714,16.43646408839779,58.011049723756905,18.370165745856355,157.73480662983425,13.294633077765608,46.92223439211391,14.858707557502738,127.58378970427164,1.2464167585446526,4.399117971334069,1.3930540242557883,11.96141124586549,1.2464167585446526,4.399117971334069,1.3930540242557883,11.96141124586549,1.2464167585446526,4.399117971334069,1.3930540242557883,11.96141124586549,1.2464167585446526,4.399117971334069,1.3930540242557883,11.96141124586549,1.2464167585446526,4.399117971334069,1.3930540242557883,11.96141124586549,1.2464167585446526,4.399117971334069,1.3930540242557883,11.96141124586549,0.0,0.0,0.0,0.0,0.0,0.0
capture_high,capture_high__TAC,TAC,0.0,0.0,0.0,0.0,8.158100994135255e6,2.885697112340362e7,9.132589964110838e6,7.81726794346116e7,2.0071348117543693e9,7.08379699744625e9,2.2433269579232373e9,1.925994116073401e10,1.0298749146958688e9,3.6339766265437202e9,1.1511937432712955e9,9.876733922316532e9,1.6037256778763964e9,5.659312596740025e9,1.7925484270345767e9,1.538368163017524e10,889014.1292802519,2.2208364539146298e6,1.0876732237626617e6,6.501644811148718e6,686786.3125482067,3.621742765664709e6,1.1414830269042868e6,7.122905422583941e6,8.158100994135255e6,2.882046766340362e7,9.115450121110838e6,7.80528893446116e7,2.0071348117543693e9,7.08376049398625e9,2.243309818080237e9,1.925982137064401e10,1.0298749146958688e9,3.63394012308372e9,1.1511766034282956e9,9.876614132226532e9,1.6037256778763964e9,5.659276093280025e9,1.7925312871915767e9,1.538356184008524e10,889014.1292802519,2.18433299391463e6,1.0705333807626616e6,6.381854721148718e6,686786.3125482067,3.585239305664709e6,1.124343183904287e6,7.0031153325839415e6,0.0,0.0,0.0,0.0,0.0,0.0,0.0,0.0,0.0,0.0,0.0,0.0,0.0,0.0,0.0,0.0,0.0,0.0,0.0,0.0,0.0,0.0,0.0,0.0,-882.0,-2540.0,28512.0,-15120.0,-9231.0,-23738.0
capture_high,capture_high__TAC,TotEmiss,3.570000000000003,5.544000000000005,1.077300000000001,2.3982000000000028,113.37503184,400.4158536,127.25397972,1091.4582319200001,197.52827136,696.5966952,220.76419428,1895.5842847200001,26.282207481599997,92.718144288,29.363549543999998,252.129124656,86.50307863680001,305.048195424,96.60139907040002,829.4646446496,65.4819635904,230.931624672,73.1283478128,627.89000904,147.6622074816,520.689744288,164.88228183840002,1415.7561342816,101.30843184000001,160.6552416,32.33738592,84.60411072000001,185.46167136,301.8812832,61.85598048,188.52428352,14.2156074816,50.172732288000006,15.890835743999999,136.446123456,74.4364786368,142.764983424,33.680615270400004,172.7134634496,53.415363590400005,110.908812672,27.6598240128,162.10406784,135.5956074816,238.668732288,52.51342803840001,217.93677308160002,0.0,0.0,0.0,0.0,0.0,0.0,0.0,0.0,0.0,0.0,0.0,0.0,0.0,0.0,0.0,0.0,0.0,0.0,0.0,0.0,0.0,0.0,0.0,0.0,0.0,0.0,0.0,0.0,0.0,0.0
capture_high,capture_high__TAC,ISI,0.7872105843439912,2.7783902976846746,0.8798235942668137,7.5545755237045205,21.079750091877983,74.39911797133406,23.559720690922457,202.29474457919883,6.16570809712733,21.761322695743516,6.89108552031878,59.17007266318833,2.147931910059804,7.58093615315225,2.4006297818315456,20.61292639738064,18.24641675854465,64.39911797133406,20.39305402425579,175.10426838872263,17.682880846942442,62.410167695090976,19.763219770112144,169.69621787569974,14.541049836310261,51.32135236344798,16.251761581758526,139.54520095013712,19.833333333333332,70.0,22.166666666666668,190.33333333333334,4.919291338582677,17.362204724409448,5.498031496062992,47.20866141732284,0.9015151515151515,3.1818181818181817,1.0075757575757576,8.651515151515152,17.0,60.0,19.0,163.14285714285714,16.43646408839779,58.011049723756905,18.370165745856355,157.73480662983425,13.294633077765608,46.92223439211391,14.858707557502738,127.58378970427164,1.2464167585446526,4.399117971334069,1.3930540242557883,11.96141124586549,1.2464167585446526,4.399117971334069,1.3930540242557883,11.96141124586549,1.2464167585446526,4.399117971334069,1.3930540242557883,11.96141124586549,1.2464167585446526,4.399117971334069,1.3930540242557883,11.96141124586549,1.2464167585446526,4.399117971334069,1.3930540242557883,11.96141124586549,1.2464167585446526,4.399117971334069,1.3930540242557883,11.96141124586549,0.0,0.0,0.0,0.0,0.0,0.0
capture_high,capture_high__TotEmiss,TAC,0.0,0.0,0.0,0.0,8.114737071137096e6,2.870628314766807e7,9.12952871365648e6,7.817210815210114e7,7.774008227282523e10,2.7437674419428534e11,8.688608361122455e10,7.460424325059929e11,1.0024500349420418e6,3.5628662640178776e6,1.3065377757847388e6,1.1247760671562897e7,1.9686315529192567e9,6.948053604792881e9,2.200391485996063e9,1.8886526409260246e10,8.282623087689495e8,2.9232253768900766e9,9.257639480921228e8,7.944838814519993e9,1.7426819221131089e9,6.150394339937964e9,1.9480142002357001e9,1.6718354251364454e10,8.114737071137096e6,2.8669779687668074e7,9.11238887065648e6,7.805231806210114e7,7.774008227282523e10,2.7437670769082535e11,8.688606647138155e10,7.460423127159028e11,1.0024500349420418e6,3.5263628040178777e6,1.289397932784739e6,1.1127970581562897e7,1.9686315529192567e9,6.948017101332881e9,2.2003743461530633e9,1.8886406619170246e10,8.282623087689495e8,2.923188873430077e9,9.257468082491229e8,7.944719024429993e9,1.7426819221131089e9,6.150357836477964e9,1.9479970603927e9,1.6718234461274456e10,0.0,0.0,0.0,0.0,0.0,0.0,0.0,0.0,0.0,0.0,0.0,0.0,0.0,0.0,0.0,0.0,0.0,0.0,0.0,0.0,0.0,0.0,0.0,0.0,-882.0,-2540.0,28512.0,-15120.0,-9231.0,-23738.0
capture_high,capture_high__TotEmiss,TotEmiss,3.570000000000003,5.544000000000005,1.077300000000001,2.3982000000000028,113.37503184,400.4158536,127.25397972,1091.4582319200001,197.52827136,696.5966952,220.76419428,1895.5842847200001,26.282207481599997,92.718144288,29.363549543999998,252.129124656,86.50307863680001,305.048195424,96.60139907040002,829.4646446496,65.4819635904,230.931624672,73.1283478128,627.89000904,147.6622074816,520.689744288,164.88228183840002,1415.7561342816,101.30843184000001,160.6552416,32.33738592,84.60411072000001,185.46167136,301.8812832,61.85598048,188.52428352,14.2156074816,50.172732288000006,15.890835743999999,136.446123456,74.4364786368,142.764983424,33.680615270400004,172.7134634496,53.415363590400005,110.908812672,27.6598240128,162.10406784,135.5956074816,238.668732288,52.51342803840001,217.93677308160002,0.0,0.0,0.0,0.0,0.0,0.0,0.0,0.0,0.0,0.0,0.0,0.0,0.0,0.0,0.0,0.0,0.0,0.0,0.0,0.0,0.0,0.0,0.0,0.0,0.0,0.0,0.0,0.0,0.0,0.0
capture_high,capture_high__TotEmiss,ISI,0.7872105843439912,2.7783902976846746,0.8798235942668137,7.5545755237045205,21.079750091877983,74.39911797133406,23.559720690922457,202.29474457919883,6.16570809712733,21.761322695743516,6.89108552031878,59.17007266318833,2.147931910059804,7.58093615315225,2.4006297818315456,20.61292639738064,18.24641675854465,64.39911797133406,20.39305402425579,175.10426838872263,17.682880846942442,62.410167695090976,19.763219770112144,169.69621787569974,14.541049836310261,51.32135236344798,16.251761581758526,139.54520095013712,19.833333333333332,70.0,22.166666666666668,190.33333333333334,4.919291338582677,17.362204724409448,5.498031496062992,47.20866141732284,0.9015151515151515,3.1818181818181817,1.0075757575757576,8.651515151515152,17.0,60.0,19.0,163.14285714285714,16.43646408839779,58.011049723756905,18.370165745856355,157.73480662983425,13.294633077765608,46.92223439211391,14.858707557502738,127.58378970427164,1.2464167585446526,4.399117971334069,1.3930540242557883,11.96141124586549,1.2464167585446526,4.399117971334069,1.3930540242557883,11.96141124586549,1.2464167585446526,4.399117971334069,1.3930540242557883,11.96141124586549,1.2464167585446526,4.399117971334069,1.3930540242557883,11.96141124586549,1.2464167585446526,4.399117971334069,1.3930540242557883,11.96141124586549,1.2464167585446526,4.399117971334069,1.3930540242557883,11.96141124586549,0.0,0.0,0.0,0.0,0.0,0.0
capture_high,capture_high__ISI,TAC,0.0,0.0,0.0,0.0,8.11893700221189e6,2.8731517313062854e7,9.123518255976548e6,7.816734062825678e7,1.4142314928518192e11,4.991405281866369e11,1.5806122739543198e11,1.357184872088281e12,991258.9328666838,3.5205486578469845e6,2.019910354998898e6,5.82643212968502e6,-1.0552318836973751e10,-3.724398002885126e10,-1.1793669697354898e10,-1.0127413171224605e11,-6.807754489207059e9,-2.402787848096827e10,-7.608590366987562e9,-6.5339190895844986e10,-5.364328872452476e9,-1.893338314567008e10,-5.995299043126285e9,-5.1486571431762245e10,8.11893700221189e6,2.8695013853062853e7,9.106378412976548e6,7.804755053825678e7,1.4142314928518192e11,4.991404916831769e11,1.5806121025558896e11,1.357184752298191e12,991258.9328666838,3.4840451978469845e6,2.0027705119988981e6,5.70664203968502e6,-1.0552318836973751e10,-3.724401653231126e10,-1.1793686837197899e10,-1.0127425150233604e11,-6.807754489207059e9,-2.402791498442827e10,-7.608607506830563e9,-6.533931068593498e10,-5.364328872452476e9,-1.893341964913008e10,-5.995316182969285e9,-5.148669122185225e10,0.0,0.0,0.0,0.0,0.0,0.0,0.0,0.0,0.0,0.0,0.0,0.0,0.0,0.0,0.0,0.0,0.0,0.0,0.0,0.0,0.0,0.0,0.0,0.0,-882.0,-2540.0,28512.0,-15120.0,-9231.0,-23738.0
capture_high,capture_high__ISI,TotEmiss,3.570000000000003,5.544000000000005,1.077300000000001,2.3982000000000028,113.37503184,400.4158536,127.25397972,1091.4582319200001,197.52827136,696.5966952,220.76419428,1895.5842847200001,26.282207481599997,92.718144288,29.363549543999998,252.129124656,86.50307863680001,305.048195424,96.60139907040002,829.4646446496,65.4819635904,230.931624672,73.1283478128,627.89000904,147.6622074816,520.689744288,164.88228183840002,1415.7561342816,101.30843184000001,160.6552416,32.33738592,84.60411072000001,185.46167136,301.8812832,61.85598048,188.52428352,14.2156074816,50.172732288000006,15.890835743999999,136.446123456,74.4364786368,142.764983424,33.680615270400004,172.7134634496,53.415363590400005,110.908812672,27.6598240128,162.10406784,135.5956074816,238.668732288,52.51342803840001,217.93677308160002,0.0,0.0,0.0,0.0,0.0,0.0,0.0,0.0,0.0,0.0,0.0,0.0,0.0,0.0,0.0,0.0,0.0,0.0,0.0,0.0,0.0,0.0,0.0,0.0,0.0,0.0,0.0,0.0,0.0,0.0
capture_high,capture_high__ISI,ISI,0.7872105843439912,2.7783902976846746,0.8798235942668137,7.5545755237045205,21.079750091877983,74.39911797133406,23.559720690922457,202.29474457919883,6.16570809712733,21.761322695743516,6.89108552031878,59.17007266318833,2.147931910059804,7.58093615315225,2.4006297818315456,20.61292639738064,18.24641675854465,64.39911797133406,20.39305402425579,175.10426838872263,17.682880846942442,62.410167695090976,19.763219770112144,169.69621787569974,14.541049836310261,51.32135236344798,16.251761581758526,139.54520095013712,19.833333333333332,70.0,22.166666666666668,190.33333333333334,4.919291338582677,17.362204724409448,5.498031496062992,47.20866141732284,0.9015151515151515,3.1818181818181817,1.0075757575757576,8.651515151515152,17.0,60.0,19.0,163.14285714285714,16.43646408839779,58.011049723756905,18.370165745856355,157.73480662983425,13.294633077765608,46.92223439211391,14.858707557502738,127.58378970427164,1.2464167585446526,4.399117971334069,1.3930540242557883,11.96141124586549,1.2464167585446526,4.399117971334069,1.3930540242557883,11.96141124586549,1.2464167585446526,4.399117971334069,1.3930540242557883,11.96141124586549,1.2464167585446526,4.399117971334069,1.3930540242557883,11.96141124586549,1.2464167585446526,4.399117971334069,1.3930540242557883,11.96141124586549,1.2464167585446526,4.399117971334069,1.3930540242557883,11.96141124586549,0.0,0.0,0.0,0.0,0.0,0.0
capture_high,capture_high__MaxCapture,TAC,0.0,0.0,0.0,0.0,8.11467505736073e6,2.87457183267832e7,9.1591935285779e6,7.817207356143275e7,7.679192203717801e10,2.710303849119821e11,8.582640132761392e10,7.369432458189482e11,826151.5289813633,2.9254692394753513e6,967024.0655523803,8.135776174924336e6,1.9014289148210235e9,6.711308031090715e9,2.1253688741346264e9,1.8242847575337982e10,8.1519373235708e8,2.8773992164964466e9,9.112254375761452e8,7.820480804249733e9,1.5636010054044065e9,5.518768994281017e9,1.7479294219566505e9,1.500050647933685e10,8.11467505736073e6,2.8709214866783198e7,9.1420536855779e6,7.805228347143275e7,7.679192203717801e10,2.710303484085221e11,8.582638418777094e10,7.369431260288583e11,826151.5289813633,2.8889657794753513e6,949884.2225523803,8.0159860849243365e6,1.9014289148210235e9,6.711271527630715e9,2.1253517342916265e9,1.8242727785247982e10,8.1519373235708e8,2.8773627130364466e9,9.112082977331451e8,7.820361014159734e9,1.5636010054044065e9,5.518732490821017e9,1.7479122821136506e9,1.500038668924685e10,0.0,0.0,0.0,0.0,0.0,0.0,0.0,0.0,0.0,0.0,0.0,0.0,0.0,0.0,0.0,0.0,0.0,0.0,0.0,0.0,0.0,0.0,0.0,0.0,-882.0,-2540.0,28512.0,-15120.0,-9231.0,-23738.0
capture_high,capture_high__MaxCapture,TotEmiss,3.570000000000003,5.544000000000005,1.077300000000001,2.3982000000000028,113.37503184,400.4158536,127.25397972,1091.4582319200001,197.52827136,696.5966952,220.76419428,1895.5842847200001,26.282207481599997,92.718144288,29.363549543999998,252.129124656,86.50307863680001,305.048195424,96.60139907040002,829.4646446496,65.4819635904,230.931624672,73.1283478128,627.89000904,147.6622074816,520.689744288,164.88228183840002,1415.7561342816,101.30843184000001,160.6552416,32.33738592,84.60411072000001,185.46167136,301.8812832,61.85598048,188.52428352,14.2156074816,50.172732288000006,15.890835743999999,136.446123456,74.4364786368,142.764983424,33.680615270400004,172.7134634496,53.415363590400005,110.908812672,27.6598240128,162.10406784,135.5956074816,238.668732288,52.51342803840001,217.93677308160002,0.0,0.0,0.0,0.0,0.0,0.0,0.0,0.0,0.0,0.0,0.0,0.0,0.0,0.0,0.0,0.0,0.0,0.0,0.0,0.0,0.0,0.0,0.0,0.0,0.0,0.0,0.0,0.0,0.0,0.0
capture_high,capture_high__MaxCapture,ISI,0.7872105843439912,2.7783902976846746,0.8798235942668137,7.5545755237045205,21.079750091877983,74.39911797133406,23.559720690922457,202.29474457919883,6.16570809712733,21.761322695743516,6.89108552031878,59.17007266318833,2.147931910059804,7.58093615315225,2.4006297818315456,20.61292639738064,18.24641675854465,64.39911797133406,20.39305402425579,175.10426838872263,17.682880846942442,62.410167695090976,19.763219770112144,169.69621787569974,14.541049836310261,51.32135236344798,16.251761581758526,139.54520095013712,19.833333333333332,70.0,22.166666666666668,190.33333333333334,4.919291338582677,17.362204724409448,5.498031496062992,47.20866141732284,0.9015151515151515,3.1818181818181817,1.0075757575757576,8.651515151515152,17.0,60.0,19.0,163.14285714285714,16.43646408839779,58.011049723756905,18.370165745856355,157.73480662983425,13.294633077765608,46.92223439211391,14.858707557502738,127.58378970427164,1.2464167585446526,4.399117971334069,1.3930540242557883,11.96141124586549,1.2464167585446526,4.399117971334069,1.3930540242557883,11.96141124586549,1.2464167585446526,4.399117971334069,1.3930540242557883,11.96141124586549,1.2464167585446526,4.399117971334069,1.3930540242557883,11.96141124586549,1.2464167585446526,4.399117971334069,1.3930540242557883,11.96141124586549,1.2464167585446526,4.399117971334069,1.3930540242557883,11.96141124586549,0.0,0.0,0.0,0.0,0.0,0.0
capture_near_limit,capture_near_limit__TAC,TAC,0.0,0.0,0.0,0.0,8.146949254542776e6,2.8809084722270235e7,9.10880969860396e6,7.840666208514802e7,6.743525708399143e9,2.380047077049845e10,7.536940330123222e9,6.4713373122673164e10,881587.0761660731,3.1290221407741434e6,1.2614365822682474e6,8.663010320663773e6,5.307438812338566e9,1.873124195221391e10,5.931992664730472e9,5.0926873282128204e10,9.143394636023144e8,3.226695574268342e9,1.0219180745335149e9,8.769288067572205e9,8.005222590593488e8,2.825080123941822e9,8.947052170663509e8,7.678029489705212e9,8.146949254542776e6,2.8772581262270235e7,9.09166985560396e6,7.828687199514803e7,6.743525708399143e9,2.3800434267038452e10,7.536923190280222e9,6.471325333258316e10,881587.0761660731,3.0925186807741434e6,1.2442967392682473e6,8.543220230663773e6,5.307438812338566e9,1.873120544875391e10,5.931975524887472e9,5.092675349203821e10,9.143394636023144e8,3.226659070808342e9,1.0219009346905149e9,8.769168277482204e9,8.005222590593488e8,2.825043620481822e9,8.94688077223351e8,7.6779096996152115e9,0.0,0.0,0.0,0.0,0.0,0.0,0.0,0.0,0.0,0.0,0.0,0.0,0.0,0.0,0.0,0.0,0.0,0.0,0.0,0.0,0.0,0.0,0.0,0.0,-882.0,-2540.0,28512.0,-15120.0,-9231.0,-23738.0
capture_near_limit,capture_near_limit__TAC,TotEmiss,3.570000000000003,5.544000000000005,1.077300000000001,2.3982000000000028,113.37503184,400.4158536,127.25397972,1091.4582319200001,197.52827136,696.5966952,220.76419428,1895.5842847200001,26.282207481599997,92.718144288,29.363549543999998,252.129124656,86.50307863680001,305.048195424,96.60139907040002,829.4646446496,65.4819635904,230.931624672,73.1283478128,627.89000904,147.6622074816,520.689744288,164.88228183840002,1415.7561342816,101.30843184000001,160.6552416,32.33738592,84.60411072000001,185.46167136,301.8812832,61.85598048,188.52428352,14.2156074816,50.172732288000006,15.890835743999999,136.446123456,74.4364786368,142.764983424,33.680615270400004,172.7134634496,53.415363590400005,110.908812672,27.6598240128,162.10406784,135.5956074816,238.668732288,52.51342803840001,217.93677308160002,0.0,0.0,0.0,0.0,0.0,0.0,0.0,0.0,0.0,0.0,0.0,0.0,0.0,0.0,0.0,0.0,0.0,0.0,0.0,0.0,0.0,0.0,0.0,0.0,0.0,0.0,0.0,0.0,0.0,0.0
capture_near_limit,capture_near_limit__TAC,ISI,0.7872105843439912,2.7783902976846746,0.8798235942668137,7.5545755237045205,21.079750091877983,74.39911797133406,23.559720690922457,202.29474457919883,6.16570809712733,21.761322695743516,6.89108552031878,59.17007266318833,2.147931910059804,7.58093615315225,2.4006297818315456,20.61292639738064,18.24641675854465,64.39911797133406,20.39305402425579,175.10426838872263,17.682880846942442,62.410167695090976,19.763219770112144,169.69621787569974,14.541049836310261,51.32135236344798,16.251761581758526,139.54520095013712,19.833333333333332,70.0,22.166666666666668,190.33333333333334,4.919291338582677,17.362204724409448,5.498031496062992,47.20866141732284,0.9015151515151515,3.1818181818181817,1.0075757575757576,8.651515151515152,17.0,60.0,19.0,163.14285714285714,16.43646408839779,58.011049723756905,18.370165745856355,157.73480662983425,13.294633077765608,46.92223439211391,14.858707557502738,127.58378970427164,1.2464167585446526,4.399117971334069,1.3930540242557883,11.96141124586549,1.2464167585446526,4.399117971334069,1.3930540242557883,11.96141124586549,1.2464167585446526,4.399117971334069,1.3930540242557883,11.96141124586549,1.2464167585446526,4.399117971334069,1.3930540242557883,11.96141124586549,1.2464167585446526,4.399117971334069,1.3930540242557883,11.96141124586549,1.2464167585446526,4.399117971334069,1.3930540242557883,11.96141124586549,0.0,0.0,0.0,0.0,0.0,0.0
capture_near_limit,capture_near_limit__TotEmiss,TAC,0.0,0.0,0.0,0.0,8.1152614127267925e6,2.8706340773505066e7,9.129539020723175e6,7.817210815173623e7,8.113771717947437e10,2.863684168017502e11,9.068345558012184e10,7.786481932792579e11,858153.0101508725,3.046450427587997e6,1.0054655202340721e6,8.454786465579804e6,1.9502971935209513e9,6.88331439375267e9,2.1798907483191795e9,1.871092265295713e10,8.25217869505737e8,2.9124750413738303e9,9.22358920118605e8,7.915803732254865e9,1.6587969495228157e9,5.854358449492793e9,1.8542606222711005e9,1.5913923585074942e10,8.1152614127267925e6,2.8669837313505065e7,9.112399177723175e6,7.805231806173624e7,8.113771717947437e10,2.863683802982902e11,9.068343844027884e10,7.786480734891678e11,858153.0101508725,3.009946967587997e6,988325.6772340721,8.334996375579803e6,1.9502971935209513e9,6.88327789029267e9,2.1798736084761796e9,1.871080286286713e10,8.25217869505737e8,2.9124385379138303e9,9.22341780275605e8,7.915683942164865e9,1.6587969495228157e9,5.854321946032793e9,1.8542434824281006e9,1.5913803794984941e10,0.0,0.0,0.0,0.0,0.0,0.0,0.0,0.0,0.0,0.0,0.0,0.0,0.0,0.0,0.0,0.0,0.0,0.0,0.0,0.0,0.0,0.0,0.0,0.0,-882.0,-2540.0,28512.0,-15120.0,-9231.0,-23738.0
capture_near_limit,capture_near_limit__TotEmiss,TotEmiss,3.570000000000003,5.544000000000005,1.077300000000001,2.3982000000000028,113.37503184,400.4158536,127.25397972,1091.4582319200001,197.52827136,696.5966952,220.76419428,1895.5842847200001,26.282207481599997,92.718144288,29.363549543999998,252.129124656,86.50307863680001,305.048195424,96.60139907040002,829.4646446496,65.4819635904,230.931624672,73.1283478128,627.89000904,147.6622074816,520.689744288,164.88228183840002,1415.7561342816,101.30843184000001,160.6552416,32.33738592,84.60411072000001,185.46167136,301.8812832,61.85598048,188.52428352,14.2156074816,50.172732288000006,15.890835743999999,136.446123456,74.4364786368,142.764983424,33.680615270400004,172.7134634496,53.415363590400005,110.908812672,27.6598240128,162.10406784,135.5956074816,238.668732288,52.51342803840001,217.93677308160002,0.0,0.0,0.0,0.0,0.0,0.0,0.0,0.0,0.0,0.0,0.0,0.0,0.0,0.0,0.0,0.0,0.0,0.0,0.0,0.0,0.0,0.0,0.0,0.0,0.0,0.0,0.0,0.0,0.0,0.0
capture_near_limit,capture_near_limit__TotEmiss,ISI,0.7872105843439912,2.7783902976846746,0.8798235942668137,7.5545755237045205,21.079750091877983,74.39911797133406,23.559720690922457,202.29474457919883,6.16570809712733,21.761322695743516,6.89108552031878,59.17007266318833,2.147931910059804,7.58093615315225,2.4006297818315456,20.61292639738064,18.24641675854465,64.39911797133406,20.39305402425579,175.10426838872263,17.682880846942442,62.410167695090976,19.763219770112144,169.69621787569974,14.541049836310261,51.32135236344798,16.251761581758526,139.54520095013712,19.833333333333332,70.0,22.166666666666668,190.33333333333334,4.919291338582677,17.362204724409448,5.498031496062992,47.20866141732284,0.9015151515151515,3.1818181818181817,1.0075757575757576,8.651515151515152,17.0,60.0,19.0,163.14285714285714,16.43646408839779,58.011049723756905,18.370165745856355,157.73480662983425,13.294633077765608,46.92223439211391,14.858707557502738,127.58378970427164,1.2464167585446526,4.399117971334069,1.3930540242557883,11.96141124586549,1.2464167585446526,4.399117971334069,1.3930540242557883,11.96141124586549,1.2464167585446526,4.399117971334069,1.3930540242557883,11.96141124586549,1.2464167585446526,4.399117971334069,1.3930540242557883,11.96141124586549,1.2464167585446526,4.399117971334069,1.3930540242557883,11.96141124586549,1.2464167585446526,4.399117971334069,1.3930540242557883,11.96141124586549,0.0,0.0,0.0,0.0,0.0,0.0
capture_near_limit,capture_near_limit__ISI,TAC,0.0,0.0,0.0,0.0,8.111042331965416e6,2.8686966920697134e7,9.118667352456182e6,7.81721650462927e7,6.013727921238362e11,2.1224920811240918e12,6.721226483345736e11,5.771157208959955e12,835444.9275454155,2.9584571903586104e6,977410.786439768,8.251512583880526e6,-1.081136934388316e10,-3.815867344900424e10,-1.2083074011856289e10,-1.0375795741842596e11,-3.287957904953523e9,-1.160462251275488e10,-3.6744124767650957e9,-3.1558619359421783e10,-4.666321582101484e9,-1.6469952811290758e10,-5.214946284421125e9,-4.478353634337576e10,8.111042331965416e6,2.8650463460697133e7,9.101527509456184e6,7.80523749562927e7,6.013727921238362e11,2.1224920446206318e12,6.721226311947307e11,5.771157089169865e12,835444.9275454155,2.9219537303586104e6,960270.9434397679,8.131722493880526e6,-1.081136934388316e10,-3.815870995246424e10,-1.208309115169929e10,-1.0375807720851596e11,-3.287957904953523e9,-1.160465901621488e10,-3.6744296166080956e9,-3.1558739149511784e10,-4.666321582101484e9,-1.646998931475076e10,-5.214963424264126e9,-4.478365613346576e10,0.0,0.0,0.0,0.0,0.0,0.0,0.0,0.0,0.0,0.0,0.0,0.0,0.0,0.0,0.0,0.0,0.0,0.0,0.0,0.0,0.0,0.0,0.0,0.0,-882.0,-2540.0,28512.0,-15120.0,-9231.0,-23738.0
capture_near_limit,capture_near_limit__ISI,TotEmiss,3.570000000000003,5.544000000000005,1.077300000000001,2.3982000000000028,113.37503184,400.4158536,127.25397972,1091.4582319200001,197.52827136,696.5966952,220.76419428,1895.5842847200001,26.282207481599997,92.718144288,29.363549543999998,252.129124656,86.50307863680001,305.048195424,96.60139907040002,829.4646446496,65.4819635904,230.931624672,73.1283478128,627.89000904,147.6622074816,520.689744288,164.88228183840002,1415.7561342816,101.30843184000001,160.6552416,32.33738592,84.60411072000001,185.46167136,301.8812832,61.85598048,188.52428352,14.2156074816,50.172732288000006,15.890835743999999,136.446123456,74.4364786368,142.764983424,33.680615270400004,172.7134634496,53.415363590400005,110.908812672,27.6598240128,162.10406784,135.5956074816,238.668732288,52.51342803840001,217.93677308160002,0.0,0.0,0.0,0.0,0.0,0.0,0.0,0.0,0.0,0.0,0.0,0.0,0.0,0.0,0.0,0.0,0.0,0.0,0.0,0.0,0.0,0.0,0.0,0.0,0.0,0.0,0.0,0.0,0.0,0.0
capture_near_limit,capture_near_limit__ISI,ISI,0.7872105843439912,2.7783902976846746,0.8798235942668137,7.5545755237045205,21.079750091877983,74.39911797133406,23.559720690922457,202.29474457919883,6.16570809712733,21.761322695743516,6.89108552031878,59.17007266318833,2.147931910059804,7.58093615315225,2.4006297818315456,20.61292639738064,18.24641675854465,64.39911797133406,20.39305402425579,175.10426838872263,17.682880846942442,62.410167695090976,19.763219770112144,169.69621787569974,14.541049836310261,51.32135236344798,16.251761581758526,139.54520095013712,19.833333333333332,70.0,22.166666666666668,190.33333333333334,4.919291338582677,17.362204724409448,5.498031496062992,47.20866141732284,0.9015151515151515,3.1818181818181817,1.0075757575757576,8.651515151515152,17.0,60.0,19.0,163.14285714285714,16.43646408839779,58.011049723756905,18.370165745856355,157.73480662983425,13.294633077765608,46.92223439211391,14.858707557502738,127.58378970427164,1.2464167585446526,4.399117971334069,1.3930540242557883,11.96141124586549,1.2464167585446526,4.399117971334069,1.3930540242557883,11.96141124586549,1.2464167585446526,4.399117971334069,1.3930540242557883,11.96141124586549,1.2464167585446526,4.399117971334069,1.3930540242557883,11.96141124586549,1.2464167585446526,4.399117971334069,1.3930540242557883,11.96141124586549,1.2464167585446526,4.399117971334069,1.3930540242557883,11.96141124586549,0.0,0.0,0.0,0.0,0.0,0.0
capture_near_limit,capture_near_limit__MaxCapture,TAC,0.0,0.0,0.0,0.0,8.114765717562202e6,2.874572885828231e7,9.159195161361316e6,7.817207356158075e7,7.683287886180316e10,2.7117494329663394e11,8.587217873943658e10,7.373362736464688e11,826151.5296400639,2.925469241660646e6,967024.0662648372,8.135776181405943e6,1.897792290794478e9,6.698462538636049e9,2.1213010233079598e9,1.820798844617682e10,8.144758155182534e8,2.874860035055092e9,9.104213674658275e8,7.813609734518335e9,1.5555683354802487e9,5.49040091428362e9,1.7389460297783613e9,1.4923469813764208e10,8.114765717562202e6,2.8709225398282308e7,9.142055318361316e6,7.805228347158074e7,7.683287886180316e10,2.7117490679317392e11,8.587216159959358e10,7.373361538563788e11,826151.5296400639,2.888965781660646e6,949884.2232648372,8.015986091405942e6,1.897792290794478e9,6.698426035176049e9,2.1212838834649599e9,1.820786865608682e10,8.144758155182534e8,2.874823531595092e9,9.104042276228275e8,7.813489944428336e9,1.5555683354802487e9,5.49036441082362e9,1.7389288899353614e9,1.4923350023674208e10,0.0,0.0,0.0,0.0,0.0,0.0,0.0,0.0,0.0,0.0,0.0,0.0,0.0,0.0,0.0,0.0,0.0,0.0,0.0,0.0,0.0,0.0,0.0,0.0,-882.0,-2540.0,28512.0,-15120.0,-9231.0,-23738.0
capture_near_limit,capture_near_limit__MaxCapture,TotEmiss,3.570000000000003,5.544000000000005,1.077300000000001,2.3982000000000028,113.37503184,400.4158536,127.25397972,1091.4582319200001,197.52827136,696.5966952,220.76419428,1895.5842847200001,26.282207481599997,92.718144288,29.363549543999998,252.129124656,86.50307863680001,305.048195424,96.60139907040002,829.4646446496,65.4819635904,230.931624672,73.1283478128,627.89000904,147.6622074816,520.689744288,164.88228183840002,1415.7561342816,101.30843184000001,160.6552416,32.33738592,84.60411072000001,185.46167136,301.8812832,61.85598048,188.52428352,14.2156074816,50.172732288000006,15.890835743999999,136.446123456,74.4364786368,142.764983424,33.680615270400004,172.7134634496,53.415363590400005,110.908812672,27.6598240128,162.10406784,135.5956074816,238.668732288,52.51342803840001,217.93677308160002,0.0,0.0,0.0,0.0,0.0,0.0,0.0,0.0,0.0,0.0,0.0,0.0,0.0,0.0,0.0,0.0,0.0,0.0,0.0,0.0,0.0,0.0,0.0,0.0,0.0,0.0,0.0,0.0,0.0,0.0
capture_near_limit,capture_near_limit__MaxCapture,ISI,0.7872105843439912,2.7783902976846746,0.8798235942668137,7.5545755237045205,21.079750091877983,74.39911797133406,23.559720690922457,202.29474457919883,6.16570809712733,21.761322695743516,6.89108552031878,59.17007266318833,2.147931910059804,7.58093615315225,2.4006297818315456,20.61292639738064,18.24641675854465,64.39911797133406,20.39305402425579,175.10426838872263,17.682880846942442,62.410167695090976,19.763219770112144,169.69621787569974,14.541049836310261,51.32135236344798,16.251761581758526,139.54520095013712,19.833333333333332,70.0,22.166666666666668,190.33333333333334,4.919291338582677,17.362204724409448,5.498031496062992,47.20866141732284,0.9015151515151515,3.1818181818181817,1.0075757575757576,8.651515151515152,17.0,60.0,19.0,163.14285714285714,16.43646408839779,58.011049723756905,18.370165745856355,157.73480662983425,13.294633077765608,46.92223439211391,14.858707557502738,127.58378970427164,1.2464167585446526,4.399117971334069,1.3930540242557883,11.96141124586549,1.2464167585446526,4.399117971334069,1.3930540242557883,11.96141124586549,1.2464167585446526,4.399117971334069,1.3930540242557883,11.96141124586549,1.2464167585446526,4.399117971334069,1.3930540242557883,11.96141124586549,1.2464167585446526,4.399117971334069,1.3930540242557883,11.96141124586549,1.2464167585446526,4.399117971334069,1.3930540242557883,11.96141124586549,0.0,0.0,0.0,0.0,0.0,0.0
efficiency_low,efficiency_low__TAC,TAC,0.0,0.0,0.0,0.0,8.195786666538706e6,2.8731516240510773e7,9.213326692847313e6,7.900422101683114e7,5.877845705828769e7,2.0722494327171347e8,6.5739226190114096e7,5.621885958327864e8,3.1279896405083124e7,1.0945772614408866e8,3.5068191842700414e7,2.9333523599595535e8,4.787409956338139e7,1.6800734969861087e8,5.360767814445218e7,4.525061664574473e8,636063.5763290531,2.3301800973624047e6,1.5648127506508385e6,1.3564800755568039e7,4.3907282947127745e7,1.5401015727696466e8,4.9175313827827424e7,4.144508785737438e8,8.195786666538706e6,2.8695012780510776e7,9.196186849847313e6,7.888443092683116e7,5.877845705828769e7,2.071884398117135e8,6.572208634711409e7,5.620688057427864e8,3.1279896405083124e7,1.0942122268408866e8,3.505105199970041e7,2.932154459059553e8,4.787409956338139e7,1.6797084623861086e8,5.359053830145218e7,4.523863763674473e8,636063.5763290531,2.2936766373624047e6,1.5476729076508384e6,1.344501066556804e7,4.3907282947127745e7,1.5397365381696466e8,4.915817398482742e7,4.143310884837438e8,0.0,0.0,0.0,0.0,0.0,0.0,0.0,0.0,0.0,0.0,0.0,0.0,0.0,0.0,0.0,0.0,0.0,0.0,0.0,0.0,0.0,0.0,0.0,0.0,-882.0,-2540.0,28512.0,-15120.0,-9231.0,-23738.0
efficiency_low,efficiency_low__TAC,TotEmiss,3.570000000000003,5.544000000000005,1.077300000000001,2.3982000000000028,113.37503184,400.4158536,127.25397972,1091.4582319200001,197.52827136,696.5966952,220.76419428,1895.5842847200001,26.282207481599997,92.718144288,29.363549543999998,252.129124656,86.50307863680001,305.048195424,96.60139907040002,829.4646446496,65.4819635904,230.931624672,73.1283478128,627.89000904,147.6622074816,520.689744288,164.88228183840002,1415.7561342816,101.30843184000001,160.6552416,32.33738592,84.60411072000001,185.46167136,301.8812832,61.85598048,188.52428352,14.2156074816,50.172732288000006,15.890835743999999,136.446123456,74.4364786368,142.764983424,33.680615270400004,172.7134634496,53.415363590400005,110.908812672,27.6598240128,162.10406784,135.5956074816,238.668732288,52.51342803840001,217.93677308160002,0.0,0.0,0.0,0.0,0.0,0.0,0.0,0.0,0.0,0.0,0.0,0.0,0.0,0.0,0.0,0.0,0.0,0.0,0.0,0.0,0.0,0.0,0.0,0.0,0.0,0.0,0.0,0.0,0.0,0.0
efficiency_low,efficiency_low__TAC,ISI,0.7872105843439912,2.7783902976846746,0.8798235942668137,7.5545755237045205,21.079750091877983,74.39911797133406,23.559720690922457,202.29474457919883,6.16570809712733,21.761322695743516,6.89108552031878,59.17007266318833,2.147931910059804,7.58093615315225,2.4006297818315456,20.61292639738064,18.24641675854465,64.39911797133406,20.39305402425579,175.10426838872263,17.682880846942442,62.410167695090976,19.763219770112144,169.69621787569974,14.541049836310261,51.32135236344798,16.251761581758526,139.54520095013712,19.833333333333332,70.0,22.166666666666668,190.33333333333334,4.919291338582677,17.362204724409448,5.498031496062992,47.20866141732284,0.9015151515151515,3.1818181818181817,1.0075757575757576,8.651515151515152,17.0,60.0,19.0,163.14285714285714,16.43646408839779,58.011049723756905,18.370165745856355,157.73480662983425,13.294633077765608,46.92223439211391,14.858707557502738,127.58378970427164,1.2464167585446526,4.399117971334069,1.3930540242557883,11.96141124586549,1.2464167585446526,4.399117971334069,1.3930540242557883,11.96141124586549,1.2464167585446526,4.399117971334069,1.3930540242557883,11.96141124586549,1.2464167585446526,4.399117971334069,1.3930540242557883,11.96141124586549,1.2464167585446526,4.399117971334069,1.3930540242557883,11.96141124586549,1.2464167585446526,4.399117971334069,1.3930540242557883,11.96141124586549,0.0,0.0,0.0,0.0,0.0,0.0
efficiency_low,efficiency_low__TotEmiss,TAC,0.0,0.0,0.0,0.0,8.115945473470521e6,2.8707315863433e7,9.129725731440587e6,7.817210796875702e7,8.212978818225368e10,2.8986986854090936e11,9.179223930277292e10,7.881688935476702e11,1.2081176630905422e6,4.347169486498878e6,1.5368353608199162e6,1.3301080668184888e7,1.9336650744555051e9,6.824523486224434e9,2.161265255138386e9,1.8550759892861156e10,8.214745952985133e8,2.8992435763880754e9,9.181647657125245e8,7.87967380851495e9,1.6619150118336499e9,5.865255196921774e9,1.8576985274389315e9,1.5943159100072329e10,8.115945473470521e6,2.8670812403433e7,9.112585888440587e6,7.805231787875701e7,8.212978818225368e10,2.898698320374494e11,9.179222216292992e10,7.881687737575802e11,1.2081176630905422e6,4.310666026498878e6,1.5196955178199161e6,1.3181290578184888e7,1.9336650744555051e9,6.824486982764434e9,2.161248115295386e9,1.8550640102771156e10,8.214745952985133e8,2.8992070729280753e9,9.181476258695246e8,7.87955401842495e9,1.6619150118336499e9,5.865218693461774e9,1.8576813875959315e9,1.5943039309982328e10,0.0,0.0,0.0,0.0,0.0,0.0,0.0,0.0,0.0,0.0,0.0,0.0,0.0,0.0,0.0,0.0,0.0,0.0,0.0,0.0,0.0,0.0,0.0,0.0,-882.0,-2540.0,28512.0,-15120.0,-9231.0,-23738.0
efficiency_low,efficiency_low__TotEmiss,TotEmiss,3.570000000000003,5.544000000000005,1.077300000000001,2.3982000000000028,113.37503184,400.4158536,127.25397972,1091.4582319200001,197.52827136,696.5966952,220.76419428,1895.5842847200001,26.282207481599997,92.718144288,29.363549543999998,252.129124656,86.50307863680001,305.048195424,96.60139907040002,829.4646446496,65.4819635904,230.931624672,73.1283478128,627.89000904,147.6622074816,520.689744288,164.88228183840002,1415.7561342816,101.30843184000001,160.6552416,32.33738592,84.60411072000001,185.46167136,301.8812832,61.85598048,188.52428352,14.2156074816,50.172732288000006,15.890835743999999,136.446123456,74.4364786368,142.764983424,33.680615270400004,172.7134634496,53.415363590400005,110.908812672,27.6598240128,162.10406784,135.5956074816,238.668732288,52.51342803840001,217.93677308160002,0.0,0.0,0.0,0.0,0.0,0.0,0.0,0.0,0.0,0.0,0.0,0.0,0.0,0.0,0.0,0.0,0.0,0.0,0.0,0.0,0.0,0.0,0.0,0.0,0.0,0.0,0.0,0.0,0.0,0.0
efficiency_low,efficiency_low__TotEmiss,ISI,0.7872105843439912,2.7783902976846746,0.8798235942668137,7.5545755237045205,21.079750091877983,74.39911797133406,23.559720690922457,202.29474457919883,6.16570809712733,21.761322695743516,6.89108552031878,59.17007266318833,2.147931910059804,7.58093615315225,2.4006297818315456,20.61292639738064,18.24641675854465,64.39911797133406,20.39305402425579,175.10426838872263,17.682880846942442,62.410167695090976,19.763219770112144,169.69621787569974,14.541049836310261,51.32135236344798,16.251761581758526,139.54520095013712,19.833333333333332,70.0,22.166666666666668,190.33333333333334,4.919291338582677,17.362204724409448,5.498031496062992,47.20866141732284,0.9015151515151515,3.1818181818181817,1.0075757575757576,8.651515151515152,17.0,60.0,19.0,163.14285714285714,16.43646408839779,58.011049723756905,18.370165745856355,157.73480662983425,13.294633077765608,46.92223439211391,14.858707557502738,127.58378970427164,1.2464167585446526,4.399117971334069,1.3930540242557883,11.96141124586549,1.2464167585446526,4.399117971334069,1.3930540242557883,11.96141124586549,1.2464167585446526,4.399117971334069,1.3930540242557883,11.96141124586549,1.2464167585446526,4.399117971334069,1.3930540242557883,11.96141124586549,1.2464167585446526,4.399117971334069,1.3930540242557883,11.96141124586549,1.2464167585446526,4.399117971334069,1.3930540242557883,11.96141124586549,0.0,0.0,0.0,0.0,0.0,0.0
efficiency_low,efficiency_low__ISI,TAC,0.0,0.0,0.0,0.0,8.1172457754017385e6,2.8731517304255974e7,9.118770844608817e6,7.805270223492584e7,1.3532842716663632e11,4.7762977969111145e11,1.5124947990695435e11,1.2986960728433616e12,1.2048266765003165e6,4.333531395284065e6,2.206270670938336e6,7.574783596166417e6,-1.0622939428317484e10,-3.749314836512817e10,-1.1872605166323452e10,-1.0195187986021338e11,-6.775467256458506e9,-2.391381559602659e10,-7.572504052724264e9,-6.50293072382028e10,-5.396017601980264e9,-1.9045155955061546e10,-6.030722940014333e9,-5.179067401913131e10,8.1172457754017385e6,2.8695013844255973e7,9.101631001608817e6,7.793291214492585e7,1.3532842716663632e11,4.776297431876514e11,1.5124946276711136e11,1.2986959530532717e12,1.2048266765003165e6,4.297027935284065e6,2.189130827938336e6,7.454993506166417e6,-1.0622939428317484e10,-3.7493184868588165e10,-1.1872622306166452e10,-1.0195199965030338e11,-6.775467256458506e9,-2.3913852099486588e10,-7.572521192567264e9,-6.50294270282928e10,-5.396017601980264e9,-1.9045192458521545e10,-6.030740079857333e9,-5.179079380922131e10,0.0,0.0,0.0,0.0,0.0,0.0,0.0,0.0,0.0,0.0,0.0,0.0,0.0,0.0,0.0,0.0,0.0,0.0,0.0,0.0,0.0,0.0,0.0,0.0,-882.0,-2540.0,28512.0,-15120.0,-9231.0,-23738.0
efficiency_low,efficiency_low__ISI,TotEmiss,3.570000000000003,5.544000000000005,1.077300000000001,2.3982000000000028,113.37503184,400.4158536,127.25397972,1091.4582319200001,197.52827136,696.5966952,220.76419428,1895.5842847200001,26.282207481599997,92.718144288,29.363549543999998,252.129124656,86.50307863680001,305.048195424,96.60139907040002,829.4646446496,65.4819635904,230.931624672,73.1283478128,627.89000904,147.6622074816,520.689744288,164.88228183840002,1415.7561342816,101.30843184000001,160.6552416,32.33738592,84.60411072000001,185.46167136,301.8812832,61.85598048,188.52428352,14.2156074816,50.172732288000006,15.890835743999999,136.446123456,74.4364786368,142.764983424,33.680615270400004,172.7134634496,53.415363590400005,110.908812672,27.6598240128,162.10406784,135.5956074816,238.668732288,52.51342803840001,217.93677308160002,0.0,0.0,0.0,0.0,0.0,0.0,0.0,0.0,0.0,0.0,0.0,0.0,0.0,0.0,0.0,0.0,0.0,0.0,0.0,0.0,0.0,0.0,0.0,0.0,0.0,0.0,0.0,0.0,0.0,0.0
efficiency_low,efficiency_low__ISI,ISI,0.7872105843439912,2.7783902976846746,0.8798235942668137,7.5545755237045205,21.079750091877983,74.39911797133406,23.559720690922457,202.29474457919883,6.16570809712733,21.761322695743516,6.89108552031878,59.17007266318833,2.147931910059804,7.58093615315225,2.4006297818315456,20.61292639738064,18.24641675854465,64.39911797133406,20.39305402425579,175.10426838872263,17.682880846942442,62.410167695090976,19.763219770112144,169.69621787569974,14.541049836310261,51.32135236344798,16.251761581758526,139.54520095013712,19.833333333333332,70.0,22.166666666666668,190.33333333333334,4.919291338582677,17.362204724409448,5.498031496062992,47.20866141732284,0.9015151515151515,3.1818181818181817,1.0075757575757576,8.651515151515152,17.0,60.0,19.0,163.14285714285714,16.43646408839779,58.011049723756905,18.370165745856355,157.73480662983425,13.294633077765608,46.92223439211391,14.858707557502738,127.58378970427164,1.2464167585446526,4.399117971334069,1.3930540242557883,11.96141124586549,1.2464167585446526,4.399117971334069,1.3930540242557883,11.96141124586549,1.2464167585446526,4.399117971334069,1.3930540242557883,11.96141124586549,1.2464167585446526,4.399117971334069,1.3930540242557883,11.96141124586549,1.2464167585446526,4.399117971334069,1.3930540242557883,11.96141124586549,1.2464167585446526,4.399117971334069,1.3930540242557883,11.96141124586549,0.0,0.0,0.0,0.0,0.0,0.0
efficiency_low,efficiency_low__MaxCapture,TAC,0.0,0.0,0.0,0.0,8.113988813949421e6,2.894889705501645e7,9.234896833080363e6,7.817199170195572e7,1.228661069828935e11,4.3364530137980096e11,1.3732110727983835e11,1.179100592740082e12,853354.0799845811,3.02694014313611e6,1.0001039467657156e6,8.41714872628729e6,1.956748214197126e9,6.906945879695122e9,2.187285482705029e9,1.8773587390035484e10,8.380513778504363e8,2.958214497855512e9,9.368132157238328e8,8.039664308705713e9,1.627583211079646e9,5.745052915155971e9,1.819510578419257e9,1.5613833326975897e10,8.113988813949421e6,2.891239359501645e7,9.217756990080362e6,7.805220161195572e7,1.228661069828935e11,4.33645264876341e11,1.3732109013999535e11,1.179100472949992e12,853354.0799845811,2.99043668313611e6,982964.1037657156,8.2973586362872915e6,1.956748214197126e9,6.906909376235122e9,2.187268342862029e9,1.8773467599945484e10,8.380513778504363e8,2.9581779943955126e9,9.367960758808329e8,8.039544518615713e9,1.627583211079646e9,5.745016411695971e9,1.819493438576257e9,1.5613713536885897e10,0.0,0.0,0.0,0.0,0.0,0.0,0.0,0.0,0.0,0.0,0.0,0.0,0.0,0.0,0.0,0.0,0.0,0.0,0.0,0.0,0.0,0.0,0.0,0.0,-882.0,-2540.0,28512.0,-15120.0,-9231.0,-23738.0
efficiency_low,efficiency_low__MaxCapture,TotEmiss,3.570000000000003,5.544000000000005,1.077300000000001,2.3982000000000028,113.37503184,400.4158536,127.25397972,1091.4582319200001,197.52827136,696.5966952,220.76419428,1895.5842847200001,26.282207481599997,92.718144288,29.363549543999998,252.129124656,86.50307863680001,305.048195424,96.60139907040002,829.4646446496,65.4819635904,230.931624672,73.1283478128,627.89000904,147.6622074816,520.689744288,164.88228183840002,1415.7561342816,101.30843184000001,160.6552416,32.33738592,84.60411072000001,185.46167136,301.8812832,61.85598048,188.52428352,14.2156074816,50.172732288000006,15.890835743999999,136.446123456,74.4364786368,142.764983424,33.680615270400004,172.7134634496,53.415363590400005,110.908812672,27.6598240128,162.10406784,135.5956074816,238.668732288,52.51342803840001,217.93677308160002,0.0,0.0,0.0,0.0,0.0,0.0,0.0,0.0,0.0,0.0,0.0,0.0,0.0,0.0,0.0,0.0,0.0,0.0,0.0,0.0,0.0,0.0,0.0,0.0,0.0,0.0,0.0,0.0,0.0,0.0
efficiency_low,efficiency_low__MaxCapture,ISI,0.7872105843439912,2.7783902976846746,0.8798235942668137,7.5545755237045205,21.079750091877983,74.39911797133406,23.559720690922457,202.29474457919883,6.16570809712733,21.761322695743516,6.89108552031878,59.17007266318833,2.147931910059804,7.58093615315225,2.4006297818315456,20.61292639738064,18.24641675854465,64.39911797133406,20.39305402425579,175.10426838872263,17.682880846942442,62.410167695090976,19.763219770112144,169.69621787569974,14.541049836310261,51.32135236344798,16.251761581758526,139.54520095013712,19.833333333333332,70.0,22.166666666666668,190.33333333333334,4.919291338582677,17.362204724409448,5.498031496062992,47.20866141732284,0.9015151515151515,3.1818181818181817,1.0075757575757576,8.651515151515152,17.0,60.0,19.0,163.14285714285714,16.43646408839779,58.011049723756905,18.370165745856355,157.73480662983425,13.294633077765608,46.92223439211391,14.858707557502738,127.58378970427164,1.2464167585446526,4.399117971334069,1.3930540242557883,11.96141124586549,1.2464167585446526,4.399117971334069,1.3930540242557883,11.96141124586549,1.2464167585446526,4.399117971334069,1.3930540242557883,11.96141124586549,1.2464167585446526,4.399117971334069,1.3930540242557883,11.96141124586549,1.2464167585446526,4.399117971334069,1.3930540242557883,11.96141124586549,1.2464167585446526,4.399117971334069,1.3930540242557883,11.96141124586549,0.0,0.0,0.0,0.0,0.0,0.0
efficiency_high,efficiency_high__TAC,TAC,0.0,0.0,0.0,0.0,8.194910389171417e6,2.873151624746754e7,9.21286103779555e6,7.900023904798327e7,5.834487483871784e7,2.0572703706201068e8,6.5273998646477334e7,5.581602525762416e8,3.027654933569996e7,1.0603319827585338e8,3.401422862213379e7,2.841743380516845e8,4.71898349628116e7,1.6571042476346162e8,5.291048443861161e7,4.464050628579726e8,636063.4194680746,2.33018070644393e6,1.5613104114565696e6,1.3532137777460966e7,4.314705655020435e7,1.5144481479803136e8,4.839316688998249e7,4.0762085699561083e8,8.194910389171417e6,2.869501278746754e7,9.195721194795549e6,7.888044895798329e7,5.834487483871784e7,2.0569053360201067e8,6.525685880347734e7,5.580404624862416e8,3.027654933569996e7,1.0599669481585337e8,3.399708877913379e7,2.840545479616845e8,4.71898349628116e7,1.6567392130346164e8,5.289334459561161e7,4.4628527276797265e8,636063.4194680746,2.29367724644393e6,1.5441705684565697e6,1.3412347687460968e7,4.314705655020435e7,1.5140831133803135e8,4.837602704698249e7,4.075010669056108e8,0.0,0.0,0.0,0.0,0.0,0.0,0.0,0.0,0.0,0.0,0.0,0.0,0.0,0.0,0.0,0.0,0.0,0.0,0.0,0.0,0.0,0.0,0.0,0.0,-882.0,-2540.0,28512.0,-15120.0,-9231.0,-23738.0
efficiency_high,efficiency_high__TAC,TotEmiss,3.570000000000003,5.544000000000005,1.077300000000001,2.3982000000000028,113.37503184,400.4158536,127.25397972,1091.4582319200001,197.52827136,696.5966952,220.76419428,1895.5842847200001,26.282207481599997,92.718144288,29.363549543999998,252.129124656,86.50307863680001,305.048195424,96.60139907040002,829.4646446496,65.4819635904,230.931624672,73.1283478128,627.89000904,147.6622074816,520.689744288,164.88228183840002,1415.7561342816,101.30843184000001,160.6552416,32.33738592,84.60411072000001,185.46167136,301.8812832,61.85598048,188.52428352,14.2156074816,50.172732288000006,15.890835743999999,136.446123456,74.4364786368,142.764983424,33.680615270400004,172.7134634496,53.415363590400005,110.908812672,27.6598240128,162.10406784,135.5956074816,238.668732288,52.51342803840001,217.93677308160002,0.0,0.0,0.0,0.0,0.0,0.0,0.0,0.0,0.0,0.0,0.0,0.0,0.0,0.0,0.0,0.0,0.0,0.0,0.0,0.0,0.0,0.0,0.0,0.0,0.0,0.0,0.0,0.0,0.0,0.0
efficiency_high,efficiency_high__TAC,ISI,0.7872105843439912,2.7783902976846746,0.8798235942668137,7.5545755237045205,21.079750091877983,74.39911797133406,23.559720690922457,202.29474457919883,6.16570809712733,21.761322695743516,6.89108552031878,59.17007266318833,2.147931910059804,7.58093615315225,2.4006297818315456,20.61292639738064,18.24641675854465,64.39911797133406,20.39305402425579,175.10426838872263,17.682880846942442,62.410167695090976,19.763219770112144,169.69621787569974,14.541049836310261,51.32135236344798,16.251761581758526,139.54520095013712,19.833333333333332,70.0,22.166666666666668,190.33333333333334,4.919291338582677,17.362204724409448,5.498031496062992,47.20866141732284,0.9015151515151515,3.1818181818181817,1.0075757575757576,8.651515151515152,17.0,60.0,19.0,163.14285714285714,16.43646408839779,58.011049723756905,18.370165745856355,157.73480662983425,13.294633077765608,46.92223439211391,14.858707557502738,127.58378970427164,1.2464167585446526,4.399117971334069,1.3930540242557883,11.96141124586549,1.2464167585446526,4.399117971334069,1.3930540242557883,11.96141124586549,1.2464167585446526,4.399117971334069,1.3930540242557883,11.96141124586549,1.2464167585446526,4.399117971334069,1.3930540242557883,11.96141124586549,1.2464167585446526,4.399117971334069,1.3930540242557883,11.96141124586549,1.2464167585446526,4.399117971334069,1.3930540242557883,11.96141124586549,0.0,0.0,0.0,0.0,0.0,0.0
efficiency_high,efficiency_high__TotEmiss,TAC,0.0,0.0,0.0,0.0,8.113648329554947e6,2.8705753705446076e7,9.129440295613702e6,7.817210822799397e7,9.710723087902148e10,3.4273133976449384e11,1.0853171308751717e11,9.319015007416261e11,1.208117660754168e6,4.34716426143564e6,1.536701060100873e6,1.3309194815199543e7,1.9960514612739544e9,7.044945497413523e9,2.2310801240609884e9,1.915002452767472e10,8.371602261525749e8,2.9547141170486584e9,9.357368132193425e8,8.030475900836292e9,1.7812386092883532e9,6.286557550089808e9,1.9911421582912154e9,1.7088615575161789e10,8.113648329554947e6,2.8669250245446075e7,9.112300452613704e6,7.805231813799396e7,9.710723087902148e10,3.427313032610338e11,1.0853169594767416e11,9.31901380951536e11,1.208117660754168e6,4.31066080143564e6,1.5195612171008731e6,1.3189404725199543e7,1.9960514612739544e9,7.044908993953523e9,2.2310629842179885e9,1.914990473758472e10,8.371602261525749e8,2.9546776135886583e9,9.357196733763425e8,8.030356110746292e9,1.7812386092883532e9,6.286521046629808e9,1.9911250184482155e9,1.7088495785071789e10,0.0,0.0,0.0,0.0,0.0,0.0,0.0,0.0,0.0,0.0,0.0,0.0,0.0,0.0,0.0,0.0,0.0,0.0,0.0,0.0,0.0,0.0,0.0,0.0,-882.0,-2540.0,28512.0,-15120.0,-9231.0,-23738.0
efficiency_high,efficiency_high__TotEmiss,TotEmiss,3.570000000000003,5.544000000000005,1.077300000000001,2.3982000000000028,113.37503184,400.4158536,127.25397972,1091.4582319200001,197.52827136,696.5966952,220.76419428,1895.5842847200001,26.282207481599997,92.718144288,29.363549543999998,252.129124656,86.50307863680001,305.048195424,96.60139907040002,829.4646446496,65.4819635904,230.931624672,73.1283478128,627.89000904,147.6622074816,520.689744288,164.88228183840002,1415.7561342816,101.30843184000001,160.6552416,32.33738592,84.60411072000001,185.46167136,301.8812832,61.85598048,188.52428352,14.2156074816,50.172732288000006,15.890835743999999,136.446123456,74.4364786368,142.764983424,33.680615270400004,172.7134634496,53.415363590400005,110.908812672,27.6598240128,162.10406784,135.5956074816,238.668732288,52.51342803840001,217.93677308160002,0.0,0.0,0.0,0.0,0.0,0.0,0.0,0.0,0.0,0.0,0.0,0.0,0.0,0.0,0.0,0.0,0.0,0.0,0.0,0.0,0.0,0.0,0.0,0.0,0.0,0.0,0.0,0.0,0.0,0.0
efficiency_high,efficiency_high__TotEmiss,ISI,0.7872105843439912,2.7783902976846746,0.8798235942668137,7.5545755237045205,21.079750091877983,74.39911797133406,23.559720690922457,202.29474457919883,6.16570809712733,21.761322695743516,6.89108552031878,59.17007266318833,2.147931910059804,7.58093615315225,2.4006297818315456,20.61292639738064,18.24641675854465,64.39911797133406,20.39305402425579,175.10426838872263,17.682880846942442,62.410167695090976,19.763219770112144,169.69621787569974,14.541049836310261,51.32135236344798,16.251761581758526,139.54520095013712,19.833333333333332,70.0,22.166666666666668,190.33333333333334,4.919291338582677,17.362204724409448,5.498031496062992,47.20866141732284,0.9015151515151515,3.1818181818181817,1.0075757575757576,8.651515151515152,17.0,60.0,19.0,163.14285714285714,16.43646408839779,58.011049723756905,18.370165745856355,157.73480662983425,13.294633077765608,46.92223439211391,14.858707557502738,127.58378970427164,1.2464167585446526,4.399117971334069,1.3930540242557883,11.96141124586549,1.2464167585446526,4.399117971334069,1.3930540242557883,11.96141124586549,1.2464167585446526,4.399117971334069,1.3930540242557883,11.96141124586549,1.2464167585446526,4.399117971334069,1.3930540242557883,11.96141124586549,1.2464167585446526,4.399117971334069,1.3930540242557883,11.96141124586549,1.2464167585446526,4.399117971334069,1.3930540242557883,11.96141124586549,0.0,0.0,0.0,0.0,0.0,0.0
efficiency_high,efficiency_high__ISI,TAC,0.0,0.0,0.0,0.0,8.11909630495626e6,2.873151731639886e7,9.125118798773943e6,7.821445368107794e7,1.4234552741449994e11,5.0239600441945776e11,1.5909213790884546e11,1.3660367318795378e12,1.2048266898748e6,4.3335314617160885e6,2.275282757003652e6,1.081655688796972e7,-7.214773895444381e9,-2.546419146352058e10,-8.0634047679711895e9,-6.924535890662016e10,6.861591272679745e9,2.4217639479066772e10,7.669146482175694e9,6.584145359023775e10,-3.95264580327406e9,-1.3950590415097576e10,-4.417396036606914e9,-3.793853574967065e10,8.11909630495626e6,2.8695013856398858e7,9.107978955773944e6,7.809466359107794e7,1.4234552741449994e11,5.023959679159978e11,1.5909212076900247e11,1.3660366120894478e12,1.2048266898748e6,4.2970280017160885e6,2.258142914003652e6,1.069676679796972e7,-7.214773895444381e9,-2.5464227966980583e10,-8.063421907814189e9,-6.924547869671017e10,6.861591272679745e9,2.421760297560677e10,7.669129342332695e9,6.584133380014774e10,-3.95264580327406e9,-1.3950626918557575e10,-4.417413176449914e9,-3.793865553976065e10,0.0,0.0,0.0,0.0,0.0,0.0,0.0,0.0,0.0,0.0,0.0,0.0,0.0,0.0,0.0,0.0,0.0,0.0,0.0,0.0,0.0,0.0,0.0,0.0,-882.0,-2540.0,28512.0,-15120.0,-9231.0,-23738.0
efficiency_high,efficiency_high__ISI,TotEmiss,3.570000000000003,5.544000000000005,1.077300000000001,2.3982000000000028,113.37503184,400.4158536,127.25397972,1091.4582319200001,197.52827136,696.5966952,220.76419428,1895.5842847200001,26.282207481599997,92.718144288,29.363549543999998,252.129124656,86.50307863680001,305.048195424,96.60139907040002,829.4646446496,65.4819635904,230.931624672,73.1283478128,627.89000904,147.6622074816,520.689744288,164.88228183840002,1415.7561342816,101.30843184000001,160.6552416,32.33738592,84.60411072000001,185.46167136,301.8812832,61.85598048,188.52428352,14.2156074816,50.172732288000006,15.890835743999999,136.446123456,74.4364786368,142.764983424,33.680615270400004,172.7134634496,53.415363590400005,110.908812672,27.6598240128,162.10406784,135.5956074816,238.668732288,52.51342803840001,217.93677308160002,0.0,0.0,0.0,0.0,0.0,0.0,0.0,0.0,0.0,0.0,0.0,0.0,0.0,0.0,0.0,0.0,0.0,0.0,0.0,0.0,0.0,0.0,0.0,0.0,0.0,0.0,0.0,0.0,0.0,0.0
efficiency_high,efficiency_high__ISI,ISI,0.7872105843439912,2.7783902976846746,0.8798235942668137,7.5545755237045205,21.079750091877983,74.39911797133406,23.559720690922457,202.29474457919883,6.16570809712733,21.761322695743516,6.89108552031878,59.17007266318833,2.147931910059804,7.58093615315225,2.4006297818315456,20.61292639738064,18.24641675854465,64.39911797133406,20.39305402425579,175.10426838872263,17.682880846942442,62.410167695090976,19.763219770112144,169.69621787569974,14.541049836310261,51.32135236344798,16.251761581758526,139.54520095013712,19.833333333333332,70.0,22.166666666666668,190.33333333333334,4.919291338582677,17.362204724409448,5.498031496062992,47.20866141732284,0.9015151515151515,3.1818181818181817,1.0075757575757576,8.651515151515152,17.0,60.0,19.0,163.14285714285714,16.43646408839779,58.011049723756905,18.370165745856355,157.73480662983425,13.294633077765608,46.92223439211391,14.858707557502738,127.58378970427164,1.2464167585446526,4.399117971334069,1.3930540242557883,11.96141124586549,1.2464167585446526,4.399117971334069,1.3930540242557883,11.96141124586549,1.2464167585446526,4.399117971334069,1.3930540242557883,11.96141124586549,1.2464167585446526,4.399117971334069,1.3930540242557883,11.96141124586549,1.2464167585446526,4.399117971334069,1.3930540242557883,11.96141124586549,1.2464167585446526,4.399117971334069,1.3930540242557883,11.96141124586549,0.0,0.0,0.0,0.0,0.0,0.0
efficiency_high,efficiency_high__MaxCapture,TAC,0.0,0.0,0.0,0.0,8.114754125253874e6,2.872404719637397e7,9.143459595108116e6,7.81720910379698e7,8.46853120998217e10,2.988893609005741e11,9.464841939337074e10,8.126931252996931e11,813722.2886199998,2.8791241323272735e6,951920.4922646021,8.00729720452847e6,1.8969577742617576e9,6.695395162908127e9,2.1203495865281725e9,1.8199781995325268e10,8.066705766784474e8,2.8472351774723706e9,9.016809160643898e8,7.738677420434708e9,1.5988701348465283e9,5.643123169414581e9,1.787338896655699e9,1.5338778459875988e10,8.114754125253874e6,2.868754373637397e7,9.126319752108116e6,7.805230094796981e7,8.46853120998217e10,2.988893243971141e11,9.464840225352774e10,8.12693005509603e11,813722.2886199998,2.8426206723272735e6,934780.6492646021,7.88750711452847e6,1.8969577742617576e9,6.695358659448127e9,2.1203324466851726e9,1.8199662205235268e10,8.066705766784474e8,2.847198674012371e9,9.016637762213898e8,7.7385576303447075e9,1.5988701348465283e9,5.643086665954581e9,1.787321756812699e9,1.5338658669785988e10,0.0,0.0,0.0,0.0,0.0,0.0,0.0,0.0,0.0,0.0,0.0,0.0,0.0,0.0,0.0,0.0,0.0,0.0,0.0,0.0,0.0,0.0,0.0,0.0,-882.0,-2540.0,28512.0,-15120.0,-9231.0,-23738.0
efficiency_high,efficiency_high__MaxCapture,TotEmiss,3.570000000000003,5.544000000000005,1.077300000000001,2.3982000000000028,113.37503184,400.4158536,127.25397972,1091.4582319200001,197.52827136,696.5966952,220.76419428,1895.5842847200001,26.282207481599997,92.718144288,29.363549543999998,252.129124656,86.50307863680001,305.048195424,96.60139907040002,829.4646446496,65.4819635904,230.931624672,73.1283478128,627.89000904,147.6622074816,520.689744288,164.88228183840002,1415.7561342816,101.30843184000001,160.6552416,32.33738592,84.60411072000001,185.46167136,301.8812832,61.85598048,188.52428352,14.2156074816,50.172732288000006,15.890835743999999,136.446123456,74.4364786368,142.764983424,33.680615270400004,172.7134634496,53.415363590400005,110.908812672,27.6598240128,162.10406784,135.5956074816,238.668732288,52.51342803840001,217.93677308160002,0.0,0.0,0.0,0.0,0.0,0.0,0.0,0.0,0.0,0.0,0.0,0.0,0.0,0.0,0.0,0.0,0.0,0.0,0.0,0.0,0.0,0.0,0.0,0.0,0.0,0.0,0.0,0.0,0.0,0.0
efficiency_high,efficiency_high__MaxCapture,ISI,0.7872105843439912,2.7783902976846746,0.8798235942668137,7.5545755237045205,21.079750091877983,74.39911797133406,23.559720690922457,202.29474457919883,6.16570809712733,21.761322695743516,6.89108552031878,59.17007266318833,2.147931910059804,7.58093615315225,2.4006297818315456,20.61292639738064,18.24641675854465,64.39911797133406,20.39305402425579,175.10426838872263,17.682880846942442,62.410167695090976,19.763219770112144,169.69621787569974,14.541049836310261,51.32135236344798,16.251761581758526,139.54520095013712,19.833333333333332,70.0,22.166666666666668,190.33333333333334,4.919291338582677,17.362204724409448,5.498031496062992,47.20866141732284,0.9015151515151515,3.1818181818181817,1.0075757575757576,8.651515151515152,17.0,60.0,19.0,163.14285714285714,16.43646408839779,58.011049723756905,18.370165745856355,157.73480662983425,13.294633077765608,46.92223439211391,14.858707557502738,127.58378970427164,1.2464167585446526,4.399117971334069,1.3930540242557883,11.96141124586549,1.2464167585446526,4.399117971334069,1.3930540242557883,11.96141124586549,1.2464167585446526,4.399117971334069,1.3930540242557883,11.96141124586549,1.2464167585446526,4.399117971334069,1.3930540242557883,11.96141124586549,1.2464167585446526,4.399117971334069,1.3930540242557883,11.96141124586549,1.2464167585446526,4.399117971334069,1.3930540242557883,11.96141124586549,0.0,0.0,0.0,0.0,0.0,0.0
grid_low,grid_low__TAC,TAC,0.0,0.0,0.0,0.0,8.195795744538273e6,2.8731516266340118e7,9.213483644429326e6,7.900558949871702e7,5.710960579630179e7,2.0135591449411583e8,6.388668187732349e7,5.462596132395041e8,2.990914496792446e7,1.0469616210441619e8,3.358027745220431e7,2.804874841264206e8,4.631571846132186e7,1.6258413389030263e8,5.191004989512741e7,4.378554465961859e8,642504.3412932958,2.3582446520432937e6,1.5733728486582364e6,1.3639666682438541e7,4.2392996031482026e7,1.4874244110975885e8,4.752695718879832e7,4.002235834631316e8,8.195795744538273e6,2.869501280634012e7,9.196343801429326e6,7.888579940871702e7,5.710960579630179e7,2.0131941103411582e8,6.386954203432349e7,5.461398231495041e8,2.990914496792446e7,1.0465965864441618e8,3.356313760920431e7,2.803676940364206e8,4.631571846132186e7,1.6254763043030265e8,5.189291005212741e7,4.3773565650618595e8,642504.3412932958,2.3217411920432937e6,1.5562330056582366e6,1.3519876592438543e7,4.2392996031482026e7,1.4870593764975885e8,4.750981734579832e7,4.0010379337313163e8,0.0,0.0,0.0,0.0,0.0,0.0,0.0,0.0,0.0,0.0,0.0,0.0,0.0,0.0,0.0,0.0,0.0,0.0,0.0,0.0,0.0,0.0,0.0,0.0,-882.0,-2540.0,28512.0,-15120.0,-9231.0,-23738.0
grid_low,grid_low__TAC,TotEmiss,3.570000000000003,5.544000000000005,1.077300000000001,2.3982000000000028,112.70081592000001,397.7042328,126.16748676,1082.7309765600003,194.04743568,684.2560536,216.76870404,1861.27714296,19.1744037408,67.63177814400001,21.418131671999998,183.90606292799998,79.6298393184,280.789703712,88.91814143520001,763.4926129248,58.4092817952,205.96921833599998,65.2235858064,560.02807512,140.5544037408,495.60337814400003,156.93966781920003,1347.5571477408,100.63421592,157.9436208,31.250892960000005,75.87685536000001,181.98083568,289.5406416,57.860490240000004,154.21714176,7.1078037408,25.086366144000003,7.945417871999999,68.223061728,67.56323931840001,118.50649171200001,25.997357635200004,106.74143172480001,46.3426817952,85.946406336,19.7550620064,94.24213392,128.48780374080002,213.58236614400002,44.57081401920001,149.73778654080002,0.0,0.0,0.0,0.0,0.0,0.0,0.0,0.0,0.0,0.0,0.0,0.0,0.0,0.0,0.0,0.0,0.0,0.0,0.0,0.0,0.0,0.0,0.0,0.0,0.0,0.0,0.0,0.0,0.0,0.0
grid_low,grid_low__TAC,ISI,0.7872105843439912,2.7783902976846746,0.8798235942668137,7.5545755237045205,21.079750091877983,74.39911797133406,23.559720690922457,202.29474457919883,6.16570809712733,21.761322695743516,6.89108552031878,59.17007266318833,2.147931910059804,7.58093615315225,2.4006297818315456,20.61292639738064,18.24641675854465,64.39911797133406,20.39305402425579,175.10426838872263,17.682880846942442,62.410167695090976,19.763219770112144,169.69621787569974,14.541049836310261,51.32135236344798,16.251761581758526,139.54520095013712,19.833333333333332,70.0,22.166666666666668,190.33333333333334,4.919291338582677,17.362204724409448,5.498031496062992,47.20866141732284,0.9015151515151515,3.1818181818181817,1.0075757575757576,8.651515151515152,17.0,60.0,19.0,163.14285714285714,16.43646408839779,58.011049723756905,18.370165745856355,157.73480662983425,13.294633077765608,46.92223439211391,14.858707557502738,127.58378970427164,1.2464167585446526,4.399117971334069,1.3930540242557883,11.96141124586549,1.2464167585446526,4.399117971334069,1.3930540242557883,11.96141124586549,1.2464167585446526,4.399117971334069,1.3930540242557883,11.96141124586549,1.2464167585446526,4.399117971334069,1.3930540242557883,11.96141124586549,1.2464167585446526,4.399117971334069,1.3930540242557883,11.96141124586549,1.2464167585446526,4.399117971334069,1.3930540242557883,11.96141124586549,0.0,0.0,0.0,0.0,0.0,0.0
grid_low,grid_low__TotEmiss,TAC,0.0,0.0,0.0,0.0,8.114298591670635e6,2.8701478299472548e7,9.12646143473162e6,7.817210326300347e7,7.721783092180122e10,2.7253350303111417e11,8.630239021329733e10,7.410305872635752e11,1.1868479410592453e6,4.265163256817696e6,1.483056116188467e6,1.2808818584403316e7,1.941830461210538e9,6.853473942155472e9,2.1704362741639132e9,1.8629455358222263e10,8.179173260713317e8,2.886726242387826e9,9.142011124536927e8,7.845723210022472e9,1.6774360786374128e9,5.920178951324416e9,1.875102467815371e9,1.6092291897733198e10,8.114298591670635e6,2.8664974839472547e7,9.109321591731621e6,7.805231317300346e7,7.721783092180122e10,2.7253346652765414e11,8.630237307345433e10,7.410304674734851e11,1.1868479410592453e6,4.228659796817696e6,1.4659162731884671e6,1.2689028494403316e7,1.941830461210538e9,6.853437438695472e9,2.1704191343209133e9,1.8629335568132263e10,8.179173260713317e8,2.886689738927826e9,9.141839726106927e8,7.845603419932472e9,1.6774360786374128e9,5.920142447864416e9,1.8750853279723709e9,1.6092172107643198e10,0.0,0.0,0.0,0.0,0.0,0.0,0.0,0.0,0.0,0.0,0.0,0.0,0.0,0.0,0.0,0.0,0.0,0.0,0.0,0.0,0.0,0.0,0.0,0.0,-882.0,-2540.0,28512.0,-15120.0,-9231.0,-23738.0
grid_low,grid_low__TotEmiss,TotEmiss,3.570000000000003,5.544000000000005,1.077300000000001,2.3982000000000028,112.70081592000001,397.7042328,126.16748676,1082.7309765600003,194.04743568,684.2560536,216.76870404,1861.27714296,19.1744037408,67.63177814400001,21.418131671999998,183.90606292799998,79.6298393184,280.789703712,88.91814143520001,763.4926129248,58.4092817952,205.96921833599998,65.2235858064,560.02807512,140.5544037408,495.60337814400003,156.93966781920003,1347.5571477408,100.63421592,157.9436208,31.250892960000005,75.87685536000001,181.98083568,289.5406416,57.860490240000004,154.21714176,7.1078037408,25.086366144000003,7.945417871999999,68.223061728,67.56323931840001,118.50649171200001,25.997357635200004,106.74143172480001,46.3426817952,85.946406336,19.7550620064,94.24213392,128.48780374080002,213.58236614400002,44.57081401920001,149.73778654080002,0.0,0.0,0.0,0.0,0.0,0.0,0.0,0.0,0.0,0.0,0.0,0.0,0.0,0.0,0.0,0.0,0.0,0.0,0.0,0.0,0.0,0.0,0.0,0.0,0.0,0.0,0.0,0.0,0.0,0.0
grid_low,grid_low__TotEmiss,ISI,0.7872105843439912,2.7783902976846746,0.8798235942668137,7.5545755237045205,21.079750091877983,74.39911797133406,23.559720690922457,202.29474457919883,6.16570809712733,21.761322695743516,6.89108552031878,59.17007266318833,2.147931910059804,7.58093615315225,2.4006297818315456,20.61292639738064,18.24641675854465,64.39911797133406,20.39305402425579,175.10426838872263,17.682880846942442,62.410167695090976,19.763219770112144,169.69621787569974,14.541049836310261,51.32135236344798,16.251761581758526,139.54520095013712,19.833333333333332,70.0,22.166666666666668,190.33333333333334,4.919291338582677,17.362204724409448,5.498031496062992,47.20866141732284,0.9015151515151515,3.1818181818181817,1.0075757575757576,8.651515151515152,17.0,60.0,19.0,163.14285714285714,16.43646408839779,58.011049723756905,18.370165745856355,157.73480662983425,13.294633077765608,46.92223439211391,14.858707557502738,127.58378970427164,1.2464167585446526,4.399117971334069,1.3930540242557883,11.96141124586549,1.2464167585446526,4.399117971334069,1.3930540242557883,11.96141124586549,1.2464167585446526,4.399117971334069,1.3930540242557883,11.96141124586549,1.2464167585446526,4.399117971334069,1.3930540242557883,11.96141124586549,1.2464167585446526,4.399117971334069,1.3930540242557883,11.96141124586549,1.2464167585446526,4.399117971334069,1.3930540242557883,11.96141124586549,0.0,0.0,0.0,0.0,0.0,0.0
grid_low,grid_low__ISI,TAC,0.0,0.0,0.0,0.0,8.118671538260118e6,2.8731517314787988e7,9.124468378366115e6,7.8205572161711e7,1.4228492731742578e11,5.021820969042767e11,1.590243910531216e11,1.3654550431620022e12,1.217480943117895e6,4.382943584927055e6,2.272859697820732e6,7.806523733313687e6,-1.0558057890433945e10,-3.726423153500412e10,-1.1800081209289078e10,-1.0132917360951608e11,-6.818802304632812e9,-2.4066899871728012e10,-7.620944479360487e9,-6.5445239333133575e10,-5.384635537500458e9,-1.9005047628938686e10,-6.017992003737613e9,-5.168142308826417e10,8.118671538260118e6,2.8695013854787987e7,9.107328535366114e6,7.8085782071711e7,1.4228492731742578e11,5.0218206040081665e11,1.590243739132786e11,1.365454923371912e12,1.217480943117895e6,4.346440124927055e6,2.255719854820732e6,7.686733643313687e6,-1.0558057890433945e10,-3.726426803846412e10,-1.1800098349132078e10,-1.0132929339960608e11,-6.818802304632812e9,-2.406693637518801e10,-7.620961619203487e9,-6.544535912322358e10,-5.384635537500458e9,-1.9005084132398685e10,-6.018009143580613e9,-5.1681542878354164e10,0.0,0.0,0.0,0.0,0.0,0.0,0.0,0.0,0.0,0.0,0.0,0.0,0.0,0.0,0.0,0.0,0.0,0.0,0.0,0.0,0.0,0.0,0.0,0.0,-882.0,-2540.0,28512.0,-15120.0,-9231.0,-23738.0
grid_low,grid_low__ISI,TotEmiss,3.570000000000003,5.544000000000005,1.077300000000001,2.3982000000000028,112.70081592000001,397.7042328,126.16748676,1082.7309765600003,194.04743568,684.2560536,216.76870404,1861.27714296,19.1744037408,67.63177814400001,21.418131671999998,183.90606292799998,79.6298393184,280.789703712,88.91814143520001,763.4926129248,58.4092817952,205.96921833599998,65.2235858064,560.02807512,140.5544037408,495.60337814400003,156.93966781920003,1347.5571477408,100.63421592,157.9436208,31.250892960000005,75.87685536000001,181.98083568,289.5406416,57.860490240000004,154.21714176,7.1078037408,25.086366144000003,7.945417871999999,68.223061728,67.56323931840001,118.50649171200001,25.997357635200004,106.74143172480001,46.3426817952,85.946406336,19.7550620064,94.24213392,128.48780374080002,213.58236614400002,44.57081401920001,149.73778654080002,0.0,0.0,0.0,0.0,0.0,0.0,0.0,0.0,0.0,0.0,0.0,0.0,0.0,0.0,0.0,0.0,0.0,0.0,0.0,0.0,0.0,0.0,0.0,0.0,0.0,0.0,0.0,0.0,0.0,0.0
grid_low,grid_low__ISI,ISI,0.7872105843439912,2.7783902976846746,0.8798235942668137,7.5545755237045205,21.079750091877983,74.39911797133406,23.559720690922457,202.29474457919883,6.16570809712733,21.761322695743516,6.89108552031878,59.17007266318833,2.147931910059804,7.58093615315225,2.4006297818315456,20.61292639738064,18.24641675854465,64.39911797133406,20.39305402425579,175.10426838872263,17.682880846942442,62.410167695090976,19.763219770112144,169.69621787569974,14.541049836310261,51.32135236344798,16.251761581758526,139.54520095013712,19.833333333333332,70.0,22.166666666666668,190.33333333333334,4.919291338582677,17.362204724409448,5.498031496062992,47.20866141732284,0.9015151515151515,3.1818181818181817,1.0075757575757576,8.651515151515152,17.0,60.0,19.0,163.14285714285714,16.43646408839779,58.011049723756905,18.370165745856355,157.73480662983425,13.294633077765608,46.92223439211391,14.858707557502738,127.58378970427164,1.2464167585446526,4.399117971334069,1.3930540242557883,11.96141124586549,1.2464167585446526,4.399117971334069,1.3930540242557883,11.96141124586549,1.2464167585446526,4.399117971334069,1.3930540242557883,11.96141124586549,1.2464167585446526,4.399117971334069,1.3930540242557883,11.96141124586549,1.2464167585446526,4.399117971334069,1.3930540242557883,11.96141124586549,1.2464167585446526,4.399117971334069,1.3930540242557883,11.96141124586549,0.0,0.0,0.0,0.0,0.0,0.0
grid_low,grid_low__MaxCapture,TAC,0.0,0.0,0.0,0.0,8.114226683862693e6,2.873175582504837e7,9.150650631539367e6,7.817206432142423e7,7.810125685448201e10,2.7565156917155396e11,8.728977730832591e10,7.495084599029183e11,826151.5185852646,2.925469201001055e6,967024.0525172588,8.135776077759062e6,1.9071225801762667e9,6.731420849592995e9,2.131737646071145e9,1.829751860710385e10,8.191833324583035e8,2.8914904957857947e9,9.156877902367587e8,7.858727908630712e9,1.5515655811076293e9,5.4763146108679695e9,1.7344848787011883e9,1.4885138558752687e10,8.114226683862693e6,2.8695252365048368e7,9.133510788539367e6,7.805227423142424e7,7.810125685448201e10,2.75651532668094e11,8.728976016848291e10,7.495083401128284e11,826151.5185852646,2.888965741001055e6,949884.2095172588,8.015985987759062e6,1.9071225801762667e9,6.731384346132995e9,2.1317205062281451e9,1.829739881701385e10,8.191833324583035e8,2.8914539923257947e9,9.156706503937588e8,7.858608118540711e9,1.5515655811076293e9,5.476278107407969e9,1.7344677388581884e9,1.4885018768662687e10,0.0,0.0,0.0,0.0,0.0,0.0,0.0,0.0,0.0,0.0,0.0,0.0,0.0,0.0,0.0,0.0,0.0,0.0,0.0,0.0,0.0,0.0,0.0,0.0,-882.0,-2540.0,28512.0,-15120.0,-9231.0,-23738.0
grid_low,grid_low__MaxCapture,TotEmiss,3.570000000000003,5.544000000000005,1.077300000000001,2.3982000000000028,112.70081592000001,397.7042328,126.16748676,1082.7309765600003,194.04743568,684.2560536,216.76870404,1861.27714296,19.1744037408,67.63177814400001,21.418131671999998,183.90606292799998,79.6298393184,280.789703712,88.91814143520001,763.4926129248,58.4092817952,205.96921833599998,65.2235858064,560.02807512,140.5544037408,495.60337814400003,156.93966781920003,1347.5571477408,100.63421592,157.9436208,31.250892960000005,75.87685536000001,181.98083568,289.5406416,57.860490240000004,154.21714176,7.1078037408,25.086366144000003,7.945417871999999,68.223061728,67.56323931840001,118.50649171200001,25.997357635200004,106.74143172480001,46.3426817952,85.946406336,19.7550620064,94.24213392,128.48780374080002,213.58236614400002,44.57081401920001,149.73778654080002,0.0,0.0,0.0,0.0,0.0,0.0,0.0,0.0,0.0,0.0,0.0,0.0,0.0,0.0,0.0,0.0,0.0,0.0,0.0,0.0,0.0,0.0,0.0,0.0,0.0,0.0,0.0,0.0,0.0,0.0
grid_low,grid_low__MaxCapture,ISI,0.7872105843439912,2.7783902976846746,0.8798235942668137,7.5545755237045205,21.079750091877983,74.39911797133406,23.559720690922457,202.29474457919883,6.16570809712733,21.761322695743516,6.89108552031878,59.17007266318833,2.147931910059804,7.58093615315225,2.4006297818315456,20.61292639738064,18.24641675854465,64.39911797133406,20.39305402425579,175.10426838872263,17.682880846942442,62.410167695090976,19.763219770112144,169.69621787569974,14.541049836310261,51.32135236344798,16.251761581758526,139.54520095013712,19.833333333333332,70.0,22.166666666666668,190.33333333333334,4.919291338582677,17.362204724409448,5.498031496062992,47.20866141732284,0.9015151515151515,3.1818181818181817,1.0075757575757576,8.651515151515152,17.0,60.0,19.0,163.14285714285714,16.43646408839779,58.011049723756905,18.370165745856355,157.73480662983425,13.294633077765608,46.92223439211391,14.858707557502738,127.58378970427164,1.2464167585446526,4.399117971334069,1.3930540242557883,11.96141124586549,1.2464167585446526,4.399117971334069,1.3930540242557883,11.96141124586549,1.2464167585446526,4.399117971334069,1.3930540242557883,11.96141124586549,1.2464167585446526,4.399117971334069,1.3930540242557883,11.96141124586549,1.2464167585446526,4.399117971334069,1.3930540242557883,11.96141124586549,1.2464167585446526,4.399117971334069,1.3930540242557883,11.96141124586549,0.0,0.0,0.0,0.0,0.0,0.0
grid_high,grid_high__TAC,TAC,0.0,0.0,0.0,0.0,8.1281578199028885e6,2.9020517687549252e7,9.22372832794773e6,7.91424719560481e7,6.0647629893577956e7,2.1383565335774922e8,6.78375987685571e7,5.801672025204575e8,3.762241174716587e7,1.3184430877050874e8,4.21709607339969e7,3.541597261530237e8,5.253776381121869e7,1.8448820665008396e8,5.884158507054848e7,4.9730236949744874e8,629742.0071402448,2.2526762578941537e6,1.5917657485502146e6,1.3890185477538921e7,6.810434476140876e6,2.411953114206899e7,7.62877234137423e6,5.9223504278668135e7,8.1281578199028885e6,2.898401422754925e7,9.20658848494773e6,7.90226818660481e7,6.0647629893577956e7,2.1379914989774922e8,6.78204589255571e7,5.800474124304575e8,3.762241174716587e7,1.3180780531050874e8,4.21538208909969e7,3.540399360630237e8,5.253776381121869e7,1.8445170319008398e8,5.882444522754848e7,4.971825794074487e8,629742.0071402448,2.2161727978941537e6,1.5746259055502147e6,1.3770395387538921e7,6.810434476140876e6,2.408302768206899e7,7.611632498374229e6,5.910371418866814e7,0.0,0.0,0.0,0.0,0.0,0.0,0.0,0.0,0.0,0.0,0.0,0.0,0.0,0.0,0.0,0.0,0.0,0.0,0.0,0.0,0.0,0.0,0.0,0.0,-882.0,-2540.0,28512.0,-15120.0,-9231.0,-23738.0
grid_high,grid_high__TAC,TotEmiss,3.570000000000003,5.544000000000005,1.077300000000001,2.3982000000000028,114.72346368000001,405.83909520000003,129.42696564,1108.91274264,204.48994272,721.2779783999999,228.75517476,1964.19856824,40.4978149632,142.890876576,45.254385287999995,388.575248112,100.2495572736,353.565178848,111.96791434080001,961.4087080992,79.6273271808,280.856437344,88.9378718256,763.6138768799999,161.87781496320002,570.8624765760001,180.76750987680003,1552.1541073632,102.65686368000001,166.0784832,34.510371840000005,102.05862144,192.42334272,326.5625664,69.84696096,257.13856704,28.4312149632,100.34546457600001,31.781671487999997,272.892246912,88.18295727360001,191.28196684800002,49.04713054080001,304.65752689920004,67.5607271808,160.83362534399998,43.4693480256,297.82793568,149.8112149632,288.841464576,68.39865607680001,354.33474616320007,0.0,0.0,0.0,0.0,0.0,0.0,0.0,0.0,0.0,0.0,0.0,0.0,0.0,0.0,0.0,0.0,0.0,0.0,0.0,0.0,0.0,0.0,0.0,0.0,0.0,0.0,0.0,0.0,0.0,0.0
grid_high,grid_high__TAC,ISI,0.7872105843439912,2.7783902976846746,0.8798235942668137,7.5545755237045205,21.079750091877983,74.39911797133406,23.559720690922457,202.29474457919883,6.16570809712733,21.761322695743516,6.89108552031878,59.17007266318833,2.147931910059804,7.58093615315225,2.4006297818315456,20.61292639738064,18.24641675854465,64.39911797133406,20.39305402425579,175.10426838872263,17.682880846942442,62.410167695090976,19.763219770112144,169.69621787569974,14.541049836310261,51.32135236344798,16.251761581758526,139.54520095013712,19.833333333333332,70.0,22.166666666666668,190.33333333333334,4.919291338582677,17.362204724409448,5.498031496062992,47.20866141732284,0.9015151515151515,3.1818181818181817,1.0075757575757576,8.651515151515152,17.0,60.0,19.0,163.14285714285714,16.43646408839779,58.011049723756905,18.370165745856355,157.73480662983425,13.294633077765608,46.92223439211391,14.858707557502738,127.58378970427164,1.2464167585446526,4.399117971334069,1.3930540242557883,11.96141124586549,1.2464167585446526,4.399117971334069,1.3930540242557883,11.96141124586549,1.2464167585446526,4.399117971334069,1.3930540242557883,11.96141124586549,1.2464167585446526,4.399117971334069,1.3930540242557883,11.96141124586549,1.2464167585446526,4.399117971334069,1.3930540242557883,11.96141124586549,1.2464167585446526,4.399117971334069,1.3930540242557883,11.96141124586549,0.0,0.0,0.0,0.0,0.0,0.0
grid_high,grid_high__TotEmiss,TAC,0.0,0.0,0.0,0.0,8.116029509720346e6,2.871903983626955e7,9.13728839023202e6,7.817211651686433e7,8.045122321633966e10,2.8394547884348804e11,8.991618726110858e10,7.720601826973401e11,1.1837889812589015e6,4.252194728837545e6,1.54466187140567e6,1.3396753377319392e7,2.0341988676906636e9,7.179408342194709e9,2.273669996045162e9,1.9515588187256523e10,8.54471930830706e8,3.015712420417216e9,9.550619543959036e8,8.196058418850306e9,1.8514787852928164e9,6.534323051466788e9,2.069597268421212e9,1.776243651972391e10,8.116029509720346e6,2.8682536376269553e7,9.12014854723202e6,7.805232642686434e7,8.045122321633966e10,2.83945442340028e11,8.99161701212656e10,7.7206006290725e11,1.1837889812589015e6,4.215691268837545e6,1.5275220284056698e6,1.3276963287319392e7,2.0341988676906636e9,7.179371838734709e9,2.2736528562021623e9,1.9515468397166523e10,8.54471930830706e8,3.015675916957216e9,9.550448145529037e8,8.195938628760305e9,1.8514787852928164e9,6.534286548006788e9,2.069580128578212e9,1.776231672963391e10,0.0,0.0,0.0,0.0,0.0,0.0,0.0,0.0,0.0,0.0,0.0,0.0,0.0,0.0,0.0,0.0,0.0,0.0,0.0,0.0,0.0,0.0,0.0,0.0,-882.0,-2540.0,28512.0,-15120.0,-9231.0,-23738.0
grid_high,grid_high__TotEmiss,TotEmiss,3.570000000000003,5.544000000000005,1.077300000000001,2.3982000000000028,114.72346368000001,405.83909520000003,129.42696564,1108.91274264,204.48994272,721.2779783999999,228.75517476,1964.19856824,40.4978149632,142.890876576,45.254385287999995,388.575248112,100.2495572736,353.565178848,111.96791434080001,961.4087080992,79.6273271808,280.856437344,88.9378718256,763.6138768799999,161.87781496320002,570.8624765760001,180.76750987680003,1552.1541073632,102.65686368000001,166.0784832,34.510371840000005,102.05862144,192.42334272,326.5625664,69.84696096,257.13856704,28.4312149632,100.34546457600001,31.781671487999997,272.892246912,88.18295727360001,191.28196684800002,49.04713054080001,304.65752689920004,67.5607271808,160.83362534399998,43.4693480256,297.82793568,149.8112149632,288.841464576,68.39865607680001,354.33474616320007,0.0,0.0,0.0,0.0,0.0,0.0,0.0,0.0,0.0,0.0,0.0,0.0,0.0,0.0,0.0,0.0,0.0,0.0,0.0,0.0,0.0,0.0,0.0,0.0,0.0,0.0,0.0,0.0,0.0,0.0
grid_high,grid_high__TotEmiss,ISI,0.7872105843439912,2.7783902976846746,0.8798235942668137,7.5545755237045205,21.079750091877983,74.39911797133406,23.559720690922457,202.29474457919883,6.16570809712733,21.761322695743516,6.89108552031878,59.17007266318833,2.147931910059804,7.58093615315225,2.4006297818315456,20.61292639738064,18.24641675854465,64.39911797133406,20.39305402425579,175.10426838872263,17.682880846942442,62.410167695090976,19.763219770112144,169.69621787569974,14.541049836310261,51.32135236344798,16.251761581758526,139.54520095013712,19.833333333333332,70.0,22.166666666666668,190.33333333333334,4.919291338582677,17.362204724409448,5.498031496062992,47.20866141732284,0.9015151515151515,3.1818181818181817,1.0075757575757576,8.651515151515152,17.0,60.0,19.0,163.14285714285714,16.43646408839779,58.011049723756905,18.370165745856355,157.73480662983425,13.294633077765608,46.92223439211391,14.858707557502738,127.58378970427164,1.2464167585446526,4.399117971334069,1.3930540242557883,11.96141124586549,1.2464167585446526,4.399117971334069,1.3930540242557883,11.96141124586549,1.2464167585446526,4.399117971334069,1.3930540242557883,11.96141124586549,1.2464167585446526,4.399117971334069,1.3930540242557883,11.96141124586549,1.2464167585446526,4.399117971334069,1.3930540242557883,11.96141124586549,1.2464167585446526,4.399117971334069,1.3930540242557883,11.96141124586549,0.0,0.0,0.0,0.0,0.0,0.0
grid_high,grid_high__ISI,TAC,0.0,0.0,0.0,0.0,8.119570166693521e6,2.8731517310259502e7,9.12166423252442e6,7.81144433963545e7,1.4192372494022345e11,5.0090726519542694e11,1.5862069267473782e11,1.3619886951021497e12,1.179103188607866e6,4.233747677459791e6,2.2295253664969155e6,8.057523891000484e6,-1.0559643589206608e10,-3.726983555137587e10,-1.1801861477163843e10,-1.0134452059241599e11,-6.8005541667268915e9,-2.4002496461007404e10,-7.600555952686638e9,-6.527023794749398e10,-5.321167182762128e9,-1.878104405163804e10,-5.947061609397127e9,-5.107242285793092e10,8.119570166693521e6,2.86950138502595e7,9.104524389524419e6,7.799465330635451e7,1.4192372494022345e11,5.00907228691967e11,1.5862067553489484e11,1.3619885753120598e12,1.179103188607866e6,4.197244217459791e6,2.2123855234969156e6,7.937733801000484e6,-1.0559643589206608e10,-3.726987205483587e10,-1.1801878617006844e10,-1.0134464038250598e11,-6.8005541667268915e9,-2.4002532964467403e10,-7.600573092529638e9,-6.527035773758398e10,-5.321167182762128e9,-1.8781080555098038e10,-5.947078749240128e9,-5.107254264802092e10,0.0,0.0,0.0,0.0,0.0,0.0,0.0,0.0,0.0,0.0,0.0,0.0,0.0,0.0,0.0,0.0,0.0,0.0,0.0,0.0,0.0,0.0,0.0,0.0,-882.0,-2540.0,28512.0,-15120.0,-9231.0,-23738.0
grid_high,grid_high__ISI,TotEmiss,3.570000000000003,5.544000000000005,1.077300000000001,2.3982000000000028,114.72346368000001,405.83909520000003,129.42696564,1108.91274264,204.48994272,721.2779783999999,228.75517476,1964.19856824,40.4978149632,142.890876576,45.254385287999995,388.575248112,100.2495572736,353.565178848,111.96791434080001,961.4087080992,79.6273271808,280.856437344,88.9378718256,763.6138768799999,161.87781496320002,570.8624765760001,180.76750987680003,1552.1541073632,102.65686368000001,166.0784832,34.510371840000005,102.05862144,192.42334272,326.5625664,69.84696096,257.13856704,28.4312149632,100.34546457600001,31.781671487999997,272.892246912,88.18295727360001,191.28196684800002,49.04713054080001,304.65752689920004,67.5607271808,160.83362534399998,43.4693480256,297.82793568,149.8112149632,288.841464576,68.39865607680001,354.33474616320007,0.0,0.0,0.0,0.0,0.0,0.0,0.0,0.0,0.0,0.0,0.0,0.0,0.0,0.0,0.0,0.0,0.0,0.0,0.0,0.0,0.0,0.0,0.0,0.0,0.0,0.0,0.0,0.0,0.0,0.0
grid_high,grid_high__ISI,ISI,0.7872105843439912,2.7783902976846746,0.8798235942668137,7.5545755237045205,21.079750091877983,74.39911797133406,23.559720690922457,202.29474457919883,6.16570809712733,21.761322695743516,6.89108552031878,59.17007266318833,2.147931910059804,7.58093615315225,2.4006297818315456,20.61292639738064,18.24641675854465,64.39911797133406,20.39305402425579,175.10426838872263,17.682880846942442,62.410167695090976,19.763219770112144,169.69621787569974,14.541049836310261,51.32135236344798,16.251761581758526,139.54520095013712,19.833333333333332,70.0,22.166666666666668,190.33333333333334,4.919291338582677,17.362204724409448,5.498031496062992,47.20866141732284,0.9015151515151515,3.1818181818181817,1.0075757575757576,8.651515151515152,17.0,60.0,19.0,163.14285714285714,16.43646408839779,58.011049723756905,18.370165745856355,157.73480662983425,13.294633077765608,46.92223439211391,14.858707557502738,127.58378970427164,1.2464167585446526,4.399117971334069,1.3930540242557883,11.96141124586549,1.2464167585446526,4.399117971334069,1.3930540242557883,11.96141124586549,1.2464167585446526,4.399117971334069,1.3930540242557883,11.96141124586549,1.2464167585446526,4.399117971334069,1.3930540242557883,11.96141124586549,1.2464167585446526,4.399117971334069,1.3930540242557883,11.96141124586549,1.2464167585446526,4.399117971334069,1.3930540242557883,11.96141124586549,0.0,0.0,0.0,0.0,0.0,0.0
grid_high,grid_high__MaxCapture,TAC,0.0,0.0,0.0,0.0,8.1159285713292e6,2.879214989323907e7,9.18301808306833e6,7.817208780499461e7,7.420098052959203e10,2.6188588268932016e11,8.293064078403943e10,7.1207890166417e11,826151.5887665707,2.925469465439892e6,967024.1367467586,8.135776742203352e6,1.8883746790399413e9,6.6651893754667845e9,2.1107654726881647e9,1.8117525460419403e10,8.068639641688858e8,2.8479754075296426e9,9.019077470768033e8,7.74063336763344e9,1.5849718160793471e9,5.594138640833075e9,1.7717977185624735e9,1.5205363031537643e10,8.1159285713292e6,2.8755646433239073e7,9.16587824006833e6,7.805229771499461e7,7.420098052959203e10,2.6188584618586017e11,8.293062364419643e10,7.120787818740801e11,826151.5887665707,2.8889660054398915e6,949884.2937467586,8.015986652203352e6,1.8883746790399413e9,6.665152872006784e9,2.1107483328451648e9,1.8117405670329407e10,8.068639641688858e8,2.8479389040696425e9,9.018906072338034e8,7.74051357754344e9,1.5849718160793471e9,5.594102137373075e9,1.7717805787194736e9,1.5205243241447643e10,0.0,0.0,0.0,0.0,0.0,0.0,0.0,0.0,0.0,0.0,0.0,0.0,0.0,0.0,0.0,0.0,0.0,0.0,0.0,0.0,0.0,0.0,0.0,0.0,-882.0,-2540.0,28512.0,-15120.0,-9231.0,-23738.0
grid_high,grid_high__MaxCapture,TotEmiss,3.570000000000003,5.544000000000005,1.077300000000001,2.3982000000000028,114.72346368000001,405.83909520000003,129.42696564,1108.91274264,204.48994272,721.2779783999999,228.75517476,1964.19856824,40.4978149632,142.890876576,45.254385287999995,388.575248112,100.2495572736,353.565178848,111.96791434080001,961.4087080992,79.6273271808,280.856437344,88.9378718256,763.6138768799999,161.87781496320002,570.8624765760001,180.76750987680003,1552.1541073632,102.65686368000001,166.0784832,34.510371840000005,102.05862144,192.42334272,326.5625664,69.84696096,257.13856704,28.4312149632,100.34546457600001,31.781671487999997,272.892246912,88.18295727360001,191.28196684800002,49.04713054080001,304.65752689920004,67.5607271808,160.83362534399998,43.4693480256,297.82793568,149.8112149632,288.841464576,68.39865607680001,354.33474616320007,0.0,0.0,0.0,0.0,0.0,0.0,0.0,0.0,0.0,0.0,0.0,0.0,0.0,0.0,0.0,0.0,0.0,0.0,0.0,0.0,0.0,0.0,0.0,0.0,0.0,0.0,0.0,0.0,0.0,0.0
grid_high,grid_high__MaxCapture,ISI,0.7872105843439912,2.7783902976846746,0.8798235942668137,7.5545755237045205,21.079750091877983,74.39911797133406,23.559720690922457,202.29474457919883,6.16570809712733,21.761322695743516,6.89108552031878,59.17007266318833,2.147931910059804,7.58093615315225,2.4006297818315456,20.61292639738064,18.24641675854465,64.39911797133406,20.39305402425579,175.10426838872263,17.682880846942442,62.410167695090976,19.763219770112144,169.69621787569974,14.541049836310261,51.32135236344798,16.251761581758526,139.54520095013712,19.833333333333332,70.0,22.166666666666668,190.33333333333334,4.919291338582677,17.362204724409448,5.498031496062992,47.20866141732284,0.9015151515151515,3.1818181818181817,1.0075757575757576,8.651515151515152,17.0,60.0,19.0,163.14285714285714,16.43646408839779,58.011049723756905,18.370165745856355,157.73480662983425,13.294633077765608,46.92223439211391,14.858707557502738,127.58378970427164,1.2464167585446526,4.399117971334069,1.3930540242557883,11.96141124586549,1.2464167585446526,4.399117971334069,1.3930540242557883,11.96141124586549,1.2464167585446526,4.399117971334069,1.3930540242557883,11.96141124586549,1.2464167585446526,4.399117971334069,1.3930540242557883,11.96141124586549,1.2464167585446526,4.399117971334069,1.3930540242557883,11.96141124586549,1.2464167585446526,4.399117971334069,1.3930540242557883,11.96141124586549,0.0,0.0,0.0,0.0,0.0,0.0
power_price_high,power_price_high__TAC,TAC,0.0,0.0,0.0,0.0,8.195613487258968e6,2.8731812623594414e7,9.21375549796416e6,7.90075654509765e7,5.704812242880707e7,2.0113888516166574e8,6.3817963501817845e7,5.4566955950765e8,2.987198701147029e7,1.0456484347229372e8,3.353868006745553e7,2.80130297749604e8,4.626095188701428e7,1.6239068965125382e8,5.184878243224001e7,4.373294045530889e8,636812.3377283487,2.33282370468144e6,1.5677039143625512e6,1.3591685884145755e7,4.234007201367865e7,1.4855551777488884e8,4.7467755993185624e7,3.997153003392674e8,8.195613487258968e6,2.8695309163594417e7,9.19661565496416e6,7.888777536097652e7,5.704812242880707e7,2.0110238170166573e8,6.380082365881784e7,5.4554976941765e8,2.987198701147029e7,1.0452834001229371e8,3.3521540224455528e7,2.80010507659604e8,4.626095188701428e7,1.623541861912538e8,5.183164258924001e7,4.3720961446308887e8,636812.3377283487,2.29632024468144e6,1.5505640713625513e6,1.3471895794145755e7,4.234007201367865e7,1.4851901431488886e8,4.745061615018563e7,3.995955102492674e8,0.0,0.0,0.0,0.0,0.0,0.0,0.0,0.0,0.0,0.0,0.0,0.0,0.0,0.0,0.0,0.0,0.0,0.0,0.0,0.0,0.0,0.0,0.0,0.0,-882.0,-2540.0,28512.0,-15120.0,-9231.0,-23738.0
power_price_high,power_price_high__TAC,TotEmiss,3.570000000000003,5.544000000000005,1.077300000000001,2.3982000000000028,113.37503184,400.4158536,127.25397972,1091.4582319200001,197.52827136,696.5966952,220.76419428,1895.5842847200001,26.282207481599997,92.718144288,29.363549543999998,252.129124656,86.50307863680001,305.048195424,96.60139907040002,829.4646446496,65.4819635904,230.931624672,73.1283478128,627.89000904,147.6622074816,520.689744288,164.88228183840002,1415.7561342816,101.30843184000001,160.6552416,32.33738592,84.60411072000001,185.46167136,301.8812832,61.85598048,188.52428352,14.2156074816,50.172732288000006,15.890835743999999,136.446123456,74.4364786368,142.764983424,33.680615270400004,172.7134634496,53.415363590400005,110.908812672,27.6598240128,162.10406784,135.5956074816,238.668732288,52.51342803840001,217.93677308160002,0.0,0.0,0.0,0.0,0.0,0.0,0.0,0.0,0.0,0.0,0.0,0.0,0.0,0.0,0.0,0.0,0.0,0.0,0.0,0.0,0.0,0.0,0.0,0.0,0.0,0.0,0.0,0.0,0.0,0.0
power_price_high,power_price_high__TAC,ISI,0.7872105843439912,2.7783902976846746,0.8798235942668137,7.5545755237045205,21.079750091877983,74.39911797133406,23.559720690922457,202.29474457919883,6.16570809712733,21.761322695743516,6.89108552031878,59.17007266318833,2.147931910059804,7.58093615315225,2.4006297818315456,20.61292639738064,18.24641675854465,64.39911797133406,20.39305402425579,175.10426838872263,17.682880846942442,62.410167695090976,19.763219770112144,169.69621787569974,14.541049836310261,51.32135236344798,16.251761581758526,139.54520095013712,19.833333333333332,70.0,22.166666666666668,190.33333333333334,4.919291338582677,17.362204724409448,5.498031496062992,47.20866141732284,0.9015151515151515,3.1818181818181817,1.0075757575757576,8.651515151515152,17.0,60.0,19.0,163.14285714285714,16.43646408839779,58.011049723756905,18.370165745856355,157.73480662983425,13.294633077765608,46.92223439211391,14.858707557502738,127.58378970427164,1.2464167585446526,4.399117971334069,1.3930540242557883,11.96141124586549,1.2464167585446526,4.399117971334069,1.3930540242557883,11.96141124586549,1.2464167585446526,4.399117971334069,1.3930540242557883,11.96141124586549,1.2464167585446526,4.399117971334069,1.3930540242557883,11.96141124586549,1.2464167585446526,4.399117971334069,1.3930540242557883,11.96141124586549,1.2464167585446526,4.399117971334069,1.3930540242557883,11.96141124586549,0.0,0.0,0.0,0.0,0.0,0.0
power_price_high,power_price_high__TotEmiss,TAC,0.0,0.0,0.0,0.0,8.114962621844591e6,2.8706594416073985e7,9.129649178683108e6,7.81730619506533e7,7.932891859887314e10,2.799844030702197e11,8.866184580805595e10,7.612898602686954e11,1.2088665164394516e6,4.349814578653154e6,1.5375789819116152e6,1.330697140341732e7,1.9643362171206582e9,6.932880494163231e9,2.195587846567557e9,1.884542412540567e10,8.277759315070385e8,2.921514122699369e9,9.252214961428194e8,7.940247836771269e9,1.7202439414750962e9,6.071211854402747e9,1.9229378365133073e9,1.6503255655911114e10,8.114962621844591e6,2.8670090956073985e7,9.112509335683107e6,7.805327186065331e7,7.932891859887314e10,2.799843665667597e11,8.866182866821295e10,7.612897404786055e11,1.2088665164394516e6,4.313311118653154e6,1.5204391389116151e6,1.3187181313417321e7,1.9643362171206582e9,6.932843990703231e9,2.195570706724557e9,1.884530433531567e10,8.277759315070385e8,2.921477619239369e9,9.252043562998195e8,7.940128046681269e9,1.7202439414750962e9,6.071175350942747e9,1.9229206966703072e9,1.6503135865821114e10,0.0,0.0,0.0,0.0,0.0,0.0,0.0,0.0,0.0,0.0,0.0,0.0,0.0,0.0,0.0,0.0,0.0,0.0,0.0,0.0,0.0,0.0,0.0,0.0,-882.0,-2540.0,28512.0,-15120.0,-9231.0,-23738.0
power_price_high,power_price_high__TotEmiss,TotEmiss,3.570000000000003,5.544000000000005,1.077300000000001,2.3982000000000028,113.37503184,400.4158536,127.25397972,1091.4582319200001,197.52827136,696.5966952,220.76419428,1895.5842847200001,26.282207481599997,92.718144288,29.363549543999998,252.129124656,86.50307863680001,305.048195424,96.60139907040002,829.4646446496,65.4819635904,230.931624672,73.1283478128,627.89000904,147.6622074816,520.689744288,164.88228183840002,1415.7561342816,101.30843184000001,160.6552416,32.33738592,84.60411072000001,185.46167136,301.8812832,61.85598048,188.52428352,14.2156074816,50.172732288000006,15.890835743999999,136.446123456,74.4364786368,142.764983424,33.680615270400004,172.7134634496,53.415363590400005,110.908812672,27.6598240128,162.10406784,135.5956074816,238.668732288,52.51342803840001,217.93677308160002,0.0,0.0,0.0,0.0,0.0,0.0,0.0,0.0,0.0,0.0,0.0,0.0,0.0,0.0,0.0,0.0,0.0,0.0,0.0,0.0,0.0,0.0,0.0,0.0,0.0,0.0,0.0,0.0,0.0,0.0
power_price_high,power_price_high__TotEmiss,ISI,0.7872105843439912,2.7783902976846746,0.8798235942668137,7.5545755237045205,21.079750091877983,74.39911797133406,23.559720690922457,202.29474457919883,6.16570809712733,21.761322695743516,6.89108552031878,59.17007266318833,2.147931910059804,7.58093615315225,2.4006297818315456,20.61292639738064,18.24641675854465,64.39911797133406,20.39305402425579,175.10426838872263,17.682880846942442,62.410167695090976,19.763219770112144,169.69621787569974,14.541049836310261,51.32135236344798,16.251761581758526,139.54520095013712,19.833333333333332,70.0,22.166666666666668,190.33333333333334,4.919291338582677,17.362204724409448,5.498031496062992,47.20866141732284,0.9015151515151515,3.1818181818181817,1.0075757575757576,8.651515151515152,17.0,60.0,19.0,163.14285714285714,16.43646408839779,58.011049723756905,18.370165745856355,157.73480662983425,13.294633077765608,46.92223439211391,14.858707557502738,127.58378970427164,1.2464167585446526,4.399117971334069,1.3930540242557883,11.96141124586549,1.2464167585446526,4.399117971334069,1.3930540242557883,11.96141124586549,1.2464167585446526,4.399117971334069,1.3930540242557883,11.96141124586549,1.2464167585446526,4.399117971334069,1.3930540242557883,11.96141124586549,1.2464167585446526,4.399117971334069,1.3930540242557883,11.96141124586549,1.2464167585446526,4.399117971334069,1.3930540242557883,11.96141124586549,0.0,0.0,0.0,0.0,0.0,0.0
power_price_high,power_price_high__ISI,TAC,0.0,0.0,0.0,0.0,8.1190154367973665e6,2.8731813664982494e7,9.123632936322907e6,7.816534259393501e7,1.4211303804396085e11,5.0157542890352216e11,1.588322789868784e11,1.3638054780991108e12,1.205575523010571e6,4.336174385579074e6,2.259424972266414e6,7.980196078769156e6,-1.0557541125558619e10,-3.7262409801449005e10,-1.1799506295161366e10,-1.0132426148128558e11,-6.812371720195219e9,-2.4044204040579258e10,-7.613759478471873e9,-6.5383570436608376e10,-5.363796305358803e9,-1.893149872967926e10,-5.994702870706402e9,-5.148146730956655e10,8.1190154367973665e6,2.8695310204982493e7,9.106493093322907e6,7.804555250393501e7,1.4211303804396085e11,5.015753924000622e11,1.588322618470354e11,1.3638053583090208e12,1.205575523010571e6,4.299670925579074e6,2.2422851292664143e6,7.860405988769156e6,-1.0557541125558619e10,-3.7262446304909004e10,-1.1799523435004366e10,-1.0132438127137558e11,-6.812371720195219e9,-2.4044240544039257e10,-7.613776618314874e9,-6.538369022669838e10,-5.363796305358803e9,-1.893153523313926e10,-5.994720010549402e9,-5.148158709965655e10,0.0,0.0,0.0,0.0,0.0,0.0,0.0,0.0,0.0,0.0,0.0,0.0,0.0,0.0,0.0,0.0,0.0,0.0,0.0,0.0,0.0,0.0,0.0,0.0,-882.0,-2540.0,28512.0,-15120.0,-9231.0,-23738.0
power_price_high,power_price_high__ISI,TotEmiss,3.570000000000003,5.544000000000005,1.077300000000001,2.3982000000000028,113.37503184,400.4158536,127.25397972,1091.4582319200001,197.52827136,696.5966952,220.76419428,1895.5842847200001,26.282207481599997,92.718144288,29.363549543999998,252.129124656,86.50307863680001,305.048195424,96.60139907040002,829.4646446496,65.4819635904,230.931624672,73.1283478128,627.89000904,147.6622074816,520.689744288,164.88228183840002,1415.7561342816,101.30843184000001,160.6552416,32.33738592,84.60411072000001,185.46167136,301.8812832,61.85598048,188.52428352,14.2156074816,50.172732288000006,15.890835743999999,136.446123456,74.4364786368,142.764983424,33.680615270400004,172.7134634496,53.415363590400005,110.908812672,27.6598240128,162.10406784,135.5956074816,238.668732288,52.51342803840001,217.93677308160002,0.0,0.0,0.0,0.0,0.0,0.0,0.0,0.0,0.0,0.0,0.0,0.0,0.0,0.0,0.0,0.0,0.0,0.0,0.0,0.0,0.0,0.0,0.0,0.0,0.0,0.0,0.0,0.0,0.0,0.0
power_price_high,power_price_high__ISI,ISI,0.7872105843439912,2.7783902976846746,0.8798235942668137,7.5545755237045205,21.079750091877983,74.39911797133406,23.559720690922457,202.29474457919883,6.16570809712733,21.761322695743516,6.89108552031878,59.17007266318833,2.147931910059804,7.58093615315225,2.4006297818315456,20.61292639738064,18.24641675854465,64.39911797133406,20.39305402425579,175.10426838872263,17.682880846942442,62.410167695090976,19.763219770112144,169.69621787569974,14.541049836310261,51.32135236344798,16.251761581758526,139.54520095013712,19.833333333333332,70.0,22.166666666666668,190.33333333333334,4.919291338582677,17.362204724409448,5.498031496062992,47.20866141732284,0.9015151515151515,3.1818181818181817,1.0075757575757576,8.651515151515152,17.0,60.0,19.0,163.14285714285714,16.43646408839779,58.011049723756905,18.370165745856355,157.73480662983425,13.294633077765608,46.92223439211391,14.858707557502738,127.58378970427164,1.2464167585446526,4.399117971334069,1.3930540242557883,11.96141124586549,1.2464167585446526,4.399117971334069,1.3930540242557883,11.96141124586549,1.2464167585446526,4.399117971334069,1.3930540242557883,11.96141124586549,1.2464167585446526,4.399117971334069,1.3930540242557883,11.96141124586549,1.2464167585446526,4.399117971334069,1.3930540242557883,11.96141124586549,1.2464167585446526,4.399117971334069,1.3930540242557883,11.96141124586549,0.0,0.0,0.0,0.0,0.0,0.0
power_price_high,power_price_high__MaxCapture,TAC,0.0,0.0,0.0,0.0,8.114766366417419e6,2.8746016713912044e7,9.159312586207619e6,7.817302735985929e7,7.682402903380188e10,2.7114370438938953e11,8.586228599223181e10,7.37251360660036e11,826900.3723095291,2.928112215900803e6,967861.0080915883,8.142962553786114e6,1.9006843845228539e9,6.708677931161303e9,2.1245359901408648e9,1.823570936799874e10,8.150364037759843e8,2.8768427256686573e9,9.11049217672818e8,7.818974733901623e9,1.5618449357284632e9,5.512569722949738e9,1.7459662195842733e9,1.498366865383052e10,8.114766366417419e6,2.8709513253912047e7,9.142172743207619e6,7.805323726985928e7,7.682402903380188e10,2.7114366788592953e11,8.586226885238881e10,7.37251240869946e11,826900.3723095291,2.8916087559008026e6,950721.1650915883,8.023172463786114e6,1.9006843845228539e9,6.708641427701303e9,2.124518850297865e9,1.823558957790874e10,8.150364037759843e8,2.8768062222086573e9,9.11032077829818e8,7.818854943811623e9,1.5618449357284632e9,5.5125332194897375e9,1.7459490797412734e9,1.498354886374052e10,0.0,0.0,0.0,0.0,0.0,0.0,0.0,0.0,0.0,0.0,0.0,0.0,0.0,0.0,0.0,0.0,0.0,0.0,0.0,0.0,0.0,0.0,0.0,0.0,-882.0,-2540.0,28512.0,-15120.0,-9231.0,-23738.0
power_price_high,power_price_high__MaxCapture,TotEmiss,3.570000000000003,5.544000000000005,1.077300000000001,2.3982000000000028,113.37503184,400.4158536,127.25397972,1091.4582319200001,197.52827136,696.5966952,220.76419428,1895.5842847200001,26.282207481599997,92.718144288,29.363549543999998,252.129124656,86.50307863680001,305.048195424,96.60139907040002,829.4646446496,65.4819635904,230.931624672,73.1283478128,627.89000904,147.6622074816,520.689744288,164.88228183840002,1415.7561342816,101.30843184000001,160.6552416,32.33738592,84.60411072000001,185.46167136,301.8812832,61.85598048,188.52428352,14.2156074816,50.172732288000006,15.890835743999999,136.446123456,74.4364786368,142.764983424,33.680615270400004,172.7134634496,53.415363590400005,110.908812672,27.6598240128,162.10406784,135.5956074816,238.668732288,52.51342803840001,217.93677308160002,0.0,0.0,0.0,0.0,0.0,0.0,0.0,0.0,0.0,0.0,0.0,0.0,0.0,0.0,0.0,0.0,0.0,0.0,0.0,0.0,0.0,0.0,0.0,0.0,0.0,0.0,0.0,0.0,0.0,0.0
power_price_high,power_price_high__MaxCapture,ISI,0.7872105843439912,2.7783902976846746,0.8798235942668137,7.5545755237045205,21.079750091877983,74.39911797133406,23.559720690922457,202.29474457919883,6.16570809712733,21.761322695743516,6.89108552031878,59.17007266318833,2.147931910059804,7.58093615315225,2.4006297818315456,20.61292639738064,18.24641675854465,64.39911797133406,20.39305402425579,175.10426838872263,17.682880846942442,62.410167695090976,19.763219770112144,169.69621787569974,14.541049836310261,51.32135236344798,16.251761581758526,139.54520095013712,19.833333333333332,70.0,22.166666666666668,190.33333333333334,4.919291338582677,17.362204724409448,5.498031496062992,47.20866141732284,0.9015151515151515,3.1818181818181817,1.0075757575757576,8.651515151515152,17.0,60.0,19.0,163.14285714285714,16.43646408839779,58.011049723756905,18.370165745856355,157.73480662983425,13.294633077765608,46.92223439211391,14.858707557502738,127.58378970427164,1.2464167585446526,4.399117971334069,1.3930540242557883,11.96141124586549,1.2464167585446526,4.399117971334069,1.3930540242557883,11.96141124586549,1.2464167585446526,4.399117971334069,1.3930540242557883,11.96141124586549,1.2464167585446526,4.399117971334069,1.3930540242557883,11.96141124586549,1.2464167585446526,4.399117971334069,1.3930540242557883,11.96141124586549,1.2464167585446526,4.399117971334069,1.3930540242557883,11.96141124586549,0.0,0.0,0.0,0.0,0.0,0.0
capacity_low,capacity_low__TAC,TAC,0.0,0.0,0.0,0.0,8.128170955044973e6,2.901773059139222e7,9.218454433728946e6,7.904640392070013e7,6.726612362832607e7,2.372007532752137e8,7.523741316069752e7,6.437196035688095e8,3.2782188607454807e7,1.1482204175629376e8,3.678578841896846e7,3.079919962883476e8,5.3734440747134596e7,1.887573477523646e8,6.019761978642434e7,5.090025756314609e8,701053.4021411862,2.463597823435308e6,1.6343464200974107e6,1.4174014141914207e7,1.1855147173461944e6,6.84026768231838e6,2.1656195729361586e6,1.873336025549609e7,8.128170955044973e6,2.898122713139222e7,9.201314590728946e6,7.892661383070013e7,6.726612362832607e7,2.3716424981521368e8,7.522027331769751e7,6.435998134788096e8,3.2782188607454807e7,1.1478553829629375e8,3.676864857596846e7,3.078722061983476e8,5.3734440747134596e7,1.8872084429236463e8,6.018047994342434e7,5.0888278554146093e8,701053.4021411862,2.427094363435308e6,1.6172065770974108e6,1.4054224051914208e7,1.1855147173461944e6,6.80376422231838e6,2.1484797299361588e6,1.861357016549609e7,0.0,0.0,0.0,0.0,0.0,0.0,0.0,0.0,0.0,0.0,0.0,0.0,0.0,0.0,0.0,0.0,0.0,0.0,0.0,0.0,0.0,0.0,0.0,0.0,-705.6000000000001,-2032.0000000000002,22809.600000000002,-12096.000000000002,-7384.8,-18990.4
capacity_low,capacity_low__TAC,TotEmiss,3.570000000000003,5.544000000000005,1.077300000000001,2.3982000000000028,113.37503184,400.4158536,127.25397972,1091.4582319200001,197.52827136,696.5966952,220.76419428,1895.5842847200001,26.282207481599997,92.718144288,29.363549543999998,252.129124656,86.50307863680001,305.048195424,96.60139907040002,829.4646446496,65.4819635904,230.931624672,73.1283478128,627.89000904,147.6622074816,520.689744288,164.88228183840002,1415.7561342816,101.30843184000001,160.6552416,32.33738592,84.60411072000001,185.46167136,301.8812832,61.85598048,188.52428352,14.2156074816,50.172732288000006,15.890835743999999,136.446123456,74.4364786368,142.764983424,33.680615270400004,172.7134634496,53.415363590400005,110.908812672,27.6598240128,162.10406784,135.5956074816,238.668732288,52.51342803840001,217.93677308160002,0.0,0.0,0.0,0.0,0.0,0.0,0.0,0.0,0.0,0.0,0.0,0.0,0.0,0.0,0.0,0.0,0.0,0.0,0.0,0.0,0.0,0.0,0.0,0.0,0.0,0.0,0.0,0.0,0.0,0.0
capacity_low,capacity_low__TAC,ISI,0.7872105843439912,2.7783902976846746,0.8798235942668137,7.5545755237045205,26.038083425211315,91.89911797133405,29.101387357589118,249.87807791253212,7.395530931772999,26.101873876845875,8.265593394334529,70.97223801751903,2.3733106979385923,8.376390698606796,2.652523721225485,22.77580518525943,22.496416758544648,79.39911797133405,25.143054024255786,215.8899826744369,21.79199686904189,76.91293012603019,24.35576120657623,209.1299195331583,17.86470810575166,63.05191096147645,19.96643847113421,171.441148376205,24.791666666666664,87.49999999999999,27.70833333333333,237.91666666666663,6.149114173228346,21.702755905511808,6.87253937007874,59.01082677165354,1.1268939393939394,3.977272727272727,1.259469696969697,10.81439393939394,21.249999999999996,74.99999999999999,23.749999999999996,203.92857142857142,20.545580110497237,72.51381215469613,22.96270718232044,197.1685082872928,16.61829134720701,58.65279299014238,18.57338444687842,159.47973713033952,1.2464167585446526,4.399117971334069,1.3930540242557883,11.96141124586549,1.2464167585446526,4.399117971334069,1.3930540242557883,11.96141124586549,1.2464167585446526,4.399117971334069,1.3930540242557883,11.96141124586549,1.2464167585446526,4.399117971334069,1.3930540242557883,11.96141124586549,1.2464167585446526,4.399117971334069,1.3930540242557883,11.96141124586549,1.2464167585446526,4.399117971334069,1.3930540242557883,11.96141124586549,0.0,0.0,0.0,0.0,0.0,0.0
capacity_low,capacity_low__TotEmiss,TAC,0.0,0.0,0.0,0.0,8.114925340458664e6,2.8706301865091834e7,9.129531140740335e6,7.817210806444378e7,7.920548042280772e10,2.7954873683148206e11,8.852388465187881e10,7.601052271634241e11,1.2081176746717424e6,4.347169596601928e6,1.5367434500965541e6,1.3302189100635681e7,1.970043387043859e9,6.953005768672633e9,2.201961995492951e9,1.8900118955017963e10,8.289905087990859e8,2.925794059039599e9,9.265775370717984e8,7.951870096252448e9,1.7238100368222115e9,6.083795595490781e9,1.9269183708263102e9,1.6537374452249325e10,8.114925340458664e6,2.8669798405091833e7,9.112391297740335e6,7.80523179744438e7,7.920548042280772e10,2.795487003280221e11,8.852386751203581e10,7.601051073733341e11,1.2081176746717424e6,4.310666136601928e6,1.519603607096554e6,1.3182399010635681e7,1.970043387043859e9,6.952969265212633e9,2.201944855649951e9,1.8899999164927967e10,8.289905087990859e8,2.925757555579599e9,9.265603972287985e8,7.951750306162448e9,1.7238100368222115e9,6.083759092030781e9,1.92690123098331e9,1.6537254662159325e10,0.0,0.0,0.0,0.0,0.0,0.0,0.0,0.0,0.0,0.0,0.0,0.0,0.0,0.0,0.0,0.0,0.0,0.0,0.0,0.0,0.0,0.0,0.0,0.0,-705.6000000000001,-2032.0000000000002,22809.600000000002,-12096.000000000002,-7384.8,-18990.4
capacity_low,capacity_low__TotEmiss,TotEmiss,3.570000000000003,5.544000000000005,1.077300000000001,2.3982000000000028,113.37503184,400.4158536,127.25397972,1091.4582319200001,197.52827136,696.5966952,220.76419428,1895.5842847200001,26.282207481599997,92.718144288,29.363549543999998,252.129124656,86.50307863680001,305.048195424,96.60139907040002,829.4646446496,65.4819635904,230.931624672,73.1283478128,627.89000904,147.6622074816,520.689744288,164.88228183840002,1415.7561342816,101.30843184000001,160.6552416,32.33738592,84.60411072000001,185.46167136,301.8812832,61.85598048,188.52428352,14.2156074816,50.172732288000006,15.890835743999999,136.446123456,74.4364786368,142.764983424,33.680615270400004,172.7134634496,53.415363590400005,110.908812672,27.6598240128,162.10406784,135.5956074816,238.668732288,52.51342803840001,217.93677308160002,0.0,0.0,0.0,0.0,0.0,0.0,0.0,0.0,0.0,0.0,0.0,0.0,0.0,0.0,0.0,0.0,0.0,0.0,0.0,0.0,0.0,0.0,0.0,0.0,0.0,0.0,0.0,0.0,0.0,0.0
capacity_low,capacity_low__TotEmiss,ISI,0.7872105843439912,2.7783902976846746,0.8798235942668137,7.5545755237045205,26.038083425211315,91.89911797133405,29.101387357589118,249.87807791253212,7.395530931772999,26.101873876845875,8.265593394334529,70.97223801751903,2.3733106979385923,8.376390698606796,2.652523721225485,22.77580518525943,22.496416758544648,79.39911797133405,25.143054024255786,215.8899826744369,21.79199686904189,76.91293012603019,24.35576120657623,209.1299195331583,17.86470810575166,63.05191096147645,19.96643847113421,171.441148376205,24.791666666666664,87.49999999999999,27.70833333333333,237.91666666666663,6.149114173228346,21.702755905511808,6.87253937007874,59.01082677165354,1.1268939393939394,3.977272727272727,1.259469696969697,10.81439393939394,21.249999999999996,74.99999999999999,23.749999999999996,203.92857142857142,20.545580110497237,72.51381215469613,22.96270718232044,197.1685082872928,16.61829134720701,58.65279299014238,18.57338444687842,159.47973713033952,1.2464167585446526,4.399117971334069,1.3930540242557883,11.96141124586549,1.2464167585446526,4.399117971334069,1.3930540242557883,11.96141124586549,1.2464167585446526,4.399117971334069,1.3930540242557883,11.96141124586549,1.2464167585446526,4.399117971334069,1.3930540242557883,11.96141124586549,1.2464167585446526,4.399117971334069,1.3930540242557883,11.96141124586549,1.2464167585446526,4.399117971334069,1.3930540242557883,11.96141124586549,0.0,0.0,0.0,0.0,0.0,0.0
capacity_low,capacity_low__ISI,TAC,0.0,0.0,0.0,0.0,8.119419709804923e6,2.8731517347213853e7,9.122202432139194e6,7.812634064616217e7,1.7871333920906442e11,6.307529406242927e11,1.9973849728568625e11,1.7150453468668433e12,1.2048266974258975e6,4.33353147774986e6,2.2581388683891017e6,8.287693781342905e6,-1.1077064184505241e10,-3.909600654967153e10,-1.2380152838012053e10,-1.063101209143595e11,-6.784221671745564e9,-2.394480790926539e10,-7.582290283421557e9,-6.511343940005968e10,-5.591666456405146e9,-1.9735776241941612e10,-6.249396113264672e9,-5.366840553252646e10,8.119419709804923e6,2.8695013887213852e7,9.105062589139193e6,7.800655055616216e7,1.7871333920906442e11,6.307529041208328e11,1.9973848014584323e11,1.7150452270767532e12,1.2048266974258975e6,4.29702801774986e6,2.240999025389102e6,8.167903691342905e6,-1.1077064184505241e10,-3.909604305313153e10,-1.2380169977855053e10,-1.063102407044495e11,-6.784221671745564e9,-2.394484441272539e10,-7.582307423264558e9,-6.511355919014967e10,-5.591666456405146e9,-1.973581274540161e10,-6.249413253107673e9,-5.3668525322616455e10,0.0,0.0,0.0,0.0,0.0,0.0,0.0,0.0,0.0,0.0,0.0,0.0,0.0,0.0,0.0,0.0,0.0,0.0,0.0,0.0,0.0,0.0,0.0,0.0,-705.6000000000001,-2032.0000000000002,22809.600000000002,-12096.000000000002,-7384.8,-18990.4
capacity_low,capacity_low__ISI,TotEmiss,3.570000000000003,5.544000000000005,1.077300000000001,2.3982000000000028,113.37503184,400.4158536,127.25397972,1091.4582319200001,197.52827136,696.5966952,220.76419428,1895.5842847200001,26.282207481599997,92.718144288,29.363549543999998,252.129124656,86.50307863680001,305.048195424,96.60139907040002,829.4646446496,65.4819635904,230.931624672,73.1283478128,627.89000904,147.6622074816,520.689744288,164.88228183840002,1415.7561342816,101.30843184000001,160.6552416,32.33738592,84.60411072000001,185.46167136,301.8812832,61.85598048,188.52428352,14.2156074816,50.172732288000006,15.890835743999999,136.446123456,74.4364786368,142.764983424,33.680615270400004,172.7134634496,53.415363590400005,110.908812672,27.6598240128,162.10406784,135.5956074816,238.668732288,52.51342803840001,217.93677308160002,0.0,0.0,0.0,0.0,0.0,0.0,0.0,0.0,0.0,0.0,0.0,0.0,0.0,0.0,0.0,0.0,0.0,0.0,0.0,0.0,0.0,0.0,0.0,0.0,0.0,0.0,0.0,0.0,0.0,0.0
capacity_low,capacity_low__ISI,ISI,0.7872105843439912,2.7783902976846746,0.8798235942668137,7.5545755237045205,26.038083425211315,91.89911797133405,29.101387357589118,249.87807791253212,7.395530931772999,26.101873876845875,8.265593394334529,70.97223801751903,2.3733106979385923,8.376390698606796,2.652523721225485,22.77580518525943,22.496416758544648,79.39911797133405,25.143054024255786,215.8899826744369,21.79199686904189,76.91293012603019,24.35576120657623,209.1299195331583,17.86470810575166,63.05191096147645,19.96643847113421,171.441148376205,24.791666666666664,87.49999999999999,27.70833333333333,237.91666666666663,6.149114173228346,21.702755905511808,6.87253937007874,59.01082677165354,1.1268939393939394,3.977272727272727,1.259469696969697,10.81439393939394,21.249999999999996,74.99999999999999,23.749999999999996,203.92857142857142,20.545580110497237,72.51381215469613,22.96270718232044,197.1685082872928,16.61829134720701,58.65279299014238,18.57338444687842,159.47973713033952,1.2464167585446526,4.399117971334069,1.3930540242557883,11.96141124586549,1.2464167585446526,4.399117971334069,1.3930540242557883,11.96141124586549,1.2464167585446526,4.399117971334069,1.3930540242557883,11.96141124586549,1.2464167585446526,4.399117971334069,1.3930540242557883,11.96141124586549,1.2464167585446526,4.399117971334069,1.3930540242557883,11.96141124586549,1.2464167585446526,4.399117971334069,1.3930540242557883,11.96141124586549,0.0,0.0,0.0,0.0,0.0,0.0
capacity_low,capacity_low__MaxCapture,TAC,0.0,0.0,0.0,0.0,8.11469270163184e6,2.8745720384083368e7,9.159193836777477e6,7.817207348989226e7,7.626132498243213e10,2.6915769125832153e11,8.523338073111911e10,7.318512598168756e11,826151.5316872604,2.9254692496168506e6,967024.068649637,8.135776200960006e6,1.9083540452892172e9,6.735726593479395e9,2.133104099441303e9,1.8309234521446804e10,8.166544006964246e8,2.8825457298950486e9,9.128564071348749e8,7.834470360432992e9,1.5750406437507234e9,5.55912068672165e9,1.7607069893047807e9,1.5110172075424528e10,8.11469270163184e6,2.870921692408337e7,9.142053993777476e6,7.805228339989226e7,7.626132498243213e10,2.691576547548615e11,8.523336359127612e10,7.318511400267856e11,826151.5316872604,2.8889657896168507e6,949884.225649637,8.015986110960006e6,1.9083540452892172e9,6.735690090019395e9,2.133086959598303e9,1.8309114731356804e10,8.166544006964246e8,2.882509226435049e9,9.128392672918749e8,7.834350570342992e9,1.5750406437507234e9,5.55908418326165e9,1.7606898494617808e9,1.5110052285334528e10,0.0,0.0,0.0,0.0,0.0,0.0,0.0,0.0,0.0,0.0,0.0,0.0,0.0,0.0,0.0,0.0,0.0,0.0,0.0,0.0,0.0,0.0,0.0,0.0,-705.6000000000001,-2032.0000000000002,22809.600000000002,-12096.000000000002,-7384.8,-18990.4
capacity_low,capacity_low__MaxCapture,TotEmiss,3.570000000000003,5.544000000000005,1.077300000000001,2.3982000000000028,113.37503184,400.4158536,127.25397972,1091.4582319200001,197.52827136,696.5966952,220.76419428,1895.5842847200001,26.282207481599997,92.718144288,29.363549543999998,252.129124656,86.50307863680001,305.048195424,96.60139907040002,829.4646446496,65.4819635904,230.931624672,73.1283478128,627.89000904,147.6622074816,520.689744288,164.88228183840002,1415.7561342816,101.30843184000001,160.6552416,32.33738592,84.60411072000001,185.46167136,301.8812832,61.85598048,188.52428352,14.2156074816,50.172732288000006,15.890835743999999,136.446123456,74.4364786368,142.764983424,33.680615270400004,172.7134634496,53.415363590400005,110.908812672,27.6598240128,162.10406784,135.5956074816,238.668732288,52.51342803840001,217.93677308160002,0.0,0.0,0.0,0.0,0.0,0.0,0.0,0.0,0.0,0.0,0.0,0.0,0.0,0.0,0.0,0.0,0.0,0.0,0.0,0.0,0.0,0.0,0.0,0.0,0.0,0.0,0.0,0.0,0.0,0.0
capacity_low,capacity_low__MaxCapture,ISI,0.7872105843439912,2.7783902976846746,0.8798235942668137,7.5545755237045205,26.038083425211315,91.89911797133405,29.101387357589118,249.87807791253212,7.395530931772999,26.101873876845875,8.265593394334529,70.97223801751903,2.3733106979385923,8.376390698606796,2.652523721225485,22.77580518525943,22.496416758544648,79.39911797133405,25.143054024255786,215.8899826744369,21.79199686904189,76.91293012603019,24.35576120657623,209.1299195331583,17.86470810575166,63.05191096147645,19.96643847113421,171.441148376205,24.791666666666664,87.49999999999999,27.70833333333333,237.91666666666663,6.149114173228346,21.702755905511808,6.87253937007874,59.01082677165354,1.1268939393939394,3.977272727272727,1.259469696969697,10.81439393939394,21.249999999999996,74.99999999999999,23.749999999999996,203.92857142857142,20.545580110497237,72.51381215469613,22.96270718232044,197.1685082872928,16.61829134720701,58.65279299014238,18.57338444687842,159.47973713033952,1.2464167585446526,4.399117971334069,1.3930540242557883,11.96141124586549,1.2464167585446526,4.399117971334069,1.3930540242557883,11.96141124586549,1.2464167585446526,4.399117971334069,1.3930540242557883,11.96141124586549,1.2464167585446526,4.399117971334069,1.3930540242557883,11.96141124586549,1.2464167585446526,4.399117971334069,1.3930540242557883,11.96141124586549,1.2464167585446526,4.399117971334069,1.3930540242557883,11.96141124586549,0.0,0.0,0.0,0.0,0.0,0.0
sink_loss_high,sink_loss_high__TAC,TAC,0.0,0.0,0.0,0.0,8.128170857493529e6,2.9018329235889427e7,9.219149126623139e6,7.905005693717554e7,5.7056701639583476e7,2.011691207301144e8,6.382739668170414e7,5.457485567672261e8,3.2122515327150367e7,1.124825380871471e8,3.6043478727185786e7,3.0160429612367797e8,4.771840883196405e7,1.6751880211121103e8,5.347108866972954e7,4.512382093397001e8,634211.8468145535,2.2418510285595385e6,1.5822416129453431e6,1.3734778376353579e7,1.6481232772392454e6,8.443824295099499e6,2.672992397777887e6,2.309627563882729e7,8.128170857493529e6,2.898182577588943e7,9.202009283623138e6,7.893026684717554e7,5.7056701639583476e7,2.0113261727011442e8,6.381025683870414e7,5.456287666772261e8,3.2122515327150367e7,1.1244603462714711e8,3.602633888418578e7,3.0148450603367794e8,4.771840883196405e7,1.6748229865121102e8,5.3453948826729536e7,4.511184192497001e8,634211.8468145535,2.2053475685595386e6,1.565101769945343e6,1.3614988286353579e7,1.6481232772392454e6,8.4073208350995e6,2.6558525547778867e6,2.297648554882729e7,0.0,0.0,0.0,0.0,0.0,0.0,0.0,0.0,0.0,0.0,0.0,0.0,0.0,0.0,0.0,0.0,0.0,0.0,0.0,0.0,0.0,0.0,0.0,0.0,-882.0,-2540.0,28512.0,-15120.0,-9231.0,-23738.0
sink_loss_high,sink_loss_high__TAC,TotEmiss,3.570000000000003,5.544000000000005,1.077300000000001,2.3982000000000028,163.35503184000004,576.6394536000001,183.05811972000004,1570.6185919200002,286.77827136,1011.2816952000001,320.41444428,2751.22778472,26.282207481599997,92.718144288,29.363549543999998,252.129124656,116.8480786368,412.041095424,130.4824840704,1120.3834346496,85.1169635904,300.162324672,95.0514028128,816.1315790400001,208.35220748159998,734.675544288,232.6444518384,1997.5937142816001,151.28843184000002,238.27124160000002,47.41958592000001,118.17891072000002,274.71167136,440.48128319999995,88.78848048,248.47928352000002,14.2156074816,50.172732288000006,15.890835743999999,136.446123456,104.7814786368,189.888983424,42.8376652704,193.0981634496,73.0503635904,141.400812672,33.584974012800004,175.29416784,196.28560748159998,332.916732288,70.8275280384,258.7061730816,0.0,0.0,0.0,0.0,0.0,0.0,0.0,0.0,0.0,0.0,0.0,0.0,0.0,0.0,0.0,0.0,0.0,0.0,0.0,0.0,0.0,0.0,0.0,0.0,0.0,0.0,0.0,0.0,0.0,0.0
sink_loss_high,sink_loss_high__TAC,ISI,0.7872105843439912,2.7783902976846746,0.8798235942668137,7.5545755237045205,21.079750091877983,74.39911797133406,23.559720690922457,202.29474457919883,6.16570809712733,21.761322695743516,6.89108552031878,59.17007266318833,2.147931910059804,7.58093615315225,2.4006297818315456,20.61292639738064,18.24641675854465,64.39911797133406,20.39305402425579,175.10426838872263,17.682880846942442,62.410167695090976,19.763219770112144,169.69621787569974,14.541049836310261,51.32135236344798,16.251761581758526,139.54520095013712,19.833333333333332,70.0,22.166666666666668,190.33333333333334,4.919291338582677,17.362204724409448,5.498031496062992,47.20866141732284,0.9015151515151515,3.1818181818181817,1.0075757575757576,8.651515151515152,17.0,60.0,19.0,163.14285714285714,16.43646408839779,58.011049723756905,18.370165745856355,157.73480662983425,13.294633077765608,46.92223439211391,14.858707557502738,127.58378970427164,1.2464167585446526,4.399117971334069,1.3930540242557883,11.96141124586549,1.2464167585446526,4.399117971334069,1.3930540242557883,11.96141124586549,1.2464167585446526,4.399117971334069,1.3930540242557883,11.96141124586549,1.2464167585446526,4.399117971334069,1.3930540242557883,11.96141124586549,1.2464167585446526,4.399117971334069,1.3930540242557883,11.96141124586549,1.2464167585446526,4.399117971334069,1.3930540242557883,11.96141124586549,0.0,0.0,0.0,0.0,0.0,0.0
sink_loss_high,sink_loss_high__TotEmiss,TAC,0.0,0.0,0.0,0.0,8.1116529174866825e6,2.867883660666661e7,9.109924349417886e6,7.817212748964873e7,1.2194122305625441e11,4.3038078599861664e11,1.3628736604768886e11,1.170224903548953e12,1.2070187405658434e6,4.342861501339765e6,1.5357491408701306e6,1.3309793070474967e7,2.619734883460378e9,9.245990502746132e9,2.928183858881251e9,2.5134038924254585e10,1.0672341781512674e9,3.7665575240692077e9,1.1929187317454011e9,1.0235723903741846e10,3.259134853792183e9,1.1502944020797834e10,3.6430439475847793e9,3.1272395254002472e10,8.1116529174866825e6,2.864233314666661e7,9.092784506417887e6,7.805233739964873e7,1.2194122305625441e11,4.303807494951566e11,1.3628734890784586e11,1.1702247837588628e12,1.2070187405658434e6,4.306358041339765e6,1.5186092978701305e6,1.3190002980474968e7,2.619734883460378e9,9.245953999286133e9,2.9281667190382504e9,2.5133919134164585e10,1.0672341781512674e9,3.7665210206092076e9,1.1929015919024012e9,1.0235604113651846e10,3.259134853792183e9,1.1502907517337833e10,3.6430268077417793e9,3.127227546391247e10,0.0,0.0,0.0,0.0,0.0,0.0,0.0,0.0,0.0,0.0,0.0,0.0,0.0,0.0,0.0,0.0,0.0,0.0,0.0,0.0,0.0,0.0,0.0,0.0,-882.0,-2540.0,28512.0,-15120.0,-9231.0,-23738.0
sink_loss_high,sink_loss_high__TotEmiss,TotEmiss,3.570000000000003,5.544000000000005,1.077300000000001,2.3982000000000028,163.35503184000004,576.6394536000001,183.05811972000004,1570.6185919200002,286.77827136,1011.2816952000001,320.41444428,2751.22778472,26.282207481599997,92.718144288,29.363549543999998,252.129124656,116.8480786368,412.041095424,130.4824840704,1120.3834346496,85.1169635904,300.162324672,95.0514028128,816.1315790400001,208.35220748159998,734.675544288,232.6444518384,1997.5937142816001,151.28843184000002,238.27124160000002,47.41958592000001,118.17891072000002,274.71167136,440.48128319999995,88.78848048,248.47928352000002,14.2156074816,50.172732288000006,15.890835743999999,136.446123456,104.7814786368,189.888983424,42.8376652704,193.0981634496,73.0503635904,141.400812672,33.584974012800004,175.29416784,196.28560748159998,332.916732288,70.8275280384,258.7061730816,0.0,0.0,0.0,0.0,0.0,0.0,0.0,0.0,0.0,0.0,0.0,0.0,0.0,0.0,0.0,0.0,0.0,0.0,0.0,0.0,0.0,0.0,0.0,0.0,0.0,0.0,0.0,0.0,0.0,0.0
sink_loss_high,sink_loss_high__TotEmiss,ISI,0.7872105843439912,2.7783902976846746,0.8798235942668137,7.5545755237045205,21.079750091877983,74.39911797133406,23.559720690922457,202.29474457919883,6.16570809712733,21.761322695743516,6.89108552031878,59.17007266318833,2.147931910059804,7.58093615315225,2.4006297818315456,20.61292639738064,18.24641675854465,64.39911797133406,20.39305402425579,175.10426838872263,17.682880846942442,62.410167695090976,19.763219770112144,169.69621787569974,14.541049836310261,51.32135236344798,16.251761581758526,139.54520095013712,19.833333333333332,70.0,22.166666666666668,190.33333333333334,4.919291338582677,17.362204724409448,5.498031496062992,47.20866141732284,0.9015151515151515,3.1818181818181817,1.0075757575757576,8.651515151515152,17.0,60.0,19.0,163.14285714285714,16.43646408839779,58.011049723756905,18.370165745856355,157.73480662983425,13.294633077765608,46.92223439211391,14.858707557502738,127.58378970427164,1.2464167585446526,4.399117971334069,1.3930540242557883,11.96141124586549,1.2464167585446526,4.399117971334069,1.3930540242557883,11.96141124586549,1.2464167585446526,4.399117971334069,1.3930540242557883,11.96141124586549,1.2464167585446526,4.399117971334069,1.3930540242557883,11.96141124586549,1.2464167585446526,4.399117971334069,1.3930540242557883,11.96141124586549,1.2464167585446526,4.399117971334069,1.3930540242557883,11.96141124586549,0.0,0.0,0.0,0.0,0.0,0.0
sink_loss_high,sink_loss_high__ISI,TAC,0.0,0.0,0.0,0.0,8.117054164176887e6,2.873151733383282e7,9.13187731443746e6,7.857774238222457e7,1.710700620708809e11,6.037766959063567e11,1.9119602715209793e11,1.6416957271887212e12,1.1976079691876806e6,4.305445413312198e6,2.2499977991187093e6,7.260846575766668e6,-1.0444098867954548e10,-3.686198652520605e10,-1.1672705123444847e10,-1.0023568189454929e11,-6.825372272572285e9,-2.409004068901379e10,-7.628277864839662e9,-6.550845489418809e10,-5.170853456839512e9,-1.825048283571533e10,-5.779035610736078e9,-4.9629748422086426e10,8.117054164176887e6,2.8695013873832818e7,9.11473747143746e6,7.845795229222457e7,1.710700620708809e11,6.037766594028967e11,1.9119601001225494e11,1.641695607398631e12,1.1976079691876806e6,4.268941953312198e6,2.2328579561187094e6,7.141056485766668e6,-1.0444098867954548e10,-3.6862023028666046e10,-1.1672722263287848e10,-1.0023580168463928e11,-6.825372272572285e9,-2.409007719247379e10,-7.628295004682662e9,-6.550857468427808e10,-5.170853456839512e9,-1.8250519339175327e10,-5.779052750579078e9,-4.962986821217643e10,0.0,0.0,0.0,0.0,0.0,0.0,0.0,0.0,0.0,0.0,0.0,0.0,0.0,0.0,0.0,0.0,0.0,0.0,0.0,0.0,0.0,0.0,0.0,0.0,-882.0,-2540.0,28512.0,-15120.0,-9231.0,-23738.0
sink_loss_high,sink_loss_high__ISI,TotEmiss,3.570000000000003,5.544000000000005,1.077300000000001,2.3982000000000028,163.35503184000004,576.6394536000001,183.05811972000004,1570.6185919200002,286.77827136,1011.2816952000001,320.41444428,2751.22778472,26.282207481599997,92.718144288,29.363549543999998,252.129124656,116.8480786368,412.041095424,130.4824840704,1120.3834346496,85.1169635904,300.162324672,95.0514028128,816.1315790400001,208.35220748159998,734.675544288,232.6444518384,1997.5937142816001,151.28843184000002,238.27124160000002,47.41958592000001,118.17891072000002,274.71167136,440.48128319999995,88.78848048,248.47928352000002,14.2156074816,50.172732288000006,15.890835743999999,136.446123456,104.7814786368,189.888983424,42.8376652704,193.0981634496,73.0503635904,141.400812672,33.584974012800004,175.29416784,196.28560748159998,332.916732288,70.8275280384,258.7061730816,0.0,0.0,0.0,0.0,0.0,0.0,0.0,0.0,0.0,0.0,0.0,0.0,0.0,0.0,0.0,0.0,0.0,0.0,0.0,0.0,0.0,0.0,0.0,0.0,0.0,0.0,0.0,0.0,0.0,0.0
sink_loss_high,sink_loss_high__ISI,ISI,0.7872105843439912,2.7783902976846746,0.8798235942668137,7.5545755237045205,21.079750091877983,74.39911797133406,23.559720690922457,202.29474457919883,6.16570809712733,21.761322695743516,6.89108552031878,59.17007266318833,2.147931910059804,7.58093615315225,2.4006297818315456,20.61292639738064,18.24641675854465,64.39911797133406,20.39305402425579,175.10426838872263,17.682880846942442,62.410167695090976,19.763219770112144,169.69621787569974,14.541049836310261,51.32135236344798,16.251761581758526,139.54520095013712,19.833333333333332,70.0,22.166666666666668,190.33333333333334,4.919291338582677,17.362204724409448,5.498031496062992,47.20866141732284,0.9015151515151515,3.1818181818181817,1.0075757575757576,8.651515151515152,17.0,60.0,19.0,163.14285714285714,16.43646408839779,58.011049723756905,18.370165745856355,157.73480662983425,13.294633077765608,46.92223439211391,14.858707557502738,127.58378970427164,1.2464167585446526,4.399117971334069,1.3930540242557883,11.96141124586549,1.2464167585446526,4.399117971334069,1.3930540242557883,11.96141124586549,1.2464167585446526,4.399117971334069,1.3930540242557883,11.96141124586549,1.2464167585446526,4.399117971334069,1.3930540242557883,11.96141124586549,1.2464167585446526,4.399117971334069,1.3930540242557883,11.96141124586549,1.2464167585446526,4.399117971334069,1.3930540242557883,11.96141124586549,0.0,0.0,0.0,0.0,0.0,0.0
sink_loss_high,sink_loss_high__MaxCapture,TAC,0.0,0.0,0.0,0.0,8.111580092556503e6,2.86916376071651e7,9.120702694086317e6,7.817211274978472e7,1.1676614991534412e11,4.121159057795063e11,1.305034811980257e11,1.1205618017477961e12,826151.4417124984,2.9254689336599098e6,967023.954041036,8.135775321541361e6,2.5522917064546947e9,9.008607125505371e9,2.8529521497299476e9,2.4487973532603447e10,1.0448033304592271e9,3.687986773327166e9,1.1679796468872488e9,1.0021705781685244e10,2.6850299531508737e9,9.47665664276793e9,3.001378896532138e9,2.576274247313092e10,8.111580092556503e6,2.86551341471651e7,9.103562851086317e6,7.805232265978473e7,1.1676614991534412e11,4.121158692760463e11,1.305034640581827e11,1.1205616819577063e12,826151.4417124984,2.88896547365991e6,949884.111041036,8.015985231541361e6,2.5522917064546947e9,9.008570622045372e9,2.8529350098869476e9,2.4487853742513447e10,1.0448033304592271e9,3.687950269867166e9,1.1679625070442486e9,1.0021585991595243e10,2.6850299531508737e9,9.47662013930793e9,3.001361756689138e9,2.576262268304092e10,0.0,0.0,0.0,0.0,0.0,0.0,0.0,0.0,0.0,0.0,0.0,0.0,0.0,0.0,0.0,0.0,0.0,0.0,0.0,0.0,0.0,0.0,0.0,0.0,-882.0,-2540.0,28512.0,-15120.0,-9231.0,-23738.0
sink_loss_high,sink_loss_high__MaxCapture,TotEmiss,3.570000000000003,5.544000000000005,1.077300000000001,2.3982000000000028,163.35503184000004,576.6394536000001,183.05811972000004,1570.6185919200002,286.77827136,1011.2816952000001,320.41444428,2751.22778472,26.282207481599997,92.718144288,29.363549543999998,252.129124656,116.8480786368,412.041095424,130.4824840704,1120.3834346496,85.1169635904,300.162324672,95.0514028128,816.1315790400001,208.35220748159998,734.675544288,232.6444518384,1997.5937142816001,151.28843184000002,238.27124160000002,47.41958592000001,118.17891072000002,274.71167136,440.48128319999995,88.78848048,248.47928352000002,14.2156074816,50.172732288000006,15.890835743999999,136.446123456,104.7814786368,189.888983424,42.8376652704,193.0981634496,73.0503635904,141.400812672,33.584974012800004,175.29416784,196.28560748159998,332.916732288,70.8275280384,258.7061730816,0.0,0.0,0.0,0.0,0.0,0.0,0.0,0.0,0.0,0.0,0.0,0.0,0.0,0.0,0.0,0.0,0.0,0.0,0.0,0.0,0.0,0.0,0.0,0.0,0.0,0.0,0.0,0.0,0.0,0.0
sink_loss_high,sink_loss_high__MaxCapture,ISI,0.7872105843439912,2.7783902976846746,0.8798235942668137,7.5545755237045205,21.079750091877983,74.39911797133406,23.559720690922457,202.29474457919883,6.16570809712733,21.761322695743516,6.89108552031878,59.17007266318833,2.147931910059804,7.58093615315225,2.4006297818315456,20.61292639738064,18.24641675854465,64.39911797133406,20.39305402425579,175.10426838872263,17.682880846942442,62.410167695090976,19.763219770112144,169.69621787569974,14.541049836310261,51.32135236344798,16.251761581758526,139.54520095013712,19.833333333333332,70.0,22.166666666666668,190.33333333333334,4.919291338582677,17.362204724409448,5.498031496062992,47.20866141732284,0.9015151515151515,3.1818181818181817,1.0075757575757576,8.651515151515152,17.0,60.0,19.0,163.14285714285714,16.43646408839779,58.011049723756905,18.370165745856355,157.73480662983425,13.294633077765608,46.92223439211391,14.858707557502738,127.58378970427164,1.2464167585446526,4.399117971334069,1.3930540242557883,11.96141124586549,1.2464167585446526,4.399117971334069,1.3930540242557883,11.96141124586549,1.2464167585446526,4.399117971334069,1.3930540242557883,11.96141124586549,1.2464167585446526,4.399117971334069,1.3930540242557883,11.96141124586549,1.2464167585446526,4.399117971334069,1.3930540242557883,11.96141124586549,1.2464167585446526,4.399117971334069,1.3930540242557883,11.96141124586549,0.0,0.0,0.0,0.0,0.0,0.0
