method,index_a,index_b,epsilon_TAC,epsilon_TotEmiss,epsilon_ISI,attempts,successful_starts,termination,raw_status,solve_time_s,scalarized_objective,TAC,TotEmiss,ISI,NetCapture,max_abs_equality,max_abs_source_carbon_diagnostic,max_inequality_violation,epsilon_violation,z1,z2,z3,z4,z5,z6,z7,z8,z9,z10,z11,z12,z13,z14,z15,z16,z17,z18,z19,z20,z21,z22,z23,z24,z25,z26,z27,z28,z29,z30,z31,z32,z33,z34,z35,z36,z37,z38,z39,z40,z41,z42,z43,z44,z45,z46,z47,z48,z49,z50,z51,z52,z53,z54,z55,z56,z57,z58,z59,z60,z61,z62,z63,z64,z65,z66,z67,z68,z69,z70,z71,z72,z73,z74,z75,z76,z77,z78,z79,z80,z81,z82
group_TAC_TotEmiss,1,,,,33.98343805078173,3,3,LOCALLY_SOLVED,Solve_Succeeded,0.107370292,0.9881759963965072,1.079537850064907e7,34.625095053381386,10.317813550329658,503.5799883624186,1.5922526291542861e-16,1.5922526291542861e-16,9.636288225164601e-9,0.0,0.9999999854047297,0.3380844809368225,4.240202578587234e-7,0.029188904815273847,-4.984322208329425e-9,-4.195896360939629e-9,5.224643306664806e-9,-4.0826314513599015e-11,-4.58455242115583e-9,-3.7943034569958295e-9,5.53252384869006e-9,2.7222951014693123e-11,2.175915267222989e-8,0.13401548343882524,4.301886139262057e-8,1.1788425255735935e-8,-6.629211932911778e-10,1.9636160405644826e-9,1.5290149416777987e-8,4.853595058245528e-9,-2.0729233738281233e-10,4.94806562091709e-9,1.8499623451999812e-8,7.005631108870652e-9,-4.970718033532075e-9,-4.054724686257879e-9,3.608594297701779e-9,-9.808060939578504e-11,-3.188250534134754e-9,-2.679947596387899e-9,3.4753978104965806e-8,0.029188556549888802,-2.4260904354535893e-9,-1.6675546621445828e-9,1.509775946242892e-8,3.0939618738356054e-10,0.9999999681544844,-7.981317713602773e-9,-6.3251265380022045e-9,-9.636288225164601e-9,8.531827830772652e-9,-2.8324405232070905e-9,4.905173377630255e-10,-7.191876563082426e-9,1.044097544793594e-8,-6.578246972273074e-9,-3.953864041784427e-9,-9.166479318912771e-9,-3.1630464608639584e-9,5.872471007654955e-10,9.128922262815012e-9,7.374348270206384e-10,-5.538135787032693e-10,-6.389205822339889e-9,1.625444584295717e-8,-6.065623870591853e-10,-5.093947134617586e-10,-5.777689354970921e-9,1.721229641814685e-8,4.044552722182978e-10,2.4176836302477647e-9,0.20406903160002932,1.3383645766593066e-7,1.7514231808521957e-7,-7.36579103656864e-11,2.9900516981322797e-9,4.756935374108706e-8,7.211055515107642e-8,-2.3032481931423582e-11,7.534554468214658e-9,5.755438407288831e-8,1.0408366218893538e-7,-5.523020037257858e-10,-6.1742398631654066e-9,1.1226737815072201e-8,-1.4571976253088061e-9,0.7936507854789377,-1.024877151443373e-15,0.16599100930860153,1.9075319907988267e-14,1.6280815943476232e-13,-8.655530212394038e-14
group_TAC_TotEmiss,2,,,,33.375964640313654,3,3,LOCALLY_SOLVED,Solve_Succeeded,0.114716625,0.9881759811546353,1.0795378504158419e7,34.62509355739576,10.317813542289178,503.5799881921587,1.5922526291542861e-16,1.5922526291542861e-16,9.698936856092224e-9,0.0,0.9999999882908487,0.33808448128120877,3.8010466828917976e-7,0.02918891021618588,-5.8569730851866945e-9,-4.69556700508559e-9,3.4353741582720886e-9,-1.5942050714450141e-10,-4.913091453434984e-9,-3.936574931286796e-9,5.017488781401577e-9,-5.1355887300781636e-12,1.768426761711774e-8,0.13401548480970274,4.028960352838409e-8,1.170337458614965e-8,-1.5657745834363754e-9,1.5330653839432244e-9,1.4023811202126132e-8,5.025810335482942e-9,-1.181596189757661e-9,5.119518392108434e-9,1.74122809298035e-8,7.356229742578001e-9,-5.490224428000603e-9,-4.386513656801586e-9,2.7251357688215277e-9,-1.720550061638244e-10,-4.295245443180522e-9,-3.968590429728144e-9,2.7076408536945655e-8,0.029188558622971466,-2.329769235130056e-9,-8.712686651019799e-10,1.4749884962935342e-8,2.2591828063073e-10,0.9999999792813945,-8.342378838723674e-9,-6.915457644900534e-9,-9.698936856092224e-9,9.263811648580548e-9,-2.364706780732912e-9,8.822151250926574e-11,-7.165630096079426e-9,1.141484953677682e-8,-6.838170115467808e-9,-4.597915336748575e-9,-9.282856878767493e-9,-3.5737566218803496e-9,1.2289819537146248e-9,8.877227186668759e-9,9.265491946615789e-10,-6.507747872429657e-10,-7.150067939562149e-9,1.0687830714624274e-8,-2.368533249004021e-9,-5.458990503816648e-10,-5.994330009004893e-9,1.5609965097693793e-8,-7.630017541830414e-11,1.9649186241241926e-9,0.20406903368750187,1.2534543319941715e-7,1.738787081370805e-7,-1.7397495371515275e-10,2.3344404710044552e-9,4.362963485105907e-8,7.466918212717513e-8,-1.3128846552862896e-10,7.795630278892386e-9,5.4171540670499776e-8,1.0929255617544456e-7,-6.100249364445113e-10,-6.6794639774024154e-9,8.478200169666975e-9,-2.556245805862534e-9,0.7936507851519563,-1.1236722691562898e-15,0.16599100992710145,1.2732324643147206e-14,1.428664765038904e-13,-9.996896291393744e-14
group_TAC_TotEmiss,3,,,,32.76849122984559,3,3,LOCALLY_SOLVED,Solve_Succeeded,0.12451125,0.9881759368058948,1.0795378512485899e7,34.62508929867366,10.317813461472584,503.57998769407,4.776757887462858e-16,4.776757887462858e-16,9.888083168426892e-9,0.0,0.9999999974275005,0.3380844885460401,2.1468806168231938e-7,0.029188925705048913,-8.41973698495891e-9,-5.9919496546153846e-9,-1.261403676534509e-9,-4.926156697034005e-10,-6.616734019148994e-9,-4.961512391890888e-9,1.9632621282027027e-9,-1.99010782422828e-10,6.114246742349122e-9,0.13401549120110995,3.0597861639377406e-8,1.1454213745669765e-8,-5.758159213845284e-9,-1.9786905829077198e-9,7.80340742789668e-9,5.60951532343908e-9,-5.673944935928194e-9,6.090567303225294e-9,1.2065123559326052e-8,8.44113079666152e-9,-7.15453359188549e-9,-5.473245632913713e-9,-5.698141604531267e-11,-3.883639739389191e-10,-7.703440220778032e-9,-7.790251086491737e-9,3.696934235049924e-9,0.02918856469529781,2.1083437070357355e-10,4.431930234557894e-9,1.1374044222690276e-8,-4.920009683500869e-10,1.0000000027097145,-9.398648694668431e-9,-8.782778767360784e-9,-9.888083168426892e-9,1.6324599447492135e-8,1.4800383331695156e-9,-1.8046038683983188e-9,-7.225815307529663e-9,1.9952492558982926e-8,-8.22537806182055e-9,-7.266157931723435e-9,-9.702753791389699e-9,-3.501298352440901e-9,4.4943274046228235e-9,7.346515180700435e-9,1.009760366761901e-9,-9.355263316621005e-10,-9.124105155891608e-9,-3.924366993662917e-9,-7.318861378450521e-9,-7.351926687943324e-10,-7.555030233106579e-9,6.107926621075074e-9,-2.95673162456773e-9,6.793607491499022e-10,0.20406904341987195,9.519334732250748e-8,1.7017688993566507e-7,-6.397954682050314e-10,-3.0130061148822094e-9,2.427726755345634e-8,8.334137051966632e-8,-6.304383262142436e-10,9.274272939002152e-9,3.753593996234772e-8,1.2541108612182828e-7,-7.949481768761652e-10,-8.334260395573153e-9,-1.7727551658541718e-10,-5.769979041378227e-9,0.7936507841953849,-1.4111738088455783e-15,0.16599101145550402,-5.021842195083746e-15,8.628190649620753e-14,-1.5438977230280442e-13
group_TAC_TotEmiss,4,,,,32.16101781937751,3,2,ALMOST_LOCALLY_SOLVED,Solved_To_Acceptable_Level,0.060957791,0.9926466799538158,1.0802653134283949e7,34.648421959514295,10.751094584000832,503.5833969902314,1.5922526291542861e-16,1.5922526291542861e-16,8.235305209298976e-9,0.0,0.9999319604207585,0.2433245954462996,0.48769226842272423,0.029428434722905357,3.0401563471162567e-5,1.1303302609487646e-5,3.5265313880952055e-5,4.3232040619856005e-6,1.5205754752646536e-8,3.491268908301448e-9,3.009622609881042e-8,1.905512081856289e-9,0.0001365178225099476,0.0964310092583663,0.11856621630536819,1.297993268147324e-5,1.5185441192601338e-8,3.485988336036393e-9,3.006890426237658e-8,1.905126927298725e-9,1.530250057220382e-8,3.5305694959731268e-9,3.021135904815696e-8,1.916982765476848e-9,1.517179839811953e-8,3.4808759657845425e-9,3.005257541143008e-8,1.903768635874101e-9,2.1089140769626307e-5,1.9714074916759487e-5,9.225790043453342e-5,0.029152851667479475,1.0341583895860221e-8,-4.858904411098109e-9,5.71666218454993e-9,-8.235305209298976e-9,0.9997252962716817,7.213284455699452e-6,1.5623350134746825e-5,1.1166255269294758e-6,1.0327593409175287e-8,-4.831346577065473e-9,5.821143358650271e-9,-8.21961867389828e-9,1.0408182736437622e-8,-4.847266942853338e-9,5.7432678072197415e-9,-8.23199144033765e-9,1.031819592050764e-8,-4.807698404335323e-9,5.914679771998242e-9,-8.206451366003897e-9,3.37795149679584e-6,1.7211847155356185e-5,0.00010971430985185082,6.423046034950034e-5,1.6895283058496142e-9,5.316250383095385e-9,9.36327034185213e-8,2.8310465216150575e-8,1.5168646945549728e-5,0.1468381277343305,0.36887267295003434,0.00019284471412474524,1.6872712436223704e-9,5.30820951169178e-9,9.354770214961601e-8,2.8304742919866764e-8,1.7002778413559793e-9,5.37609445977726e-9,9.39908948164883e-8,2.8480886801370306e-8,1.6857553775688362e-9,5.300424766081008e-9,9.349690128000467e-8,2.82845625901295e-8,0.7936573567421424,1.2801858961751765e-12,0.16598020103110786,1.3185482285350108e-10,4.2422017189340194e-10,2.038066636792332e-10
group_TAC_TotEmiss,5,,,,31.553544408909442,3,3,LOCALLY_SOLVED,Solve_Succeeded,0.10803725,0.9881840109729809,1.0795379258177942e7,34.62575161789624,10.317907274076765,503.5800862663219,2.2556912246352386e-16,5.126570965080088e-17,8.23177946646405e-9,0.0,0.9999979941023155,0.33808362641676437,1.4574546493157752e-5,0.029191944255089523,8.214196097266935e-7,3.0145294636505864e-7,1.0737034707305726e-6,1.1834455951699567e-7,1.4341418039096412e-8,3.2993645851555945e-9,2.9515691358017912e-8,1.8672425891668877e-9,3.906682701850729e-6,0.13401455534547532,1.7269111950013855e-6,1.4749410083899974e-7,1.4643329995343673e-8,3.4966566323997943e-9,2.9795033302203433e-8,1.955936398958468e-9,1.4791894941071394e-8,3.5564623331169338e-9,2.998364217326081e-8,1.9726015159502277e-9,1.434076348288773e-8,3.3747234565342028e-9,2.9410965876350825e-8,1.9221014803166693e-9,5.892125964956734e-7,4.769609349838868e-7,2.2756170434079365e-6,0.029187623011287665,9.985982633785845e-9,-4.645701846503224e-9,6.532915057270603e-9,-8.105384153293788e-9,0.9999920463903219,1.996366811386317e-7,2.734109022247559e-7,1.6069017455757163e-8,1.0200343975561555e-8,-4.8069521567775566e-9,5.6940060511170485e-9,-8.195131286829732e-9,1.0305644211179064e-8,-4.865172752961385e-9,5.454275105416032e-9,-8.23177946646405e-9,9.98551734566193e-9,-4.6890428606172505e-9,6.188468828341813e-9,-8.118092089494093e-9,9.126884552518812e-8,4.5903062287406657e-7,3.3404107978284477e-6,1.7582620271096499e-6,1.593490893232934e-9,5.024032436486927e-9,9.182659533605571e-8,2.774188989619376e-8,4.340758557611919e-7,0.2040676183669738,5.3726126066709765e-6,2.1913409267508533e-6,1.6270366661492965e-9,5.324454417517868e-9,9.269565916241067e-8,2.9059626498811515e-8,1.6435438823412653e-9,5.415522189064422e-9,9.32824423168114e-8,2.9307222522689093e-8,1.5934181647653029e-9,5.138783445177081e-9,9.150078272642478e-8,2.8556936278990513e-8,0.7936509735016325,3.553528012594979e-14,0.16599068971601855,3.788707705171963e-12,1.2213046189886898e-11,5.6412122432571125e-12
group_TAC_TotEmiss,6,,,,30.94607099844137,3,3,LOCALLY_SOLVED,Solve_Succeeded,0.109161959,0.9881760056068256,1.0795378498363938e7,34.62509596556712,10.317813556612087,503.5799884643428,1.5922526291542861e-16,1.5922526291542861e-16,9.599243532715252e-9,0.0,0.9999999836245793,0.33808448101681227,4.4875546857996423e-7,0.029188901743890935,-4.455674594606355e-9,-3.8876822795753625e-9,6.318962695832179e-9,3.13023750897528e-11,-4.4096427107978616e-9,-3.727460060419093e-9,5.789090346064465e-9,4.368961119837713e-11,2.4363934604272293e-8,0.1340154826990732,4.456649030238232e-8,1.1839326417442674e-8,-1.8268994535881974e-10,2.1522013362050044e-9,1.59437553803873e-8,4.755568368731512e-9,3.0862943871427164e-10,4.865973315359228e-9,1.9060690876506208e-8,6.804959069063489e-9,-4.659646745574607e-9,-3.860551973993367e-9,4.1328993127643165e-9,-5.26903576885371e-11,-2.5268395213668753e-9,-1.912803164001734e-9,3.9269481343308565e-8,0.029188555312127246,-2.4426099487507754e-9,-2.0182840209204745e-9,1.5237879337905955e-8,3.3463214808029963e-10,0.9999999609754762,-7.765172773723467e-9,-5.980501210342044e-9,-9.599243532715252e-9,8.264052702547965e-9,-3.0374599140572946e-9,7.004694285662587e-10,-7.210515562082621e-9,1.0065414084959298e-8,-6.450157654952123e-9,-3.609520454202963e-9,-9.102794253846577e-9,-2.894147567798072e-9,2.731342888851563e-10,9.244339044099368e-9,6.012193607578863e-10,-4.950749549562615e-10,-5.919879834807937e-9,1.965899505370011e-8,4.650638584763272e-10,-4.899603011997623e-10,-5.6759050920018e-9,1.8010503298867223e-8,6.491027949473173e-10,2.7071038449191426e-9,0.20406903047358874,1.386513031629672e-7,1.7589856391629116e-7,-2.029888281764663e-11,3.277215671039438e-9,4.9602794516760486e-8,7.065415862115387e-8,3.4292159857141286e-11,7.409550275660642e-9,5.929992717135264e-8,1.0110224902608609e-7,-5.177385272860672e-10,-5.878567778580809e-9,1.2857908973044539e-8,-7.828281713725512e-10,0.7936507856746814,-9.660507367894034e-16,0.1659910089183137,2.2897584927557355e-14,1.7481675238189815e-13,-7.928171543482758e-14
group_TAC_TotEmiss,7,,,,30.3385975879733,3,3,LOCALLY_SOLVED,Solve_Succeeded,0.115639459,0.9881759368058948,1.0795378512485899e7,34.62508929867366,10.317813461472577,503.57998769407,1.5922526291542861e-16,1.5922526291542861e-16,9.88808316841055e-9,0.0,0.9999999974275005,0.33808448854604006,2.1468806156361798e-7,0.02918892570504859,-8.419736983259303e-9,-5.991949654616654e-9,-1.2614036765753375e-9,-4.926156697495402e-10,-6.616734014898074e-9,-4.961512393502139e-9,1.963262121955055e-9,-1.9901078334413033e-10,6.11424691464748e-9,0.13401549120110995,3.059786163816321e-8,1.1454213742923848e-8,-5.7581592110041355e-9,-1.978690583688426e-9,7.803407421613943e-9,5.609515311618443e-9,-5.673944933307935e-9,6.090567298070862e-9,1.2065123548902993e-8,8.441130791713799e-9,-7.154533589164939e-9,-5.473245633662153e-9,-5.6981418550282954e-11,-3.8836397427639756e-10,-7.703440217490417e-9,-7.790251086330125e-9,3.6969342365172696e-9,0.029188564695297806,2.1083440349144364e-10,4.431930224267101e-9,1.1374044218586167e-8,-4.920009657054693e-10,1.0000000027097145,-9.398648694662084e-9,-8.782778767347119e-9,-9.88808316841055e-9,1.632459951733766e-8,1.4800383285662228e-9,-1.8046038725539018e-9,-7.225815300087432e-9,1.995249263332532e-8,-8.225378061905428e-9,-7.266157932111346e-9,-9.702753791275764e-9,-3.501298340662752e-9,4.4943274014517406e-9,7.346515178987534e-9,1.009760367521308e-9,-9.355263314732554e-10,-9.12410515589354e-9,-3.924366993789939e-9,-7.318861379136026e-9,-7.351926683220079e-10,-7.555030235560075e-9,6.10792660163795e-9,-2.9567316382556505e-9,6.793607682941641e-10,0.20406904341987195,9.519334731872997e-8,1.7017688989486857e-7,-6.397954678893482e-10,-3.0130061160710122e-9,2.427726753391004e-8,8.334137034404542e-8,-6.304383259231036e-10,9.274272931153357e-9,3.753593992992042e-8,1.254110860483193e-7,-7.949481765738818e-10,-8.334260396712823e-9,-1.7727552437865804e-10,-5.769979046392192e-9,0.7936507841953849,-1.4111738068903566e-15,0.16599101145550402,-5.021842198554917e-15,8.628190651030298e-14,-1.5438977226528484e-13
group_TAC_TotEmiss,8,,,,29.73112417750523,3,3,LOCALLY_SOLVED,Solve_Succeeded,0.111823583,0.9881759811546351,1.0795378504158419e7,34.625093557395736,10.317813542289166,503.57998819215845,1.1278456123176193e-16,5.126570965080088e-17,9.698936855922685e-9,0.0,0.9999999882908486,0.3380844812812086,3.801046683906368e-7,0.029188910216185363,-5.856973088319104e-9,-4.695567005104402e-9,3.435374157257909e-9,-1.5942050769856345e-10,-4.913091456917522e-9,-3.936574930292117e-9,5.017488783330952e-9,-5.135589344969667e-12,1.768426734946069e-8,0.13401548480970266,4.028960352035438e-8,1.1703374575041098e-8,-1.5657745889818956e-9,1.5330653877409754e-9,1.402381121072351e-8,5.0258103206375695e-9,-1.1815961950670873e-9,5.119518402005511e-9,1.741228094564442e-8,7.356229736714888e-9,-5.490224430928065e-9,-4.386513656358244e-9,2.725135769582866e-9,-1.720550065293521e-10,-4.295245447176076e-9,-3.968590427926868e-9,2.7076408548831357e-8,0.029188558622971466,-2.3297692404181574e-9,-8.712686597047731e-10,1.474988496744925e-8,2.2591827905836868e-10,0.9999999792813948,-8.342378838646629e-9,-6.9154576447373046e-9,-9.698936855922685e-9,9.263811638084437e-9,-2.3647067747824453e-9,8.822151897318621e-11,-7.1656300849017145e-9,1.1414849528389308e-8,-6.838170113986172e-9,-4.597915334283286e-9,-9.282856877793951e-9,-3.573756626007333e-9,1.2289819562671391e-9,8.87722718828373e-9,9.265491943836245e-10,-6.507747875910114e-10,-7.150067939590793e-9,1.068783071146905e-8,-2.3685332572357993e-9,-5.458990507686133e-10,-5.994330007490269e-9,1.5609965103696296e-8,-7.630018455383503e-11,1.9649185943845205e-9,0.20406903368750173,1.2534543317443582e-7,1.7387870797203914e-7,-1.7397495433132166e-10,2.3344404767873944e-9,4.362963487780647e-8,7.466918190661531e-8,-1.312884661185652e-10,7.795630293962937e-9,5.4171540719782634e-8,1.0929255608833547e-7,-6.100249367697848e-10,-6.679463976727326e-9,8.478200172035582e-9,-2.5562458112932314e-9,0.7936507851519563,-1.1236722720889425e-15,0.1659910099271014,1.2732324575710616e-14,1.4286647628183241e-13,-9.996896300102e-14
group_TAC_TotEmiss,9,,,,29.12365076703716,3,3,LOCALLY_SOLVED,Solve_Succeeded,0.109339208,0.9881759368058948,1.0795378512485899e7,34.62508929867365,10.317813461472578,503.57998769406987,4.776757887462858e-16,4.776757887462858e-16,9.888083168400795e-9,0.0,0.9999999974275005,0.3380844885460403,2.1468806169686208e-7,0.029188925705048566,-8.41973698512739e-9,-5.991949654617416e-9,-1.261403676659982e-9,-4.926156697770853e-10,-6.6167340194940946e-9,-4.9615123917366726e-9,1.963262128300304e-9,-1.990107828192023e-10,6.114246725725855e-9,0.13401549120111,3.059786163537475e-8,1.1454213741284498e-8,-5.758159214153663e-9,-1.9786905827247106e-9,7.803407429443947e-9,5.609515308721737e-9,-5.673944936226171e-9,6.0905673068446275e-9,1.2065123563890693e-8,8.441130793775838e-9,-7.1545335921101135e-9,-5.473245632843486e-9,-5.6981415991499876e-11,-3.8836397407947745e-10,-7.703440221009106e-9,-7.790251086233712e-9,3.6969342366519847e-9,0.02918856469529781,2.1083437002371174e-10,4.43193023739964e-9,1.1374044223336177e-8,-4.920009690353406e-10,1.0000000027097145,-9.398648694658298e-9,-8.782778767324758e-9,-9.888083168400795e-9,1.6324599451993774e-8,1.4800383364579353e-9,-1.804603865588115e-9,-7.225815295033466e-9,1.995249256590358e-8,-8.225378061579711e-9,-7.266157931244502e-9,-9.702753791201197e-9,-3.5012983526139455e-9,4.494327405473361e-9,7.346515180891976e-9,1.00976036657668e-9,-9.355263316808206e-10,-9.124105155894702e-9,-3.924366994053277e-9,-7.318861379545267e-9,-7.351926688326769e-10,-7.55503023287175e-9,6.107926621378724e-9,-2.9567316304567195e-9,6.793607473028725e-10,0.20406904341987206,9.519334731005478e-8,1.701768898705125e-7,-6.397954682392957e-10,-3.0130061146035363e-9,2.4277267558270057e-8,8.334137030100864e-8,-6.304383262473521e-10,9.274272944513408e-9,3.753593997654882e-8,1.254110860789553e-7,-7.949481769011234e-10,-8.334260395466217e-9,-1.772755164179996e-10,-5.769979043466522e-9,0.7936507841953849,-1.4111738060348066e-15,0.16599101145550402,-5.021842226265244e-15,8.628190640865735e-14,-1.5438977233124744e-13
group_TAC_TotEmiss,10,,,,28.516177356569088,3,3,LOCALLY_SOLVED,Solve_Succeeded,0.104952792,0.9881759811546352,1.0795378504158419e7,34.62509355739575,10.317813542289166,503.57998819215857,3.1845052583085723e-16,3.1845052583085723e-16,9.698936855846691e-9,0.0,0.9999999882908488,0.33808448128120916,3.8010466834066835e-7,0.029188910216185075,-5.856973086264216e-9,-4.695567005113361e-9,3.435374156618348e-9,-1.5942050794348248e-10,-4.913091453951224e-9,-3.9365749306716595e-9,5.017488781378125e-9,-5.135589837563608e-12,1.7684267573610448e-8,0.13401548480970288,4.0289603514649365e-8,1.1703374570065163e-8,-1.5657745828026389e-9,1.5330653878164548e-9,1.4023811208792114e-8,5.025810312633267e-9,-1.1815961883962491e-9,5.119518402773663e-9,1.7412280944118e-8,7.356229732237457e-9,-5.490224428637216e-9,-4.3865136566431035e-9,2.725135768427057e-9,-1.7205500681135507e-10,-4.295245444285451e-9,-3.968590427167864e-9,2.707640855218767e-8,0.029188558622971462,-2.3297692346028213e-9,-8.712686599592606e-10,1.4749884966812582e-8,2.2591827917064853e-10,0.9999999792813945,-8.342378838620389e-9,-6.915457644636606e-9,-9.698936855846691e-9,9.263811662672584e-9,-2.3647067742203963e-9,8.822151949261349e-11,-7.165630080173504e-9,1.141484955817667e-8,-6.838170113708227e-9,-4.597915333866219e-9,-9.282856877371121e-9,-3.5737566219793176e-9,1.2289819559350406e-9,8.877227187637042e-9,9.265491944440033e-10,-6.507747873626905e-10,-7.150067939604436e-9,1.0687830709479303e-8,-2.3685332608745966e-9,-5.458990504390247e-10,-5.994330008068209e-9,1.5609965097620833e-8,-7.63001918723736e-11,1.9649186192900494e-9,0.2040690336875021,1.253454331566869e-7,1.7387870789811098e-7,-1.7397495364473758e-10,2.3344404769023287e-9,4.362963487179768e-8,7.466918178769425e-8,-1.3128846537736096e-10,7.795630295132623e-9,5.417154071503377e-8,1.0929255602181363e-7,-6.10024936515246e-10,-6.67946397716109e-9,8.478200168439732e-9,-2.5562458154829893e-9,0.7936507851519563,-1.1236722690206717e-15,0.16599100992710145,1.2732324549407387e-14,1.4286647622116997e-13,-9.996896301674949e-14
group_TAC_TotEmiss,11,,,,27.908703946101014,3,3,LOCALLY_SOLVED,Solve_Succeeded,0.106785167,0.9881759368058951,1.079537851248591e7,34.625089298673124,10.317813461472522,503.57998769406987,1.1278456123176193e-16,3.703521056209345e-18,9.88808316838411e-9,0.0,0.9999999974274993,0.33808448854604084,2.146880562573e-7,0.02918892570504711,-8.41973697308714e-9,-5.991949654601982e-9,-1.2614036754332962e-9,-4.926156698218523e-10,-6.616734151478551e-9,-4.961513416678681e-9,1.963261776331979e-9,-1.990108052682906e-10,6.11424859930159e-9,0.1340154912011119,3.059786163439421e-8,1.1454213738486356e-8,-5.7581592213028146e-9,-1.9786956104973397e-9,7.803407171000776e-9,5.609515277742833e-9,-5.673944965598064e-9,6.090567237858677e-9,1.2065123424276286e-8,8.44113076230888e-9,-7.154533073107909e-9,-5.4732454688475205e-9,-5.698075790077904e-11,-3.8836391768691135e-10,-7.703440198090656e-9,-7.790251086121294e-9,3.696934237379295e-9,0.0291885646952978,2.108325854640198e-10,4.431935372145302e-9,1.1374039773961705e-8,-4.920016991871156e-10,1.0000000027097138,-9.398648694659147e-9,-8.78277876732308e-9,-9.88808316838411e-9,1.632459933146517e-8,1.4800438993072964e-9,-1.8046041961832996e-9,-7.22581537893749e-9,1.9952493309157292e-8,-8.225378063515077e-9,-7.266157936975028e-9,-9.702753791112542e-9,-3.501299715491027e-9,4.494327567793949e-9,7.346514903244983e-9,1.0097602337986878e-9,-9.355263303430152e-10,-9.1241051558712e-9,-3.924366990236921e-9,-7.318861380210377e-9,-7.351926834976166e-10,-7.5550317935789e-9,6.1079255263661564e-9,-2.956731963986031e-9,6.793609554779541e-10,0.2040690434198749,9.519334730700419e-8,1.701768898289401e-7,-6.397954690336458e-10,-3.01301377053004e-9,2.4277266754224634e-8,8.334136984075066e-8,-6.304383295108957e-10,9.27427283946662e-9,3.7535939542192887e-8,1.254110856114462e-7,-7.949481192342119e-10,-8.334260145745089e-9,-1.772734690246459e-10,-5.769978205634111e-9,0.7936507841953849,-1.4111737906158062e-15,0.16599101145550493,-5.021841542416334e-15,8.628190687543062e-14,-1.5438977660287265e-13
group_TAC_TotEmiss,12,,,,27.301230535632943,3,3,LOCALLY_SOLVED,Solve_Succeeded,0.104576,0.988175981154635,1.0795378504158419e7,34.62509355739573,10.31781354228916,503.57998819215845,1.5922526291542861e-16,1.5922526291542861e-16,9.698936855766438e-9,0.0,0.9999999882908486,0.3380844812812089,3.8010466841873493e-7,0.02918891021618485,-5.85697308873699e-9,-4.695567005122068e-9,3.4353741562100096e-9,-1.594205082069993e-10,-4.913091456942461e-9,-3.936574929960418e-9,5.017488783137062e-9,-5.135590065258912e-12,1.7684267332949008e-8,0.13401548480970277,4.028960351165495e-8,1.1703374564805673e-8,-1.5657745880541267e-9,1.5330653900853602e-9,1.4023811214638658e-8,5.0258103059955305e-9,-1.181596193675885e-9,5.119518408536017e-9,1.7412280954272398e-8,7.356229729997309e-9,-5.4902244311028135e-9,-4.386513656287341e-9,2.725135769250754e-9,-1.7205500694867584e-10,-4.295245447420557e-9,-3.968590426297621e-9,2.7076408558569092e-8,0.029188558622971466,-2.329769239481251e-9,-8.712686566350323e-10,1.4749884969728491e-8,2.2591827818979577e-10,0.9999999792813948,-8.342378838580901e-9,-6.915457644569921e-9,-9.698936855766438e-9,9.26381164923681e-9,-2.36470677078861e-9,8.822152324427498e-11,-7.165630074802911e-9,1.1414849544421139e-8,-6.838170112896277e-9,-4.597915332503431e-9,-9.282856876906653e-9,-3.5737566256655963e-9,1.2289819575780032e-9,8.877227188815167e-9,9.265491942541357e-10,-6.50774787637443e-10,-7.150067939617694e-9,1.0687830708208917e-8,-2.3685332647897037e-9,-5.458990507713843e-10,-5.994330006985181e-9,1.560996510309308e-8,-7.630019525527524e-11,1.964918592549889e-9,0.20406903368750193,1.2534543314737095e-7,1.7387870781996997e-7,-1.7397495422823624e-10,2.3344404803572524e-9,4.362963488998693e-8,7.466918168907644e-8,-1.3128846596398717e-10,7.795630303907117e-9,5.4171540746625234e-8,1.0929255598853144e-7,-6.100249367892013e-10,-6.679463976619358e-9,8.478200171002346e-9,-2.5562458175231836e-9,0.7936507851519563,-1.1236722686895959e-15,0.16599100992710142,1.2732324500299236e-14,1.4286647611925255e-13,-9.996896306572205e-14
group_TAC_TotEmiss,13,,,,26.693757125164872,3,3,LOCALLY_SOLVED,Solve_Succeeded,0.104533625,0.9881759811546349,1.0795378504158419e7,34.62509355739572,10.317813542289157,503.57998819215845,1.5922526291542861e-16,1.5922526291542861e-16,9.698936855720133e-9,0.0,0.9999999882908486,0.3380844812812089,3.8010466842272017e-7,0.029188910216184687,-5.8569730886115846e-9,-4.695567005127305e-9,3.4353741559035313e-9,-1.5942050835768493e-10,-4.913091456667389e-9,-3.936574929917935e-9,5.017488782912845e-9,-5.135590293173529e-12,1.7684267338529748e-8,0.13401548480970274,4.0289603509113846e-8,1.170337456177221e-8,-1.5657745872901413e-9,1.5330653906681145e-9,1.4023811215494393e-8,5.025810301561535e-9,-1.1815961927739875e-9,5.119518410232709e-9,1.7412280956380835e-8,7.356229727878576e-9,-5.490224430939941e-9,-4.38651365629424e-9,2.7251357690766807e-9,-1.7205500707972369e-10,-4.29524544706671e-9,-3.968590425814838e-9,2.7076408561491743e-8,0.029188558622971462,-2.3297692386448125e-9,-8.712686559145076e-10,1.4749884970239594e-8,2.2591827798786054e-10,0.9999999792813948,-8.342378838561421e-9,-6.9154576445208306e-9,-9.698936855720133e-9,9.263811654575716e-9,-2.3647067697450378e-9,8.822152434920856e-11,-7.165630071831326e-9,1.1414849551419886e-8,-6.8381701126010165e-9,-4.597915332026527e-9,-9.282856876644886e-9,-3.5737566251873626e-9,1.2289819578713922e-9,8.877227188893742e-9,9.265491942241323e-10,-6.507747876235091e-10,-7.1500679396256675e-9,1.068783070725543e-8,-2.3685332670284614e-9,-5.458990507408207e-10,-5.994330006920492e-9,1.5609965102395518e-8,-7.630019864143528e-11,1.964918593169971e-9,0.2040690336875019,1.253454331394653e-7,1.7387870777490138e-7,-1.7397495414334895e-10,2.334440481244629e-9,4.362963489264922e-8,7.466918162319994e-8,-1.3128846586377635e-10,7.795630306490715e-9,5.417154075318482e-8,1.0929255595705312e-7,-6.100249367711043e-10,-6.679463976629866e-9,8.478200170460786e-9,-2.55624581947018e-9,0.7936507851519563,-1.1236722691466447e-15,0.16599100992710142,1.2732324492915315e-14,1.4286647607050344e-13,-9.996896308226654e-14
group_TAC_TotEmiss,14,,,,26.0862837146968,3,3,LOCALLY_SOLVED,Solve_Succeeded,0.105235584,0.9881759368058948,1.0795378512485899e7,34.62508929867366,10.317813461472573,503.57998769406987,6.369010516617145e-16,6.369010516617145e-16,9.88808316836983e-9,0.0,0.9999999974275006,0.33808448854604045,2.146880617357565e-7,0.02918892570504817,-8.41973698563277e-9,-5.991949654619826e-9,-1.2614036768152114e-9,-4.926156698645103e-10,-6.6167340206594225e-9,-4.961512391264627e-9,1.963262129483696e-9,-1.990107831755672e-10,6.1142466750829875e-9,0.1340154912011101,3.0597861630408155e-8,1.1454213736081517e-8,-5.7581592150330345e-9,-1.978690582355849e-9,7.803407432507418e-9,5.609515291700889e-9,-5.673944937054726e-9,6.0905673123946455e-9,1.206512357155471e-8,8.441130790883548e-9,-7.154533592860832e-9,-5.473245632626062e-9,-5.698141549799396e-11,-3.8836397420402945e-10,-7.703440221864143e-9,-7.790251085927598e-9,3.6969342384743343e-9,0.02918856469529781,2.1083436359718966e-10,4.4319302428127795e-9,1.1374044224867235e-8,-4.920009703684408e-10,1.0000000027097145,-9.398648694646276e-9,-8.782778767280516e-9,-9.88808316836983e-9,1.632459944599181e-8,1.4800383414867325e-9,-1.8046038612529294e-9,-7.225815280142363e-9,1.995249256226691e-8,-8.22537806125408e-9,-7.266157930559889e-9,-9.702753790976851e-9,-3.501298354830885e-9,4.494327407109264e-9,7.346515181429557e-9,1.009760366208768e-9,-9.355263317369742e-10,-9.124105155898371e-9,-3.924366994536213e-9,-7.3188613808441536e-9,-7.351926689621577e-10,-7.555030232152954e-9,6.107926625060386e-9,-2.956731635751284e-9,6.793607416758873e-10,0.20406904341987214,9.519334729460314e-8,1.701768897932111e-7,-6.397954683370036e-10,-3.0130061140418604e-9,2.4277267567800852e-8,8.33413700481275e-8,-6.304383263394137e-10,9.274272952964573e-9,3.753594000039243e-8,1.2541108603598413e-7,-7.949481769845366e-10,-8.334260395135141e-9,-1.7727551488264784e-10,-5.769979045317008e-9,0.7936507841953849,-1.4111738081952238e-15,0.16599101145550405,-5.021842263143903e-15,8.628190632584298e-14,-1.5438977238021382e-13
group_TAC_TotEmiss,15,,,,25.47881030422873,3,3,LOCALLY_SOLVED,Solve_Succeeded,0.105358209,0.9881759368058951,1.079537851248591e7,34.625089298673124,10.317813461472515,503.57998769406987,1.1278456123176193e-16,5.126570965080088e-17,9.888083168356567e-9,0.0,0.9999999974274993,0.33808448854604095,2.1468805627196167e-7,0.029188925705046748,-8.419736973241974e-9,-5.9919496546041275e-9,-1.2614036755655146e-9,-4.926156698996193e-10,-6.616734151665233e-9,-4.961513416441298e-9,1.963261776361978e-9,-1.9901080568977468e-10,6.114248584084474e-9,0.13401549120111192,3.059786163017682e-8,1.145421373385817e-8,-5.75815922159004e-9,-1.9786956103158935e-9,7.803407172537211e-9,5.609515262185344e-9,-5.673944965876759e-9,6.090567241584543e-9,1.2065123428919729e-8,8.441130759223562e-9,-7.154533073308478e-9,-5.473245468783469e-9,-5.6980757876825955e-11,-3.8836391783842933e-10,-7.703440198290846e-9,-7.790251085849e-9,3.6969342390721853e-9,0.0291885646952978,2.1083258574717655e-10,4.431935374033152e-9,1.1374039775581088e-8,-4.92001699749385e-10,1.0000000027097138,-9.398648694648452e-9,-8.782778767285105e-9,-9.888083168356567e-9,1.6324599337064853e-8,1.4800439026938075e-9,-1.8046041932926588e-9,-7.225815365761377e-9,1.9952493317354146e-8,-8.225378063263897e-9,-7.266157936478126e-9,-9.702753790913651e-9,-3.501299715522147e-9,4.4943275686448195e-9,7.346514903422545e-9,1.0097602336143843e-9,-9.35526330360219e-10,-9.124105155874465e-9,-3.924366990648267e-9,-7.318861381365772e-9,-7.351926835183589e-10,-7.55503179321743e-9,6.107925526459486e-9,-2.956731970248081e-9,6.793609537871636e-10,0.20406904341987497,9.519334729388343e-8,1.701768897601785e-7,-6.397954690655597e-10,-3.013013770253747e-9,2.4277266759004653e-8,8.33413696096108e-8,-6.304383295418618e-10,9.2742728451401e-9,3.753593955663915e-8,1.254110855656072e-7,-7.949481192564973e-10,-8.334260145647554e-9,-1.7727346895012518e-10,-5.769978207885235e-9,0.7936507841953849,-1.411173795677826e-15,0.16599101145550493,-5.021841574736105e-15,8.628190681118968e-14,-1.543897766343808e-13
group_TAC_TotEmiss,16,,,,24.87133689376066,3,3,LOCALLY_SOLVED,Solve_Succeeded,0.099321792,0.988175936805895,1.079537851248591e7,34.62508929867312,10.317813461472515,503.57998769406987,1.5922526291542861e-16,1.5922526291542861e-16,9.888083168348244e-9,0.0,0.9999999974274993,0.33808448854604106,2.1468805627674632e-7,0.029188925705046637,-8.419736973292549e-9,-5.991949654604776e-9,-1.2614036756055836e-9,-4.926156699231186e-10,-6.616734151858305e-9,-4.961513416450298e-9,1.9632617763159726e-9,-1.9901080582458134e-10,6.114248579102584e-9,0.13401549120111195,3.0597861628898755e-8,1.1454213732459652e-8,-5.758159221682609e-9,-1.9786956102588694e-9,7.803407173017838e-9,5.609515257482197e-9,-5.67394496596689e-9,6.09056724272604e-9,1.2065123430350258e-8,8.441130758297868e-9,-7.154533073375183e-9,-5.473245468762497e-9,-5.69807578644113e-11,-3.8836391788368904e-10,-7.703440198358547e-9,-7.790251085766698e-9,3.6969342395824316e-9,0.0291885646952978,2.1083258517776881e-10,4.43193537540306e-9,1.1374039776448117e-8,-4.920017001312535e-10,1.0000000027097138,-9.39864869464522e-9,-8.782778767273606e-9,-9.888083168348244e-9,1.6324599338620502e-8,1.48004390373089e-9,-1.8046041924062335e-9,-7.225815361772287e-9,1.995249331968417e-8,-8.22537806318748e-9,-7.2661579363264996e-9,-9.702753790853543e-9,-3.5012997155560606e-9,4.4943275689096794e-9,7.346514903480495e-9,1.0097602335568095e-9,-9.355263303658386e-10,-9.124105155875453e-9,-3.9243669907729265e-9,-7.3188613817149034e-9,-7.351926835398113e-10,-7.555031793231134e-9,6.1079255263163585e-9,-2.9567319722509225e-9,6.793609532336201e-10,0.20406904341987503,9.519334728990723e-8,1.7017688973940052e-7,-6.397954690758452e-10,-3.013013770166914e-9,2.4277266760499937e-8,8.33413695397355e-8,-6.304383295518764e-10,9.274272846878288e-9,3.753593956108969e-8,1.25411085551854e-7,-7.94948119263909e-10,-8.33426014561562e-9,-1.7727346891150179e-10,-5.769978208557665e-9,0.7936507841953849,-1.4111737944579712e-15,0.16599101145550493,-5.021841582675696e-15,8.628190680023402e-14,-1.5438977664451352e-13
group_TAC_TotEmiss,17,,,,24.26386348329259,3,3,LOCALLY_SOLVED,Solve_Succeeded,0.10246675,0.9881759368058946,1.0795378512485899e7,34.625089298673636,10.317813461472564,503.57998769406987,7.961263145771431e-16,7.961263145771431e-16,9.888083168344776e-9,0.0,0.9999999974275006,0.3380844885460405,2.1468806174544324e-7,0.029188925705047834,-8.419736985734184e-9,-5.991949654621777e-9,-1.2614036769344096e-9,-4.926156699352448e-10,-6.616734020841395e-9,-4.961512391173666e-9,1.963262129366448e-9,-1.9901078357855673e-10,6.114246665231005e-9,0.13401549120111012,3.059786162660875e-8,1.1454213731871861e-8,-5.758159215227674e-9,-1.978690582210131e-9,7.803407433750234e-9,5.60951527748585e-9,-5.673944937246972e-9,6.090567315621046e-9,1.2065123575492631e-8,8.441130788008471e-9,-7.154533592980847e-9,-5.473245632585124e-9,-5.69814155311785e-11,-3.883639743472957e-10,-7.70344022197128e-9,-7.790251085679923e-9,3.6969342400271793e-9,0.029188564695297806,2.1083436405482405e-10,4.431930245137094e-9,1.1374044225337082e-8,-4.920009709235203e-10,1.0000000027097145,-9.398648694636549e-9,-8.782778767246229e-9,-9.888083168344776e-9,1.632459945255307e-8,1.4800383444208943e-9,-1.8046038587528869e-9,-7.2258152681593585e-9,1.9952492571249998e-8,-8.225378061030754e-9,-7.266157930123113e-9,-9.702753790796034e-9,-3.5012983545997824e-9,4.494327407801975e-9,7.346515181552156e-9,1.009760366060219e-9,-9.355263317482423e-10,-9.12410515590134e-9,-3.924366994907052e-9,-7.318861381895065e-9,-7.351926689823769e-10,-7.555030232014446e-9,6.107926624695616e-9,-2.956731641738557e-9,6.793607405812224e-10,0.2040690434198722,9.519334728278278e-8,1.701768897306676e-7,-6.397954683586301e-10,-3.013006113819972e-9,2.4277267571667395e-8,8.334136983693262e-8,-6.304383263607745e-10,9.274272957877502e-9,3.753594001264374e-8,1.2541108599326871e-7,-7.949481769978716e-10,-8.334260395072803e-9,-1.7727551498588867e-10,-5.769979047445535e-9,0.7936507841953849,-1.4111738074350287e-15,0.16599101145550405,-5.02184229056237e-15,8.628190625830851e-14,-1.5438977240863235e-13
group_TAC_TotEmiss,18,,,,23.656390072824514,3,2,ALMOST_LOCALLY_SOLVED,Solved_To_Acceptable_Level,0.055405875,0.992549679342361,1.0802486274810335e7,34.648407087905525,10.730043152706568,503.58339756350773,1.5922526291542861e-16,1.5922526291542861e-16,8.235305415063376e-9,0.0,0.9999318873326996,0.2479819154573736,0.46372557837145767,0.029428129557245424,3.0404489546223155e-5,1.1300294585290591e-5,3.529023719725045e-5,4.32211247410697e-6,1.52057563341507e-8,3.4912650627020235e-9,3.00962492528594e-8,1.90551111975147e-9,0.00013652821030630936,0.09827715935405212,0.11273643762705386,1.2962339429906713e-5,1.518544223950055e-8,3.48598429301372e-9,3.00689267230265e-8,1.9051259113527705e-9,1.5302501525437517e-8,3.5305653811818647e-9,3.0211381562990875e-8,1.91698173007625e-9,1.517179973873753e-8,3.4808720385755364e-9,3.0052598209533997e-8,1.9037676507349483e-9,2.1090925524279266e-5,1.9706364256760806e-5,9.234767391522084e-5,0.02915284285159715,1.0341584032627592e-8,-4.85890543732758e-9,5.7166629057846205e-9,-8.235305415063376e-9,0.9997252066056727,7.215398723493391e-6,1.5608962222471264e-5,1.1165639815619593e-6,1.0327593179209478e-8,-4.831347405425136e-9,5.821144966506079e-9,-8.219618754013677e-9,1.0408182433759133e-8,-4.847267728464531e-9,5.743269558625155e-9,-8.231991495961543e-9,1.0318195893835499e-8,-4.807699347382667e-9,5.914680941273879e-9,-8.206451515049363e-9,3.378276616247016e-6,1.7207266754874306e-5,0.00010979184905811252,6.42142424724464e-5,1.6895284815722994e-9,5.316244527296263e-9,9.363277545334035e-8,2.8310450922021834e-8,1.5169801145145478e-5,0.14964931083457936,0.35073558372861197,0.00019258332867289974,1.6872713599445048e-9,5.3082033552708906e-9,9.354777202719357e-8,2.8304727825812588e-8,1.7002779472708348e-9,5.376088194072384e-9,9.399096486263826e-8,2.8480871418275713e-8,1.6857555265263916e-9,5.300418786012749e-9,9.34969722074391e-8,2.828454795377637e-8,0.7936573567203424,1.2801859685507506e-12,0.16598019331755387,1.3185482540784337e-10,4.2422017579895035e-10,2.038066744389418e-10
group_TAC_TotEmiss,19,,,,23.048916662356444,3,3,LOCALLY_SOLVED,Solve_Succeeded,0.093673209,0.988184010971367,1.07953792581777e7,34.62575161776859,10.31790727402954,503.5800862663211,1.5922526291542861e-16,1.5922526291542861e-16,8.231779460371638e-9,0.0,0.9999979941028239,0.3380836264184586,1.457453943569216e-5,0.029191944252895365,8.214196319606525e-7,3.014529626758275e-7,1.0737027951489578e-6,1.1834450512033155e-7,1.4341418181152888e-8,3.29936464682814e-9,2.9515691150578164e-8,1.8672425556870485e-9,3.906682505722466e-6,0.13401455534609477,1.726910461579828e-6,1.4749400130484842e-7,1.464333012880209e-8,3.4966566869298966e-9,2.9795033085396985e-8,1.9559363589373675e-9,1.4791895073745323e-8,3.5564623872521325e-9,2.998364195103288e-8,1.972601475158781e-9,1.4340763622187264e-8,3.3747235135769827e-9,2.941096567589446e-8,1.9221014423196196e-9,5.892126304348614e-7,4.769610077398277e-7,2.275615718192198e-6,0.029187623011536566,9.985982749010799e-9,-4.645701828382289e-9,6.532915061263175e-9,-8.105384152275375e-9,0.9999920463909885,1.996366981544491e-7,2.734109658939621e-7,1.606901769507405e-8,1.0200344084760242e-8,-4.806952131680284e-9,5.694006097441074e-9,-8.19513128148389e-9,1.0305644319866986e-8,-4.865172726779657e-9,5.454275156824457e-9,-8.231779460371638e-9,9.985517458925663e-9,-4.689042839109706e-9,6.188468857975278e-9,-8.118092086733917e-9,9.126884799562803e-8,4.5903064771091906e-7,3.34040869601898e-6,1.7582612189306399e-6,1.593490909016987e-9,5.024032530397395e-9,9.182659469068761e-8,2.7741889398778998e-8,4.340758339691627e-7,0.20406761836791698,5.372610324915021e-6,2.191339447957748e-6,1.6270366809780092e-9,5.324454500552342e-9,9.269565848790173e-8,2.905962590421231e-8,1.6435438970828128e-9,5.415522271497565e-9,9.32824416254356e-8,2.9307221916644742e-8,1.5934181802430286e-9,5.138783532037678e-9,9.150078210278276e-8,2.8556935714462915e-8,0.7936509735016352,3.553528208411536e-14,0.16599068971613296,3.788707889242665e-12,1.2213046796950284e-11,5.6412125265344e-12
group_TAC_TotEmiss,20,,,,22.441443251888373,3,3,LOCALLY_SOLVED,Solve_Succeeded,0.088547584,0.9881760056068298,1.0795378498363936e7,34.62509596556758,10.317813556612045,503.5799884643429,1.5922526291542861e-16,1.5922526291542861e-16,9.59924351175656e-9,0.0,0.9999999836245784,0.3380844810168135,4.48755481718858e-7,0.029188901743886466,-4.455674314628251e-9,-3.887682113504576e-9,6.3189632749881445e-9,3.1302409449889227e-11,-4.4096426210553495e-9,-3.727460025114013e-9,5.7890904753010045e-9,4.3689615765023305e-11,2.4363935897167433e-8,0.13401548269907318,4.456649106054334e-8,1.183932638116875e-8,-1.8268969102683162e-10,2.1522014435153657e-9,1.5943755737798343e-8,4.755568248467389e-9,3.086297153389249e-10,4.8659733125085145e-9,1.9060691213767103e-8,6.804958924251653e-9,-4.659646581311824e-9,-3.860551870823938e-9,4.132899588938873e-9,-5.2690336266619564e-11,-2.526839170623293e-9,-1.9128027415253736e-9,3.926948381770458e-8,0.02918855531212658,-2.442609947693167e-9,-2.018284174234272e-9,1.5237879417569884e-8,3.3463215312371443e-10,0.9999999609754722,-7.765172657692004e-9,-5.980501026591176e-9,-9.59924351175656e-9,8.264052637288702e-9,-3.037459992319621e-9,7.004695599585712e-10,-7.210515529130455e-9,1.0065413992754129e-8,-6.450157583455804e-9,-3.6095202651673147e-9,-9.102794214790905e-9,-2.894147420549133e-9,2.7313414006864917e-10,9.244339104332263e-9,6.012192844854549e-10,-4.950749238475832e-10,-5.919879581927421e-9,1.9658996855518672e-8,4.650643689697828e-10,-4.89960291228372e-10,-5.675905038241791e-9,1.8010503700936455e-8,6.491028627946319e-10,2.7071039885741583e-9,0.2040690304735887,1.3865130552169035e-7,1.7589856337736425e-7,-2.0298854558536843e-11,3.2772158344438523e-9,4.960279562870596e-8,7.065415683437264e-8,3.4292190593213865e-11,7.409550271319784e-9,5.929992822060876e-8,1.0110224687459598e-7,-5.177385090346469e-10,-5.878567621481904e-9,1.2857909832254268e-8,-7.82827853104062e-10,0.7936507856746815,-9.660507051691342e-16,0.1659910089183135,2.2897586599807213e-14,1.7481675778690734e-13,-7.928171206069658e-14
group_TAC_TotEmiss,21,,,,21.833969841420302,3,3,LOCALLY_SOLVED,Solve_Succeeded,0.103804667,0.9881759368058957,1.07953785124859e7,34.625089298673636,10.317813461472555,503.57998769407,7.961263145771431e-16,7.961263145771431e-16,9.888083168299038e-9,0.0,0.9999999974275006,0.33808448854604106,2.1468806176751702e-7,0.029188925705047223,-8.419736985981285e-9,-5.991949654625338e-9,-1.2614036771533045e-9,-4.926156700643819e-10,-6.616734021326953e-9,-4.96151239094901e-9,1.9632621293689177e-9,-1.9901078429119984e-10,6.114246640974117e-9,0.13401549120111028,3.059786161962835e-8,1.1454213724186461e-8,-5.758159215687141e-9,-1.978690581913319e-9,7.803407436268296e-9,5.609515251623457e-9,-5.673944937694282e-9,6.090567321766073e-9,1.2065123583137932e-8,8.441130782867336e-9,-7.154533593298157e-9,-5.473245632483197e-9,-5.6981415504624346e-11,-3.883639746002893e-10,-7.703440222284673e-9,-7.790251085227775e-9,3.6969342428464586e-9,0.029188564695297806,2.10834363750367e-10,4.431930249795132e-9,1.1374044226348845e-8,-4.920009720424125e-10,1.0000000027097145,-9.39864869461879e-9,-8.782778767183327e-9,-9.888083168299038e-9,1.6324599462231273e-8,1.4800383500062422e-9,-1.8046038539857166e-9,-7.225815246269368e-9,1.9952492585247314e-8,-8.22537806061496e-9,-7.266157929302113e-9,-9.702753790465784e-9,-3.5012983545858097e-9,4.494327409193743e-9,7.346515181838928e-9,1.0097603657589714e-9,-9.35526331775698e-10,-9.124105155906765e-9,-3.924366995588058e-9,-7.3188613838136724e-9,-7.351926690363278e-10,-7.555030231672355e-9,6.1079266247033e-9,-2.956731652326397e-9,6.793607378860127e-10,0.20406904341987245,9.519334726106596e-8,1.7017688961648453e-7,-6.397954684096821e-10,-3.013006113368008e-9,2.427726757950136e-8,8.334136945269135e-8,-6.304383264104755e-10,9.274272967234703e-9,3.753594003642912e-8,1.2541108591688614e-7,-7.949481770331282e-10,-8.334260394917595e-9,-1.772755149032757e-10,-5.769979051204297e-9,0.7936507841953849,-1.411173807177035e-15,0.1659910114555041,-5.0218423332177415e-15,8.628190617088276e-14,-1.5438977246058882e-13
group_TAC_TotEmiss,22,,,,21.22649643095223,3,2,ALMOST_LOCALLY_SOLVED,Solved_To_Acceptable_Level,0.05335875,0.992425851710605,1.0802273117673257e7,34.64838967945229,10.70482525554921,503.58339823058037,7.123235446216543e-17,5.126570965080088e-17,8.235305682296668e-9,0.0,0.9999318022705407,0.25356106802509976,0.43501506268576723,0.02942778443419211,3.0407889012055438e-5,1.1296780109310995e-5,3.5322292762838174e-5,4.320894173341894e-6,1.52057575798872e-8,3.491260347596695e-9,3.009627859265469e-8,1.9055099754513527e-9,0.00013654048757632352,0.10048872144551674,0.10575274312636769,1.2942544751641119e-5,1.5185442867026857e-8,3.4859793495561115e-9,3.00689552551046e-8,1.905124704696002e-9,1.5302502037440598e-8,3.5305603518035668e-9,3.0211410175711224e-8,1.916980500436281e-9,1.5171800710414855e-8,3.480867230774526e-9,3.005262713424369e-8,1.903766480129285e-9,2.1092987100183453e-5,1.9697316536205428e-5,9.24625887827523e-5,0.029152831003666176,1.034158377328554e-8,-4.858906725447612e-9,5.716663761185368e-9,-8.235305682296668e-9,0.9997251020633409,7.217876820741652e-6,1.559063556866464e-5,1.1164947455925943e-6,1.032759249573573e-8,-4.831348464266032e-9,5.821146853232673e-9,-8.21961887562107e-9,1.0408181661506212e-8,-4.847268736941078e-9,5.743271612549968e-9,-8.23199158861601e-9,1.0318195448515486e-8,-4.8077005403598705e-9,5.914682318320737e-9,-8.20645171724554e-9,3.378654334672825e-6,1.7201915166450834e-5,0.00010989157748438542,6.41961420039367e-5,1.6895286199874658e-9,5.316237347476785e-9,9.363286673270346e-8,2.8310433920991522e-8,1.5171165286258161e-5,0.1530169167465823,0.32900853417092163,0.00019228923631009657,1.6872714296696504e-9,5.308195827733169e-9,9.354786079365873e-8,2.83047098983406e-8,1.7002780041600659e-9,5.376080535700886e-9,9.399105387999047e-8,2.8480853149339027e-8,1.6857556344905387e-9,5.300411465043027e-9,9.349706219542481e-8,2.8284530561920807e-8,0.7936573567006372,1.2801860642699775e-12,0.1659801835155154,1.3185483017068606e-10,4.242201853834292e-10,2.038066898943248e-10
group_TAC_TotEmiss,23,,,,20.61902302048416,3,3,LOCALLY_SOLVED,Solve_Succeeded,0.09024425,0.9881840109718953,1.07953792581778e7,34.625751617809435,10.31790727401063,503.5800862663253,1.1278456123176193e-16,5.126570965080088e-17,8.231779459801762e-9,0.0,0.9999979941029592,0.3380836264180335,1.457454473592541e-5,0.029191944251453755,8.214196829252521e-7,3.014529849750649e-7,1.0737030712437818e-6,1.1834447704680435e-7,1.4341418248939835e-8,3.299364669050473e-9,2.951569132557291e-8,1.8672425307638696e-9,3.906682565104044e-6,0.134014555345872,1.7269112723713053e-6,1.474939474511385e-7,1.4643330174582199e-8,3.4966566946963975e-9,2.979503323999172e-8,1.9559363255930623e-9,1.4791895114659745e-8,3.556462392866298e-9,2.998364210016321e-8,1.972601440772092e-9,1.4340763684284723e-8,3.374723528310876e-9,2.9410965849757912e-8,1.922101411795808e-9,5.892126760214013e-7,4.769610701250472e-7,2.27561654964418e-6,0.029187623011394787,9.985982793944896e-9,-4.645701837192206e-9,6.532915031923064e-9,-8.105384160993726e-9,0.9999920463909553,1.996367163013438e-7,2.7341096362306384e-7,1.6069018965239948e-8,1.0200344113904832e-8,-4.806952127483331e-9,5.694006133111109e-9,-8.195131282445903e-9,1.0305644345493012e-8,-4.865172720231822e-9,5.454275201306e-9,-8.231779459801762e-9,9.985517499816003e-9,-4.6890428417664885e-9,6.188468866135947e-9,-8.118092092471732e-9,9.126885365836131e-8,4.5903068166657606e-7,3.3404095549806545e-6,1.758260801838236e-6,1.59349091654887e-9,5.0240325642359476e-9,9.182659523511573e-8,2.7741889028491772e-8,4.340758405671158e-7,0.2040676183675778,5.3726128473773936e-6,2.191338647845486e-6,1.627036686064688e-9,5.3244545123786035e-9,9.269565896886313e-8,2.905962540881121e-8,1.64354390162886e-9,5.415522280046408e-9,9.328244208939664e-8,2.930722140575679e-8,1.5934181871427462e-9,5.138783554473379e-9,9.150078264369126e-8,2.8556935260966283e-8,0.7936509735016445,3.553528479261488e-14,0.16599068971609945,3.788708159432756e-12,1.2213047669494003e-11,5.641212941752517e-12
group_TAC_TotEmiss,24,,,,20.01154961001609,3,3,LOCALLY_SOLVED,Solve_Succeeded,0.086577083,0.9881760056068353,1.0795378498363933e7,34.625095965568235,10.31781355661202,503.5799884643428,1.5922526291542861e-16,1.5922526291542861e-16,9.599243483664657e-9,0.0,0.9999999836245772,0.3380844810168142,4.4875549978782374e-7,0.02918890174388249,-4.455673922101485e-9,-3.887681883028662e-9,6.318964085545722e-9,3.130246053871428e-11,-4.40964249536034e-9,-3.727459978060554e-9,5.789090653677303e-9,4.368962502810771e-11,2.4363937832925804e-8,0.13401548269907287,4.4566492154043676e-8,1.1839326380299452e-8,-1.8268934220860044e-10,2.152201578887637e-9,1.5943756212736228e-8,4.755568135085755e-9,3.086300917162613e-10,4.865973278667918e-9,1.9060691639543987e-8,6.804958753882162e-9,-4.6596463512977825e-9,-3.860551728106234e-9,4.132899973909344e-9,-5.269030421577674e-11,-2.526838680157982e-9,-1.9128021660172505e-9,3.92694871892138e-8,0.029188555312125657,-2.442609947831685e-9,-2.0182843984689813e-9,1.5237879519063095e-8,3.346321633459767e-10,0.9999999609754667,-7.76517249717932e-9,-5.980500772686946e-9,-9.599243483664657e-9,8.26405251103126e-9,-3.0374601168293953e-9,7.00469722794964e-10,-7.210515517211432e-9,1.0065413810354656e-8,-6.450157490303061e-9,-3.60952001269267e-9,-9.102794165437541e-9,-2.894147215758497e-9,2.731339277143233e-10,9.244339184366972e-9,6.012191785829957e-10,-4.95074880233498e-10,-5.919879230975462e-9,1.9658999377253358e-8,4.65065128003755e-10,-4.899602772622599e-10,-5.675904966592208e-9,1.801050425588494e-8,6.491030004176002e-10,2.7071042036584217e-9,0.2040690304735882,1.386513089236914e-7,1.7589856336444898e-7,-2.0298815800955596e-11,3.277216040578901e-9,4.960279710629048e-8,7.06541551498455e-8,3.4292232412917907e-11,7.409550219789783e-9,5.929992954524795e-8,1.0110224434339209e-7,-5.177384834775312e-10,-5.878567404161764e-9,1.285791102994018e-8,-7.828273769201114e-10,0.7936507856746816,-9.660506597857551e-16,0.16599100891831328,2.2897589218401816e-14,1.7481676608515444e-13,-7.928170707339715e-14
group_TAC_TotEmiss,25,,,,19.404076199548015,3,3,LOCALLY_SOLVED,Solve_Succeeded,0.089566125,0.9881759368058953,1.07953785124859e7,34.6250892986736,10.317813461472536,503.57998769406987,4.776757887462858e-16,4.776757887462858e-16,9.888083168228837e-9,0.0,0.9999999974275006,0.33808448854604095,2.146880617049939e-7,0.029188925705046206,-8.419736984998807e-9,-5.991949654630797e-9,-1.261403677460772e-9,-4.926156702625854e-10,-6.616734018702321e-9,-4.961512391892426e-9,1.9632621246137997e-9,-1.9901078589274044e-10,6.114246741574136e-9,0.13401549120111025,3.0597861609890416e-8,1.145421371239066e-8,-5.758159214103391e-9,-1.9786905821328464e-9,7.803407434663197e-9,5.609515209963768e-9,-5.673944936263416e-9,6.090567325599548e-9,1.2065123584853677e-8,8.441130772607184e-9,-7.154533591626728e-9,-5.473245632924527e-9,-5.6981417378944916e-11,-3.883639751767834e-10,-7.703440220176412e-9,-7.790251084533684e-9,3.696934247524641e-9,0.029188564695297802,2.1083438833857876e-10,4.431930247838086e-9,1.1374044224501714e-8,-4.920009714409028e-10,1.0000000027097145,-9.398648694591533e-9,-8.782778767093502e-9,-9.888083168228837e-9,1.6324599527649212e-8,1.480038353552419e-9,-1.8046038511313175e-9,-7.225815212960435e-9,1.995249265954377e-8,-8.225378060154585e-9,-7.2661579285609065e-9,-9.702753789962e-9,-3.501298345597538e-9,4.494327408535896e-9,7.346515180896567e-9,1.0097603659569693e-9,-9.355263316665338e-10,-9.124105155915077e-9,-3.924366996544624e-9,-7.3188613867584106e-9,-7.351926687447021e-10,-7.55503023310892e-9,6.107926609909598e-9,-2.956731676120715e-9,6.793607490637926e-10,0.2040690434198724,9.519334723077018e-8,1.7017688944123264e-7,-6.3979546823371e-10,-3.0130061137022883e-9,2.4277267574507722e-8,8.334136883374741e-8,-6.304383262514904e-10,9.27427297307204e-9,3.753594004176699e-8,1.254110857644496e-7,-7.949481768474139e-10,-8.334260395589621e-9,-1.772755207344953e-10,-5.769979059769352e-9,0.7936507841953849,-1.4111738095619666e-15,0.16599101145550407,-5.021842382703985e-15,8.62819060155536e-14,-1.5438977249649873e-13
group_TAC_TotEmiss,26,,,,18.796602789079945,3,3,LOCALLY_SOLVED,Solve_Succeeded,0.101687834,0.9881759811546368,1.0795378504158422e7,34.6250935573957,10.317813542289088,503.57998819215857,1.1278456123176193e-16,5.126570965080088e-17,9.698936854511243e-9,0.0,0.9999999882908489,0.33808448128121055,3.8010466855546273e-7,0.029188910216180627,-5.856973088379057e-9,-4.695567005264318e-9,3.435374147685933e-9,-1.5942051228913105e-10,-4.913091452513676e-9,-3.936574928162828e-9,5.01748877874627e-9,-5.135596078435454e-12,1.7684267493493555e-8,0.13401548480970332,4.0289603440512575e-8,1.1703374482582093e-8,-1.5657745720170549e-9,1.5330654071993594e-9,1.4023811240476032e-8,5.025810186934088e-9,-1.1815961736468477e-9,5.119518457195478e-9,1.7412281015241826e-8,7.356229674074639e-9,-5.490224428876878e-9,-4.3865136562001045e-9,2.72513576514677e-9,-1.7205501043490448e-10,-4.29524544388186e-9,-3.9685904132422235e-9,2.7076408635636752e-8,0.029188558622971452,-2.3297692233283123e-9,-8.712686348267886e-10,1.474988498532529e-8,2.2591827207155887e-10,0.9999999792813945,-8.342378838058604e-9,-6.915457643209003e-9,-9.698936854511243e-9,9.26381176987849e-9,-2.36470674090336e-9,8.822155505783154e-11,-7.165629993983277e-9,1.1414849708335478e-8,-6.8381701045550274e-9,-4.597915318949318e-9,-9.282856869794335e-9,-3.573756616855989e-9,1.2289819665834086e-9,8.877227191718119e-9,9.265491933861175e-10,-6.507747875976728e-10,-7.1500679398343015e-9,1.068783068168957e-8,-2.3685333254385183e-9,-5.458990502792971e-10,-5.994330004247943e-9,1.560996508943284e-8,-7.630028459389816e-11,1.964918610388172e-9,0.20406903368750276,1.253454329260391e-7,1.738787065983625e-7,-1.7397495244633935e-10,2.334440506417206e-9,4.362963497036987e-8,7.466917992016358e-8,-1.3128846373853859e-10,7.795630378002204e-9,5.41715409363079e-8,1.0929255515768032e-7,-6.100249365418751e-10,-6.679463976486522e-9,8.478200158234394e-9,-2.5562458693185803e-9,0.7936507851519563,-1.1236722698579147e-15,0.1659910099271015,1.2732324049066596e-14,1.428664748356759e-13,-9.996896355192273e-14
group_TAC_TotEmiss,27,,,,18.189129378611874,3,3,LOCALLY_SOLVED,Solve_Succeeded,0.082594041,0.9881759368058793,1.0795378512485938e7,34.62508929867037,10.317813461471701,503.57998769407,3.1845052583085723e-16,3.1845052583085723e-16,9.88808316817405e-9,0.0,0.9999999974275021,0.3380844885460559,2.1468797054695386e-7,0.02918892570501665,-8.419736900848925e-9,-5.9919496512016755e-9,-1.2614033896911678e-9,-4.92615670415131e-10,-6.616736016588238e-9,-4.961520686670672e-9,1.9632580701602493e-9,-1.9901108758177487e-10,6.114241915099192e-9,0.13401549120112075,3.0597862521349894e-8,1.1454213703201013e-8,-5.758159072473639e-9,-1.9787140112694753e-9,7.803406400475006e-9,5.609515004774596e-9,-5.67394473471429e-9,6.09056689623962e-9,1.2065123317483849e-8,8.44113058266258e-9,-7.1545426345087435e-9,-5.473247142585316e-9,-5.69873953288686e-11,-3.88364680490822e-10,-7.703440071303621e-9,-7.790251084022136e-9,3.696934570716485e-9,0.029188564695297705,2.108132486229098e-10,4.431980718808926e-9,1.1373998398154516e-8,-4.920079608900165e-10,1.0000000027097133,-9.398648694573812e-9,-8.782778773326994e-9,-9.88808316817405e-9,1.6324599597113312e-8,1.4800643046674705e-9,-1.8046055702096536e-9,-7.2258156366379085e-9,1.995249619679404e-8,-8.225378073203134e-9,-7.266157979830131e-9,-9.702753789795017e-9,-3.5012604075998415e-9,4.494324334518297e-9,7.346512967603965e-9,1.0097607000566119e-9,-9.35526322316547e-10,-9.12410515069346e-9,-3.924366101261411e-9,-7.3188613890248036e-9,-7.351928907320262e-10,-7.555042863793978e-9,6.107913996054109e-9,-2.9567361583577976e-9,6.793602127887988e-10,0.2040690434198884,9.519335006642187e-8,1.7017688930470075e-7,-6.397954524970707e-10,-3.0130417898876102e-9,2.4277264357033355e-8,8.334136578522256e-8,-6.304383038571431e-10,9.274272319273968e-9,3.7535939209949745e-8,1.2541108294241546e-7,-7.949491816120824e-10,-8.334262694391275e-9,-1.772941188009245e-10,-5.7699895387207824e-9,0.7936507841953849,-1.4111736010463774e-15,0.16599101145550768,-5.0218386218809306e-15,8.62819089400161e-14,-1.5438973389944242e-13
group_TAC_TotEmiss,28,,,,17.581655968143803,3,3,LOCALLY_SOLVED,Solve_Succeeded,0.080214125,0.9881759811546342,1.0795378504158419e7,34.62509355739566,10.317813542289063,503.57998819215845,3.1845052583085723e-16,3.1845052583085723e-16,9.69893685409301e-9,0.0,0.9999999882908489,0.338084481281211,3.80104668640533e-7,0.029188910216179243,-5.856973090069773e-9,-4.695567005311613e-9,3.4353741448709123e-9,-1.5942051365007652e-10,-4.91309145322643e-9,-3.936574927147061e-9,5.017488778608559e-9,-5.135597973370167e-12,1.7684267426201545e-8,0.13401548480970343,4.028960341713399e-8,1.1703374455184462e-8,-1.5657745706460048e-9,1.5330654137315904e-9,1.4023811251649926e-8,5.025810147957859e-9,-1.1815961710344367e-9,5.119518475222248e-9,1.741228103935756e-8,7.356229656386487e-9,-5.490224429834374e-9,-4.386513655946741e-9,2.725135764429523e-9,-1.7205501154191442e-10,-4.2952454455216e-9,-3.968590408881409e-9,2.707640866161375e-8,0.029188558622971452,-2.32976922210152e-9,-8.712686261763847e-10,1.47498849918052e-8,2.2591826961931786e-10,0.9999999792813944,-8.34237883788269e-9,-6.915457642759675e-9,-9.69893685409301e-9,9.263811795063964e-9,-2.3647067298921012e-9,8.822156685882695e-11,-7.165629966902135e-9,1.141484974609737e-8,-6.838170101573956e-9,-4.597915314069054e-9,-9.2828568674165e-9,-3.5737566168035017e-9,1.2289819703097675e-9,8.877227193320955e-9,9.265491930206022e-10,-6.507747877855301e-10,-7.150067939906319e-9,1.0687830672931727e-8,-2.3685333456582796e-9,-5.458990503584919e-10,-5.994330002701207e-9,1.5609965089004407e-8,-7.63003127472139e-11,1.964918602911282e-9,0.20406903368750295,1.2534543285330572e-7,1.73878706191312e-7,-1.7397495229400047e-10,2.3344405163640125e-9,4.36296350051331e-8,7.466917934108818e-8,-1.312884634482707e-10,7.795630405452059e-9,5.417154101133462e-8,1.0929255489488494e-7,-6.100249366482634e-10,-6.6794639761007185e-9,8.47820015600296e-9,-2.5562458857655853e-9,0.7936507851519563,-1.1236722708172395e-15,0.16599100992710153,1.2732323893302779e-14,1.4286647441771148e-13,-9.996896372823828e-14
group_TAC_TotEmiss,29,,,,16.974182557675732,3,3,LOCALLY_SOLVED,Solve_Succeeded,0.083362709,0.9881759811546362,1.0795378504158422e7,34.62509355739565,10.317813542289048,503.57998819215845,2.2556912246352386e-16,1.1110563168628036e-17,9.698936853829746e-9,0.0,0.9999999882908488,0.3380844812812114,3.801046687442117e-7,0.029188910216178393,-5.8569730926076685e-9,-4.6955670053410056e-9,3.4353741432426036e-9,-1.594205145091389e-10,-4.9130914557681505e-9,-3.936574926142118e-9,5.017488779857941e-9,-5.135599069188472e-12,1.768426718329181e-8,0.13401548480970357,4.0289603404018226e-8,1.1703374437936087e-8,-1.5657745739861688e-9,1.5330654185559468e-9,1.4023811261567673e-8,5.025810124008962e-9,-1.1815961738605494e-9,5.119518488228752e-9,1.7412281058860952e-8,7.3562296460606006e-9,-5.490224432141517e-9,-4.386513655555055e-9,2.725135764736876e-9,-1.7205501218182116e-10,-4.2952454482120965e-9,-3.968590406102669e-9,2.7076408679470433e-8,0.02918855862297145,-2.329769224933711e-9,-8.712686195790944e-10,1.4749884997116823e-8,2.259182677150869e-10,0.9999999792813948,-8.342378837766196e-9,-6.915457642497879e-9,-9.698936853829746e-9,9.26381179815233e-9,-2.3647067220201757e-9,8.822157534009277e-11,-7.165629949739203e-9,1.1414849754940564e-8,-6.838170099532641e-9,-4.5979153107075705e-9,-9.282856865914782e-9,-3.5737566194500346e-9,1.2289819733268411e-9,8.877227194987865e-9,9.265491926930788e-10,-6.507747880675184e-10,-7.150067939951075e-9,1.0687830667865878e-8,-2.3685333584214916e-9,-5.458990506409054e-10,-5.994330001170951e-9,1.560996509289137e-8,-7.6300329027943e-11,1.9649185759213115e-9,0.20406903368750315,1.2534543281250115e-7,1.7387870593505042e-7,-1.739749526651298e-10,2.3344405237101916e-9,4.362963503598831e-8,7.466917898527599e-8,-1.3128846376228322e-10,7.795630425257418e-9,5.4171541072011856e-8,1.0929255474147177e-7,-6.100249369046127e-10,-6.679463975504288e-9,8.478200156959168e-9,-2.5562458952727712e-9,0.7936507851519563,-1.123672268137158e-15,0.16599100992710158,1.2732323790244884e-14,1.4286647410969947e-13,-9.996896384921397e-14
group_TAC_TotEmiss,30,,,,16.36670914720766,3,3,LOCALLY_SOLVED,Solve_Succeeded,0.079600208,0.9881759811546363,1.0795378504158422e7,34.62509355739566,10.317813542289032,503.57998819215845,1.5922526291542861e-16,1.5922526291542861e-16,9.698936853506798e-9,0.0,0.999999988290849,0.3380844812812119,3.8010466873140195e-7,0.029188910216177293,-5.856973090798255e-9,-4.695567005377873e-9,3.4353741409534797e-9,-1.594205155576666e-10,-4.91309145237025e-9,-3.936574926090302e-9,5.017488777320355e-9,-5.135600724340461e-12,1.7684267398948667e-8,0.13401548480970377,4.028960338462375e-8,1.170337441678251e-8,-1.5657745655245684e-9,1.533065422150278e-9,1.402381126531632e-8,5.0258100927047365e-9,-1.1815961641736045e-9,5.119518498920939e-9,1.741228107022307e-8,7.35622963075276e-9,-5.490224429768968e-9,-4.386513655774405e-9,2.7251357629298846e-9,-1.7205501313788652e-10,-4.295245444999164e-9,-3.968590402768449e-9,2.7076408698278114e-8,0.02918855862297145,-2.329769216706558e-9,-8.712686152967954e-10,1.474988499980788e-8,2.25918266547015e-10,0.9999999792813945,-8.342378837636075e-9,-6.915457642133467e-9,-9.698936853506798e-9,9.263811843753522e-9,-2.364706715379035e-9,8.822158234216185e-11,-7.165629929084927e-9,1.1414849813810029e-8,-6.838170097578277e-9,-4.597915307561591e-9,-9.282856864091529e-9,-3.573756614253791e-9,1.2289819749081607e-9,8.87722719504955e-9,9.265491925627845e-10,-6.507747878664724e-10,-7.1500679400072145e-9,1.0687830660744159e-8,-2.3685333739996182e-9,-5.458990502633608e-10,-5.99433000109205e-9,1.5609965084996657e-8,-7.630035361877256e-11,1.9649185998831846e-9,0.20406903368750345,1.253454327521628e-7,1.738787056207687e-7,-1.73974951724952e-10,2.3344405291833777e-9,4.362963504765077e-8,7.466917852018464e-8,-1.31288462685956e-10,7.795630441538701e-9,5.417154110736065e-8,1.09292554514041e-7,-6.100249366409963e-10,-6.679463975838299e-9,8.478200151337419e-9,-2.5562459094771705e-9,0.7936507851519563,-1.1236722691394632e-15,0.1659910099271016,1.2732323674456646e-14,1.4286647379604436e-13,-9.996896396362013e-14
group_TAC_TotEmiss,31,,,,15.759235736739589,3,3,LOCALLY_SOLVED,Solve_Succeeded,0.070529791,0.9881759811546361,1.0795378504158422e7,34.62509355739564,10.317813542289008,503.57998819215857,1.5922526291542861e-16,1.5922526291542861e-16,9.698936853115518e-9,0.0,0.999999988290849,0.33808448128121205,3.8010466879164267e-7,0.02918891021617598,-5.85697309126419e-9,-4.695567005422112e-9,3.4353741383387956e-9,-1.5942051683091501e-10,-4.9130914517746086e-9,-3.9365749253893495e-9,5.0174887764469434e-9,-5.135602561731226e-12,1.7684267382039034e-8,0.13401548480970382,4.028960336292427e-8,1.1703374391150475e-8,-1.5657745620617432e-9,1.5330654277601968e-9,1.4023811274411073e-8,5.025810055817267e-9,-1.1815961595488396e-9,5.119518514718755e-9,1.74122810907843e-8,7.356229613632495e-9,-5.4902244297064665e-9,-4.386513655661882e-9,2.725135761921925e-9,-1.720550142037573e-10,-4.295245444618772e-9,-3.9685903986884455e-9,2.7076408722750865e-8,0.02918855862297144,-2.329769213057424e-9,-8.712686080513744e-10,1.4749885005124102e-8,2.2591826450218245e-10,0.9999999792813945,-8.342378837471478e-9,-6.915457641715498e-9,-9.698936853115518e-9,9.263811876418627e-9,-2.364706705703796e-9,8.822159266326323e-11,-7.165629903844863e-9,1.1414849859192661e-8,-6.838170094913551e-9,-4.5979153032222295e-9,-9.282856861872313e-9,-3.5737566125198774e-9,1.2289819779693204e-9,8.877227196196505e-9,9.265491922580303e-10,-6.50774787918243e-10,-7.15006794007458e-9,1.0687830652609585e-8,-2.3685333929164514e-9,-5.458990501971786e-10,-5.994330000024691e-9,1.560996508227938e-8,-7.630038091714962e-11,1.9649185980043364e-9,0.20406903368750348,1.2534543268465328e-7,1.7387870523994988e-7,-1.7397495134019363e-10,2.334440537725754e-9,4.3629635075945563e-8,7.466917797214225e-8,-1.3128846217209324e-10,7.795630465594467e-9,5.417154117132894e-8,1.0929255425968277e-7,-6.100249366340517e-10,-6.679463975666957e-9,8.478200148201544e-9,-2.5562459253129655e-9,0.7936507851519563,-1.12367227514474e-15,0.16599100992710158,1.2732323529046901e-14,1.4286647338300876e-13,-9.996896411932854e-14
group_TAC_TotEmiss,32,,,,15.151762326271518,3,3,LOCALLY_SOLVED,Solve_Succeeded,0.069844167,0.9881759811546358,1.0795378504158422e7,34.625093557395616,10.317813542288981,503.5799881921586,1.5922526291542861e-16,1.5922526291542861e-16,9.698936852625897e-9,0.0,0.999999988290849,0.33808448128121293,3.8010466886654246e-7,0.02918891021617434,-5.856973091819174e-9,-4.695567005477463e-9,3.4353741350673857e-9,-1.5942051842417802e-10,-4.9130914509975816e-9,-3.9365749245191985e-9,5.017488775333296e-9,-5.135604862621936e-12,1.7684267362057094e-8,0.13401548480970407,4.028960333577513e-8,1.1703374359076181e-8,-1.565774557673693e-9,1.5330654347675318e-9,1.402381128575752e-8,5.02581000964803e-9,-1.1815961537067896e-9,5.119518534460362e-9,1.7412281116462938e-8,7.356229592194908e-9,-5.490224429604148e-9,-4.3865136555242086e-9,2.725135760652135e-9,-1.7205501553828046e-10,-4.2952454440947165e-9,-3.968590393582897e-9,2.7076408753377366e-8,0.029188558622971438,-2.3297692084303875e-9,-8.712685990033527e-10,1.4749885011773375e-8,2.2591826194759632e-10,0.9999999792813945,-8.34237883726551e-9,-6.9154576411925346e-9,-9.698936852625897e-9,9.26381191752224e-9,-2.364706693612578e-9,8.822160556030748e-11,-7.16562987226348e-9,1.1414849916234143e-8,-6.838170091582221e-9,-4.5979152977979165e-9,-9.282856859095462e-9,-3.573756610307809e-9,1.2289819817891771e-9,8.87722719762285e-9,9.265491918776179e-10,-6.507747879799081e-10,-7.150067940158864e-9,1.0687830642431864e-8,-2.3685334165877876e-9,-5.45899050110842e-10,-5.9943299986996885e-9,1.5609965078814696e-8,-7.630041510181161e-11,1.964918595784121e-9,0.20406903368750393,1.2534543260018928e-7,1.7387870476341754e-7,-1.7397495085263246e-10,2.3344405483960143e-9,4.3629635111245615e-8,7.46691772861993e-8,-1.3128846152297657e-10,7.79563049565555e-9,5.417154125121803e-8,1.0929255394118146e-7,-6.10024936622683e-10,-6.679463975457318e-9,8.478200144251085e-9,-2.5562459451401668e-9,0.7936507851519563,-1.1236722757066862e-15,0.16599100992710164,1.273232335032265e-14,1.4286647286425021e-13,-9.996896431513107e-14
group_TAC_TotEmiss,33,,,,14.544288915803445,3,3,LOCALLY_SOLVED,Solve_Succeeded,0.068734084,0.9881759368058947,1.0795378512485912e7,34.62508929867299,10.317813461472394,503.57998769407016,3.1845052583085723e-16,3.1845052583085723e-16,9.888083167840689e-9,0.0,0.9999999974274995,0.3380844885460434,2.1468805639793808e-7,0.029188925705039764,-8.419736974288903e-9,-5.991949654644278e-9,-1.2614036779983022e-9,-4.926156713561367e-10,-6.616734152855955e-9,-4.96151341557057e-9,1.963261770317226e-9,-1.990108143812154e-10,6.114248486623779e-9,0.13401549120111278,3.0597861552681903e-8,1.145421364717553e-8,-5.7581592238469715e-9,-1.9786956078306476e-9,7.803407193943113e-9,5.609514967969596e-9,-5.673944968216335e-9,6.090567303740451e-9,1.2065123502342784e-8,8.441130698210034e-9,-7.15453307413037e-9,-5.47324546839782e-9,-5.6980760025228885e-11,-3.8836392093241373e-10,-7.703440198516893e-9,-7.790251080748916e-9,3.6969342713172005e-9,0.0291885646952978,2.108326142443604e-10,4.431935415036267e-9,1.1374039782900801e-8,-4.920017094520362e-10,1.0000000027097138,-9.39864869444816e-9,-8.782778766584165e-9,-9.888083167840689e-9,1.6324599510837924e-8,1.4800439592683867e-9,-1.804604145223941e-9,-7.225815119230208e-9,1.9952493542714656e-8,-8.225378058801312e-9,-7.266157927880943e-9,-9.702753787192755e-9,-3.5012997039021172e-9,4.494327580771884e-9,7.346514904889688e-9,1.0097602310604931e-9,-9.355263304765445e-10,-9.124105155935604e-9,-3.92436699821694e-9,-7.318861403005459e-9,-7.351926836506613e-10,-7.55503179189155e-9,6.107925507653593e-9,-2.956732099378057e-9,6.793609429581973e-10,0.20406904341987628,9.519334705278814e-8,1.701768884723221e-7,-6.397954693163299e-10,-3.013013766469395e-9,2.4277266825600792e-8,8.334136523840541e-8,-6.304383298018147e-10,9.274272939786594e-9,3.753593978506643e-8,1.2541108465912049e-7,-7.949481193478187e-10,-8.334260145060315e-9,-1.772734756340454e-10,-5.7699782538530026e-9,0.7936507841953849,-1.41117378994128e-15,0.16599101145550516,-5.021842039656849e-15,8.628190550059775e-14,-1.543897771724232e-13
group_TAC_TotEmiss,34,,,,13.936815505335375,3,3,LOCALLY_SOLVED,Solve_Succeeded,0.07446225,0.988175936805896,1.0795378512485905e7,34.62508929867348,10.317813461472419,503.5799876940699,3.3966233473856653e-23,5.126570965080088e-17,9.888083167726206e-9,0.0,0.9999999974275007,0.3380844885460434,2.1468806180691133e-7,0.02918892570503939,-8.419736985728602e-9,-5.99194965466992e-9,-1.2614036798249639e-9,-4.926156716817004e-10,-6.616734019124054e-9,-4.961512391302232e-9,1.9632621177003713e-9,-1.9901079446439308e-10,6.1142466759881796e-9,0.13401549120111111,3.0597861534595057e-8,1.1454213627933967e-8,-5.758159215814906e-9,-1.9786905798571852e-9,7.803407454354436e-9,5.60951492288995e-9,-5.673944938091501e-9,6.090567384965985e-9,1.2065123654256425e-8,8.441130712655329e-9,-7.1545335919663595e-9,-5.473245632676055e-9,-5.6981419879900754e-11,-3.8836397823140233e-10,-7.70344021984477e-9,-7.790251079564592e-9,3.696934279016983e-9,0.0291885646952978,2.1083442152771228e-10,4.4319302857487605e-9,1.137404423065894e-8,-4.920009803553366e-10,1.0000000027097145,-9.398648694396383e-9,-8.782778766412004e-9,-9.888083167726206e-9,1.6324599707735305e-8,1.480038407604358e-9,-1.804603805249778e-9,-7.225814972826601e-9,1.9952492890374876e-8,-8.225378055844527e-9,-7.266157920295156e-9,-9.702753786337312e-9,-3.501298332368616e-9,4.494327419756494e-9,7.346515182030973e-9,1.0097603636094516e-9,-9.35526331747622e-10,-9.124105155974649e-9,-3.924367003899887e-9,-7.318861407842405e-9,-7.351926687915612e-10,-7.555030232210218e-9,6.107926588401153e-9,-2.956731803470982e-9,6.793607417764642e-10,0.20406904341987372,9.519334699651795e-8,1.7017688818644748e-7,-6.397954684238783e-10,-3.013006110237077e-9,2.427726763576936e-8,8.334136456865067e-8,-6.304383264546109e-10,9.27427306347093e-9,3.7535940257686646e-8,1.254110848737363e-7,-7.949481768851508e-10,-8.334260395211264e-9,-1.7727552851524678e-10,-5.769979105152262e-9,0.7936507841953849,-1.4111738091488655e-15,0.16599101145550432,-5.0218428393588634e-15,8.62819047614664e-14,-1.5438977301239768e-13
group_TAC_TotEmiss,35,,,,13.329342094867304,3,3,LOCALLY_SOLVED,Solve_Succeeded,0.06607775,0.9881759368058967,1.0795378512485906e7,34.62508929867344,10.317813461472381,503.5799876940699,1.5922526291542861e-16,1.5922526291542861e-16,9.888083167557704e-9,0.0,0.9999999974275007,0.3380844885460444,2.1468806186008335e-7,0.029188925705037123,-8.419736986241555e-9,-5.991949654683034e-9,-1.261403680623127e-9,-4.926156721574442e-10,-6.616734019929368e-9,-4.961512390850506e-9,1.9632621163205017e-9,-1.9901079723791227e-10,6.114246626845545e-9,0.13401549120111148,3.059786150916194e-8,1.145421359962072e-8,-5.7581592168396565e-9,-1.9786905789610475e-9,7.803407462033971e-9,5.6095148270385336e-9,-5.673944939121534e-9,6.090567405970889e-9,1.2065123679497495e-8,8.441130693023861e-9,-7.1545335925054744e-9,-5.4732456324749795e-9,-5.698142034097594e-11,-3.883639792183548e-10,-7.703440220243741e-9,-7.790251077898771e-9,3.6969342895054095e-9,0.029188564695297802,2.1083442771759582e-10,4.431930300251539e-9,1.1374044233394056e-8,-4.920009838006472e-10,1.0000000027097145,-9.39864869433096e-9,-8.782778766182223e-9,-9.888083167557704e-9,1.6324599758145237e-8,1.4800384267146847e-9,-1.804603788989365e-9,-7.225814892267306e-9,1.9952492957353166e-8,-8.225378054364597e-9,-7.2661579174219435e-9,-9.702753785121564e-9,-3.5012983297004784e-9,4.494327424068534e-9,7.346515182683789e-9,1.0097603626923587e-9,-9.355263318046169e-10,-9.12410515599462e-9,-3.924367006383062e-9,-7.318861414910599e-9,-7.351926688810406e-10,-7.555030231522361e-9,6.1079265841082265e-9,-2.9567318446775532e-9,6.793607363161713e-10,0.20406904341987425,9.51933469173927e-8,1.701768877657935e-7,-6.397954685377394e-10,-3.0130061088725036e-9,2.4277267659661244e-8,8.334136314457248e-8,-6.304383265690592e-10,9.27427309545567e-9,3.7535940336214416e-8,1.2541108458206878e-7,-7.949481769450524e-10,-8.334260394905081e-9,-1.772755299497029e-10,-5.769979119815556e-9,0.7936507841953849,-1.4111738162532163e-15,0.16599101145550443,-5.021843003273688e-15,8.628190429430937e-14,-1.5438977319544232e-13
group_TAC_TotEmiss,36,,,,12.721868684399233,3,3,LOCALLY_SOLVED,Solve_Succeeded,0.066192791,0.9881759811546347,1.0795378504158424e7,34.625093557395424,10.317813542288732,503.5799881921584,3.1845052583085723e-16,3.1845052583085723e-16,9.698936848193e-9,0.0,0.9999999882908496,0.3380844812812182,3.801046696456751e-7,0.02918891021615963,-5.856973102639413e-9,-4.695567005978576e-9,3.4353741053540543e-9,-1.5942053284915074e-10,-4.913091450531339e-9,-3.936574915340006e-9,5.017488769139757e-9,-5.1356253580860105e-12,1.7684266937178713e-8,0.13401548480970582,4.0289603089112645e-8,1.1703374068684198e-8,-1.565774529319286e-9,1.5330655008152913e-9,1.4023811395569058e-8,5.025809593842271e-9,-1.1815961122012508e-9,5.1195187187470205e-9,1.7412281359383918e-8,7.356229401077692e-9,-5.490224433669919e-9,-4.386513653628549e-9,2.7251357509151573e-9,-1.7205502746317033e-10,-4.2952454492603155e-9,-3.9685903473583995e-9,2.7076409029820382e-8,0.02918855862297141,-2.329769179527475e-9,-8.71268512698936e-10,1.4749885075753901e-8,2.2591823753612945e-10,0.9999999792813944,-8.342378835400736e-9,-6.915457636445759e-9,-9.698936848193e-9,9.26381224237852e-9,-2.3647065808846786e-9,8.822172606793141e-11,-7.16562958583663e-9,1.1414850380414678e-8,-6.838170060775861e-9,-4.597915247511428e-9,-9.282856833926709e-9,-3.5737565990458215e-9,1.228982018584788e-9,8.877227212372422e-9,9.265491882386658e-10,-6.507747891821568e-10,-7.1500679409219216e-9,1.0687830549990389e-8,-2.3685336309016675e-9,-5.458990500590374e-10,-5.994329984722281e-9,1.5609965059545908e-8,-7.630071960584929e-11,1.964918548575412e-9,0.20406903368750656,1.2534543183279487e-7,1.7387870044902237e-7,-1.739749477021428e-10,2.3344406489687385e-9,4.362963545288151e-8,7.466917110851373e-8,-1.3128845691125e-10,7.795630776273872e-9,5.417154200697218e-8,1.0929255110172569e-7,-6.100249370744353e-10,-6.679463972570745e-9,8.478200113958265e-9,-2.5562461223099588e-9,0.7936507851519562,-1.123672276272561e-15,0.16599100992710195,1.273232169548389e-14,1.4286646821532046e-13,-9.99689661198512e-14
group_TAC_TotEmiss,37,,,,12.11439527393116,3,3,LOCALLY_SOLVED,Solve_Succeeded,0.056868541,0.9881759368058958,1.0795378512485908e7,34.62508929867327,10.317813461472227,503.5799876940701,1.5922526291542861e-16,1.5922526291542861e-16,9.888083166878849e-9,0.0,0.9999999974275009,0.3380844885460478,2.1468806210148398e-7,0.029188925705027992,-8.419736988692716e-9,-5.991949654735875e-9,-1.2614036838468906e-9,-4.926156740741071e-10,-6.616734024125545e-9,-4.961512388666917e-9,1.963262112104896e-9,-1.9901080826834933e-10,6.114246389931817e-9,0.13401549120111264,3.059786140641752e-8,1.1454213485553117e-8,-5.758159221614612e-9,-1.9786905751609066e-9,7.803407494515827e-9,5.6095144414302444e-9,-5.6739449438693044e-9,6.090567492176127e-9,1.2065123784015213e-8,8.441130614602517e-9,-7.154533595287074e-9,-5.473245631496058e-9,-5.698142165777004e-11,-3.883639831414057e-10,-7.703440222582394e-9,-7.790251071187509e-9,3.6969343316614684e-9,0.0291885646952978,2.1083444557786417e-10,4.4319303612537465e-9,1.137404424536934e-8,-4.920009983359709e-10,1.0000000027097145,-9.398648694067392e-9,-8.78277876525456e-9,-9.888083166878849e-9,1.6324599946953963e-8,1.480038505126746e-9,-1.8046037222191053e-9,-7.22581456763085e-9,1.995249321227746e-8,-8.225378048352066e-9,-7.266157905699756e-9,-9.702753780222716e-9,-3.501298321483571e-9,4.494327442230001e-9,7.3465151857038024e-9,1.0097603588111034e-9,-9.355263320769682e-10,-9.124105156075082e-9,-3.9243670164125484e-9,-7.318861443386733e-9,-7.351926693472825e-10,-7.55503022819735e-9,6.107926570993009e-9,-2.9567320085583326e-9,6.793607099924237e-10,0.20406904341987608,9.519334659774336e-8,1.7017688607107486e-7,-6.3979546906829e-10,-3.0130061030859256e-9,2.4277267760715908e-8,8.334135741553503e-8,-6.304383270965891e-10,9.274273226722738e-9,3.7535940661380656e-8,1.2541108341695167e-7,-7.949481772541191e-10,-8.334260393414452e-9,-1.7727553404639566e-10,-5.7699791781008835e-9,0.7936507841953849,-1.4111738123972076e-15,0.16599101145550474,-5.021843627098284e-15,8.628190259387817e-14,-1.543897739340334e-13
group_TAC_TotEmiss,38,,,,11.50692186346309,3,3,LOCALLY_SOLVED,Solve_Succeeded,0.045056875,0.9881759811546356,1.0795378504158434e7,34.62509355739504,10.317813542288224,503.5799881921587,5.126570965080088e-17,1.0253141930160176e-16,9.698936839182718e-9,0.0,0.9999999882908505,0.3380844812812293,3.801046711614707e-7,0.02918891021612966,-5.856973120736758e-9,-4.695567006997179e-9,3.435374045022855e-9,-1.59420562169257e-10,-4.913091445168823e-9,-3.936574897556144e-9,5.017488753943337e-9,-5.135667242932478e-12,1.7684266237296684e-8,0.13401548480970943,4.0289602588328655e-8,1.1703373478435303e-8,-1.5657744640429988e-9,1.5330656333121544e-9,1.4023811614010228e-8,5.0258087472005115e-9,-1.181596020185709e-9,5.119519089595368e-9,1.7412281846132013e-8,7.356229010615723e-9,-5.490224438578892e-9,-4.386513650211736e-9,2.7251357299416153e-9,-1.7205505180748063e-10,-4.295245453096551e-9,-3.9685902534032244e-9,2.707640959228499e-8,0.029188558622971348,-2.3297691120463926e-9,-8.712683402317168e-10,1.4749885203243085e-8,2.2591818878281307e-10,0.9999999792813944,-8.342378831610404e-9,-6.915457626805587e-9,-9.698936839182718e-9,9.263812934464976e-9,-2.364706353944048e-9,8.822196849635707e-11,-7.165629003981574e-9,1.1414851359031987e-8,-6.838169998592847e-9,-4.597915146090097e-9,-9.282856782787616e-9,-3.5737565702632003e-9,1.2289820918887884e-9,8.877227241118424e-9,9.265491809730342e-10,-6.50774791192973e-10,-7.150067942472977e-9,1.0687830362293326e-8,-2.3685340665146753e-9,-5.458990494632023e-10,-5.994329957642308e-9,1.5609965012268158e-8,-7.630134189499679e-11,1.964918470810742e-9,0.20406903368751209,1.2534543027480024e-7,1.7387869167961017e-7,-1.7397494044922202e-10,2.3344408507253256e-9,4.362963613247626e-8,7.466915852983616e-8,-1.3128844668730097e-10,7.795631340974763e-9,5.417154352129959e-8,1.0929254530057645e-7,-6.100249376198766e-10,-6.679463967367871e-9,8.478200048707247e-9,-2.556246483996854e-9,0.7936507851519562,-1.1236722884677897e-15,0.16599100992710264,1.2732318343268474e-14,1.4286645879199716e-13,-9.99689697690387e-14
group_TAC_TotEmiss,39,,,,10.899448452995019,3,3,LOCALLY_SOLVED,Solve_Succeeded,0.04973475,0.9881759368058949,1.0795378512485925e7,34.62508929867237,10.317813461471417,503.5799876940699,1.5922526291542861e-16,1.5922526291542861e-16,9.888083163363951e-9,0.0,0.999999997427502,0.3380844885460649,2.1468806325015338e-7,0.029188925704980648,-8.419736999949814e-9,-5.991949655009449e-9,-1.2614037005076688e-9,-4.926156839979843e-10,-6.616734042302935e-9,-4.961512378716597e-9,1.963262085269833e-9,-1.9901086591536993e-10,6.114245308436559e-9,0.1340154912011186,3.0597860875497114e-8,1.1454212894947056e-8,-5.758159243927151e-9,-1.978690556189882e-9,7.803407656949823e-9,5.609512442801223e-9,-5.673944966221681e-9,6.0905679326223855e-9,1.206512431463877e-8,8.441130206065247e-9,-7.15453360741592e-9,-5.473245627057123e-9,-5.6981430491797046e-11,-3.883640036519489e-10,-7.703440231963997e-9,-7.790251036438573e-9,3.6969345503129396e-9,0.029188564695297774,2.1083456444666288e-10,4.431930667499633e-9,1.1374044303818103e-8,-4.920010711524424e-10,1.0000000027097145,-9.398648692702706e-9,-8.782778760458694e-9,-9.888083163363951e-9,1.6324600977801636e-8,1.4800389058167318e-9,-1.8046033812065495e-9,-7.225812887068831e-9,1.9952494587814923e-8,-8.225378017408465e-9,-7.2661578455532054e-9,-9.702753754861287e-9,-3.501298269496026e-9,4.494327533320994e-9,7.346515199888006e-9,1.009760339410543e-9,-9.355263333277567e-10,-9.124105156491661e-9,-3.92436706824608e-9,-7.318861590827195e-9,-7.351926713669925e-10,-7.555030213045725e-9,6.107926487506146e-9,-2.956732865028353e-9,6.793605898262841e-10,0.20406904341988513,9.519334494599101e-8,1.7017687729635624e-7,-6.397954715474609e-10,-3.0130060741982292e-9,2.4277268266066114e-8,8.334132772161815e-8,-6.304383295801865e-10,9.274273897402268e-9,3.75359423122095e-8,1.254110773472551e-7,-7.949481786017686e-10,-8.334260386655164e-9,-1.7727556153003526e-10,-5.7699794828289545e-9,0.7936507841953849,-1.4111738250131272e-15,0.16599101145550627,-5.021846862834727e-15,8.628189360207477e-14,-1.5438977771844463e-13
group_TAC_TotEmiss,40,,,,10.291975042526946,3,2,LOCALLY_SOLVED,Solve_Succeeded,0.063671084,0.9905576072429627,1.0790103200725148e7,35.09457304327056,10.291835223775557,503.58235249218745,1.5922526291542861e-16,1.5922526291542861e-16,8.234182279004741e-9,0.0,0.9999773369014532,0.3391563910080677,0.0009736808433217895,0.027547289368203554,2.505820055070322e-5,1.1356917260754906e-5,2.4974909901538367e-5,8.502397478288018e-7,1.5216216358212002e-8,3.498062812629509e-9,3.0103177590996435e-8,1.895550258110113e-9,7.363889038789662e-5,0.1327222081849428,4.636235134286846e-5,9.484394459561689e-7,1.5197156295935432e-8,3.4932577740540484e-9,3.0077404290258215e-8,1.8952982078131673e-9,1.531463735690467e-8,3.538018178130072e-9,3.0220311947698676e-8,1.9070986376247557e-9,1.5182613124127563e-8,3.487800656592148e-9,3.005998889043382e-8,1.893860861408975e-9,2.1715162777010066e-5,0.004297091761169267,0.0006680705728573244,0.027517757393497523,1.0355143257022306e-8,-4.854483301153438e-9,5.72869617952181e-9,-8.234182279004741e-9,0.9998458491737601,8.69852470223987e-6,1.1816396875175744e-5,9.225671092327802e-7,1.0342009107323573e-8,-4.827432459398258e-9,5.8310216180706725e-9,-8.21881352924101e-9,1.0422931278902776e-8,-4.843480830384437e-9,5.752604729030343e-9,-8.23126301281228e-9,1.033198610909029e-8,-4.803476931817323e-9,5.925855243759851e-9,-8.2054578426727e-9,2.7842445056336903e-6,1.7293487647058603e-5,7.769971969367492e-5,1.2632133396313625e-5,1.6906907064679997e-9,5.326595646504024e-9,9.365433028310003e-8,2.8162460977635957e-8,8.182098931988509e-6,0.2020997260997992,0.0001442384264000352,1.4091100339920222e-5,1.688572921770603e-9,5.319278883218664e-9,9.357414668080333e-8,2.8158716230367054e-8,1.7016263729894072e-9,5.387436771243518e-9,9.40187482817292e-8,2.833403690185351e-8,1.6869570137919509e-9,5.310969181628953e-9,9.35199654369052e-8,2.8137361369504764e-8,0.7936557009892793,1.279326673794034e-12,0.16548037344761699,1.3164072968412526e-10,4.236384268235311e-10,2.0348342958248393e-10
group_TAC_TotEmiss,41,,,,9.684501632058875,3,3,LOCALLY_SOLVED,Solve_Succeeded,0.013900125,1.0925696719765745,1.0803714041520748e7,43.260122213510805,9.68450174707959,503.57999404432553,1.5922526291542861e-16,1.5922526291542861e-16,7.922124878400944e-9,4.733569928675428e-9,0.9999999800393207,0.3555671709130118,1.0701955643536707e-6,3.5605392718119475e-9,3.327848288470861e-8,2.5804718049445682e-8,3.9982367894964704e-8,4.047090694734459e-10,8.871662228048439e-9,3.658312551721825e-9,1.9241177630856683e-8,1.4181601462068288e-10,9.81981400205884e-8,0.09171797096382676,7.061136540074167e-8,6.364377687188801e-10,1.1190787595394277e-8,5.346090578947143e-9,2.156610180173092e-8,1.8952001811159618e-10,1.1701271108917525e-8,5.7220589995098555e-9,2.207716268212057e-8,1.9802662099041778e-10,9.837492294516782e-9,4.370346834379549e-9,2.019300761245047e-8,1.6587357890156664e-10,6.281009367715313e-8,0.07936493604753067,1.6112984165839047e-7,9.659423427253052e-9,1.1920162826879799e-8,-1.0677597720977553e-9,1.4201394935485447e-8,-7.155930278316332e-9,0.9999996684321398,0.04482270200206874,6.73507072965269e-8,-3.3495346451613168e-9,1.5259468334860614e-8,-2.15777334576573e-9,9.961608433817623e-9,-7.79049946615043e-9,1.6021714296376604e-8,-2.4389375055352746e-9,9.070059199993535e-9,-7.922124878400944e-9,1.3287035017919003e-8,-1.4960776220185643e-9,1.2278200402122628e-8,-7.414869296075135e-9,3.697609209412067e-9,3.929354793892864e-8,1.2438958900655684e-7,6.012820460748338e-9,9.857402475609372e-10,5.570612294667324e-9,5.986144151822077e-8,2.106980788650145e-9,1.091090444673204e-8,0.13966145578582712,2.1967980346897405e-7,9.455646849537647e-9,1.2434208439326969e-9,8.14063792703315e-9,6.70945389387184e-8,2.8157259833722855e-9,1.300141234324169e-9,8.71313529470819e-9,6.868450612215288e-8,2.942109797571921e-9,1.0930546993907533e-9,6.654846315987039e-9,6.28226903498459e-8,2.464407457966133e-9,0.7936508012773393,1.7782450636732243e-14,0.16699533155802887,-1.822915459793625e-12,-2.1735300680695823e-12,-2.2035828122215146e-12
group_TAC_ISI,1,,,121.29979212609419,,3,3,LOCALLY_SOLVED,Solve_Succeeded,0.047193,0.8780800837681086,1.0554233967052866e7,59.12849269828938,10.372901113155345,503.57999002239427,4.5113824492704774e-17,1.258008647179876e-22,8.516319391779521e-9,0.0,0.9999999747783086,0.4006675606395211,1.1249320500800275e-6,2.854118087238805e-8,9.090514647869154e-8,1.823675816558533e-7,1.1847666623027061e-7,5.399803532104249e-10,1.2933868932412993e-8,8.146321303754876e-9,2.7721014932813246e-8,2.935577175280114e-10,9.090518035152555e-8,0.15882296725703235,4.423571092406468e-8,1.6292428932136348e-9,1.234875288621738e-8,1.0289281309904418e-8,2.7228181357869358e-8,8.386646891767149e-10,1.2604930305238178e-8,1.0645271619573278e-8,2.7760656776060072e-8,8.694409078802277e-10,1.1429069029046378e-8,9.08415292702449e-9,2.5440966719938894e-8,7.341706177402205e-10,0.28011123957534484,-5.443866315275757e-10,1.0649128037017687e-8,-8.213914155844478e-9,1.639876820337623e-8,-4.433623938881181e-9,3.282690513436096e-9,-8.326315503198624e-9,0.71988841612472,-4.154090226956679e-9,-3.138773381332015e-10,-8.013794430811309e-9,1.5590050271736377e-8,-6.029100888274195e-9,-1.066730576076869e-9,-8.363579092143726e-9,1.594289156228995e-8,-6.2498455825732865e-9,-1.5237695121845754e-9,-8.516319391779521e-9,1.4338813755002986e-8,-5.327844551471845e-9,3.55910420677056e-10,-7.805088959714992e-9,1.0100571830965724e-8,2.776960902486857e-7,3.6859407271639743e-7,8.022565247697741e-9,1.4370965480458874e-9,1.240462562162674e-8,8.62431575687523e-8,4.361428946130455e-9,1.0100575594613947e-8,0.2418440637777538,1.3762221176375678e-7,2.4205894413459715e-8,1.3720836540241526e-9,1.5667769267354453e-8,8.470989755781576e-8,1.2460161096339761e-8,1.4005478116931302e-9,1.6209845420713854e-8,8.636648774774244e-8,1.2917407774220526e-8,1.2698965587829302e-9,1.3832687411605473e-8,7.914967423980988e-8,1.0907677749283273e-8,0.7936507881671097,8.59377119658579e-16,0.14429202214984832,5.5788378038670974e-14,2.2384120601463634e-13,7.715947662195224e-14
group_TAC_ISI,2,,,119.13292865874297,,3,2,ALMOST_LOCALLY_SOLVED,Solved_To_Acceptable_Level,0.049861208,0.8785008706640698,1.05547506051814e7,59.13055106157049,10.375905409311983,503.58360083113143,1.1278456123176193e-16,3.864602564136579e-19,8.238956966913033e-9,0.0,0.9999517246749884,0.4005170587232718,0.0009704497128703654,7.517155817462492e-5,0.00018066272498676523,0.0057467688604144005,0.00015857051219978367,2.49514126698331e-6,1.5233054236707065e-8,3.5007293136331673e-9,3.01198899521761e-8,1.903176231029624e-9,0.00017712808753640746,0.15300782945809857,6.76762260011849e-5,2.033011326342444e-6,1.5201056715313748e-8,3.4910116206542962e-9,3.007827010953727e-8,1.9016099493376045e-9,1.531601529493864e-8,3.5347828049368845e-9,3.0218081048164016e-8,1.9132087406538983e-9,1.5193735906440267e-8,3.4883033504025945e-9,3.006962305965792e-8,1.9008928908382184e-9,0.25934811096779087,1.4408319437180908e-5,2.680561062781429e-5,2.1649517057373533e-6,1.0357436612536011e-8,-4.864218024843117e-9,5.69270742262379e-9,-8.238956966913033e-9,0.7402059592068123,8.079553948204554e-6,1.3000142804112676e-5,1.1151308907250182e-6,1.0335409396446415e-8,-4.832223532141615e-9,5.815838276025722e-9,-8.220546850013212e-9,1.0414519896254793e-8,-4.847330393590582e-9,5.741438061114216e-9,-8.23240432847118e-9,1.0330368894314421e-8,-4.810903978598066e-9,5.899409111133388e-9,-8.208857445628825e-9,2.007363610964057e-5,0.008750761673812836,0.0004933304823993269,3.707067025232346e-5,1.6925615818563397e-9,5.33065600030505e-9,9.370632429565897e-8,2.8275761146725837e-8,1.9680898615156378e-5,0.23298919485665004,0.00021054825867035298,3.0204739705659166e-5,1.689006301701527e-9,5.315858604178131e-9,9.357684034078259e-8,2.8252490675872978e-8,1.7017794772154036e-9,5.3825101802448014e-9,9.401180770539915e-8,2.842481557542934e-8,1.6881928784933622e-9,5.3117346472039505e-9,9.354993840782462e-8,2.8241837235310673e-8,0.79365703179736,1.2815127240900315e-12,0.14430548703461182,1.3182912374253537e-10,4.240794517355478e-10,2.039275944975385e-10
group_TAC_ISI,3,,,116.96606519139173,,3,3,LOCALLY_SOLVED,Solve_Succeeded,0.099927959,0.876463013905546,1.0551384133210719e7,59.155457013463746,10.37342570681284,503.58009102181563,1.1278456123176193e-16,1.0253141930160176e-16,8.245283779815344e-9,0.0,0.9999985761662091,0.4007180781293987,2.154908395129914e-5,1.9316930093017754e-6,3.928839318362759e-6,0.07935942684949839,3.7696279724529006e-6,6.8039296884625e-8,1.529886253713718e-8,3.640273347758842e-9,3.0239915312217695e-8,1.8002332726921445e-9,5.867392212812952e-6,0.07948352061979752,1.111349383769789e-6,4.4334364008789286e-8,1.5188425483980977e-8,3.678896883959376e-9,3.000377338475208e-8,1.8429912456303459e-9,1.526754393339476e-8,3.710458816905132e-9,3.0101277803096897e-8,1.8508147182320345e-9,1.5094632466261514e-8,3.6414541247413002e-9,2.988837988154857e-8,1.833745956650307e-9,8.53628009607857e-6,4.0372295061577053e-7,6.889139286326814e-7,5.046233773790017e-8,1.0559824456604683e-8,-4.831980151405503e-9,5.668884569478538e-9,-8.238526646833937e-9,0.9999790455764431,2.2106989210462137e-7,2.774236304108263e-7,1.602234794890429e-8,1.048264321458799e-8,-4.836827962239306e-9,5.505567070193666e-9,-8.226808318069205e-9,1.053794358142776e-8,-4.866803880097987e-9,5.383567533921588e-9,-8.245283779815344e-9,1.0417041405809852e-8,-4.800151911620152e-9,5.65548459766952e-9,-8.203988442413353e-9,4.3653770204030637e-7,0.12084276361173618,1.1727731469853468e-5,1.0108695537144284e-6,1.6998736152374638e-9,5.5431435068146e-9,9.407973652689949e-8,2.6746322908569e-8,6.519324680903278e-7,0.12103172458014622,3.4575314161726765e-6,6.58681979559155e-7,1.6876028315534413e-9,5.601956618756321e-9,9.334507275256203e-8,2.738158422079371e-8,1.6963937703771952e-9,5.650016834832814e-9,9.3648419831857e-8,2.7497818670875936e-8,1.6771813851401677e-9,5.544941508128797e-9,9.298607074259553e-8,2.7244225641661704e-8,0.7936509643947258,3.688416943545055e-14,0.14430078578325345,3.767087439468681e-12,1.209308960332017e-11,5.76071396051694e-12
group_TAC_ISI,4,,,114.79920172404051,,3,2,ALMOST_LOCALLY_SOLVED,Solved_To_Acceptable_Level,0.055427208,0.8785333052647558,1.0554806035000596e7,59.1314809204124,10.375918666490325,503.58360056713894,1.5922526291542861e-16,1.5922526291542861e-16,8.238957258769205e-9,0.0,0.9999516773473461,0.4005194323693939,0.0009679469027584785,7.515025523498306e-5,0.0001800623545679976,0.008481248536853348,0.0001579241347258456,2.493698199287179e-6,1.523306300903724e-8,3.5007274809402782e-9,3.011989134693657e-8,1.9031761252772387e-9,0.0001777720138641071,0.15027428047862718,6.772466363723934e-5,2.0332771693830823e-6,1.52010657394263e-8,3.49100989692273e-9,3.007827183903213e-8,1.9016098717774147e-9,1.531602441464471e-8,3.534781073780219e-9,3.0218082811152935e-8,1.913208664077023e-9,1.519374482494585e-8,3.488301589338851e-9,3.006962466644926e-8,1.9008928032149062e-9,0.24969831737232223,1.4437338408369536e-5,2.6759778169546317e-5,2.162303364146739e-6,1.0357441824618528e-8,-4.864218881863124e-9,5.692705423524621e-9,-8.238957258769205e-9,0.7498556570791232,8.076286497843765e-6,1.3001362244202025e-5,1.1151437190577372e-6,1.0335414785283474e-8,-4.832224488841642e-9,5.81583586220581e-9,-8.220547204905895e-9,1.0414525338454755e-8,-4.8473313609939914e-9,5.741435604906116e-9,-8.23240468784431e-9,1.0330374211226493e-8,-4.810904894854443e-9,5.899406873528984e-9,-8.208857775772793e-9,2.0006928285333053e-5,0.01291462845384487,0.0004913195302581863,3.7049230389409506e-5,1.6925625565596928e-9,5.330653209613604e-9,9.370632863491377e-8,2.8275759575547546e-8,1.975244598490078e-5,0.22882674527427319,0.00021069895353807795,3.0208689373691503e-5,1.6890073043806996e-9,5.315855979405065e-9,9.357684572143329e-8,2.8252489523550156e-8,1.7017804905160782e-9,5.382507544165334e-9,9.401181319025356e-8,2.842481443771577e-8,1.6881938694384269e-9,5.311731965584159e-9,9.354994340673101e-8,2.8241835933478605e-8,0.7936570326026283,1.2815128402817398e-12,0.14430577647870724,1.318291415334874e-10,4.2407950377162864e-10,2.0392762259789522e-10
group_TAC_ISI,5,,,112.63233825668928,,3,3,LOCALLY_SOLVED,Solve_Succeeded,0.0723885,0.8764630139074435,1.0551384133213446e7,59.15545701344186,10.373425706820846,503.58009102182467,3.1845052583085723e-16,3.1845052583085723e-16,8.24528377785867e-9,0.0,0.999998576166036,0.4007180781289545,2.1549086730816485e-5,1.931693199811941e-6,3.928840482249736e-6,0.07935942684353767,3.7696285150439852e-6,6.80393037687762e-8,1.5298862522257893e-8,3.6402733228905994e-9,3.023991525973874e-8,1.8002332788650036e-9,5.867392299495956e-6,0.07948352062553118,1.1113494761567131e-6,4.433436827969609e-8,1.518842548857662e-8,3.678896859356338e-9,3.000377336558411e-8,1.8429912489849371e-9,1.5267543939685475e-8,3.710458792787634e-9,3.0101277785711817e-8,1.8508147217528055e-9,1.5094632467176965e-8,3.6414540988942524e-9,2.988837985818414e-8,1.8337459596408913e-9,8.536298646068739e-6,4.0372306133728127e-7,6.88914071818665e-7,5.0462348747239546e-8,1.0559824437681591e-8,-4.8319801449362014e-9,5.668884609855276e-9,-8.238526641307856e-9,0.9999790455563307,2.210699101342024e-7,2.774236565773489e-7,1.602235029517241e-8,1.0482643209335995e-8,-4.83682795890688e-9,5.505567109459817e-9,-8.226808315797836e-9,1.0537943577312411e-8,-4.866803877207674e-9,5.3835675708546426e-9,-8.24528377785867e-9,1.0417041398039383e-8,-4.800151906996018e-9,5.655484642856723e-9,-8.203988439287825e-9,4.3653783136108166e-7,0.12084276360265962,1.172773315791462e-5,1.0108696559932464e-6,1.6998736135842096e-9,5.543143468947048e-9,9.407973636363164e-8,2.6746323000280047e-8,6.519324777217726e-7,0.12103172458887702,3.4575317035986624e-6,6.586820430126276e-7,1.6876028320640684e-9,5.601956581292605e-9,9.334507269292835e-8,2.738158427063335e-8,1.696393771076163e-9,5.650016798108443e-9,9.36484197777701e-8,2.7497818723184535e-8,1.6771813852418842e-9,5.544941468770793e-9,9.298607066990618e-8,2.7244225686093237e-8,0.79365096439474,3.688417271820695e-14,0.14430078578330646,3.767087781288037e-12,1.2093090700421136e-11,5.760714478558657e-12
group_TAC_ISI,6,,,110.46547478933806,,3,3,LOCALLY_SOLVED,Solve_Succeeded,0.049745458,0.8780799787311139,1.0554233868120689e7,59.12849435350071,10.372899942939668,503.5799885055116,4.5113824492704774e-17,5.126570965080088e-17,9.232947876175593e-9,0.0,0.9999999952336432,0.40066763704717867,6.688569405517574e-7,1.1525924816777542e-9,2.5503634088932428e-8,1.2942282494751724e-7,4.681520862003086e-8,-6.609953900721707e-11,7.606780245386217e-9,1.2408832118399357e-8,2.2057581718275145e-8,-3.1955286532436196e-11,2.5503639101460212e-8,0.15882304033645503,2.7321043872052223e-8,1.1108468911479519e-9,7.025574610821549e-9,1.4277438228736394e-8,2.4334374438531894e-8,8.456530809089823e-10,7.181629438097559e-9,1.4693972473977373e-8,2.4971619782452116e-8,9.184504975609054e-10,6.210469264188458e-9,1.2373058840245363e-8,2.154537942434208e-8,5.447214314632234e-10,0.28011161856287736,-5.863680886541839e-9,-1.1489390774500855e-9,-9.232947876175593e-9,2.3093266497269395e-8,-5.057407648600359e-9,4.519700802791623e-10,-8.49227778736318e-9,0.7198882047860976,-7.549158001126912e-9,-5.228897126625996e-9,-9.022505795266329e-9,2.1038679070461962e-8,-7.527311337681705e-9,-4.355557371045876e-9,-8.57934950319383e-9,2.1577773131845962e-8,-7.737438391647245e-9,-4.7916596592090835e-9,-8.823912811170492e-9,1.836191971467454e-8,-6.715474151170111e-9,-2.8113863675593282e-9,-7.367770228738018e-9,2.8337371209924908e-9,1.9707566526099215e-7,1.4564731570676266e-7,-9.820502938215105e-10,8.451978050429127e-10,1.8895267089380836e-8,6.862358756796712e-8,-4.747642570533377e-10,2.8337376779400223e-9,0.24184417505778377,8.499880315749579e-8,1.650401095419814e-8,7.80619401202394e-10,2.1740644575575866e-8,7.570694269765478e-8,1.2563988630647737e-8,7.97958826455284e-10,2.2374912630829182e-8,7.76894837676288e-8,1.3645550249476307e-8,6.900521404653839e-10,1.8840794143100893e-8,6.703006932017534e-8,8.093004124596462e-9,0.793650785544216,3.4553461046399963e-16,0.14429201427867847,3.32556369634426e-15,5.499807241260324e-14,-2.6025391181377562e-15
group_TAC_ISI,7,,,108.29861132198683,,3,2,ALMOST_LOCALLY_SOLVED,Solved_To_Acceptable_Level,0.073772709,0.8785627698957661,1.0554855464128997e7,59.1331218611022,10.375943414347882,503.58359993259836,9.022764898540955e-17,3.864602564136579e-19,8.238957652810714e-9,0.0,0.9999516329071907,0.4005232948075257,0.0009650284606975583,7.512653422456946e-5,0.00017918529499102686,0.013301734851423991,0.00015714699096100305,2.491943543527802e-6,1.5233071240757003e-8,3.500725765514802e-9,3.0119894345562305e-8,1.9031760936508508e-9,0.00017868300590401142,0.1454553178282307,6.780563285654638e-5,2.0337508787129966e-6,1.520107456436841e-8,3.4910084196720675e-9,3.007827558512261e-8,1.9016099028136792e-9,1.531603338210775e-8,3.5347796095175616e-9,3.0218086665542805e-8,1.9132087019446634e-9,1.5193753382631438e-8,3.4883000131856697e-9,3.006962809268159e-8,1.9008928078628564e-9,0.23268661197895124,1.4461520628373427e-5,2.670134581932013e-5,2.1588732461724986e-6,1.0357446870787693e-8,-4.864219901364091e-9,5.692702836474619e-9,-8.238957652810714e-9,0.7668672803295424,8.070753263334217e-6,1.3003403398153561e-5,1.1151649784347227e-6,1.033542024274149e-8,-4.8322257337425234e-9,5.8158323259698714e-9,-8.220547741600977e-9,1.0414530883289585e-8,-4.847332637176475e-9,5.741431944318534e-9,-8.232405240021345e-9,1.0330379485347294e-8,-4.81090603681366e-9,5.899403776210557e-9,-8.208858249722788e-9,1.99094772212252e-5,0.020254914432850168,0.0004889017496564538,3.702316121812733e-5,1.692563471195222e-9,5.330650597488447e-9,9.37063379639716e-8,2.827575910566978e-8,1.985366732266793e-5,0.22148877942026038,0.00021095085777592205,3.0215727340878804e-5,1.6890082849298227e-9,5.315853729955193e-9,9.357685737593701e-8,2.8252489984660373e-8,1.7017814869008604e-9,5.38250531449265e-9,9.401182518168871e-8,2.8424815000320713e-8,1.6881948202923816e-9,5.311729565532724e-9,9.354995406612047e-8,2.8241836002533862e-8,0.7936570336530178,1.2815129968380714e-12,0.1443062845690117,1.3182916832021287e-10,4.240795833896533e-10,2.0392766262101344e-10
group_TAC_ISI,8,,,106.1317478546356,,3,3,LOCALLY_SOLVED,Solve_Succeeded,0.093196209,0.8764630139086621,1.0551384133207109e7,59.15545701407025,10.373425706938834,503.5800910218385,1.3534147347811433e-16,5.126570965080088e-17,8.245283785556773e-9,0.0,0.999998576162468,0.4007180781350431,2.154909176718697e-5,1.931693463114277e-6,3.928853013196351e-6,0.07935942687551491,3.769629610916186e-6,6.803931415763083e-8,1.5298863343642123e-8,3.640273179836281e-9,3.0239914831603683e-8,1.8002332603058262e-9,5.867422916276726e-6,0.0794835205958715,1.1113495334307066e-6,4.4334373101299114e-8,1.5188426328883736e-8,3.6788967207036987e-9,3.00037730010375e-8,1.8429912267300342e-9,1.5267544787002192e-8,3.710458654107584e-9,3.0101277421436854e-8,1.8508146995377127e-9,1.509463329500743e-8,3.641453958600376e-9,2.988837948811969e-8,1.833745936922088e-9,8.53617064305448e-6,4.037232864876089e-7,6.889143421924546e-7,5.046236917210008e-8,1.0559824923780368e-8,-4.831980170312773e-9,5.668884571877495e-9,-8.238526642762453e-9,0.9999790456328177,2.2106992865204542e-7,2.7742368830485826e-7,1.6022353359958406e-8,1.0482643709817263e-8,-4.836827989939948e-9,5.505567064413551e-9,-8.226808323044145e-9,1.0537944081856487e-8,-4.866803908895229e-9,5.383567522486027e-9,-8.245283785556773e-9,1.0417041890781277e-8,-4.80015193547433e-9,5.655484609063258e-9,-8.20398844488054e-9,4.365392236884832e-7,0.12084276365135223,1.17277365672948e-5,1.0108698103419435e-6,1.699873704849124e-9,5.543143251114338e-9,9.40797350316559e-8,2.67463227245437e-8,6.519358795863026e-7,0.12103172454371343,3.45753188178442e-6,6.586821146478724e-7,1.6876029254315254e-9,5.601956370162449e-9,9.334507155878333e-8,2.7381583939989075e-8,1.6963938652224654e-9,5.650016586936548e-9,9.364841864447022e-8,2.7497818393131728e-8,1.6771814772230471e-9,5.544941255141481e-9,9.298606951859461e-8,2.7244225348556732e-8,0.7936509643947574,3.6884177241167264e-14,0.14430078578360656,3.7670882558370295e-12,1.2093092217393303e-11,5.760715197951264e-12
group_TAC_ISI,9,,,103.96488438728439,,3,3,LOCALLY_SOLVED,Solve_Succeeded,0.117763,0.8780799787311253,1.0554233868120702e7,59.128494353500386,10.372899942939762,503.5799885055118,3.1845052583085723e-16,3.1845052583085723e-16,9.23294778336964e-9,0.0,0.9999999952336415,0.4006676370471705,6.688569880872249e-7,1.1525942567126531e-9,2.5503639214413207e-8,1.2942283045857382e-7,4.681521511730605e-8,-6.609948024245185e-11,7.60678119702941e-9,1.2408831374118392e-8,2.205758268212745e-8,-3.195524655156448e-11,2.550364422694337e-8,0.15882304033644784,2.7321045726205707e-8,1.1108469325825755e-9,7.02557555676726e-9,1.4277437724890879e-8,2.433437487186863e-8,8.456530528597884e-10,7.1816304067518815e-9,1.4693971980958238e-8,2.497162021776314e-8,9.18450459730561e-10,6.2104701487356354e-9,1.2373058384340217e-8,2.1545379983788584e-8,5.447214518607827e-10,0.28011161856284117,-5.863680392294766e-9,-1.1489379966538916e-9,-9.23294778336964e-9,2.3093265095162083e-8,-5.057407461107282e-9,4.519705806827956e-10,-8.492277746161818e-9,0.719888204786121,-7.549157702256113e-9,-5.228896640274468e-9,-9.022505692149257e-9,2.10386780236666e-8,-7.527311126454394e-9,-4.355556939823064e-9,-8.579349457705533e-9,2.1577772068309587e-8,-7.737438190769241e-9,-4.791659241703983e-9,-8.82391275532937e-9,1.836191891935913e-8,-6.715473919379473e-9,-2.8113859155805776e-9,-7.367770293801105e-9,2.833737690490355e-9,1.9707567365282827e-7,1.4564733592050766e-7,-9.820494207449988e-10,8.451979107810454e-10,1.8895265956043914e-8,6.862359056661872e-8,-4.74763663051815e-10,2.833738247438151e-9,0.2418441750577728,8.49988089259733e-8,1.6504011569798263e-8,7.80619506307473e-10,2.174064380835656e-8,7.570694404581351e-8,1.2563988213916854e-8,7.979589340835421e-10,2.2374911880095497e-8,7.768948512192976e-8,1.3645549687425474e-8,6.900522387484036e-10,1.8840793448881692e-8,6.703007106067558e-8,8.093004427645914e-9,0.7936507855442162,3.4553463971464226e-16,0.1442920142786794,3.3255681521457025e-15,5.499808685671107e-14,-2.6025325029141394e-15
group_TAC_ISI,10,,,101.79802091993315,,3,3,LOCALLY_SOLVED,Solve_Succeeded,0.073836666,0.878079914900973,1.0554233798646722e7,59.128497426199814,10.372899361943212,503.5799877100941,1.1278456123176193e-16,1.258008647179876e-22,9.786504752134669e-9,0.0,1.000000005959941,0.40066770000097973,3.19594398469592e-7,-7.500586640521063e-9,-1.8858678889561516e-9,8.976536717356236e-8,8.372009133275102e-9,-4.780808038777255e-10,-2.9550637251247246e-9,1.972025404560166e-8,1.0692832252471768e-8,-4.0319469423507425e-10,-1.8858676041939925e-9,0.1588230921593999,1.2851351397307421e-8,6.246189236675166e-10,-3.1544989585769244e-9,1.783929243085491e-8,1.9975910771978983e-8,1.4345952076983633e-9,-3.1476331708102723e-9,1.8007540367792436e-8,2.0330136509497866e-8,1.6212633410257968e-9,-3.2949162886042633e-9,1.586757785807596e-8,1.6007083143328188e-8,1.052687116927204e-10,0.2801118552770519,-8.82483538081781e-9,-7.554915944946503e-9,-9.786504752134669e-9,4.3068525958412014e-8,-7.503250966196867e-9,-4.483852176511826e-9,-8.992985371094744e-9,0.7198880301968452,-9.329452283300845e-9,-8.454718463707887e-9,-9.69708358751159e-9,3.3468125930703486e-8,-9.154316899228732e-9,-7.818072401202042e-9,-9.20343025471548e-9,3.3748196900394364e-8,-9.244703525438523e-9,-8.061696842157406e-9,-9.461514087889281e-9,2.8338803563973442e-8,-8.735573219832637e-9,-6.752896667526183e-9,-6.415675179010627e-9,-2.0954087655068342e-10,1.3668817274156083e-7,2.6046250636855867e-8,-7.102914800469064e-9,-3.283404139027471e-10,3.0028568660347976e-8,3.3266589229912165e-8,-5.990321171492531e-9,-2.0954084491044356e-10,0.2418442539699953,3.998198212495642e-8,9.280052580203104e-9,-3.5049988428632484e-10,2.7164377110619977e-8,6.214727795726794e-8,2.131398594294711e-8,-3.49737018978919e-10,2.742057283277485e-8,6.324931358510447e-8,2.4087341066668976e-8,-3.66101809844918e-10,2.416199355661566e-8,4.979981422368769e-8,1.5639922880061318e-9,0.7936507841688318,8.626310689789039e-17,0.14429200793710403,-2.296592920533169e-14,-2.938979373158707e-14,-4.22252932758482e-14
group_TAC_ISI,11,,,99.63115745258193,,3,3,LOCALLY_SOLVED,Solve_Succeeded,0.062698666,0.878079914900973,1.0554233798646722e7,59.1284974261998,10.372899361943212,503.5799877100941,1.1278456123176193e-16,5.126570965080088e-17,9.786504752086302e-9,0.0,1.000000005959941,0.4006677000009798,3.195943984414422e-7,-7.500586640577516e-9,-1.8858678901903518e-9,8.976536717286023e-8,8.372009133296007e-9,-4.780808038724827e-10,-2.955063726205594e-9,1.9720254040291027e-8,1.0692832249622889e-8,-4.0319469425032715e-10,-1.88586760542811e-9,0.15882309215939994,1.2851351397404865e-8,6.246189238328609e-10,-3.1544989594619783e-9,1.7839292430459327e-8,1.9975910771272452e-8,1.434595207689388e-9,-3.147633171691686e-9,1.8007540367513743e-8,2.033013650902774e-8,1.6212633411773409e-9,-3.294916289627721e-9,1.5867577855563897e-8,1.6007083138677348e-8,1.0526871110647751e-10,0.2801118552770519,-8.82483538046186e-9,-7.554915944347841e-9,-9.786504752086302e-9,4.30685259499142e-8,-7.50325096337641e-9,-4.483852171505265e-9,-8.992985369416825e-9,0.7198880301968452,-9.329452283306243e-9,-8.454718463734097e-9,-9.69708358752965e-9,3.346812593051293e-8,-9.154316899121217e-9,-7.818072400945498e-9,-9.203430254436074e-9,3.3748196900423083e-8,-9.244703525385405e-9,-8.061696842041507e-9,-9.461514087827762e-9,2.833880355809786e-8,-8.73557321934859e-9,-6.752896666444444e-9,-6.415675176543971e-9,-2.0954087668781678e-10,1.366881727404917e-7,2.6046250636920903e-8,-7.1029148003911705e-9,-3.283404140228437e-10,3.002856865226133e-8,3.326658922104898e-8,-5.990321171719146e-9,-2.0954084504756774e-10,0.24184425396999537,3.998198212525958e-8,9.280052582659647e-9,-3.5049988438466415e-10,2.7164377110017608e-8,6.214727795506985e-8,2.1313985942813762e-8,-3.497370190768539e-10,2.742057283235047e-8,6.324931358364184e-8,2.4087341068920486e-8,-3.6610180995863555e-10,2.4161993552790476e-8,4.979981420921841e-8,1.5639922792962371e-9,0.7936507841688318,8.626312004428849e-17,0.14429200793710403,-2.2965929196104343e-14,-2.9389793772299024e-14,-4.22252933166475e-14
group_TAC_ISI,12,,,97.4642939852307,,3,3,LOCALLY_SOLVED,Solve_Succeeded,0.068062834,0.878079958621262,1.0554233846948462e7,59.128495038650144,10.372899749972554,503.579988236329,1.5922526291542861e-16,1.5922526291542861e-16,9.418099846451574e-9,0.0,0.9999999988636018,0.40066765461893517,5.677333036243701e-7,-2.188345377448377e-9,1.5418900806296795e-8,1.17743562485241e-7,3.3696569312341783e-8,-1.9008058965063814e-10,5.2395872264133916e-9,1.4097887190394126e-8,1.9669224822167353e-8,-1.2336408974255427e-10,1.5418903469727653e-8,0.15882305556467305,2.333208726847982e-8,1.0196982119777708e-9,4.710174414865129e-9,1.5353489443181484e-8,2.3321389204475483e-8,9.266285619785342e-10,4.814498201954296e-9,1.5737309995028317e-8,2.394508249250461e-8,1.026325749711021e-9,4.051568708724015e-9,1.3345680097632126e-8,2.0211843196660267e-8,4.862288903789053e-10,0.2801116932080804,-6.847173485878931e-9,-3.29990793065156e-9,-9.418099846451574e-9,2.6641250893293298e-8,-5.49886028934792e-9,-6.434008556446668e-10,-8.577026084331106e-9,0.7198881556371223,-8.151639338069565e-9,-6.2397685148932155e-9,-9.237153555598137e-9,2.3656524605883043e-8,-7.988543211395716e-9,-5.299029932115712e-9,-8.690104768829724e-9,2.422127642649582e-8,-8.173715633915131e-9,-5.7024219649517834e-9,-8.958231165762433e-9,2.0328644015806302e-8,-7.233152138620456e-9,-3.806529730182216e-9,-7.185369605973585e-9,1.7132112006996431e-9,1.7929133378434423e-7,1.0483377119395222e-7,-2.824054474809481e-9,5.821763584903765e-10,2.14672373126456e-8,6.119314389118732e-8,-1.8328379047465201e-9,1.7132114966364053e-9,0.24184419824620665,7.258871594638164e-8,1.514980200652688e-8,5.233527127627919e-10,2.3379177106662717e-8,7.255543308059038e-8,1.3767052920823935e-8,5.349442446615883e-10,2.3963631128793117e-8,7.449581219890322e-8,1.5248268281420878e-8,4.501743009693349e-10,2.032183105775801e-8,6.288128994516527e-8,7.223972085629449e-9,0.793650785078763,2.5653483416867236e-16,0.14429201246030832,-5.730877602132053e-15,2.5842469135613533e-14,-1.6262311720762133e-14
group_TAC_ISI,13,,,95.29743051787948,,3,3,LOCALLY_SOLVED,Solve_Succeeded,0.162919875,0.8780799586212631,1.0554233846948463e7,59.12849503865013,10.372899749972557,503.57998823632914,1.1278456123176193e-16,5.126570965080088e-17,9.41809984600475e-9,0.0,0.9999999988636018,0.4006676546189353,5.677333035510716e-7,-2.1883453780110764e-9,1.5418900791910196e-8,1.1774356248173864e-7,3.36965693121087e-8,-1.9008058961834096e-10,5.239587217971499e-9,1.4097887174917872e-8,1.9669224811042713e-8,-1.2336408983074152e-10,1.5418903455340355e-8,0.15882305556467313,2.333208726878759e-8,1.0196982123148999e-9,4.710174410000007e-9,1.5353489441587924e-8,2.3321389202191664e-8,9.266285619013645e-10,4.8144981972539995e-9,1.5737309994231173e-8,2.3945082491469407e-8,1.0263257498610055e-9,4.05156870215633e-9,1.3345680090242394e-8,2.021184318610743e-8,4.862288893041214e-10,0.2801116932080804,-6.8471734826880676e-9,-3.2999079250601983e-9,-9.41809984600475e-9,2.6641250874876717e-8,-5.498860279025814e-9,-6.43400838609153e-10,-8.577026080237005e-9,0.7198881556371225,-8.15163933812068e-9,-6.239768515083829e-9,-9.237153555724881e-9,2.365652460649015e-8,-7.98854321065954e-9,-5.299029930693935e-9,-8.690104767893144e-9,2.422127642839537e-8,-8.173715633535712e-9,-5.702421964251111e-9,-8.958231165427992e-9,2.0328644006199512e-8,-7.233152135927158e-9,-3.806529725583159e-9,-7.185369600792767e-9,1.7132111991011323e-9,1.792913337790111e-7,1.0483377119322705e-7,-2.8240544743296365e-9,5.821763575523886e-10,2.1467237289079483e-8,6.119314385657733e-8,-1.832837906056731e-9,1.7132114950378165e-9,0.2418441982462068,7.258871594733915e-8,1.5149802011535655e-8,5.233527122222228e-10,2.3379177104236153e-8,7.255543307348518e-8,1.3767052919677416e-8,5.349442441393331e-10,2.3963631127579285e-8,7.449581219568258e-8,1.5248268283649223e-8,4.5017430023959207e-10,2.032183104650546e-8,6.288128991233423e-8,7.223972069661231e-9,0.793650785078763,2.565348401940114e-16,0.1442920124603084,-5.7308776339733135e-15,2.584246907592724e-14,-1.6262311812724672e-14
group_TAC_ISI,14,,,93.13056705052824,,3,3,LOCALLY_SOLVED,Solve_Succeeded,0.070888875,0.8780799149009741,1.0554233798646724e7,59.12849742619979,10.372899361943213,503.5799877100941,3.383536836952858e-16,1.5922526291542861e-16,9.78650475190422e-9,0.0,1.000000005959941,0.40066770000097973,3.1959439833546823e-7,-7.500586640790047e-9,-1.8858678948363225e-9,8.976536717022188e-8,8.37200913337559e-9,-4.780808038527433e-10,-2.9550637302747673e-9,1.9720254020298124e-8,1.0692832238897625e-8,-4.0319469430775054e-10,-1.885867610074202e-9,0.15882309215939996,1.2851351397771633e-8,6.246189244553325e-10,-3.154498962793958e-9,1.7839292428970084e-8,1.9975910768612447e-8,1.4345952076555964e-9,-3.147633175009947e-9,1.8007540366464583e-8,2.033013650725775e-8,1.6212633417478693e-9,-3.2949162934807204e-9,1.5867577846106714e-8,1.6007083121168138e-8,1.0526870889942957e-10,0.28011185527705196,-8.8248353791218e-9,-7.554915942093966e-9,-9.78650475190422e-9,4.3068525917921754e-8,-7.50325095275817e-9,-4.4838521526569064e-9,-8.99298536309993e-9,0.7198880301968452,-9.329452283326562e-9,-8.454718463832767e-9,-9.697083587597634e-9,3.34681259297955e-8,-9.154316898716445e-9,-7.818072399979684e-9,-9.20343025338418e-9,3.3748196900531166e-8,-9.244703525185424e-9,-8.061696841605167e-9,-9.461514087596158e-9,2.8338803535978024e-8,-8.735573217526285e-9,-6.752896662371994e-9,-6.415675167257695e-9,-2.0954087720403575e-10,1.366881727364742e-7,2.6046250637168495e-8,-7.1029148000979e-9,-3.28340414474974e-10,3.002856862181759e-8,3.3266589187681505e-8,-5.990321172572293e-9,-2.0954084556380015e-10,0.24184425396999537,3.998198212640063e-8,9.280052591907796e-9,-3.504998847548841e-10,2.7164377107749905e-8,6.214727794679428e-8,2.1313985942311713e-8,-3.497370194455495e-10,2.7420572830752882e-8,6.324931357813521e-8,2.4087341077396913e-8,-3.661018103867466e-10,2.4161993538389768e-8,4.979981415474532e-8,1.5639922465058106e-9,0.7936507841688318,8.626310587549991e-17,0.14429200793710403,-2.296592924636123e-14,-2.938979382006066e-14,-4.222529340226649e-14
group_TAC_ISI,15,,,90.96370358317702,,3,2,ALMOST_LOCALLY_SOLVED,Solved_To_Acceptable_Level,0.055023875,0.8784629417657441,1.0554758687267385e7,59.13243399234466,10.37487030579282,503.58233524974764,3.1845052583085723e-16,3.1845052583085723e-16,8.238940208904574e-9,0.0,0.9999685924878843,0.40057928491322464,0.0006098106129189426,4.834741826181769e-5,0.00011671302355517648,0.011361048607015443,0.0001008243757399871,1.6158007400004773e-6,1.523413172034307e-8,3.5030237317325005e-9,3.012174424388806e-8,1.9014134536899107e-9,0.00011580755554257472,0.14742132647965547,4.119145760983762e-5,1.2954325757846109e-6,1.518727568748337e-8,3.488881705991363e-9,3.0060327726868454e-8,1.89922151527226e-9,1.5283168837724567e-8,3.5254036044595968e-9,3.0176920548768235e-8,1.9088868173324293e-9,1.5166463429507588e-8,3.4810107396521355e-9,3.003520654611685e-8,1.8971399671142903e-9,0.2397049759593669,9.397361294186548e-6,1.723192619431741e-5,1.390952990796979e-6,1.0360672736585366e-8,-4.8636633393329385e-9,5.6924172922773314e-9,-8.238940208904574e-9,0.760005151297453,5.243543341444231e-6,8.217759355930748e-6,7.049070864931866e-7,1.0328407249936085e-8,-4.834295099286159e-9,5.8048327880520686e-9,-8.221282347518668e-9,1.0394426615763433e-8,-4.852346453547202e-9,5.721780002465608e-9,-8.23408141217866e-9,1.0314071684429013e-8,-4.814605286025625e-9,5.883970951337798e-9,-8.210012471463671e-9,1.2968113728352936e-5,0.017299778560682606,0.0003136758356355154,2.4006182422864236e-5,1.692681302260341e-9,5.334149773319943e-9,9.371209320320729e-8,2.8249571311964386e-8,1.2867506171397186e-5,0.22448247441220262,0.00012815120145282812,1.92464268402285e-5,1.6874750763870406e-9,5.312615325032302e-9,9.352101959470183e-8,2.8217005369759285e-8,1.698129870858285e-9,5.368228215881659e-9,9.388375281839005e-8,2.8360604143224657e-8,1.6851626032786205e-9,5.300629989924843e-9,9.34428648101413e-8,2.8186079511412312e-8,0.793654845156562,8.328250225582099e-13,0.14430152398382193,8.557746995290636e-11,2.733304328617918e-10,1.3151427034850997e-10
group_TAC_ISI,16,,,88.7968401158258,,3,3,LOCALLY_SOLVED,Solve_Succeeded,0.083611209,0.8764601573814438,1.0551381101955112e7,59.15545535672996,10.3733986573035,503.58005475011896,1.5922526291542861e-16,1.5922526291542861e-16,8.25014846275215e-9,0.0,0.9999990763228802,0.40071921096176266,1.37961212544703e-5,1.2381077090344191e-6,2.4911824351269464e-6,0.07936156421169281,2.410041209066936e-6,4.354435147121048e-8,1.5329000660618933e-8,3.715735871872073e-9,3.029981514518475e-8,1.7466992483269924e-9,3.8088010491328526e-6,0.0794819213751781,6.716262274187179e-7,2.708347383466107e-8,1.51979095203893e-8,3.7901985995361824e-9,2.998789542445476e-8,1.8141782908254244e-9,1.5285191411927755e-8,3.825964922091712e-9,3.009638087216294e-8,1.8227350627367804e-9,1.5075767176997775e-8,3.7401205585213776e-9,2.983644159370052e-8,1.802254271642944e-9,5.14354938277177e-6,2.588899745760553e-7,4.4096458036581446e-7,3.038518203946311e-8,1.0669127821690426e-8,-4.81524810269766e-9,5.652624382783507e-9,-8.238514096959526e-9,0.9999868227639512,1.4017869094685246e-7,1.700889845712969e-7,6.737048725671276e-9,1.0576740712414801e-8,-4.8378098457315435e-9,5.346754971673102e-9,-8.229311347856225e-9,1.0638263181178776e-8,-4.87187944743299e-9,5.211259857300064e-9,-8.25014846275215e-9,1.0490577885896943e-8,-4.789621885831115e-9,5.539842290007757e-9,-8.199380953691701e-9,2.767980483474384e-7,0.1208460182314413,7.4979059837638e-6,6.469446504294129e-7,1.7032222956243253e-9,5.658052350350655e-9,9.426609156279699e-8,2.595096026085817e-8,4.2320011657031673e-7,0.12102928936674845,2.089503818636011e-6,4.0238303982925007e-7,1.6886566133765883e-9,5.77143877656646e-9,9.329567465385925e-8,2.695350603512059e-8,1.6983546013253055e-9,5.825901131366925e-9,9.363318493561803e-8,2.708063521780359e-8,1.6750852418886415e-9,5.695183577748461e-9,9.282448495817939e-8,2.6776349178695166e-8,0.7936509011210451,2.3932260785564576e-14,0.14430066437501893,2.4333565772515223e-12,7.829337775507931e-12,3.718260617417361e-12
group_TAC_ISI,17,,,86.62997664847457,,3,3,LOCALLY_SOLVED,Solve_Succeeded,0.049081334,0.8780800397095733,1.0554233927586969e7,59.12849313675065,10.372900593976201,503.5799893739437,3.1845052583085723e-16,3.1845052583085723e-16,8.646358697565507e-9,0.0,0.9999999835227412,0.40066759036314437,9.456942193738484e-7,1.5243806085787118e-8,6.170967096865267e-8,1.6152393997007708e-7,8.84382925977424e-8,2.8495133509921864e-10,1.1567904887935064e-8,9.33717074476875e-9,2.6206155501780984e-8,1.733582870380593e-10,6.17096893021346e-8,0.15882299688457605,3.773988159767511e-8,1.3810358921843494e-9,1.0959870945996776e-8,1.1642010850629766e-8,2.635930322710632e-8,7.94947913928949e-10,1.1198460089041915e-8,1.2043087371788536e-8,2.694195498047996e-8,8.338432952849826e-10,1.0013785229358526e-8,1.0164369988360233e-8,2.4256105547766426e-8,6.538176700435047e-10,0.28011139556625303,-2.780204273031463e-9,5.67034657894035e-9,-8.646358697565507e-9,1.803149030073304e-8,-4.5265311706424395e-9,2.4770666486627606e-9,-8.367460814685966e-9,0.7198883344759069,-5.605444546764043e-9,-2.292729390323046e-9,-8.407667099350335e-9,1.696981599816718e-8,-6.494512201033279e-9,-2.1736207481983485e-9,-8.415148965226507e-9,1.7383638776441148e-8,-6.725913782208872e-9,-2.638834002040938e-9,-8.598090612102707e-9,1.536299039294429e-8,-5.710208770349975e-9,-6.638605736806306e-10,-7.683887394892712e-9,6.856630107628073e-9,2.459569085907992e-7,2.7514135474853186e-7,4.233562692902677e-9,1.2853227653261177e-9,1.4217964543170595e-8,8.153026156109639e-8,2.5756088359940236e-9,6.85663214468162e-9,0.24184410889242258,1.1741296497054479e-7,2.0518247541024618e-8,1.2177634384440858e-9,1.7727607431640776e-8,8.200672115099743e-8,1.1810654721230098e-8,1.244273343226879e-9,1.8338337588859813e-8,8.381941549482654e-8,1.2388528958519739e-8,1.112642803262058e-9,1.5477563391366717e-8,7.546343948193999e-8,9.71386252636064e-9,0.7936507870458512,6.379114035750183e-16,0.1442920191035792,3.3128170568430835e-14,1.509775828170108e-13,4.260589472606828e-14
group_TAC_ISI,18,,,84.46311318112335,,3,2,ALMOST_LOCALLY_SOLVED,Solved_To_Acceptable_Level,0.053654917,0.8784466522555984,1.0554645982334865e7,59.139612703897214,10.37604747957933,503.58359634086594,2.2556912246352386e-16,5.126570965080088e-17,8.238958698568169e-9,0.0,0.9999516372335805,0.40053704730067435,0.0009604644290654641,7.509922637213151e-5,0.00017647703274127104,0.03237785107111028,0.00015574494170810278,2.4886832376173397e-6,1.5233070845133778e-8,3.50072607016061e-9,3.01199086268068e-8,1.9031766593739893e-9,0.0001813357111736735,0.12638465172419602,6.812698585782976e-5,2.035785912151047e-6,1.52010775737071e-8,3.49101001990091e-9,3.0078294003444176e-8,1.9016108139058713e-9,1.5316036900370133e-8,3.5347814054390117e-9,3.0218105813163306e-8,1.913209669573671e-9,1.5193754775977922e-8,3.4883009993878416e-9,3.006964454430431e-8,1.900893556129089e-9,0.16536358151475736,1.4486940548746393e-5,2.6572096192672563e-5,2.15091355566667e-6,1.0357448160194997e-8,-4.864221714173858e-9,5.692696640473984e-9,-8.238958698568169e-9,0.8341903768500841,8.04867109665596e-6,1.301148351870266e-5,1.1152460928119699e-6,1.033542387300051e-8,-4.832228805477071e-9,5.815820781858005e-9,-8.220549583890826e-9,1.0414534873763566e-8,-4.84733591361719e-9,5.74141958402934e-9,-8.232407191884865e-9,1.0330382002288648e-8,-4.810908485168944e-9,5.899394855132486e-9,-8.208859712497873e-9,1.9608559193474548e-5,0.04930263685828155,0.0004845398186474308,3.6974722387457614e-5,1.6925634272370856e-9,5.330651061380928e-9,9.370638239451003e-8,2.8275767510699265e-8,2.0148412352630385e-5,0.19244935603457117,0.00021195062266880365,3.024596212338698e-5,1.6890086193007886e-9,5.315856166667295e-9,9.357691467738187e-8,2.8252503520887227e-8,1.701781877818903e-9,5.382508049191221e-9,9.40118847520636e-8,2.842482937652311e-8,1.6881949751086573e-9,5.311731067249667e-9,9.355000524894672e-8,2.8241847119632177e-8,0.7936570361339967,1.28151340837704e-12,0.14430829342404297,1.3182925928011248e-10,4.2407986206803616e-10,2.0392778358466558e-10
group_TAC_ISI,19,,,82.29624971377211,,3,3,LOCALLY_SOLVED,Solve_Succeeded,0.062991041,0.8764630139095466,1.0551384133233674e7,59.15545701138893,10.37342570658984,503.58009102184786,1.1278456123176193e-16,5.126570965080088e-17,8.245283750189258e-9,0.0,0.9999985761699699,0.4007180781107972,2.1549100072613814e-5,1.9316941531162057e-6,3.928831977063052e-6,0.07935942677713288,3.769630883708631e-6,6.803933498649932e-8,1.5298861444916813e-8,3.6402731604322667e-9,3.023991488971135e-8,1.8002332992052425e-9,5.867297159879792e-6,0.07948352068426427,1.1113499972251145e-6,4.4334389929993386e-8,1.518842473340894e-8,3.678896780209602e-9,3.000377341587732e-8,1.8429912757047135e-9,1.526754322919276e-8,3.7104587326032167e-9,3.0101277896029454e-8,1.8508147534015602e-9,1.509463158470839e-8,3.6414539675729323e-9,2.988837974563336e-8,1.8337459731810263e-9,8.536532174663228e-6,4.0372417359430994e-7,6.889154143631377e-7,5.046245208900138e-8,1.0559823810289948e-8,-4.8319799630187914e-9,5.668885372527349e-9,-8.23852653689223e-9,0.9999790454419023,2.2106999474668086e-7,2.774237750099518e-7,1.602236021755956e-8,1.0482642805593493e-8,-4.83682787499398e-9,5.505567520865232e-9,-8.226808276921345e-9,1.0537943205785852e-8,-4.866803810965763e-9,5.3835679073602275e-9,-8.245283750189258e-9,1.04170409040404e-8,-4.8001517733170266e-9,5.655485262535875e-9,-8.203988368689389e-9,4.36536886340339e-7,0.12084276350154326,1.1727740527093516e-5,1.0108701197994181e-6,1.6998734938796453e-9,5.543143221567315e-9,9.407973521243529e-8,2.6746323302477885e-8,6.519219066533101e-7,0.1210317246783115,3.4575333247003558e-6,6.586823646741873e-7,1.6876027481565483e-9,5.601956460773712e-9,9.334507284939609e-8,2.738158466761288e-8,1.6963936921325284e-9,5.6500167064639885e-9,9.36484201209805e-8,2.7497819193394607e-8,1.6771812871898205e-9,5.544941268804238e-9,9.29860703197482e-8,2.7244225887260955e-8,0.7936509643947918,3.688418781256142e-14,0.14430078578319844,3.767089401657794e-12,1.2093095963874918e-11,5.7607168604953435e-12
group_TAC_ISI,20,,,80.12938624642089,,3,3,LOCALLY_SOLVED,Solve_Succeeded,0.068369458,0.8764553696050527,1.0551376188844034e7,59.15545901759825,10.373350977066497,503.57998849734344,3.383536836952858e-16,1.258008647179876e-22,9.243756288491135e-9,0.0,0.9999999955062768,0.4007210838427149,6.723836807558976e-7,1.2333007736128625e-9,2.1974731648834745e-8,0.07936500214614864,4.630187220532474e-8,-7.093150105646475e-11,7.414598256707049e-9,1.2611931847316225e-8,2.2243991950234314e-8,-3.3924033042523493e-11,2.7717102929837636e-8,0.07947935314089731,2.8031399835599382e-8,1.139723850769787e-9,6.9150495965010544e-9,1.4392704521543661e-8,2.451768758707946e-8,8.410806298572415e-10,7.068071722151826e-9,1.480566983229935e-8,2.5152594209639923e-8,9.123830357522578e-10,6.112213762022626e-9,1.2497713005719534e-8,2.1727062533667384e-8,5.439821085049844e-10,3.0674983187898916e-7,-5.660167441305239e-9,-1.2793062422454895e-9,-9.243756288491135e-9,2.263678478802798e-8,-5.084808552607542e-9,4.088719803103574e-10,-8.504024487130301e-9,0.9999995198291375,-7.576141306244052e-9,-5.243314003442537e-9,-9.024714626994917e-9,2.0874631715497503e-8,-7.546886307294168e-9,-4.391389202723345e-9,-8.598534609374117e-9,2.140431400669394e-8,-7.755472925313041e-9,-4.82599828247439e-9,-8.839461516535495e-9,1.8231834756875208e-8,-6.73954113085637e-9,-2.8474621487681637e-9,-7.3971882803135055e-9,2.4416368498705265e-9,0.12085125326799906,1.4405026908323255e-7,-1.053839444267476e-9,8.238442507452274e-10,1.920453258568607e-8,6.920353051184008e-8,-5.040142052032061e-10,3.0796781033152916e-9,0.12102537864636635,8.72087994885314e-8,1.6933040068579688e-8,7.683388440556724e-10,2.1916163703259667e-8,7.627725027091386e-8,1.249605507216473e-8,7.853413024613137e-10,2.2544997244637644e-8,7.825251531887976e-8,1.3555405102604972e-8,6.791348624469581e-10,1.903060844052747e-8,6.759530566029852e-8,8.082019897788338e-9,0.7936507855467374,3.473987671701683e-16,0.14430044064522354,3.8358083620515265e-15,5.655207432920382e-14,-2.0892301065423708e-15
group_TAC_ISI,21,,,77.96252277906967,,3,2,ALMOST_LOCALLY_SOLVED,Solved_To_Acceptable_Level,0.054745041,0.8782940265876611,1.0554377084838523e7,59.14253902053821,10.376095747348232,503.58359433363916,1.1278456123176193e-16,5.126570965080088e-17,8.238959109905637e-9,0.0,0.9999516722604953,0.4005429316191193,0.0009598693217821651,7.510164210045292e-5,0.0001753471683806727,0.04098108492860923,0.0001554509934041164,2.487962877145557e-6,1.523306492913561e-8,3.500727629096591e-9,3.0119915335358274e-8,1.903177027873235e-9,0.0001824210515140765,0.11778375394872706,6.828468570643495e-5,2.0368169765190985e-6,1.5201073590478528e-8,3.4910123053320983e-9,3.0078303044711654e-8,1.9016113767927626e-9,1.5316033172332817e-8,3.5347838190269905e-9,3.0218115277020444e-8,1.9132102665849394e-9,1.519374986093904e-8,3.488302928855107e-9,3.0069652448339984e-8,1.9008940247788294e-9,0.1350007538969463,1.4488749203898813e-5,2.6533178436048016e-5,2.148364059048427e-6,1.0357445619528286e-8,-4.864222157791914e-9,5.692694344388082e-9,-8.238959109905637e-9,0.864553288965971,8.03788302109233e-6,1.3015426411905099e-5,1.1152844128556053e-6,1.0335422658635975e-8,-4.832229959946381e-9,5.815815458583683e-9,-8.220550444814442e-9,1.0414533849473596e-8,-4.84733718818454e-9,5.741413781915107e-9,-8.232408118233373e-9,1.0330380145411279e-8,-4.8109092804336e-9,5.899391038206054e-9,-8.208860354701237e-9,1.9483018708963628e-5,0.06240301568674586,0.00048362531281280653,3.69640198890197e-5,1.6925627699039562e-9,5.330653435215264e-9,9.370640326555905e-8,2.8275772985545202e-8,2.026900572378627e-5,0.17935253442192528,0.00021244124442001982,3.0261280793998032e-5,1.6890081767198359e-9,5.315859646755695e-9,9.357694280576957e-8,2.8252511883778184e-8,1.7017814635925347e-9,5.382511724427463e-9,9.401191419517472e-8,2.842483824640481e-8,1.6881944289932259e-9,5.311734005302094e-9,9.355002983927994e-8,2.824185408242832e-8,0.7936570369445548,1.2815135682844723e-12,0.1443091995038952,1.318293014450373e-10,4.2407999339618497e-10,2.0392783581147027e-10
group_TAC_ISI,22,,,75.79565931171844,,3,3,LOCALLY_SOLVED,Solve_Succeeded,0.058279375,0.8764630139095374,1.055138413321825e7,59.155457012634216,10.373425706804822,503.58009102184167,3.1845052583085723e-16,3.1845052583085723e-16,8.245283746318774e-9,0.0,0.9999985761664479,0.4007180781228758,2.1549099560731617e-5,1.9316943929991694e-6,3.928836773294796e-6,0.07935942684943753,3.769630341894752e-6,6.803933937849551e-8,1.529886144536969e-8,3.6402729886753974e-9,3.023991439222862e-8,1.8002332739633447e-9,5.867383809308287e-6,0.0794835206165212,1.1113502511160496e-6,4.43343973945506e-8,1.5188424941169178e-8,3.6788966808993425e-9,3.000377319603265e-8,1.842991263454142e-9,1.5267543473901135e-8,3.7104586469343313e-9,3.010127771877925e-8,1.850814744583954e-9,1.5094631689592057e-8,3.6414538284907643e-9,2.9888379402475495e-8,1.8337459510344474e-9,8.536269625317618e-6,4.0372471663003753e-7,6.889160593702006e-7,5.0462502978034454e-8,1.0559823858516593e-8,-4.8319798695044276e-9,5.668885780801563e-9,-8.238526477557182e-9,0.9999790455993224,2.2107002393390783e-7,2.774238060352325e-7,1.6022362173795718e-8,1.0482642998421176e-8,-4.836827855746532e-9,5.505567635821015e-9,-8.226808264653744e-9,1.05379434245974e-8,-4.8668038051857096e-9,5.383567966655031e-9,-8.245283746318774e-9,1.0417041024690161e-8,-4.800151715519372e-9,5.6554855371534054e-9,-8.203988332002481e-9,4.3653741925497716e-7,0.1208427636116435,1.172773884145034e-5,1.0108701850519334e-6,1.6998734939299647e-9,5.543142960028446e-9,9.407973366471127e-8,2.6746322927455404e-8,6.519315343675872e-7,0.12103172457515728,3.4575341145832646e-6,6.586824755761803e-7,1.687602771241019e-9,5.601956309551271e-9,9.334507216543491e-8,2.7381584485604392e-8,1.6963937193223478e-9,5.650016576013641e-9,9.364841956953544e-8,2.7497819062390175e-8,1.6771812988435612e-9,5.544941057020027e-9,9.298606925214598e-8,2.7244225558226074e-8,0.7936509643947982,3.6884191701886465e-14,0.1443007857838169,3.767089849317068e-12,1.2093097443873267e-11,5.760717478811144e-12
group_TAC_ISI,23,,,73.62879584436722,,3,2,ALMOST_LOCALLY_SOLVED,Solved_To_Acceptable_Level,0.052017834,0.8782082915053065,1.0554226458458945e7,59.14382164025364,10.376117056834717,503.5835933738914,1.1278456123176193e-16,2.576401709424386e-19,8.238959259486502e-9,0.0,0.9999516897564397,0.40054547804924323,0.000959764229138105,7.510441811611293e-5,0.00017484226878962817,0.04475259414379246,0.0001553558818928307,2.4877219086666897e-6,1.5233061888210264e-8,3.500728377638843e-9,3.0119918025126843e-8,1.9031771759087257e-9,0.00018290630361022774,0.11401325592276258,6.83574142643119e-5,2.0372949055203493e-6,1.520107157496341e-8,3.4910134395294024e-9,3.007830697457317e-8,1.901611628042188e-9,1.5316031298629664e-8,3.5347850227156212e-9,3.021811943106589e-8,1.913210536088184e-9,1.5193747342612263e-8,3.4883038710392285e-9,3.006965576505909e-8,1.9008942252101185e-9,0.12169018311213041,1.4489205776369798e-5,2.6518304648239347e-5,2.1473666292435787e-6,1.0357444322490079e-8,-4.864222274638568e-9,5.692693554468122e-9,-8.238959259486502e-9,0.8778638990772948,8.032901943759226e-6,1.3017226313628058e-5,1.1153003289147503e-6,1.0335422065306866e-8,-4.8322304554213844e-9,5.8158130579104404e-9,-8.22055083307368e-9,1.0414533361212359e-8,-4.8473377486035095e-9,5.741411120355684e-9,-8.232408542583832e-9,1.0330379205398085e-8,-4.8109095832513555e-9,5.8993894467283754e-9,-8.208860625132203e-9,1.9426918754403123e-5,0.0681459956280476,0.00048332941033325116,3.6960439785905106e-5,1.6925624320233622e-9,5.3306545750409655e-9,9.370641163372794e-8,2.8275775184929635e-8,2.0322922623358632e-5,0.17361109424602486,0.00021266751104452589,3.0268381453445185e-5,1.689007952773712e-9,5.315861373828863e-9,9.35769550320054e-8,2.8252515616626793e-8,1.7017812554032954e-9,5.382513557316968e-9,9.401192711887165e-8,2.8424842250453015e-8,1.6881941491791399e-9,5.311735439991552e-9,9.355004015796161e-8,2.8241857060264614e-8,0.7936570372635392,1.281513624606435e-12,0.1443095968159649,1.3182932020589848e-10,4.2408005286921457e-10,2.0392785719885053e-10
group_TAC_ISI,24,,,71.46193237701598,,3,3,LOCALLY_SOLVED,Solve_Succeeded,0.057361417,0.8764630138964669,1.0551384133367699e7,59.15545699627867,10.373425704403314,503.58009102183,1.804552979708191e-16,1.5922526291542861e-16,8.245283682453155e-9,0.0,0.9999985762040434,0.4007180779816859,2.1549110073051676e-5,1.9316946097364014e-6,3.928753550901433e-6,0.07935942620055814,3.7696327580133957e-6,6.80393479996916e-8,1.5298857745610464e-8,3.640273232284066e-9,3.023991516906681e-8,1.8002333387263295e-9,5.866454534161833e-6,0.07948352120904775,1.1113501250657027e-6,4.433439704213902e-8,1.5188421546202614e-8,3.678897011258387e-9,3.00037742454685e-8,1.8429913505796612e-9,1.526754011066941e-8,3.7104589997764984e-9,3.0101278837660205e-8,1.85081483734497e-9,1.5094628182244685e-8,3.641454102350471e-9,2.988838027754057e-8,1.8337460241173697e-9,8.538634740562886e-6,4.03725704230866e-7,6.889171478517004e-7,5.046258396717853e-8,1.055982170358759e-8,-4.83197956713317e-9,5.6688868216590846e-9,-8.238526344734524e-9,0.9999790443968234,2.2107000516864484e-7,2.774237963522398e-7,1.602236138359244e-8,1.0482641050941683e-8,-4.836827650183615e-9,5.505568275147723e-9,-8.226808188845663e-9,1.0537941503073275e-8,-4.866803618496041e-9,5.383568527928253e-9,-8.245283682453155e-9,1.0417038994092297e-8,-4.800151459263491e-9,5.6554863866798605e-9,-8.203988223833414e-9,4.3652817232238115e-7,0.12084276262357714,1.1727746358263897e-5,1.010870313138275e-6,1.6998730828456067e-9,5.543143330978009e-9,9.407973608154119e-8,2.6746323889648323e-8,6.518282815735367e-7,0.12103172547741363,3.4575337224266307e-6,6.58682470340351e-7,1.687602394022512e-9,5.601956812597998e-9,9.334507543034644e-8,2.7381585780040678e-8,1.6963933456299337e-9,5.650017113296031e-9,9.36484230504984e-8,2.7497820440553835e-8,1.677180909138298e-9,5.544941474033671e-9,9.298607197457063e-8,2.724422664402949e-8,0.7936509643947777,3.688419172947959e-14,0.14430078577922673,3.767089895869458e-12,1.2093097695535372e-11,5.760717457479451e-12
group_TAC_ISI,25,,,69.29506890966476,,3,3,LOCALLY_SOLVED,Solve_Succeeded,0.055302625,0.8764553696050633,1.055137618884405e7,59.15545901759711,10.373350977066549,503.57998849734383,1.5922526291542861e-16,1.5922526291542861e-16,9.243756186319945e-9,0.0,0.9999999955062754,0.4007210838427066,6.723837185582467e-7,1.233302284283606e-9,2.1974734773862384e-8,0.07936500214613967,4.630187773544473e-8,-7.093144947200498e-11,7.414598713078806e-9,1.2611930648908293e-8,2.224399231635519e-8,-3.392400267123421e-11,2.7717106841740894e-8,0.07947935314090497,2.8031401444315235e-8,1.1397238957309528e-9,6.915050222459675e-9,1.4392704017354372e-8,2.4517687859810103e-8,8.410806029145816e-10,7.0680723771792325e-9,1.4805669370890521e-8,2.5152594533639703e-8,9.123830067577713e-10,6.11221425621806e-9,1.249771233543825e-8,2.1727062631630477e-8,5.439820944340042e-10,3.067498490916511e-7,-5.6601667882811264e-9,-1.2793050314294074e-9,-9.243756186319945e-9,2.2636783103636264e-8,-5.084808021837384e-9,4.0887305355084566e-10,-8.504024311628402e-9,0.999999519829113,-7.576141054614032e-9,-5.2433135950418265e-9,-9.024714544467527e-9,2.0874630876751665e-8,-7.546886092619683e-9,-4.391388770448065e-9,-8.598534535887878e-9,2.140431320165259e-8,-7.755472735511869e-9,-4.825997892895368e-9,-8.839461455121788e-9,1.8231833818655974e-8,-6.739540818363641e-9,-2.8474615704040064e-9,-7.397188167153967e-9,2.4416371970958195e-9,0.1208512532679854,1.4405028628805023e-7,-1.0538386778697883e-9,8.238443014532003e-10,1.9204530760837625e-8,6.920353165088282e-8,-5.040137539726225e-10,3.0796785379712092e-9,0.12102537864637801,8.720880449342517e-8,1.6933040736574153e-8,7.683389136066302e-10,2.1916162935516885e-8,7.62772511194092e-8,1.2496054671873782e-8,7.853413752421367e-10,2.2544996542037833e-8,7.825251632687906e-8,1.3555404671829745e-8,6.79134917357562e-10,1.9030607419871877e-8,6.759530596507259e-8,8.082019688733776e-9,0.7936507855467376,3.473987845974908e-16,0.14430044064522476,3.835810962430343e-15,5.6552084586698284e-14,-2.0892280312239794e-15
group_TAC_ISI,26,,,67.12820544231353,,3,2,ALMOST_LOCALLY_SOLVED,Solved_To_Acceptable_Level,0.047124875,0.8777930510014903,1.0553498721121361e7,59.148501353258,10.376195665878033,503.58358952150405,3.1845052583085723e-16,3.1845052583085723e-16,8.238959915491745e-9,0.0,0.9999517459892967,0.4005546500957798,0.0009600297406842917,7.512187747784267e-5,0.00017286474042449212,0.058510347950689275,0.00015514427034515942,2.4871428073563093e-6,1.523305339366622e-8,3.5007312782631776e-9,3.011992646883529e-8,1.903177630166974e-9,0.00018488232720636526,0.1002591459000636,6.864371830633013e-5,2.03918415430174e-6,1.520106711324272e-8,3.4910178606405622e-9,3.0078320312632955e-8,1.9016124893671056e-9,1.5316027419574473e-8,3.5347897147481144e-9,3.021813362763063e-8,1.9132114675508754e-9,1.519374090601703e-8,3.488307538743401e-9,3.006966669828129e-8,1.900894887202194e-9,0.07313571317470906,1.4488793076536381e-5,2.6469680375465457e-5,2.1439878268948194e-6,1.0357441359732082e-8,-4.864222861911659e-9,5.6926897893193435e-9,-8.238959915491745e-9,0.926418426919569,8.013087375168464e-6,1.302429282824818e-5,1.1153632563763836e-6,1.0335421871330962e-8,-4.832232533561797e-9,5.815802945665445e-9,-8.220552429600682e-9,1.0414533593398757e-8,-4.8473400815053495e-9,5.741399988738482e-9,-8.232410280005439e-9,1.033037765002939e-8,-4.810910904210705e-9,5.899382511340269e-9,-8.208861759028282e-9,1.9207193380499115e-5,0.08909530256127685,0.0004826710632960514,3.6951835995008014e-5,1.6925614881851347e-9,5.3306589919007474e-9,9.37064379030431e-8,2.827578193390933e-8,2.0542480800707242e-5,0.15266733580236955,0.00021355823473080484,3.029645029248299e-5,1.6890074570269685e-9,5.315868105975401e-9,9.35769965281914e-8,2.825252841345414e-8,1.701780824397163e-9,5.38252070200281e-9,9.401197128596196e-8,2.842485608932729e-8,1.6881934340018917e-9,5.311741024904724e-9,9.355007417243069e-8,2.8241866895575452e-8,0.7936570383550641,1.2815138723246413e-12,0.14431104631980538,1.3182939739798976e-10,4.2408029646273746e-10,2.03927947187954e-10
group_TAC_ISI,27,,,64.96134197496231,,3,3,LOCALLY_SOLVED,Solve_Succeeded,0.044529208,0.8764630139128632,1.0551384133232495e7,59.15545701055376,10.37342570668714,503.58009102175697,1.1278456123176193e-16,5.126570965080088e-17,8.245283670775264e-9,0.0,0.9999985761689515,0.40071807811150306,2.1549108113572016e-5,1.9316950383900363e-6,3.928825975657545e-6,0.07935942683707385,3.7696310580182426e-6,6.803934784523779e-8,1.5298858695530452e-8,3.6402722557748272e-9,3.023991213329347e-8,1.8002331251539727e-9,5.867359129935223e-6,0.07948352062276787,1.1113505079955648e-6,4.433440793717013e-8,1.5188423567442223e-8,3.6788964537101076e-9,3.0003772634185196e-8,1.8429912278856035e-9,1.526754234035974e-8,3.7104585174587933e-9,3.010127745947979e-8,1.8508147333119056e-9,1.5094629624491638e-8,3.641453323036555e-9,2.9888377980953065e-8,1.8337458465808675e-9,8.536300318508916e-6,4.0372878208253955e-7,6.889206320957341e-7,5.0462854303680284e-8,1.0559822607289792e-8,-4.8319790831828604e-9,5.66888891408516e-9,-8.238526033299257e-9,0.9999790456105622,2.2107001942580386e-7,2.7742379755185643e-7,1.6022358606777248e-8,1.0482642702653424e-8,-4.836827576448041e-9,5.505568680997463e-9,-8.226808130431187e-9,1.0537943300846912e-8,-4.866803619865305e-9,5.383568625965766e-9,-8.245283670775264e-9,1.041704024021483e-8,-4.800151170366219e-9,5.655487680754383e-9,-8.20398802916754e-9,4.365362195175049e-7,0.120842763592817,1.1727741069390088e-5,1.0108703108435326e-6,1.6998731883922719e-9,5.543141844020759e-9,9.407972663691301e-8,2.6746320716573303e-8,6.519287922150245e-7,0.12103172458466925,3.4575349137639795e-6,6.586826322093846e-7,1.687602618604691e-9,5.601955963604027e-9,9.334507041746504e-8,2.7381583957157536e-8,1.6963935933733038e-9,5.650016378857707e-9,9.364841876282601e-8,2.7497818894919734e-8,1.6771810693879593e-9,5.544940287351118e-9,9.298606482963173e-8,2.724422400634431e-8,0.7936509643947176,3.6884194958524513e-14,0.14430078578482392,3.767090490821023e-12,1.2093099856136248e-11,5.760718011134423e-12
group_TAC_ISI,28,,,62.79447850761108,,3,3,LOCALLY_SOLVED,Solve_Succeeded,0.044299709,0.8764555039342817,1.0551376316012274e7,59.15545687447515,10.373352464601979,503.5799904063781,1.5922526291542861e-16,1.5922526291542861e-16,8.493602811176916e-9,0.0,0.9999999694366671,0.40072098999247796,1.2289723862454638e-6,3.7851138138185885e-8,9.150809098542763e-8,0.0793648820067199,1.357048856036444e-7,7.00343639164809e-10,1.3476733116380624e-8,7.654486935266025e-9,2.840218507871847e-8,3.6173011722910435e-10,1.221475389912282e-7,0.07947944754512906,4.875981827798048e-8,1.833550811159114e-9,1.2918643844073277e-8,9.663697926128087e-9,2.7683464472089144e-8,8.776149924595361e-10,1.3176474469034064e-8,9.990513506156295e-9,2.818687893898483e-8,9.054047374029148e-10,1.2031653210889342e-8,8.596738723993062e-9,2.6046695863280343e-8,7.861595218469278e-10,4.995773899708538e-7,1.962730875710126e-9,1.3392607446379044e-8,-7.97133851715963e-9,1.5732769379469134e-8,-4.431205519865651e-9,3.5938246637392236e-9,-8.317227593204229e-9,0.9999991150806438,-3.3186476795376746e-9,8.420303028849702e-10,-7.794482585750494e-9,1.503091667721957e-8,-5.8392524668722946e-9,-5.549749977006311e-10,-8.356017849450364e-9,1.5354381011458707e-8,-6.049816877238494e-9,-1.002615738513463e-9,-8.493602811176916e-9,1.3928194516635163e-8,-5.189483820305992e-9,8.120318260285919e-10,-7.872367353376328e-9,1.016756566504751e-8,0.12085107032841438,4.2219297743356027e-7,1.0405105496162876e-8,1.4974147907089576e-9,1.1655696015064173e-8,8.836235357823524e-8,5.3742760274038346e-9,1.3571948776803127e-8,0.1210255223982647,1.516972124203837e-7,2.7241326337221118e-8,1.4354048715636969e-9,1.4715176387513224e-8,8.612633391316621e-8,1.3038851316541677e-8,1.4640527187815622e-9,1.521282738437436e-8,8.769251225461946e-8,1.3451727527129019e-8,1.336850356765482e-9,1.3090488511534892e-8,8.103416490798329e-8,1.1680084324582926e-8,0.7936507888769521,1.0019147298797532e-15,0.14430045037399403,7.076321995837129e-14,2.7177755193656823e-13,9.981882420811738e-14
group_TAC_ISI,29,,,60.627615040259855,,3,2,LOCALLY_SOLVED,Solve_Succeeded,0.057880042,0.8767420827150032,1.0551663806406219e7,59.15544674667328,10.376298469525736,503.5835759093245,1.5922526291542861e-16,1.5922526291542861e-16,8.238962578956583e-9,0.0,0.9999514069683939,0.4005688164468852,0.0009565244746049883,7.514148835988108e-5,0.0001563208957509185,0.07906003661204983,0.0001532819596663098,2.4825278827319187e-6,1.523313052102752e-8,3.5007236959976703e-9,3.011991225179182e-8,1.9031752590794233e-9,0.0001949233340158525,0.07971513762795844,6.970142482166496e-5,2.0459412532568994e-6,1.5201162319079065e-8,3.4910172569652667e-9,3.0078328555619075e-8,1.9016119808093885e-9,1.5316126253585432e-8,3.534790166243437e-9,3.021814532355844e-8,1.9132112360252268e-9,1.5193827059877247e-8,3.4883035165124634e-9,3.006966402235494e-8,1.9008934738737e-9,0.0006269619496073003,1.4346433582531865e-5,2.624713459636564e-5,2.129467776125143e-6,1.0357495903011522e-8,-4.864228336987197e-9,5.69267065971925e-9,-8.238962578956583e-9,0.9989340644985237,7.991725150012667e-6,1.3049389785694286e-5,1.115525518561347e-6,1.0335488872629566e-8,-4.832244829471166e-9,5.815754884305825e-9,-8.220559369616083e-9,1.041460303868143e-8,-4.847353523842406e-9,5.741347298481305e-9,-8.232417866303904e-9,1.0330438421998322e-8,-4.810919775929606e-9,5.899348892879445e-9,-8.208866588398883e-9,1.7368988416768718e-5,0.12038687393198495,0.00047687720785074156,3.6883271400588505e-5,1.6925700578919459e-9,5.33064744617827e-9,9.370639367224122e-8,2.8275746706322858e-8,2.1658148223983602e-5,0.12138441411530035,0.00021684887722295764,3.0396841476959647e-5,1.6890180354532289e-9,5.315867186742564e-9,9.357702217303711e-8,2.825252085773948e-8,1.7017918059539362e-9,5.3825213895070516e-9,9.401200767329292e-8,2.842485264951765e-8,1.6882030066530268e-9,5.311734900143978e-9,9.355006584732647e-8,2.8241845897552116e-8,0.7936570430081563,1.2815148206826098e-12,0.14431314406607382,1.3182972560959278e-10,4.240813400067732e-10,2.039283165161233e-10
group_TAC_ISI,30,,,58.46075157290863,,3,3,LOCALLY_SOLVED,Solve_Succeeded,0.059650875,0.879040337670898,1.0557537813292067e7,58.460721484477915,10.350251605938002,503.5800212829431,1.5922526291542861e-16,1.5922526291542861e-16,8.239505994705162e-9,0.0,0.9999995803685617,0.39897165227307013,8.07529017322385e-6,7.090176537769792e-7,1.0112314369817688e-6,0.07598581445571215,1.3029396664843162e-6,2.2240815626562736e-8,1.4583515046212654e-8,3.665413872065206e-9,2.9730859488684202e-8,1.584164563975199e-9,1.3972329138050197e-6,0.08082631389646093,3.446412629949304e-7,1.4712365814406633e-8,1.482895754909729e-8,3.9896919982404875e-9,2.9783299095614626e-8,1.735214256367069e-9,1.5001674008516188e-8,4.066340658969752e-9,3.000620417031139e-8,1.7520980268969687e-9,1.4444357427804727e-8,3.8191759314472645e-9,2.9287965656261394e-8,1.6977773330230048e-9,2.9203508123038014e-6,0.0033773270416225212,7.06507153157929e-7,4.863507881271829e-8,1.0536675253079367e-8,-4.541424458854623e-9,6.537685617416437e-9,-8.103510046653086e-9,0.9999938760155895,7.187730949109475e-8,8.428136251940321e-8,-2.956659219460524e-10,1.0717284670544215e-8,-4.760542963544654e-9,5.269344520222797e-9,-8.195736555380566e-9,1.084421087329276e-8,-4.832132037848768e-9,4.996553126820255e-9,-8.239505994705162e-9,1.043415034571046e-8,-4.60495114085899e-9,5.875569622685039e-9,-8.095914225155458e-9,1.1235904855352982e-7,0.11570567201210712,4.0535900735067615e-6,3.304349750232177e-7,1.6203905606902945e-9,5.581425668826563e-9,9.249600729812862e-8,2.3536159236202953e-8,1.5524810153389102e-7,0.12307643252415641,1.0722172626508944e-6,2.1858372067118423e-7,1.6476619498996982e-9,6.075212815502561e-9,9.265915274191217e-8,2.5780326094596456e-8,1.6668526676129092e-9,6.191927821613031e-9,9.33526351965243e-8,2.6031170685326385e-8,1.6049286030894134e-9,5.8155633501583335e-9,9.111811537503543e-8,2.5224120376341784e-8,0.7936508448539688,1.273852814839615e-14,0.14483578887512874,1.3117227879039955e-12,4.280348550440347e-12,1.954102015326877e-12
group_TAC_ISI,31,,,56.2938881055574,,3,3,LOCALLY_SOLVED,Solve_Succeeded,0.054708125,0.88704925571569,1.0576670032599472e7,56.29388810560844,10.278102533452172,503.57998835568264,1.1278456123176193e-16,1.258008647179876e-22,9.249229434473825e-9,5.888497992450488e-13,0.9999999985022269,0.3935202481185709,5.860654161480096e-7,2.515793903022837e-10,1.0488417503551624e-8,0.06545294810307804,4.305170815992311e-8,-7.215364809801424e-11,-2.610853270721809e-9,-1.5925485019509427e-9,7.292540529923942e-9,-2.68659269697234e-10,1.2845717337714573e-8,0.08502236123305139,2.7639285647526706e-8,1.3011803884081183e-9,2.7916805952546917e-9,1.2354105636369571e-8,2.147418978514003e-8,6.003292455805242e-10,3.237346474752437e-9,1.4097809874324473e-8,2.397780695305626e-8,9.039142283889284e-10,-4.0644999784869896e-11,3.2722900184374705e-9,1.1432906416275459e-8,-7.351852988225101e-11,3.328200980415657e-7,0.013912031474299398,2.7003270089944417e-8,-7.466207593213496e-9,9.969609971168898e-10,2.202339895447594e-9,1.4228217038601968e-8,-2.2937925502955138e-9,0.9999995839782364,-7.711224009125123e-9,-5.574684346176878e-9,-9.166081322332542e-9,2.020220935912937e-8,-6.535654241144214e-9,-2.7401403736345086e-9,-7.318067717772976e-9,2.286589394955691e-8,-7.32187182547992e-9,-4.112344061953817e-9,-8.429558765053455e-9,7.959201884978839e-9,-1.6921432716358026e-9,2.801965890307946e-9,-2.990606665559428e-9,1.1653797226168466e-9,0.09966698915695972,1.3393864760864964e-7,-1.0719970574562113e-9,-2.900948078579787e-10,-2.425017037061662e-9,2.2687903870874483e-8,-3.991509149787476e-9,1.4273019264127296e-9,0.12946586824123735,8.598888868119419e-8,1.933182291349204e-8,3.1018673280607674e-10,1.8811933582653664e-8,6.680859044265786e-8,8.919177362910645e-9,3.597051638613818e-10,2.1467119581357716e-8,7.459762163173057e-8,1.3429582821778363e-8,-4.516111087207764e-12,4.982805255347966e-9,3.556904218396809e-8,-1.092275301107729e-9,0.7936507853503677,-1.0103245914947365e-16,0.14650505156637603,-2.4892647579758257e-14,5.2294619160322405e-16,-7.575057181188249e-14
group_TAC_ISI,32,,,54.12702463820618,,3,3,LOCALLY_SOLVED,Solve_Succeeded,0.054393416,0.8949958513978536,1.0595692194917278e7,54.1270252560644,10.205977102298585,503.57998768101265,1.1278456123176193e-16,3.14502161794969e-23,9.78512839073533e-9,7.1284858161060564e-9,1.000000006750984,0.3880676144565978,2.420188159148279e-7,-7.623946145858053e-9,-4.7102765698863005e-9,0.05491834795492058,8.304316574549416e-9,-4.659229135141834e-10,-6.836470288716859e-9,-4.112564941711341e-9,1.0745780472349379e-9,-5.074567258626576e-10,-4.42762943898891e-9,0.08921964966318534,1.381021584316173e-8,1.1863604322870562e-9,-5.2308882599097286e-9,1.5624237221871212e-8,1.605024499508209e-8,2.8986748462934266e-10,-5.175361701975198e-9,1.7267310641078244e-8,1.924854477519092e-8,1.815346155030979e-9,-5.916730936366096e-9,-1.6006857655540431e-9,2.9487190379231703e-9,-4.635294113643722e-10,1.869323610903646e-7,0.024446702110020216,1.3528353965702604e-9,-9.220975924685752e-9,-2.4490949287787473e-9,9.384088086584267e-9,8.863743880494233e-9,-1.6211372712692635e-9,0.9999997902104127,-9.34380370044695e-9,-8.522266140715872e-9,-9.74126454883132e-9,2.8779612557205003e-8,-8.576173517532848e-9,-6.578250965853392e-9,-6.438967853491108e-9,3.279760306904193e-8,-9.019884663551208e-9,-7.585821572512094e-9,-9.085155430394219e-9,6.366041732554862e-9,3.7114255227241723e-9,1.9158071939265845e-9,-9.261333105984348e-10,-5.233640633206999e-10,0.0836256662040836,2.583565156526485e-8,-6.922283286496439e-9,-7.596078098574284e-10,-6.262314797605905e-9,3.3431317025086956e-9,-7.539357069959482e-9,-4.919588265543232e-10,0.13585719380530492,4.2965115956503156e-8,1.7625926422550546e-8,-5.812098066566362e-10,2.3791452133303884e-8,4.993409554025539e-8,4.306602628778805e-9,-5.750401891083551e-10,2.629340483982369e-8,5.988436152281618e-8,2.697085716046026e-8,-6.574145484851215e-10,-2.4374078702754743e-9,9.173792562427638e-9,-6.886722683127814e-9,0.7936507841349032,-4.0377178553238263e-16,0.1481744454317124,-4.947679551957976e-14,-7.941031072894015e-14,-1.1223511804341819e-13
group_TAC_ISI,33,,,51.96016117085495,,3,2,LOCALLY_SOLVED,Solve_Succeeded,0.052968625,0.9031668168646572,1.0614904871156968e7,51.95713465718102,10.136642115068534,503.58326761586386,2.2556912246352386e-16,1.5922526291542861e-16,8.237637669835798e-9,0.0,0.999959724056001,0.38243242906774866,0.0010094408854811334,7.800206666788306e-5,0.00011457157424995841,0.044063438569498424,0.00015132208467506046,2.4679030195278084e-6,1.5225064052216517e-8,3.498738377401816e-9,3.011338185300225e-8,1.9025973812511028e-9,0.00013205742085038805,0.09366933617951977,6.854378287340484e-5,2.0247015885492574e-6,1.5196964090731835e-8,3.490499418384042e-9,3.0076529578398345e-8,1.9014257976276787e-9,1.5312643023226995e-8,3.5345537187985743e-9,3.0217244779065214e-8,1.9130992181603046e-9,1.5187501661361638e-8,3.486976446558369e-9,3.006528149592704e-8,1.900493104247306e-9,0.0007356922927364911,0.03496222732172252,9.231835064408527e-5,5.599548872123033e-6,1.0353971780157913e-8,-4.8618858160493155e-9,5.702028495894037e-9,-8.237637669835798e-9,0.998949890424235,7.958542224344743e-6,1.2711078108372882e-5,1.0747490090769255e-6,1.0334622814109076e-8,-4.83137654799916e-9,5.818915928775735e-9,-8.220139235945203e-9,1.0414247456189232e-8,-4.846761098113994e-9,5.743331238919885e-9,-8.232171762788214e-9,1.0328106186290041e-8,-4.809271669592871e-9,5.905843194825128e-9,-8.207952819316108e-9,1.2730174916662042e-5,0.06709659963991804,0.00047077981898907697,3.6665987718698866e-5,1.6916737835796126e-9,5.327624347407311e-9,9.3686076876007e-8,2.8267161092873526e-8,1.4673046761154224e-5,0.14263285281881422,0.00021324732449503724,3.008128074416039e-5,1.68855156563687e-9,5.315078659812064e-9,9.357142535501707e-8,2.8249754707611224e-8,1.7014047803585546e-9,5.3821613445341915e-9,9.4009205979314e-8,2.8423188384095947e-8,1.687500184595737e-9,5.309714134532062e-9,9.35364313206619e-8,2.8235897548817114e-8,0.793656625772426,1.2809448430606039e-12,0.14985753981608974,1.3180140132246072e-10,4.2402559207183094e-10,2.0383547466875632e-10
group_TAC_ISI,34,,,49.793297703503725,,3,3,LOCALLY_SOLVED,Solve_Succeeded,0.044173417,0.9107029261205013,1.063341105912981e7,49.79326662241564,10.061751985475972,503.58002190389783,1.5922526291542861e-16,1.5922526291542861e-16,8.237289294354073e-9,0.0,0.9999995743092036,0.37716087598397713,8.073176267888193e-6,7.084688186014044e-7,1.0320416919354867e-6,0.03384699817496331,1.3028381475155693e-6,2.2228205389294475e-8,1.4611806879849854e-8,3.668616588045444e-9,2.9740329849428733e-8,1.584713558765125e-9,1.4159926105043376e-6,0.09761575865326699,3.431776283787617e-7,1.4661677660089001e-8,1.4839776730917941e-8,3.9855559119854856e-9,2.9770402479405597e-8,1.7342208588655896e-9,1.5010016964564366e-8,4.060989799175479e-9,2.9989779942408465e-8,1.7508368642870246e-9,1.446321184323998e-8,3.818852453711039e-9,2.9286161915429422e-8,1.6976233252769473e-9,3.0467639623634044e-6,0.04551609957861184,7.099518440536331e-7,4.9003463046293935e-8,1.0548094814664549e-8,-4.546708009912659e-9,6.518121355047474e-9,-8.106256252836367e-9,0.9999936994919585,7.396079704046852e-8,8.525121083924487e-8,-1.8009556817555764e-10,1.0715671930418615e-8,-4.758997029112955e-9,5.277271376188882e-9,-8.194171366353345e-9,1.0840655052923773e-8,-4.829408753594242e-9,5.0087809421308555e-9,-8.237289294354073e-9,1.043873331213282e-8,-4.606890666702368e-9,5.870077877824232e-9,-8.096520517480989e-9,1.146712991039429e-7,0.05153974722096686,4.053274236715104e-6,3.302476229266607e-7,1.623534097761094e-9,5.586302531796471e-9,9.252547064266716e-8,2.354431573022471e-8,1.5733251227825967e-7,0.1486421779492929,1.067663732733925e-6,2.1783063952132228e-7,1.648864081213104e-9,6.068914684159715e-9,9.261902993592852e-8,2.5765567046003042e-8,1.6677796627293732e-9,6.183779921471752e-9,9.330153759860412e-8,2.601243341226436e-8,1.6070235381377749e-9,5.8150707817872635e-9,9.111250373689152e-8,2.5221832261257497e-8,0.79365084480973,1.2744265512330025e-14,0.1515133920071714,1.310574399050685e-12,4.275865924694431e-12,1.954183040718988e-12
group_TAC_ISI,35,,,47.6264342361525,,3,3,LOCALLY_SOLVED,Solve_Succeeded,0.053850542,0.918460704270946,1.0652106633652847e7,47.62643477823114,9.98960240767201,503.5799877598829,3.1845052583085723e-16,3.1845052583085723e-16,9.722480752886828e-9,6.254185522650255e-9,1.0000000058107645,0.3717095198168403,2.8524758843482143e-7,-6.928264716193075e-9,-3.0848118142733323e-9,0.023314255515703507,1.2090153120237397e-8,-4.129438860353014e-10,-6.2419369234514334e-9,-3.7460009218780235e-9,1.8739491970720498e-9,-4.740913404334e-10,-2.6833882224086702e-9,0.10181171020649586,1.569320029985424e-8,1.2380923104109636e-9,-4.017695964335038e-9,1.5011029357575763e-8,1.668138302739371e-8,3.6640636824260675e-10,-3.921135014612193e-9,1.678464261353705e-8,1.9898150743922176e-8,1.5724702678347356e-9,-4.998663260608345e-9,-4.2119175032701997e-10,4.3154244753732174e-9,-4.0941049432570585e-10,2.2650811884231403e-7,0.05605077997123024,4.471348290170073e-9,-9.005034761440039e-9,-2.0727511871577822e-9,7.727052874193289e-9,9.95103458015391e-9,-1.5007920545693602e-9,0.9999997439471116,-9.148117368207343e-9,-8.131104165526568e-9,-9.663667313695288e-9,2.716993108951945e-8,-8.236744498669297e-9,-5.914913397874752e-9,-6.524259229128786e-9,3.126240077870132e-8,-8.764944132241616e-9,-7.028024471945497e-9,-8.86986432011704e-9,6.715543758513334e-9,2.3155147091563565e-9,1.8510640484494306e-9,-1.1843724732458124e-9,-3.4275686825259236e-10,0.03550125271709397,3.7613809707405234e-8,-6.135166306810191e-9,-6.935485470501591e-10,-5.7041377674051715e-9,5.830064168668598e-9,-7.0436427721533695e-9,-2.9815424693429655e-10,0.15503146781443686,4.8823289821768736e-8,1.839451432610574e-8,-4.46410662703893e-10,2.2857703794490365e-8,5.1897636085224864e-8,5.443751756747299e-9,-4.3568166829024345e-10,2.555843307061323e-8,6.19053578699801e-8,2.3362415407830357e-8,-5.554070289564827e-10,-6.413601652706894e-10,1.3425765034494452e-8,-6.0826702014104866e-9,0.7936507842674709,-3.5381211521415896e-16,0.15318264681690735,-4.7165747362366985e-14,-7.306885526317641e-14,-1.0762323958308263e-13
group_TAC_ISI,36,,,45.45957076880127,,3,3,LOCALLY_SOLVED,Solve_Succeeded,0.047330959,0.9261615064662444,1.0670701379202746e7,45.45957137876524,9.917477426146645,503.5799876859293,9.022764898540955e-17,1.0253141930160176e-16,9.781223016006894e-9,7.0374065821637155e-9,1.0000000067076587,0.3662568323769052,2.393794502275617e-7,-7.637146433243922e-9,-4.6167520121927e-9,0.012779574874803476,8.327091793041757e-9,-4.642938169857227e-10,-6.7851563142148335e-9,-4.088724224470302e-9,1.0938706323211848e-9,-5.062797623367023e-10,-4.353612037889152e-9,0.10600905229304347,1.3612037493011274e-8,1.2087249274366307e-9,-5.171122804844703e-9,1.544456551798067e-8,1.5724254400535193e-8,2.591721183001289e-10,-5.111063645602592e-9,1.7148030176113805e-8,1.9016881229132354e-8,1.8026688446676993e-9,-5.855260274038532e-9,-1.4938452916881097e-9,2.991959982864513e-9,-4.613331513844038e-10,2.0898499535096516e-7,0.06658546883714932,1.4702601190812108e-9,-9.210161846913158e-9,-2.3175828804116164e-9,9.26582313668104e-9,8.804004590680967e-9,-1.6019278121652e-9,0.9999997676667343,-9.327305529753155e-9,-8.488647127421682e-9,-9.730429266080193e-9,2.85073307711185e-8,-8.547688954291516e-9,-6.515816994779827e-9,-6.299830307345618e-9,3.2704508093787104e-8,-8.998064692043751e-9,-7.530646263085414e-9,-9.01307996408552e-9,6.5983031518040954e-9,3.561902970161791e-9,1.8241253871383572e-9,-9.375981975737957e-10,-5.129724457991886e-10,0.019459807195723475,2.5906507800574355e-8,-6.898079566645023e-9,-7.539062571349812e-10,-6.226011887261597e-9,3.4031530783325745e-9,-7.521870754716718e-9,-4.837346708765723e-10,0.16142287508258893,4.23485610893684e-8,1.7958198921915657e-8,-5.745692005383003e-10,2.351786112965238e-8,4.891990257944282e-8,3.850557186173342e-9,-5.6789596062251e-10,2.6111773222718747e-8,5.916363049063398e-8,2.6782508549348672e-8,-6.505844748931701e-10,-2.2747189668887123e-9,9.308319946689593e-9,-6.854092534853998e-9,0.7936507841347754,-3.924444351536629e-16,0.1548520462400531,-4.988963673252912e-14,-8.207319077334916e-14,-1.1145307831552082e-13
group_TAC_ISI,37,,,43.292707301450044,,3,3,LOCALLY_SOLVED,Solve_Succeeded,0.052795666,0.9338039442661001,1.0689194610342504e7,43.29270745500221,9.845352873272121,503.5799881730144,1.1278456123176193e-16,5.126570965080088e-17,9.394325156452814e-9,1.7715948313623684e-9,1.000000000812665,0.3608040913507011,4.922639977324265e-7,-2.5311408063033816e-9,6.08537767471705e-9,0.002244812328363852,3.273944901307368e-8,-1.7069412926054975e-10,-3.621124360148427e-9,-2.1751172636469814e-9,5.668221845987224e-9,-3.2736474585262705e-10,7.569858218194154e-9,0.11020644928774329,2.3950211534346533e-8,1.2870471927938794e-9,1.0815943940902558e-9,1.290988721882118e-8,1.9961578921219813e-8,5.570136367278518e-10,1.4420543139732605e-9,1.4756156504879974e-8,2.2703956290666832e-8,9.955194636475583e-10,-1.2956395287397238e-9,2.696122219831839e-9,9.571267275843192e-9,-1.6624549927865922e-10,3.292873567582519e-7,0.07712017643439772,2.011061082296673e-8,-7.928615420788552e-9,1.3044251722330065e-10,3.17242391308395e-9,1.3281616726015738e-8,-1.8826231802747778e-9,0.9999996046896382,-8.134570027459402e-9,-6.291463638441149e-9,-9.291618266160078e-9,2.1658678505943694e-8,-6.9251273098126e-9,-3.48960285568624e-9,-7.04604408671661e-9,2.4842225711484472e-8,-7.678729880106411e-9,-4.819150696867291e-9,-8.420241575720073e-9,7.690855857409396e-9,-1.1574727862542594e-9,2.36050508531874e-9,-2.455659274400033e-9,6.761530749685609e-10,0.003418236954554047,1.0185606359622923e-7,-2.536027063299596e-9,-4.023471511276028e-10,-3.312110378735176e-9,1.7634467965293584e-8,-4.863704795524744e-9,8.410953575771278e-10,0.16781436596088184,7.4511769217967e-8,1.9121844007223345e-8,1.2017715489891727e-10,1.965823735593225e-8,6.210268997712831e-8,8.275631174242367e-9,1.6022825710813998e-10,2.2469601950612686e-8,7.063453068207458e-8,1.4790574888478006e-8,-1.4395994763774704e-10,4.105458834743937e-9,2.9777275969289928e-8,-2.4699331321400797e-9,0.7936507849848027,-1.6597833767990647e-16,0.15652145108958915,-3.3016998221029857e-14,-2.7638547550638486e-14,-8.550588911992238e-14
group_TAC_ISI,38,,,41.12584383409882,,3,3,LOCALLY_SOLVED,Solve_Succeeded,0.0547795,0.9531794892962898,1.0716560213908857e7,41.12584445298752,9.934342669141733,503.5799880573389,1.1278456123176193e-16,5.126570965080088e-17,9.486207681358856e-9,7.140374876364321e-9,1.0000000014535682,0.335288582602817,0.11595894776193848,9.271261516711647e-9,-5.386706462677011e-9,-3.932825141744352e-9,3.0290301424254954e-9,-4.719011100263673e-10,-5.444969084027715e-9,-3.9558573434929126e-9,2.7037486838814518e-9,-4.633723923260464e-10,5.1719776419438145e-9,0.11600299526918084,2.2319628065979365e-8,-6.27942769872982e-11,-2.406559125402891e-9,3.0905721832754055e-9,9.831935784751317e-9,-3.3792086438220525e-10,-1.5950174441893655e-9,1.137505621376721e-8,1.6987068420069377e-8,-2.0300867784214104e-10,-5.654464985562575e-9,-4.282665467635887e-9,1.7374237631557616e-9,-4.742921938616023e-10,-1.8304400998210456e-9,0.04264466387527107,0.11595869704856955,6.136469996056173e-8,-2.0119093161202766e-9,4.210662648301415e-9,1.6186618487044797e-8,-1.0533252703280091e-9,0.9999999763972361,-8.204854467252943e-9,-6.528498185465827e-9,-9.395713955376541e-9,1.7077340654384228e-8,-5.961894640687551e-10,1.8218603515848554e-9,-3.4654389174839053e-9,3.147503288526857e-8,-5.989447893868047e-9,-2.59794525492643e-9,-6.567088231067534e-9,-2.6362036539839065e-9,3.6359159486997055e-9,9.1061235547203e-9,3.131473892985175e-10,-5.985229402974454e-10,-5.988620102201627e-9,9.42364933199043e-9,-7.0111022061060275e-9,-6.049965648919681e-10,-6.023691863955117e-9,8.411662572075626e-9,-6.884389828844118e-9,5.746641824382014e-10,0.17664092461443445,6.94388428719358e-8,-9.329435438112875e-10,-2.6739545837809886e-10,4.706098551805731e-9,3.0588244663670756e-8,-5.02053855653562e-9,-1.77224160465485e-10,1.732110832550916e-8,5.284865730688251e-8,-3.0161289279403807e-9,-6.282738872847303e-10,-6.521331507536463e-9,5.405318374262369e-9,-7.046626880229519e-9,0.793650784925807,-1.1729278343113947e-15,0.158826935295793,-7.238390006131062e-14,-1.1026057881501734e-13,-1.9695375494232644e-13
group_TAC_ISI,39,,,38.958980366747596,,3,2,ALMOST_LOCALLY_SOLVED,Solved_To_Acceptable_Level,0.044919542,0.9748437630967074,1.074470955415371e7,38.95783738056315,10.067994069763136,503.5828669296206,2.2556912246352386e-16,1.5922526291542861e-16,8.235408708783727e-9,0.0,0.999964724389824,0.3175662153560477,0.18616170205048627,0.004164751419923229,3.650031620264788e-5,1.73228670517709e-5,3.966631039191271e-5,1.542440567674996e-6,1.5215618344131953e-8,3.496043020516124e-9,3.0102271812437234e-8,1.900615939893596e-9,0.0001035975591024895,0.12217079367923864,5.9287484957477425e-5,1.6699995980207596e-6,1.5193885874128026e-8,3.4902232722674198e-9,3.007322248871464e-8,1.900090734478829e-9,1.5310782957488195e-8,3.5347483773849663e-9,3.0215423274998374e-8,1.9118778975524747e-9,1.51809069165858e-8,3.485362608753123e-9,3.00577056736843e-8,1.898805156987716e-9,3.2302329448314336e-5,0.00931096668783251,0.18574233159440776,0.004112724736219018,1.0350649085105985e-8,-4.8577814852871976e-9,5.717986953081171e-9,-8.235408708783727e-9,0.9997766486572527,7.938658770592672e-6,1.2042023997454563e-5,9.987591191305309e-7,1.033567916114985e-8,-4.829700290167277e-9,5.824657789023526e-9,-8.219403125552938e-9,1.041616913654319e-8,-4.845540969128179e-9,5.747126704345541e-9,-8.231723379143066e-9,1.032673760097426e-8,-4.806307969520799e-9,5.917088740277698e-9,-8.206401439417267e-9,4.055590689183096e-6,2.6378002101560232e-5,0.00012340629899706176,2.291625986259994e-5,1.6906242604591051e-9,5.323520053967734e-9,9.365151230536029e-8,2.8237722535561997e-8,1.1510839900276607e-5,0.18603279946611337,0.00018444995320104088,2.4811422599165565e-5,1.68820954156978e-9,5.314658164589025e-9,9.356113663155666e-8,2.8229919483685455e-8,1.7011981063875767e-9,5.382457756472562e-9,9.400353907777272e-8,2.8405043049351047e-8,1.686767435176199e-9,5.307256699692256e-9,9.35128620959067e-8,2.821081947524606e-8,0.793656380121729,1.2799760839463575e-12,0.16128158279247737,1.317508651296475e-10,4.2392275101586394e-10,2.0367584421561935e-10
group_TAC_ISI,40,,,36.79211689939637,,3,3,LOCALLY_SOLVED,Solve_Succeeded,0.052871167,0.9939744890018948,1.0769353747672496e7,36.79208436932988,10.189065272310552,503.58007101854474,1.5922526291542861e-16,1.5922526291542861e-16,8.221931861652481e-9,0.0,0.9999989843869096,0.3437750391506167,1.6387520846876788e-5,0.021482986288197913,9.916378441524433e-7,4.987481317990484e-7,1.1648113639372319e-6,3.987020719415497e-8,1.4654625467128795e-8,3.4585817797823766e-9,2.970321753790227e-8,1.71099997183099e-9,2.970270877195591e-6,0.12796533881958083,1.138136349323524e-6,3.5780452020896004e-8,1.492009100487222e-8,3.6436840936356993e-9,2.993287907130325e-8,1.7862331569632944e-9,1.5065501906089385e-8,3.7025162605641492e-9,3.0115019776626945e-8,1.8002772426942648e-9,1.4633467678478125e-8,3.5276018910363457e-9,2.9573906688244734e-8,1.7586045800323052e-9,8.949247128981054e-7,0.020951892264750634,6.138680096799302e-6,0.021481693585187207,1.0284899241356323e-8,-4.607663389882716e-9,6.567467771266641e-9,-8.111336509019905e-9,0.9999935798746444,2.211253113730073e-7,2.6638341476621063e-7,1.384693741152352e-8,1.0474390395328187e-8,-4.750557906255408e-9,5.809871920005499e-9,-8.187208014462021e-9,1.0578029250892246e-8,-4.806220503476277e-9,5.581709137322717e-9,-8.221931861652481e-9,1.0269780668855563e-8,-4.641156406166073e-9,6.265925995033382e-9,-8.116583534303036e-9,1.1018198268360477e-7,7.594573825121874e-7,3.62385757669361e-6,5.923573640274451e-7,1.6282917185698655e-9,5.266476801032256e-9,9.241001011791817e-8,2.542057101006042e-8,3.300300974661767e-7,0.1948563113843617,3.5408686423398523e-6,5.315952871675977e-7,1.657787889430246e-9,5.548337142581632e-9,9.312451266627679e-8,2.6538321189168946e-8,1.6739446562321532e-9,5.6379224876772264e-9,9.369117263839493e-8,2.674697617717193e-8,1.6259408531642354e-9,5.371575606805344e-9,9.200770969676138e-8,2.6127839474765672e-8,0.7936509451614189,3.534281876459092e-14,0.16358462890130598,3.686031365431639e-12,1.1932576589732636e-11,5.5184164634311725e-12
group_TAC_ISI,41,,,34.62525343204514,,3,3,LOCALLY_SOLVED,Solve_Succeeded,0.018626958,1.0142136373416002,1.0795377070469428e7,34.62525388729711,10.317797510863485,503.5799882926581,1.1278456123176193e-16,3.703521056209345e-18,9.299290653924742e-9,5.252430276427079e-9,0.9999999989314018,0.33808499618397503,8.102610525251741e-7,0.0291879198765948,-8.987152204243474e-10,-8.170583883330878e-10,9.73788458729907e-9,-4.1597747020577927e-10,-4.542565198079236e-9,-3.4644927873817237e-9,4.101040074356762e-9,-4.514158783021906e-10,1.050554945434912e-8,0.13401509660026337,2.661723190829523e-8,-1.5478466072910267e-10,3.11514969592202e-10,7.1194998130947766e-9,1.534735456889518e-8,-3.0423105127776106e-10,1.2733479498428368e-9,1.2366266121674003e-8,2.136776483633015e-8,-2.2494116941461309e-10,-3.762066451960101e-9,-2.845000873907462e-9,4.488045422490564e-9,-4.3571174993898083e-10,1.0824520629063734e-8,1.4379944960835932e-6,4.5476530014525666e-7,0.02918797450280911,-1.7938978779393374e-9,2.4351378110661976e-9,1.8310799875249788e-8,-1.1198683890596194e-9,0.9999999403644608,-7.627092506962969e-9,-5.56840824818383e-9,-9.17779521879152e-9,1.8592441244280603e-8,-3.488122652319886e-9,7.256370842592374e-10,-4.8730638258208495e-9,2.7617422074121753e-8,-6.205106369037248e-9,-2.4180927222998284e-9,-7.25842743933016e-9,1.1860452370210996e-10,2.7450722654626404e-9,8.735272867150124e-9,-6.879337507709729e-10,-9.985724671381634e-11,-1.2441570913253837e-9,3.0295640938263775e-8,-6.180236700200149e-9,-5.047294664532483e-10,-5.275477653513079e-9,1.2758791342443258e-8,-6.70675019191826e-9,1.1672832727054574e-9,0.20406844255040102,8.28091659369185e-8,-2.2996578165466675e-9,3.461277439913354e-11,1.0841056533576137e-8,4.774732532545167e-8,-4.5200041904124496e-9,1.4148310553809292e-10,1.883045068527632e-8,6.647749060191602e-8,-3.3419830884456796e-9,-4.180073835511221e-10,-4.332160421631817e-9,1.3962807981081753e-8,-6.4734317133791424e-9,0.7936507852804755,-6.85796730557832e-16,0.16599083680298327,-5.421746332384702e-14,-6.536497941978846e-14,-1.4396812074992945e-13
group_TotEmiss_ISI,1,,1.0815980166267505e7,,,3,3,LOCALLY_SOLVED,Solve_Succeeded,0.197900333,0.026865145046376757,1.0815979904116288e7,34.706257686553975,10.29028786072139,503.5799887658816,1.5922526291542861e-16,1.5922526291542861e-16,8.954299493239335e-9,0.0,0.9999999963421952,0.33731385386624785,3.4537761186889365e-7,0.029188495591185328,-7.644635052298801e-9,-5.726108304439492e-9,-6.735343463894046e-10,-5.48894085244482e-10,-5.126636291991989e-9,-4.4213524406220336e-9,2.5382308935872535e-9,-5.04437397071459e-10,2.914075231085086e-8,0.13034924386527005,3.441188733302453e-8,-4.3161808166979335e-10,-4.6646305929229856e-9,-4.137793978979295e-9,3.1266793073185574e-9,-4.988834061340952e-10,-2.699810296224551e-9,-2.8126181776138754e-9,5.658081619466447e-9,-4.82323591419175e-10,-5.7307681108265e-9,-4.764721408477027e-9,1.7604086874249753e-9,-5.118645841341869e-10,-7.042596210710597e-9,-7.29692291117263e-9,6.092406782871538e-9,0.02918856421613417,-1.5546672982541523e-9,1.0130478416791469e-9,3.805977057984299e-8,-2.2740110398153164e-9,0.9999999945269492,0.008478311196411034,1.2079647391554863e-8,-8.817794474728061e-9,-5.7287474796552505e-11,3.3038078969004196e-9,3.833909449597861e-8,-3.533091909775369e-9,1.005344209180298e-8,1.0245767205413037e-8,2.8887689661954333e-8,-7.043206534440644e-9,-3.2217249004263093e-9,-1.9207952193693563e-9,2.9429571924024912e-8,2.6606185191514297e-10,-8.494038946998666e-10,-8.719301281760133e-9,-2.0954401887670358e-9,-8.154997837918016e-9,-5.696262546657764e-10,-6.732513943674459e-9,7.896718335604787e-9,-7.494498470775961e-9,3.2378613678723164e-9,0.19848634861302483,1.0705920503607629e-7,-6.412611499094071e-9,-5.182922881025538e-10,-6.300731740718471e-9,9.727446733879956e-9,-7.4119820339922714e-9,-2.9997892180272783e-10,-4.282850406821128e-9,1.7602920593895612e-8,-7.165950501084885e-9,-6.367520123140554e-10,-7.255371235635472e-9,5.476827027544367e-9,-7.604845249993633e-9,0.7936507907439185,-1.0026232545484319e-13,0.1679048973133594,-6.945632785067332e-12,-1.416048593076841e-11,-1.8739159603103537e-11
group_TotEmiss_ISI,2,,1.0772510279242743e7,,,3,2,LOCALLY_SOLVED,Solve_Succeeded,0.688245958,0.04438264873736914,1.0772510295409277e7,36.533212484160636,10.204370962912282,503.57998760776434,4.776757887462858e-16,4.776757887462858e-16,9.84331045980654e-9,9.29754790115248e-9,1.0000000069718544,0.34309747108463196,2.8712149080284017e-7,0.022401194665419,-8.391563337790218e-9,-5.7867349054878345e-9,-1.332510749029266e-9,-6.100215284822449e-10,-7.720947269530329e-9,-5.318090689855863e-9,-3.864494907216835e-10,-5.99037756811339e-10,-5.095690361267646e-9,0.12868713426469533,1.438746854754573e-8,-4.839136392266571e-10,-7.052074150148562e-9,2.1591926408114258e-9,5.488851318011013e-9,-5.686951848722595e-10,-6.9713445275097125e-9,1.4568604895469318e-8,1.570664080240253e-8,-5.173631084137976e-10,-7.799616891719332e-9,-5.6046532415473075e-9,-1.0275332513104136e-9,-6.043681568624715e-10,-6.787520333340641e-9,0.018454926174642495,1.4962590086992232e-7,0.022401268954417214,-2.2023167511434024e-9,1.2205146089172002e-8,1.2691584848402338e-8,-2.332904502317795e-9,1.000000000654998,-9.495954252023987e-9,-8.89353382705197e-9,-9.809654010803823e-9,2.4979734241500618e-8,2.44610226819543e-10,-2.0088151735027934e-9,-2.5887916150057336e-9,4.119222015548589e-8,-8.605269774070118e-9,-7.0427180585040975e-9,-6.250768232100378e-9,-3.0527754169600043e-9,7.256580974430952e-9,7.754707082994063e-9,3.441673723332017e-10,-9.32395926421135e-10,-8.811619060629203e-9,-4.145588996979938e-9,-9.06317699459335e-9,-8.57883029947814e-10,-8.098001732280518e-9,-1.2022873044674596e-9,-8.899989529768464e-9,-5.661878179186273e-10,0.19595540899396785,4.476101325903116e-8,-7.189574068510333e-9,-7.83563794460951e-10,3.28786152123558e-9,1.7076426322700925e-8,-8.449185603816426e-9,-7.745938363899678e-10,2.2184011999919184e-8,4.886510471858565e-8,-7.686537610719278e-9,-8.666240990799255e-10,-8.5343583450834e-9,-3.1967701151879533e-9,-8.979184044813863e-9,0.7936507840221664,-1.228944917264266e-15,0.16387176216843552,-6.493240148227991e-14,-1.0671387772273579e-13,-1.978529251203424e-13
group_TotEmiss_ISI,3,,1.072904039221798e7,,,3,1,LOCALLY_SOLVED,Solve_Succeeded,0.288391959,0.07621652852357881,1.0729040399412032e7,40.03769198099138,9.9960379675922,503.5799890248496,1.5922526291542861e-16,1.5922526291542861e-16,8.717701590154746e-9,4.137376475661346e-9,0.9999999879704612,0.35230394875846105,8.18775297821917e-7,0.009935710412402588,3.429085253086822e-9,2.4536437346687133e-9,1.8415451426247455e-8,-1.4362159471888273e-10,-2.906439315019285e-9,-2.885826058716601e-9,6.917456578292892e-9,-2.709653826560239e-10,3.254157117363246e-8,0.11890094966816762,4.097969218587556e-8,7.457034478125068e-10,4.181523452017896e-9,5.973729701801464e-9,2.0203924762969995e-8,1.294573536485775e-10,5.812717949952901e-9,9.583975952756649e-9,2.5409531104181453e-8,3.035273521602404e-10,-1.3754341016508376e-9,-1.5236554228817787e-9,8.441897005020712e-9,-2.027640831157211e-10,1.2297895039794155e-8,0.05234926103619647,2.9592343602150457e-7,0.009935725799139988,-1.0820639467794086e-9,-1.112433928261665e-9,1.8708842584018866e-8,-8.274556160405336e-10,0.9999998944511089,-5.842477810490617e-9,-2.9754607422990943e-9,-8.681378052302752e-9,1.4503304816072378e-8,-3.173365578241546e-9,2.7705257417537974e-9,-5.7820432321035965e-9,1.9979610158860214e-8,-5.125211210041305e-9,-1.9803394750746576e-10,-7.567174902517046e-9,1.5061346657114587e-9,1.808908113411196e-10,9.699958907139751e-9,-1.4298880747750196e-9,3.810094725652023e-10,3.73623023233645e-9,5.729251554832541e-8,-2.133806550109115e-9,-3.2293770166880935e-10,-4.394326043954824e-9,2.152097602135566e-8,-4.025771399460926e-9,3.6157301304036052e-9,0.1810537188128916,1.274923756893906e-7,1.1079022653214387e-8,4.646137168908771e-10,9.096361136834045e-9,6.285665481812887e-8,1.92336639706458e-9,6.458575499947665e-10,1.4593781564424897e-8,7.905187454634228e-8,4.509549232095e-9,-1.5282601129453747e-10,-2.3201116666608898e-9,2.6263679571175545e-8,-3.0124949491478556e-9,0.7936507867361327,-4.4060386462432594e-16,0.1599795300293002,-1.4524878812217193e-14,6.550397442923698e-14,-9.758286225831845e-14
group_TotEmiss_ISI,4,,1.0685570505193219e7,,,3,1,LOCALLY_SOLVED,Solve_Succeeded,0.154915833,1.256396490119603,1.0685570507724406e7,93.89639140403784,23.57464499588987,503.5799895058135,1.5922526291542861e-16,1.5922526291542861e-16,9.034632288304804e-9,1.455713243167746e-9,0.999999966409134,0.46958235372550394,1.7874711438491707e-6,2.328752742946087e-7,7.18600296766373e-8,0.026204201644953604,2.448740737163004e-7,2.0706624817164745e-9,4.959980192939071e-9,1.978256607717619e-9,2.029556323078761e-8,5.214399521184667e-10,2.0936378489922908e-8,0.159936519960096,5.497220695192697e-8,5.781194512424309e-9,9.549084883235847e-9,8.614594689713398e-9,2.8611430084827642e-8,2.2611404175895553e-9,7.186007342940871e-8,1.9946557859663877e-8,5.386296176549799e-8,5.463926692667061e-9,7.45838426276787e-9,5.639979244562295e-9,2.3570901434049247e-8,1.4868730936751682e-9,0.18762625962525792,1.135939842495356e-8,2.4588540698569203e-8,-6.9894962363423745e-9,6.9544360725020025e-9,-1.5940713663613412e-9,1.2992980274904624e-8,-5.781115545076084e-9,3.3583556405807055e-8,-6.050961000226235e-9,-2.7940756692292913e-9,-9.034632288304804e-9,1.3362063082811499e-8,-6.227775665933949e-9,-1.5989219704474158e-9,-8.672283242304165e-9,0.8123734351762425,-5.888980339441725e-9,-5.562122229955022e-10,-8.526751940570507e-9,1.0347654937086607e-8,-4.101029254533996e-9,2.7361576510999433e-9,-6.972064120108299e-9,7.984447741848585e-9,0.03990185250481571,7.618304515618234e-7,3.076412829978762e-8,5.511089103265631e-10,3.0123452890245565e-9,6.314175227356145e-8,7.747107860045791e-9,2.3262642766580996e-9,0.243539700848328,1.7102464385043944e-7,8.58920327560183e-8,1.0610094314706492e-9,1.3117678277518128e-8,8.9013338041686e-8,3.359408620418767e-8,7.98445260326763e-9,3.037316764994272e-8,1.6757365882599375e-7,8.117833943391061e-8,8.28709362529763e-10,8.588150213310768e-9,7.333169335037543e-8,2.2090685963173924e-8,0.7936507888046821,5.672633488575511e-16,0.06361112268368793,1.1536244242275177e-13,0.5341019714561072,9.320941766374884e-14
group_TotEmiss_ISI,5,,1.0642100618168456e7,,,3,2,LOCALLY_SOLVED,Solve_Succeeded,0.356050917,0.17844217450561503,1.0642100633880105e7,48.78748685599353,10.028249700562554,503.5799877385302,2.2556912246352386e-16,1.0253141930160176e-16,9.76237218365415e-9,9.035938131577788e-9,1.0000000044295707,0.374631131555185,4.6292103979178435e-7,5.5644915730191266e-8,-2.395442418439308e-9,0.028958970051159015,3.3809041522005135e-8,-4.076436598853557e-10,-6.175055696729768e-9,-3.838025980580388e-9,3.028117183118995e-9,-4.763532970175653e-10,-1.8510315356448997e-9,0.09956266228822809,2.3045321111131128e-8,2.888132884417049e-9,-3.6192688209259594e-9,1.42981127489189e-8,2.2886694181101775e-8,1.332178807724317e-9,-3.5695253685686202e-9,1.5165359943726916e-8,2.4643263232459684e-8,2.94383576561923e-9,-4.97815509798529e-9,-1.6392823121866874e-9,5.353552574589386e-9,-4.276921611333827e-10,2.0641429912997663e-7,0.05040606223179278,9.190018570362374e-9,-8.891073140078845e-9,-2.596819807440383e-9,5.979530055432683e-9,1.1398688992071765e-8,-1.077362822224022e-9,0.9999997738671943,-9.337400620248715e-9,-8.558815531710445e-9,-9.76237218365415e-9,2.3328608354863028e-8,-8.571504661868241e-9,-6.906899951403154e-9,-7.353106296115283e-9,2.4740007290101463e-8,-9.01778200799288e-9,-7.78795323185412e-9,-9.37379697409393e-9,3.774591456117381e-9,2.7219991896832604e-9,1.9924873039818175e-9,-7.006408121276851e-10,-2.6616026871547857e-10,0.04409661348699213,1.0518368473512707e-7,-6.056420089725284e-9,-6.861172996366407e-10,-5.84426683406559e-9,9.420809014147984e-9,-7.077248984260969e-9,-2.05670170627211e-10,0.15160678121162002,7.169655456796351e-8,4.2909402854196146e-8,-4.021409801028842e-10,2.177212623130832e-8,7.120304856342773e-8,1.9792370857618422e-8,-3.966139298409577e-10,2.309270718703871e-8,7.666793005654124e-8,4.373698851777141e-8,-5.531283442205876e-10,-2.496179884466092e-9,1.665549689872253e-8,-6.354283536838829e-9,0.7936507842100977,-3.568807409363722e-16,0.15228814506211633,9.599492956545474e-16,5.862802838772944e-14,-5.236510807176032e-14
group_TotEmiss_ISI,6,,1.0598630731143694e7,,,3,3,LOCALLY_SOLVED,Solve_Succeeded,1.565572333,0.2430007354447394,1.0598630746833133e7,53.79115509001236,10.194798768149932,503.5799877385963,4.776757887462858e-16,4.776757887462858e-16,9.763074087289194e-9,9.023164817520877e-9,1.0000000044519526,0.3872223637961395,4.650510006955314e-7,5.348145802443575e-8,-2.4146658104274026e-9,0.053285426200995925,3.374326101470671e-8,-4.072293145216803e-10,-6.188952143662969e-9,-3.8372714513268006e-9,3.0340065619430947e-9,-4.760693183854938e-10,-1.8414637875862918e-9,0.08987024327320597,2.3217325511677883e-8,2.822166582610063e-9,-3.6179541242233485e-9,1.4379319317627818e-8,2.3062613630310626e-8,1.3258307951777794e-9,-3.5684402524138104e-9,1.524813984799265e-8,2.482336663683404e-8,2.884029257910796e-9,-4.988346417954216e-9,-1.6367890242107644e-9,5.373817583678631e-9,-4.27253089590904e-10,1.9477306979050393e-7,0.026079609418710493,9.16555302170606e-9,-8.892838630092962e-9,-2.6448575369773572e-9,6.000673406656693e-9,1.1484059460693714e-8,-1.0898749123452159e-9,0.999999785438522,-9.337347591369961e-9,-8.557838068007735e-9,-9.763074087289194e-9,2.3446252039374536e-8,-8.570578908049176e-9,-6.902223346749768e-9,-7.410393050598309e-9,2.4860456707968963e-8,-9.017412066720735e-9,-7.785856161602777e-9,-9.378454630347643e-9,3.7116460453192766e-9,2.7415563252391423e-9,2.045920817426776e-9,-7.101517170712218e-10,-2.6829620115860016e-10,0.08113917171515288,1.049790342679764e-7,-6.0502641014649636e-9,-6.876613492958852e-10,-5.843117891793081e-9,9.439131526045181e-9,-7.0730298731559074e-9,-2.046070875095879e-10,0.13684787043874547,7.223167936966452e-8,4.1929332084492355e-8,-4.01994902691483e-10,2.1895781688205994e-8,7.175035351652194e-8,1.9698057528355578e-8,-3.9649336137931216e-10,2.3218758404897892e-8,7.722825175903923e-8,4.2848434688960393e-8,-5.542607131060237e-10,-2.4923832868663913e-9,1.671854359366685e-8,-6.347760188207716e-9,0.7936507842171773,-3.616619209118245e-16,0.14843320693589573,9.363070330006973e-16,5.936037650575985e-14,-5.3098924756186236e-14
group_TotEmiss_ISI,7,,1.0555160844118932e7,,,3,1,LOCALLY_SOLVED,Solve_Succeeded,0.132023291,1.411692363674005,1.0555160842158651e7,99.62237676321945,25.744729848658398,503.5799897794501,1.1278456123176193e-16,5.65112465852256e-23,8.89009476323128e-9,0.0,0.9999999637776028,0.4809320836492083,1.87559702313908e-6,1.9832085378738178e-7,7.6399085923986e-8,0.06403631507199165,2.473122125358557e-7,2.0988659928798164e-9,4.54453875879774e-9,1.4076629119984287e-9,1.9351184155002346e-8,4.6100829874622903e-10,2.437594885947069e-8,0.12660338783238875,6.170976202707165e-8,5.0703442560284904e-9,1.0271816311894007e-8,8.23160513804227e-9,2.945864485449358e-8,1.7819137309414905e-9,7.639929085063124e-8,2.1618492247869975e-8,5.946350232018953e-8,4.657023108746087e-9,7.628194036891165e-9,4.970081291621113e-9,2.3579945310820046e-8,1.182232609215229e-9,0.05410102231814891,3.592009099226139e-8,4.488678815793363e-8,-5.461457791500796e-9,6.194980352402307e-9,-1.48612802245891e-9,1.4842162231401983e-8,-5.533479735601868e-9,3.938423663903453e-8,-5.39835061830687e-9,-1.6970910673825085e-9,-8.89009476323128e-9,1.3970102691158568e-8,-5.816599627869571e-9,-5.174466625244728e-10,-8.566709429576716e-9,0.9458986498629052,-5.1831282985555015e-9,1.1457800058239059e-9,-8.243262337784963e-9,1.0248479355844904e-8,-3.5611452424063327e-9,4.449686637492379e-9,-6.827580386046188e-9,8.48878732488733e-9,0.09750984340507818,7.694157723337732e-7,3.118315189421441e-8,5.049487509775265e-10,2.143486706906698e-9,6.020368403778507e-8,6.849266152801116e-9,2.708438762163409e-9,0.19278243147204652,1.9198592630644512e-7,7.533082894670899e-8,1.1413129235437783e-9,1.253448964201891e-8,9.164911732509112e-8,2.6474146859702144e-8,8.488810094514581e-9,3.2919067741074734e-8,1.8499756277392294e-7,6.919005761565614e-8,8.475771152101291e-10,7.568078330423058e-9,7.335982985588459e-8,1.7564598765483397e-8,0.7936507901526884,6.870592938984248e-16,0.05035362862621994,1.323306597413864e-13,0.6218892778652129,1.0239558728877198e-13
group_TotEmiss_ISI,8,,1.051169095709417e7,,,3,2,LOCALLY_SOLVED,Solve_Succeeded,0.140225667,1.4555142444650173,1.0511690973544784e7,101.23830159461863,26.35714293358786,503.5799875201764,1.5922526291542861e-16,1.5922526291542861e-16,9.937953105742327e-9,9.460925058153135e-9,1.0000000078821683,0.4841354357681309,2.4422337757864274e-7,-5.331551886698902e-9,-7.334857623998454e-9,0.07471305714615575,8.48052480362258e-9,-5.48011448202485e-10,-8.102021465628868e-9,-5.104777965180149e-9,1.590331967230147e-10,-5.671221902036688e-10,-7.524766062447801e-9,0.1171964696576527,1.6063113338572995e-8,1.0089996085043769e-9,-7.481933185127124e-9,1.733433267504678e-8,2.3722884651075726e-8,2.2348488580731228e-9,-7.334856774111704e-9,1.3581391346712646e-8,1.4374919565231803e-8,7.541625949477173e-10,-7.68734169053026e-9,-3.8181458342427495e-9,2.0907156189989025e-9,-5.432377895785951e-10,0.01641902788835916,-7.167536889216823e-9,-6.550663041099365e-9,-9.755958805999592e-9,-3.4113104695544674e-9,1.2890272121244884e-8,9.740725597203945e-9,-2.2494181562027686e-9,2.4703355568166103e-8,-9.785135337071348e-9,-9.504148852044622e-9,-9.937953105742327e-9,3.5584677510182784e-8,-9.5318049270539e-9,-8.914140925992447e-9,-9.757483750464522e-9,0.9835809661643825,-9.672821615668628e-9,-9.246181040643437e-9,-9.8835828550206e-9,7.470233855907358e-9,6.389167456649151e-9,1.9228887916269583e-9,-8.47155116553654e-10,-8.149841804442723e-10,0.11376760974528262,2.638385494460358e-8,-8.141884373294063e-9,-9.00224607292096e-10,-7.773184628797044e-9,4.947699453604901e-10,-8.42581539731165e-9,-8.360851180497554e-10,0.17845826061506204,4.9974130386671536e-8,1.499085132635074e-8,-8.313259094585691e-10,2.6395461118821233e-8,7.380453002556891e-8,3.320346874851496e-8,-8.149840860124113e-10,2.0680755005221524e-8,4.472197198072116e-8,1.1204701410651798e-8,-8.541490767255841e-10,-5.813994793051459e-9,6.504448592441029e-9,-8.070961445167697e-9,0.7936507839624809,-6.539970073303367e-16,0.04661222146419207,8.322078318211532e-15,0.6466636795504814,-8.563997555042433e-14
group_TotEmiss_ISI,9,,1.0468221070069408e7,,,3,1,LOCALLY_SOLVED,Solve_Succeeded,0.320903333,1.4985958720522945,1.0468221079900961e7,102.82535974335802,26.9596613377289,503.57998826842754,1.5922526291542861e-16,1.5922526291542861e-16,9.553122554336926e-9,5.6542321581469665e-9,0.9999999951323975,0.48728105424895984,9.965510675663372e-7,6.591377268061278e-8,1.1752304463710246e-8,0.07936501414349245,1.0173272449257541e-7,2.2018505490664816e-10,-2.9717082810562845e-9,-1.9317823480354337e-9,8.78547295411224e-9,-1.7913091374796182e-10,5.063707125260705e-9,0.10793863983169132,3.8600713436825096e-8,2.3603006564586436e-9,3.581749641395398e-9,1.3424315686965918e-8,2.990623236151853e-8,1.4684107679544725e-9,1.770517294023216e-8,0.005852791229050285,4.246426038082572e-8,2.7065082037414515e-9,7.726883544107279e-10,4.6161176829387465e-9,1.716280345348198e-8,2.5530177406658405e-10,1.4482757299081522e-7,6.3052676906924986e-9,1.169472255610559e-8,-8.352915912237782e-9,-4.2434251123244537e-10,7.263335211369894e-10,1.6968029846842477e-8,-2.0229683268337556e-9,2.628071460850013e-8,-8.335332207252705e-9,-6.6085394735992365e-9,-9.553122554336926e-9,1.8593543220225387e-8,-7.385466392851845e-9,-4.356788298816538e-9,-8.975625589298063e-9,0.9999997576139693,-7.428110888444785e-9,-5.0935017818461475e-9,-9.196295940316016e-9,8.347701727996651e-9,-2.4912374050485585e-9,2.8214045025907503e-9,-4.314568327102088e-9,1.3058116070789155e-9,0.12085127153668167,3.1650180953245683e-7,3.2713208157559155e-9,-3.301898090062537e-10,-2.9415776663266835e-9,2.733258252390475e-8,-2.6613735756840033e-9,5.626341250289672e-10,0.1643611106528027,1.200911084701225e-7,3.506732403881413e-8,3.979721823772663e-10,2.0441571614243555e-8,9.304161179139097e-8,2.1816388552466446e-8,1.9672414378035726e-9,0.008912204826053843,1.3211103229590222e-7,4.021097902701584e-8,8.585426160119196e-11,7.0290882899294545e-9,5.339538852194394e-8,3.793054928989248e-9,0.7936507861846783,-6.966761122528656e-17,0.04293013730986132,5.273184828169892e-14,0.67103944761517,-2.1715953500487993e-14
group_TotEmiss_ISI,10,,1.0424751183044646e7,,,3,2,LOCALLY_SOLVED,Solve_Succeeded,0.158814459,1.5388003740581175,1.0424751192114795e7,104.30531704728462,27.522294037805928,503.57998830703923,1.1278456123176193e-16,1.258008647179876e-22,9.533988535366508e-9,5.216340156559576e-9,0.9999999941777122,0.4902145481484921,1.0001831268105626e-6,5.380022965156899e-8,1.339868163566684e-8,0.07936497638999176,1.015332346422441e-7,2.4934487088862144e-10,-2.9199633213073348e-9,-2.092472509705311e-9,8.515476434749146e-9,-1.7919291668910758e-10,5.760682423777726e-9,0.09929141604970819,3.9794042301601757e-8,2.1689048637625604e-9,4.001237438062467e-9,1.3133320016534864e-8,2.9757394160377797e-8,1.2853615902007001e-9,1.76833251721911e-8,0.015662876275466565,4.156919808565842e-8,2.2856739235226166e-9,8.462130942232727e-10,3.830084384213948e-9,1.6418591975714833e-8,2.1338976891529592e-10,2.3246627899669577e-7,1.6007396571014284e-8,1.740619912953259e-8,-8.003383678688211e-9,-4.2525516115094984e-10,4.443561802618513e-10,1.748490503884167e-8,-1.8941528755126545e-9,2.9051426025530503e-8,-8.239254231280143e-9,-6.4282261032044115e-9,-9.533988535366508e-9,1.9606867493552813e-8,-7.199946674730255e-9,-3.984972776884927e-9,-8.929057111917171e-9,0.9999996621925233,-7.22167451414367e-9,-4.80404080210602e-9,-9.160539811919136e-9,8.207897693176202e-9,-1.9618607372743043e-9,3.75885218962761e-9,-4.1938645016953414e-9,1.4887424039629815e-9,0.12085121404839654,3.1588117444253714e-7,3.7045523674880895e-9,-3.2444036903414815e-10,-3.18626495796036e-9,2.6492593352552897e-8,-2.6622947622381696e-9,6.400758248641917e-10,0.15119374716660108,1.2380368716053878e-7,3.222372940447233e-8,4.4458193756249606e-10,1.9998464570632634e-8,9.257855961006424e-8,1.9096800768696116e-8,1.9648139080212324e-9,0.023850288874005903,1.2932639404427063e-7,3.3958584006621726e-8,9.402367713591915e-11,5.832173948689421e-9,5.108006392444614e-8,3.1703622810272533e-9,0.7936507863968048,-9.735603750347452e-17,0.03949090099409051,5.1780255946291806e-14,0.6938031157264515,-2.9426382514750675e-14
group_TotEmiss_ISI,11,,1.0381281296019884e7,,,3,2,LOCALLY_SOLVED,Solve_Succeeded,0.201453917,1.579476382012892,1.0381281309783848e7,97.22951727566502,30.494963625191904,503.5799877463837,1.0468401263500556e-16,5.408302895851669e-24,9.822556495889697e-9,7.915803972723395e-9,1.0000000041178276,0.4674679790092376,4.6981150216019796e-7,-4.791857887641251e-10,-2.333232450057084e-9,8.515870321151834e-8,2.784500999562079e-8,-2.7325264301536273e-10,-6.3251372538671904e-9,-3.9601927609105146e-9,2.9990921875743866e-9,-4.1424356465726543e-10,-3.380793056226507e-9,0.07687414728382358,2.5139089836049193e-8,1.1710753809744576e-9,-3.293870291744293e-9,1.648697430958004e-8,2.627010203073928e-8,1.2422225799056195e-9,-1.6921969689834785e-9,0.07696840266157,2.46604965845863e-8,1.1247599935227316e-9,-5.039735894131002e-9,-1.9339836993737096e-9,5.796701366581603e-9,-3.2572634630659477e-10,1.730546396390064e-7,0.07936495798774632,9.110339544670995e-9,-8.825579269053035e-9,-3.229197472633879e-9,5.825304656441795e-9,1.5168414056860412e-8,-1.3919382423991057e-9,2.8105056367495025e-8,-9.321454212855092e-9,-8.5182702750352e-9,-9.822556495889697e-9,3.119724273686625e-8,-8.490889073723581e-9,-6.7125084534708126e-9,-9.368330595087384e-9,0.9999997965189144,-8.871791731116284e-9,-7.692214659094131e-9,-9.666188906733812e-9,2.9878008155368505e-9,3.872246574894864e-9,5.090385941532609e-9,-1.4412679148893735e-9,-2.5924805000634257e-10,1.2967347989026653e-7,8.662891998637578e-8,-4.059753553371103e-9,-7.027930282074654e-10,-6.030293522295556e-9,9.3305090280092e-9,-6.154475817765087e-9,-3.7564367291405614e-10,0.11705836063673136,7.821050171215305e-8,1.7398834231620507e-8,-3.65985587971588e-10,2.5105165425951427e-8,8.172920631785553e-8,1.8455878330026344e-8,-1.8802188544260866e-10,0.11720188587102703,7.672154492982404e-8,1.6710719903766297e-8,-5.599706549034445e-10,-2.9449297240463306e-9,1.8034182029364984e-8,-4.839362859412264e-9,0.7936507847988501,-7.646399810747605e-16,0.03057493675848488,6.7955093591577174e-15,0.8360590799920216,-1.1402280533913647e-13
group_TotEmiss_ISI,12,,1.0337811408995122e7,,,3,1,LOCALLY_SOLVED,Solve_Succeeded,0.383253375,1.6100376895105812,1.0337811399771508e7,106.92780187181367,28.519294547706583,503.57999001686807,1.0468401263500556e-16,2.516017294359752e-22,8.784260700688176e-9,0.0,0.9999999636126042,0.49541245389787986,2.0343906353343573e-6,1.7351370370274283e-7,7.010742125430156e-8,0.07936456716225612,2.5191838427605366e-7,2.1403032662694577e-9,4.101953280595925e-9,1.0465834752160927e-9,1.883148360127858e-8,4.2349308186389576e-10,2.8148717069461187e-8,0.08396840113605882,7.158239610481921e-8,4.35287566544789e-9,1.0658397077399357e-8,7.915787425869072e-9,3.0492979567177514e-8,1.4363974410384792e-9,8.619678091692068e-8,0.03304665061557022,7.13821995426262e-8,4.15994764582742e-9,7.628910292508104e-9,4.525217470007132e-9,2.3975401294485708e-8,9.859775705323363e-10,6.081400333155945e-7,2.1584716212715443e-7,8.382928521011036e-8,-2.9776182641354047e-9,5.521287220467652e-9,-1.4336937034041789e-9,1.6510901309955487e-8,-5.399952246019349e-9,4.6928732905542605e-8,-4.801978269703253e-9,-5.808047533515879e-10,-8.784260700688176e-9,1.4254319763500292e-8,-5.484234111259027e-9,4.887456490872071e-10,-8.534815496960719e-9,0.999999048886055,-1.5643206276963328e-9,3.2030884939491952e-9,-7.991098891863954e-9,1.0057531822925964e-8,-3.1324092695058326e-9,6.187725835905461e-9,-6.854037623121277e-9,7.789713472700171e-9,0.12085059090616272,7.83746084414389e-7,3.17987913845748e-8,4.5577258673288047e-10,1.5936612008972319e-9,5.8586837870644465e-8,6.291897216263594e-9,3.127635229940131e-9,0.12786097445718045,2.2270078788165973e-7,6.467129560094008e-8,1.1842663419332612e-9,1.205358539848245e-8,9.486704754233003e-8,2.134076198114312e-8,9.577420101880071e-9,0.050321036164618284,2.2207795413261484e-7,6.180493645229309e-8,8.476566991675668e-10,6.89067205660177e-9,7.45901373606222e-8,1.4648809619337564e-8,0.7936507922292636,8.94780551833119e-16,0.033396533879829854,1.655956479644347e-13,0.7341408575748667,1.2283975680771282e-13
group_TotEmiss_ISI,13,,1.029434152197036e7,,,3,1,LOCALLY_SOLVED,Solve_Succeeded,1.168405792,1.6360489226151773,1.0294341527340248e7,99.31254622524224,31.28686047421988,503.57998842586477,1.5922526291542861e-16,1.5922526291542861e-16,9.487989284378056e-9,3.0882807537143746e-9,0.9999999920472594,0.4715967576137215,9.502765715440792e-7,3.109280581584633e-8,1.4560277203635808e-8,8.771170009149717e-8,7.505477545396871e-8,3.1115895556635354e-10,-2.905089623672431e-9,-2.445942961235403e-9,8.020608893260249e-9,-1.6810137080463335e-10,7.820207207078734e-9,0.06470330888659866,4.5186903043438396e-8,1.6912067450936406e-9,4.941067222025064e-9,1.2186934816149475e-8,2.9660232327317205e-8,8.857186714438829e-10,1.9499488091291164e-8,0.09077589386737434,4.3729633743448806e-8,1.590970132632544e-9,7.512019830168719e-10,1.976412117953732e-9,1.482340593540462e-8,1.3910312830751092e-10,2.1700244763394236e-7,0.0793649036295503,4.641744703948895e-8,-6.444641891863407e-9,-6.150043234366145e-10,-3.6879547818381504e-10,1.9152274546167188e-8,-1.5945187790215429e-9,3.886598767680207e-8,-7.929206179197857e-9,-5.833416027498679e-9,-9.487989284378056e-9,2.1657894514669e-8,-6.5818473155011644e-9,-2.7333079820149285e-9,-8.854791333018721e-9,0.9999996583109947,-6.491322038428035e-9,-3.726920491241584e-9,-9.072604658327586e-9,7.194770147607293e-9,-6.065112869220126e-10,7.045416938844437e-9,-4.017826110196079e-9,1.6178085781817556e-9,1.3356099786659796e-7,2.3350374585679153e-7,4.6229330541286806e-9,-3.2278773596360334e-10,-3.724504054608454e-9,2.495300544569855e-8,-2.4975060805259805e-9,8.689119118976367e-10,0.09852549307732068,1.4058147613514163e-7,2.5126500212819797e-8,5.490074691138958e-10,1.8557378015500332e-8,9.227627835165351e-8,1.3159248832880544e-8,2.16660978792124e-9,0.13822692929804728,1.360477494240629e-7,2.3637270541969222e-8,8.346688700187464e-11,3.0095366341568183e-9,4.611726291014771e-8,2.0666750491401617e-9,0.7936507873966071,-2.2393518577314505e-16,0.025734269211979306,5.220375246169993e-14,0.8680985145509593,-6.299166710206675e-14
group_TotEmiss_ISI,14,,1.0250871634945597e7,,,3,2,LOCALLY_SOLVED,Solve_Succeeded,0.173164875,1.6618422520864826,1.0250871617114278e7,100.2623717660684,31.64793779476229,503.5799902474374,3.383536836952858e-16,1.0253141930160176e-16,8.685220871872313e-9,0.0,0.9999999595157862,0.4734792751086933,1.9156272542236585e-6,1.5298101994463052e-7,6.89163158111543e-8,1.9740905908486965e-7,1.9114736028863346e-7,2.0100226303687865e-9,4.025524890914025e-9,7.257219933927563e-10,1.833316813746605e-8,3.968195558196437e-10,3.353626692292614e-8,0.05915380186396614,8.240223540271929e-8,3.892356687476073e-9,1.1282163384209233e-8,7.41161142966812e-9,3.0867620728335706e-8,1.229314725871278e-9,9.226062117674114e-8,0.0970716141301693,7.986443052025411e-8,3.6238133786400963e-9,7.868572636484264e-9,4.042399893352273e-9,2.3991061172208193e-8,8.614084133157407e-10,4.02603755204314e-7,0.0793646425456332,1.293238646524041e-7,-3.8494330752598026e-10,5.292074547874219e-9,-1.4780730308542124e-9,1.76925838017959e-8,-5.2866897071918135e-9,5.885389650487033e-8,-4.188733628994107e-9,5.660764622206004e-10,-8.685220871872313e-9,1.4801296448404727e-8,-5.220822655733028e-9,1.358923104316466e-9,-8.506146715000067e-9,0.9999992257208519,-6.543102119395694e-11,5.195198170051843e-9,-7.792285235209305e-9,1.014450639886084e-8,-2.8408111199937017e-9,7.66645011777875e-9,-6.867212569365637e-9,7.657368423461585e-9,3.006001581519606e-7,5.946806764535263e-7,2.9863193365479106e-8,4.4728054343489144e-10,1.1050766717571516e-9,5.703652309433881e-8,5.89560482932042e-9,3.726251880325125e-9,0.09007510738376662,2.563625101417933e-7,5.782929935678737e-8,1.253573709356581e-9,1.1285862858812818e-8,9.603259782148886e-8,1.8264104498658987e-8,1.0251180130749013e-8,0.14781359424366686,2.4846711717412385e-7,5.3839513054081424e-8,8.742858484982511e-10,6.1554725648773235e-9,7.463885698020326e-8,1.2798067854976718e-8,0.793650794532684,1.1370284138708765e-15,0.02352709429863796,2.0318766453695975e-13,0.8827072005498404,1.4571317398552385e-13
group_TotEmiss_ISI,15,,1.0207401747920835e7,,,3,2,LOCALLY_SOLVED,Solve_Succeeded,0.295935334,1.6860996912498762,1.0207401727852646e7,101.15566597478418,31.987542996601128,503.57999028371745,1.1278456123176193e-16,2.516017294359752e-22,8.672988613043615e-9,0.0,0.9999999589818946,0.4752499121689518,1.9047080863215081e-6,1.4955910249474045e-7,6.776841974695643e-8,1.6223903871266306e-7,1.8148065624803018e-7,1.984646283151356e-9,4.007454747239741e-9,6.81692612789211e-10,1.827622026762227e-8,3.9338807121668627e-10,3.4689066068373785e-8,0.05393434852998655,8.506174525417841e-8,3.809471541864165e-9,1.1377158299756537e-8,7.333264727071756e-9,3.097774208660934e-8,1.1964521791319818e-9,9.34535710220493e-8,0.10299295741062371,8.225757005562286e-8,3.5464606401459297e-9,7.906113284812884e-9,3.976175146123629e-9,2.4046022550844646e-8,8.42661971446292e-10,3.558721178922898e-7,0.07936469146505011,1.3569012209997068e-7,-2.1168236975819623e-11,5.252246319693429e-9,-1.485369588223837e-9,1.790321356114555e-8,-5.276246734062047e-9,6.177262427917788e-8,-4.089689344249343e-9,7.768542632845812e-10,-8.672988613043615e-9,1.4888525144603295e-8,-5.182700979903878e-9,1.5057302086626727e-9,-8.507398805003711e-9,0.9999992674762599,1.916272497714977e-10,5.593181048590497e-9,-7.766399245254398e-9,1.0162584278033983e-8,-2.7971642890962326e-9,7.939164125677928e-9,-6.884118192657304e-9,7.52982441632849e-9,2.4704580894882785e-7,5.646064861049828e-7,2.9486173349677285e-8,4.452727496933043e-10,1.038031933110844e-9,5.6859351943713734e-8,5.844622772362195e-9,3.854340674263752e-9,0.08212730344338859,2.6463654079077727e-7,5.659786290769616e-8,1.264128699972948e-9,1.1166562198041084e-8,9.637519760278462e-8,1.7775860947103727e-8,1.038373011356103e-8,0.15683018514799518,2.559124401730489e-7,5.269027236788238e-8,8.784570316458757e-10,6.054630336142798e-9,7.480984793596113e-8,1.2519549290059194e-8,0.7936507951177795,1.2020032804694588e-15,0.02145117614229472,2.1377863092253267e-13,0.8964473646882611,1.5244233782217896e-13
group_TotEmiss_ISI,16,,1.0163931860896073e7,,,3,2,LOCALLY_SOLVED,Solve_Succeeded,0.235961542,1.7089018757795933,1.016393183842378e7,101.99542599416255,32.306795201530456,503.5799903184047,9.022764898540955e-17,1.0253141930160176e-16,8.661864076268122e-9,0.0,0.9999999584964866,0.4769144369508699,1.9000252576437207e-6,1.4639735343780896e-7,6.659099612491987e-8,1.387971834714462e-7,1.73103946412868e-7,1.961832978207771e-9,3.989049193790947e-9,6.410128244457066e-10,1.8223192672324728e-8,3.902634947006035e-10,3.587057556957479e-8,0.04902770058786897,8.784116644339704e-8,3.730922035879572e-9,1.1465061088925076e-8,7.258565306265576e-9,3.108405375044707e-8,1.1661499441545387e-9,9.454450545379565e-8,0.10855942683737071,8.477098234815696e-8,3.4745989981703535e-9,7.939726555548977e-9,3.914381043827775e-9,2.410118492445059e-8,8.252929266198804e-10,3.1796008275714227e-7,0.07936472576033786,1.420199592379972e-7,3.443510757011114e-10,5.213580209218779e-9,-1.4924540950228528e-9,1.8104818834213508e-8,-5.2669122515343715e-9,6.489593420765977e-8,-3.9942505956415114e-9,9.85778885136831e-10,-8.661864076268122e-9,1.4968995918979104e-8,-5.147087537598258e-9,1.64727870215531e-9,-8.50913059964013e-9,0.9999993003912504,4.4357370849761376e-10,5.994453690736055e-9,-7.742677628260378e-9,1.0177849781810017e-8,-2.7564867079231495e-9,8.205470247832436e-9,-6.901513357665071e-9,7.398999569435537e-9,2.1135025664970212e-7,5.385456110622559e-7,2.9147232819086883e-8,4.432276881989939e-10,9.760877099514168e-10,5.669437720278805e-8,5.79820049269468e-9,3.985619507730531e-9,0.07465581680425502,2.7328362893501304e-7,5.543084167592505e-8,1.2738956765472302e-9,1.105281535272258e-8,9.670594500139087e-8,1.7325656313153145e-8,1.0504945050421733e-8,0.1653063999569054,2.63731945083155e-7,5.162261368710239e-8,8.821918395054416e-10,5.9605347712832035e-9,7.498146420940183e-8,1.2261494909781079e-8,0.7936507957352139,1.2719360964569512e-15,0.01949966926456657,2.2521592238872368e-13,0.9093640588564021,1.5972908773112127e-13
group_TotEmiss_ISI,17,,1.0120461973871311e7,,,3,2,LOCALLY_SOLVED,Solve_Succeeded,0.120186667,1.7303190499324854,1.0120461986008875e7,102.7842066636963,32.60668502848335,503.5799877742173,1.5922526291542861e-16,1.5922526291542861e-16,9.818220774914806e-9,6.980443664510445e-9,1.000000003591735,0.4784781740987873,4.293926506030973e-7,-2.9790473054323837e-9,-3.0133912671645454e-9,8.008425875997223e-9,1.5958254889753548e-8,-2.2146198632069578e-10,-6.219716985358269e-9,-4.010270802203508e-9,2.9849684514720827e-9,-3.750367637064537e-10,-2.9459655240276125e-9,0.04441867082231016,2.6882570789098738e-8,1.176053834462253e-9,-2.9940310697087806e-9,1.601370016191498e-8,2.4674358968767912e-8,9.960224720766862e-10,-8.594396382547882e-10,0.11378831252012386,2.5342227665035758e-8,1.0574154655265083e-9,-5.280563741097942e-9,-2.8957580770666344e-9,4.608110721096803e-9,-3.014764360116025e-10,3.434617413136434e-8,0.0793650756805356,1.3920310015897827e-8,-8.423300769960787e-9,-3.074280042872582e-9,5.096169985692736e-9,1.6589825293063188e-8,-1.3355935169295315e-9,3.723031218535474e-8,-9.245898336451098e-9,-8.361621143556407e-9,-9.818220774914806e-9,3.51431084061608e-8,-8.16166075203698e-9,-6.117484468159174e-9,-9.395026218448388e-9,0.9999999227125588,-8.677868218719576e-9,-7.3548715664693165e-9,-9.662703064037734e-9,9.150929727327273e-10,4.614396260877816e-9,7.753360810841242e-9,-1.315394539564448e-9,-3.3482125190717153e-10,1.219464849299577e-8,4.964790410145549e-8,-3.290292368193194e-9,-6.910796650398075e-10,-6.106548721537158e-9,9.286568515690922e-9,-5.571974775067312e-9,-3.2732950266973457e-10,0.06763752147942682,8.363466467719607e-8,1.7472799826296332e-8,-3.326701188565311e-10,2.4384497973825082e-8,7.676467234727795e-8,1.4798048156567908e-8,-9.549329313942087e-11,0.17326856679200678,7.884248606900013e-8,1.571017263067955e-8,-5.867293045664377e-10,-4.409449799169647e-9,1.4336344465634498e-8,-4.479078477886665e-9,0.7936507852260725,-1.1914789364840292e-15,0.017666509977141927,-4.819797499588868e-15,0.9214976291676711,-1.7718924924441516e-13
group_TotEmiss_ISI,18,,1.0076992086846549e7,,,3,3,LOCALLY_SOLVED,Solve_Succeeded,0.345735042,1.7504157157659834,1.0076992098635506e7,103.52444001599801,32.888097997105206,503.57998777817613,2.093680252700111e-16,1.5922526291542861e-16,9.81781235855931e-9,6.779955980935354e-9,1.0000000035382413,0.47994542400557927,4.273316061449088e-7,-3.2250694517051987e-9,-3.1370347284982623e-9,6.466066032897053e-9,1.4989017798029955e-8,-2.1271244436860116e-10,-6.211637128463236e-9,-4.014629156184102e-9,2.989247638226264e-9,-3.685683766095319e-10,-2.886466756511761e-9,0.04009357382074453,2.7177439470452386e-8,1.1753859290307758e-9,-2.9565609956406687e-9,1.594791358078179e-8,2.4429909458304913e-8,9.63444845846809e-10,-7.784711452495315e-10,0.11869502262173595,2.549922182950348e-8,1.0502282717275565e-9,-5.326950935521214e-9,-2.9931814507151847e-9,4.478819257811013e-9,-2.9721163053316115e-10,2.899299208848333e-8,0.0793650786242063,1.4683784150681176e-8,-8.349590566475929e-9,-3.0711807140359133e-9,4.989922775915924e-9,1.6826763786607284e-8,-1.3306415478374756e-9,3.882806041257166e-8,-9.234843594403406e-9,-8.338446990160884e-9,-9.81781235855931e-9,3.5686605690663224e-8,-8.108203309246729e-9,-6.0251502668954065e-9,-9.400737667045326e-9,0.9999999261525417,-8.647714941128802e-9,-7.302463628721216e-9,-9.662737221242748e-9,6.126902015184521e-10,4.67311898516665e-9,8.169868900493728e-9,-1.3025346698896983e-9,-3.4855941427758457e-10,9.846055095547785e-9,4.6632499816093183e-8,-3.16029917347636e-9,-6.901819031625814e-10,-6.113185306007609e-9,9.299881541148375e-9,-5.475873023913045e-9,-3.207185285013067e-10,0.06105157831795189,8.455203390807409e-8,1.746287665988581e-8,-3.285067772934075e-10,2.4284322952554083e-8,7.600416275917084e-8,1.431403770972402e-8,-8.649679391661457e-11,0.18074014808309788,7.933091235845527e-8,1.5603391465666553e-8,-5.918834372801347e-10,-4.557799027225395e-9,1.3934104357634262e-8,-4.415715653635537e-9,0.7936507853120458,-1.2825924433845069e-15,0.015946301173355167,-7.12936044320514e-15,0.9328833678082145,-1.9062290828706578e-13
group_TotEmiss_ISI,19,,1.0033522199821787e7,,,3,1,LOCALLY_SOLVED,Solve_Succeeded,0.091551875,1.7697417079122957,1.0033522168582061e7,104.23335485808022,33.15956446199651,503.5799904200243,1.5922526291542861e-16,1.5922526291542861e-16,8.629805533185867e-9,0.0,0.9999999608983243,0.48135032740263994,1.9175419619396936e-6,1.3821631248679083e-7,5.6990849440764757e-8,9.796154434213625e-8,1.524563190880882e-7,1.9000501329444084e-9,3.6750982814899736e-9,5.516865265094436e-10,1.8129962176828592e-8,3.836026723699089e-10,8.418312485486756e-8,3.704459693456504e-8,9.783913148934498e-8,3.5234429421050773e-9,1.1245640753311322e-8,7.157555533034771e-9,3.163608189382525e-8,1.09484792627273e-9,8.418321742828013e-8,0.15934547038597652,9.310322178616125e-8,3.2675007077158067e-9,7.660229829961302e-9,3.792699941447252e-9,2.4381049141517422e-8,7.824447958529539e-10,1.7615503283059107e-7,0.07936480684694962,1.6206352447723714e-7,1.5292637503924595e-9,4.827528523875524e-9,-1.4837839277002753e-9,1.8775007586582373e-8,-5.224839451857852e-9,0.12676105182232375,-5.078102031903159e-9,1.6503544987897547e-9,-8.629805533185867e-9,1.4638578044686858e-8,-5.02287282822582e-9,2.116086638655578e-9,-8.507947957626605e-9,0.873238428168113,1.2191779828770142e-9,7.271452797280749e-9,-7.680191585680931e-9,9.799903168775842e-9,-2.60692511164841e-9,9.088499685222707e-9,-6.9358379746729296e-9,6.3323166045294144e-9,1.491687152482529e-7,4.7430854827405205e-7,2.822931626088835e-8,4.083442534988858e-10,8.400681199121075e-10,5.640432677235563e-8,5.699239703781504e-9,9.353680539429727e-9,5.640881805945131e-8,3.043884090779621e-7,5.234829513984686e-8,1.249515639256813e-9,1.0899005016212037e-8,9.842336589190077e-8,1.6266312047480556e-8,9.353690825364456e-9,0.24263969354228238,2.896544677791682e-7,4.8545724800349125e-8,8.511366477734777e-10,5.77524763811286e-9,7.585215288472086e-8,1.1624894109815313e-8,0.7936507978891214,1.5218313399795441e-15,0.014284655313647537,2.6568252131002264e-13,0.9438701069310053,1.8479444443929144e-13
group_TotEmiss_ISI,20,,9.990052312797025e6,,,3,3,LOCALLY_SOLVED,Solve_Succeeded,0.209064166,1.786867807355521,9.990052278456053e6,104.8672979774275,33.398593961897646,503.5799904444377,1.804552979708191e-16,1.0253141930160176e-16,8.626292610693865e-9,0.0,0.9999999569682442,0.48260689476873875,1.930163164041544e-6,1.357898013967498e-7,6.19252848860909e-8,9.161364764560727e-8,1.4832189626009972e-7,1.8893326639783822e-9,3.912163405264784e-9,5.040542283758915e-10,1.8040770007798608e-8,3.8007529470695666e-10,4.101620272436685e-8,0.032247623304121946,1.0055853437470534e-7,3.4520254993225196e-9,1.1758111006887765e-8,6.989618748476329e-9,3.148013825406408e-8,1.0645741167725755e-9,9.796192175646519e-8,0.1275959924756683,9.637662311191641e-8,3.229570743701079e-9,8.040267942213962e-9,3.7013090036732365e-9,2.4322279825885956e-8,7.662311147453845e-10,2.2111926423732692e-7,0.0793647978997373,1.6747779181910126e-7,1.8433987667153642e-9,5.067260443640437e-9,-1.5186196115440565e-9,1.8839988482229725e-8,-5.2378463825144575e-9,8.028912834429271e-8,-3.6412349098356326e-9,1.8181195996994195e-9,-8.626292610693865e-9,1.5234447119282134e-8,-5.024454590601551e-9,2.1727090822331607e-9,-8.51925095486094e-9,0.9999993754739228,1.4135090084715484e-9,7.663580987906706e-9,-7.665203014750862e-9,1.0213163640292587e-8,-2.617348631734062e-9,9.223313195329925e-9,-6.973696848314778e-9,6.880587209565652e-9,1.3950259982399286e-7,4.6144589947586575e-7,2.80700852933931e-8,4.3468482280719805e-10,7.675371204814711e-10,5.612684002426233e-8,5.646832949931928e-9,4.557355858262982e-9,0.04910433548582205,3.128487736101943e-7,5.128723598993457e-8,1.3064567785430845e-9,1.0643283094270774e-8,9.793820790153267e-8,1.5816529734906833e-8,1.0884657972940573e-8,0.194293897633404,2.9983838301485106e-7,4.798219390641602e-8,8.933631046904398e-10,5.636084164684245e-9,7.56693150138674e-8,1.1384005133359997e-8,0.7936507986204959,1.6180316695670164e-15,0.012825778788663722,2.821823501732135e-13,0.953537367647376,1.9622766111323367e-13
group_TotEmiss_ISI,21,,9.94658242577226e6,,,3,3,LOCALLY_SOLVED,Solve_Succeeded,0.12191225,1.8033204987422486,9.946582387703843e6,105.47347608460049,33.62904419676957,503.579990473377,2.2556912246352386e-16,2.516017294359752e-22,8.619219607500698e-9,0.0,0.9999999566739964,0.48380842408582664,1.9482284975087794e-6,1.3354580471454352e-7,6.081592888313563e-8,8.509308126891787e-8,1.436336534173522e-7,1.8746989054407025e-9,3.892249687721838e-9,4.748478666239787e-10,1.8000780427410796e-8,3.779673027090974e-10,4.244679367615388e-8,0.028705784749693354,1.0426048341511125e-7,3.3895657697281933e-9,1.1819204682019298e-8,6.928556170762684e-9,3.157329023844771e-8,1.043004011598495e-9,9.860297345010069e-8,0.1316141155579337,9.977617216610558e-8,3.1766290361134554e-9,8.058067492967845e-9,3.65467620004169e-9,2.4377261570756387e-8,7.534678937855765e-10,2.0541851603714294e-7,0.0793648076750779,1.7398712994390805e-7,2.231985128332013e-9,5.032282152397965e-9,-1.5246402064109619e-9,1.9009409489845685e-8,-5.23213671850707e-9,8.516962254209829e-8,-3.558764915521982e-9,2.028705859037947e-9,-8.619219607500698e-9,1.5288973943641714e-8,-4.9977693910425286e-9,2.296095301353335e-9,-8.522300278371912e-9,0.9999993848426368,1.6491461652025164e-9,8.104678685505565e-9,-7.64936916837382e-9,1.0216167181924961e-8,-2.5873485677286987e-9,9.469064262261801e-9,-6.992005219703894e-9,6.757325431459513e-9,1.295735555685795e-7,4.4686025507620686e-7,2.785266945226186e-8,4.3247218752464846e-10,7.230637969046947e-10,5.600242799638913e-8,5.615514211678019e-9,4.716310408461539e-9,0.04371108132339669,3.243659484025683e-7,5.035926286453315e-8,1.3132449646688101e-9,1.0550301441843176e-8,9.822801407517065e-8,1.5496059600891923e-8,1.0955885938900071e-8,0.2004124032359445,3.1041475785010623e-7,4.7195631393685614e-8,8.953408325519824e-10,5.565075122790755e-9,7.584036933124208e-8,1.1194380136242847e-8,0.7936507994743607,1.7268753054371615e-15,0.011417094176838033,3.0017489850875534e-13,0.9628611988800282,2.0780331785402638e-13
group_TotEmiss_ISI,22,,9.903112538747499e6,,,3,2,LOCALLY_SOLVED,Solve_Succeeded,0.9263975,1.8189030885566002,9.903112548735512e6,106.04551468170968,33.8479227932326,503.5799877931355,2.093680252700111e-16,1.5922526291542861e-16,9.816295530050519e-9,5.7442141782296995e-9,1.0000000038759873,0.4849425573788019,4.306914533460722e-7,-3.966432767758615e-9,-4.105330688267698e-9,2.777748650973195e-9,1.2097778837118381e-8,-1.8000636868745125e-10,-6.35160484044196e-9,-3.994643239078849e-9,3.080422579792616e-9,-3.402839421956199e-10,-1.6612171869573986e-9,1.944562682152011e-8,2.867133493165399e-8,1.1551655675719095e-9,-3.0119313838995266e-9,1.6533788028206594e-8,2.467973824356282e-8,9.002263935140113e-10,-1.6612157969485686e-9,0.1607694225417687,2.6076579098454445e-8,9.87971399987118e-10,-5.723490080052018e-9,-3.2741147284184023e-9,4.120378550506567e-9,-2.7947809062063653e-10,9.981879405101437e-9,0.07936508695676671,1.7796615202913178e-8,-8.018934709883852e-9,-3.5403143470144085e-9,4.831916587100126e-9,1.7944965269086153e-8,-1.3855420690930799e-9,0.08942757730176557,-9.236957105566419e-9,-8.24702951347147e-9,-9.816295530050519e-9,3.281690421971387e-8,-7.87531194395202e-9,-5.605116496715009e-9,-9.411856612127271e-9,0.9105724135954801,-8.527124435715641e-9,-7.094441507182701e-9,-9.663647363873896e-9,-1.263294198244874e-9,4.926117994080243e-9,1.0021950066965837e-8,-1.247162270186538e-9,-4.5614785425196633e-10,4.229753627618274e-9,3.763753415992385e-8,-2.6743803347849897e-9,-7.057338711602175e-10,-6.082752204960975e-9,9.583536914910359e-9,-5.0556471411920674e-9,-1.8457968743971086e-10,2.961038629640562e-8,8.919970867625686e-8,1.716245986106837e-8,-3.346590426555028e-10,2.517644995204186e-8,7.678140786886211e-8,1.3374792132208167e-8,-1.845795329942853e-10,0.24480798432496595,8.112713497296937e-8,1.4678432228380037e-8,-6.359433422280016e-10,-4.985583791000748e-9,1.2818955490464874e-8,-4.152245917792314e-9,0.793650785727844,-1.7606054504062991e-15,0.010077536566561308,-2.10098283859916e-14,0.9717196879742009,-2.6136952022066675e-13
group_TotEmiss_ISI,23,,9.859642651722737e6,,,3,3,LOCALLY_SOLVED,Solve_Succeeded,1.065574416,1.833092767817217,9.859642666218698e6,106.56869512196064,34.046652377114924,503.57998755051403,1.5922526291542861e-16,1.5922526291542861e-16,9.932888266245071e-9,8.336783438053615e-9,1.000000007774176,0.48597962039410364,1.7297665832445354e-7,-8.13671271576458e-9,-7.977193277893439e-9,-3.8974927579785086e-9,1.216246826656128e-9,-4.5456356782195214e-10,-8.343341355727173e-9,-5.331192838682291e-9,-3.373935113585671e-10,-4.902586947584936e-10,-7.133184061405559e-9,1.70265277966229e-8,1.4077734876143345e-8,1.1103009280840483e-9,-7.287419165214071e-9,1.8894946860730993e-8,1.7105763197732425e-8,1.6428634928969142e-9,-7.133183870427445e-9,0.16118050644101078,1.1955593861936567e-8,8.080547682811237e-10,-8.202607113931342e-9,-5.2995736310782675e-9,-2.9057787037206255e-10,-4.836308942770949e-10,-3.1350623094324895e-9,0.07936511120616441,5.092662910675169e-10,-9.203861524296283e-9,-6.078192461243302e-9,1.5068041981768727e-8,1.0991982755013838e-8,-2.8288086307821172e-9,0.07864934590478702,-9.710343716862768e-9,-9.331083212606736e-9,-9.932888266245071e-9,4.036241365404393e-8,-9.079988724645524e-9,-8.028084198928263e-9,-9.756306051446194e-9,0.9213506871021842,-9.455442199723394e-9,-8.853837845051734e-9,-9.876142268113834e-9,-5.1853664305881315e-9,8.965692110217658e-9,7.920348636370034e-9,-3.582816315817168e-10,-8.863548086548261e-10,-5.93481851783091e-9,3.783879016263509e-9,-6.753515864783288e-9,-9.270379284141301e-10,-8.117952731629851e-9,-1.0496687020044308e-9,-7.283843464983333e-9,-7.925760068228396e-10,2.5926758235766684e-8,4.3797397392445964e-8,1.6495899502963e-8,-8.09713240579341e-10,2.8771850901567648e-8,5.3217929948500865e-8,2.4408257608754147e-8,-7.925759856030492e-10,0.24543395298972095,3.719518090380265e-8,1.2005385128748122e-8,-9.114007904368156e-10,-8.06980530186918e-9,-9.040200411575279e-10,-7.185373286402552e-9,0.7936507844489397,-2.365065404329437e-15,0.008862940286484844,-5.2911490757793185e-14,0.9797598326355109,-3.406896351772494e-13
group_TotEmiss_ISI,24,,9.816172764697975e6,,,3,1,LOCALLY_SOLVED,Solve_Succeeded,0.108068958,1.8462440485935343,9.816172712407071e6,107.05367797862696,34.23085855659268,503.5799905576083,3.1845052583085723e-16,3.1845052583085723e-16,8.599117395677099e-9,0.0,0.9999999602151277,0.4869405945028869,2.0312940523400866e-6,1.2778792431251386e-7,5.165389638425328e-8,7.064548540590727e-8,1.3156354159576137e-7,1.8338117685068634e-9,3.548475865939565e-9,4.1856697440259336e-10,1.7950359435982705e-8,3.7410677194636834e-10,8.561865404825556e-8,4.754172345489544e-8,1.1785877180405378e-7,3.220512918080321e-9,1.1442037594301862e-8,6.8894667525767995e-9,3.21474658323481e-8,9.942531731759835e-10,8.56188444155225e-8,0.16156143554693775,1.1163246924949772e-7,3.024504118447817e-9,7.678011232159031e-9,3.5825969004942022e-9,2.4679788504638108e-8,7.227733238260542e-10,1.303177298895356e-7,0.07936484030172349,1.946623479199293e-7,3.4775296387818046e-9,4.631362792609094e-9,-1.5090139739118178e-9,1.9603026585581926e-8,-5.198986842062591e-9,0.06865862056509105,-4.6080330842134015e-9,2.7011376560757207e-9,-8.599117395677099e-9,1.4787537887203898e-8,-4.891675285183465e-9,2.7259859842237657e-9,-8.523560146312523e-9,0.931340907326812,2.3652653812834097e-9,9.531985693174783e-9,-7.607745892529304e-9,9.742239034208066e-9,-2.458794892061732e-9,1.0314160987276171e-8,-7.026736508566157e-9,5.739321820472584e-9,1.0757380732263152e-7,4.09308796075702e-7,2.7245203417816255e-8,3.942750962155071e-10,6.373633473857671e-10,5.584556268972396e-8,5.558157754631757e-9,9.513183783139503e-9,7.239307889722715e-8,3.6667173450150066e-7,4.784762049719334e-8,1.271337510477984e-9,1.049077891869649e-8,1.0001433814508297e-7,1.4771761430043182e-8,9.513204935058053e-9,0.24601400412829155,3.473010154428818e-7,4.4935489759796136e-8,8.531123591287809e-10,5.4553180075707155e-9,7.678156423665189e-8,1.0738346525415662e-8,0.7936508025249155,2.1340676447039413e-15,0.007737134431929229,3.6677335919373777e-13,0.9872121158257946,2.4956415352899844e-13
group_TotEmiss_ISI,25,,9.772702877673212e6,,,3,2,LOCALLY_SOLVED,Solve_Succeeded,0.289526708,1.8583866237893298,9.772702891668985e6,107.50149543404967,34.40097346569296,503.5799875528361,2.093680252700111e-16,1.0253141930160176e-16,9.932865405737285e-9,8.049119278635564e-9,1.0000000077626259,0.48782856718566014,1.6523306726318384e-7,-8.21620877726704e-9,-8.032336467751988e-9,-4.179936806044696e-9,9.53660823002587e-10,-4.4346469211359277e-10,-8.366118032313708e-9,-5.356696224118251e-9,-3.8994625018757993e-10,-4.811410679311144e-10,-7.119465518995768e-9,1.7579873978624143e-8,1.3734173376047349e-8,1.1391689356687888e-9,-7.272668269835986e-9,1.9141466594657895e-8,1.602856408467361e-8,1.5613264330697182e-9,-7.119465257759693e-9,0.1619134216310014,1.1600914403464836e-8,8.261853163630522e-10,-8.248561103524566e-9,-5.3332952776356745e-9,-3.542306039872847e-10,-4.746878424685032e-10,-3.796278441082786e-9,0.07936511136115933,1.073662255672726e-9,-9.124847905837668e-9,-6.227351843441104e-9,1.521484137162698e-8,1.1084244123410184e-8,-2.8692443403704775e-9,0.05943247589766249,-9.703739235003916e-9,-9.31788631840677e-9,-9.932865405737285e-9,4.1220849451905554e-8,-9.024381614399156e-9,-7.944391659603841e-9,-9.761169664338852e-9,0.9405675574901697,-9.435069846184594e-9,-8.82052446622078e-9,-9.876700660935997e-9,-5.53507596789211e-9,9.078579281390396e-9,8.246182681498999e-9,-3.856616810905681e-10,-8.924818297502205e-10,-6.364903772840786e-9,2.9669447826747144e-9,-6.588618282830521e-9,-9.295686702570784e-10,-8.156787432180064e-9,-1.213166111694693e-9,-7.1483815806908415e-9,-7.910517243328628e-10,2.6769353558359493e-8,4.272853939214731e-8,1.6924795615650574e-8,-8.08074252203998e-10,2.914723322368361e-8,4.9866643818984564e-8,2.3196849862750094e-8,-7.910516953066324e-10,0.24654998293811572,3.609173369966837e-8,1.2274753271679632e-8,-9.16506789280507e-10,-8.121154172763412e-9,-1.102050767960441e-9,-7.052505088103475e-9,0.7936507845506968,-2.789781302172524e-15,0.006697403065858752,-6.660793698719427e-14,0.9940948157486652,-4.04357668138201e-13
group_TotEmiss_ISI,26,,9.72923299064845e6,,,3,3,LOCALLY_SOLVED,Solve_Succeeded,0.397231625,1.869752737828927,9.729232999999462e6,107.95942732034028,34.549385646390874,503.57998774257265,1.5922526291542861e-16,2.0506283860320352e-16,9.851199273637142e-9,5.377867304051987e-9,1.0000000040505976,0.4887755377735176,5.103718170011855e-7,-4.0652317905871815e-9,-2.1486314151400657e-9,0.0003579019669488787,3.0839216263353454e-8,1.1723700946761142e-13,-6.439306800349786e-9,-4.024834179369633e-9,3.012126081207639e-9,-3.3652251197281413e-10,-2.013452325281807e-9,2.0364539537553958e-8,2.918542034172816e-8,1.1104163594875921e-9,-3.220687919209351e-9,1.7618637624776247e-8,2.5304945712011587e-8,8.821337825356588e-10,-2.0134499783338186e-9,0.1620728193874131,2.6180740075044192e-8,9.29197587386312e-10,-5.035649163614342e-9,-1.7037505359090105e-9,6.798118765502792e-9,-1.5783478275706157e-10,4.5013169675168587e-7,0.07900706153961504,7.747279810260413e-9,-8.848517791106676e-9,-3.5994117248464366e-9,5.3348545200026725e-9,1.8302128422233373e-8,-1.5815135345546054e-9,0.0510127505819157,-9.363846836627653e-9,-8.527492928171657e-9,-9.851199273637142e-9,3.4533164534814996e-8,-8.535459242286862e-9,-6.833812811375924e-9,-9.636748857937872e-9,0.9489867925437016,-8.903337862999016e-9,-7.73101182576328e-9,-9.757228994392807e-9,3.049728334909311e-9,5.642738818663341e-9,8.652394352072679e-9,-2.8833592757432454e-9,-2.3873682390445167e-10,0.0005449870860357926,9.59442283748774e-8,1.7418069978045121e-12,-7.154785333721981e-10,-6.128724773131032e-9,9.371058919312655e-9,-4.999763035024667e-9,-2.2371692503131182e-10,3.100963975036625e-8,9.079908550759872e-8,1.649761448381565e-8,-3.5785421324548325e-10,2.6828380019545648e-8,7.872649777070271e-8,1.3105987626244074e-8,-2.237166642593131e-10,0.24679270224901542,8.145119134458192e-8,1.380522129831092e-8,-5.595165737349266e-10,-2.5943474069523565e-9,2.1149702826008685e-8,-2.344973915247772e-9,0.7936507859493372,-1.6394240089651082e-15,0.00574859324381471,3.9276102501462954e-14,1.0000000046884727,-2.4601323841904843e-13
group_TotEmiss_ISI,27,,9.685763103623688e6,,,3,2,LOCALLY_SOLVED,Solve_Succeeded,0.213092084,1.8827405297760793,9.685763051300801e6,108.96770802618147,34.5829143022858,503.5799900963705,2.093680252700111e-16,1.0253141930160176e-16,8.861365974488618e-9,0.0,0.9999999608231003,0.49131120362543096,2.5499505888464443e-6,1.311160473984978e-7,7.73684033315073e-8,0.00524872891887929,2.76846310818994e-7,2.311099965417089e-9,4.262425371935634e-9,9.287434618768961e-10,1.919640546091914e-8,4.1684880839631986e-10,4.348416729985811e-8,0.01250645809053088,1.1670250265268827e-7,3.226232625118319e-9,1.1972063521268102e-8,7.540486564900177e-9,3.3266552654726715e-8,1.0343252850833092e-9,8.409526225928851e-8,0.14761959266101196,1.1076994890519081e-7,3.0638370213508194e-9,8.64758455556684e-9,4.449798204039747e-9,2.65082919557205e-8,7.940321987518954e-10,1.7074745615469164e-6,0.07411571968911987,1.1749779839813269e-7,-1.8904176925290803e-9,5.653223658572931e-9,-1.42420771007275e-9,1.8625361019742606e-8,-5.672682259594034e-9,9.694880029798325e-8,-4.615369852015165e-9,6.709604354177572e-10,-8.861365974488618e-9,1.598714263441671e-8,-5.433347706684993e-9,1.2453275832167107e-9,-8.741956615985595e-9,0.9999978680821917,-1.1312978949121191e-9,5.5268044578803075e-9,-8.21635989715282e-9,1.1310617782555074e-8,-2.9464882979800883e-9,8.414285775958528e-9,-7.493702355619216e-9,8.596489259056361e-9,0.007992382671929825,8.612996336590923e-7,3.4336342343339604e-8,4.736028191039591e-10,1.4142229987670917e-9,5.972215032285954e-8,6.193182296173895e-9,4.831574144428678e-9,0.01904392481967202,3.6307445269725236e-7,4.793259900175788e-8,1.3302292801408996e-9,1.1482104542007087e-8,1.0349594159248311e-7,1.5367118521237734e-8,9.34391802880983e-9,0.22478437973381366,3.4461761881614913e-7,4.551986431721217e-8,9.608427283963153e-10,6.77582908342416e-9,8.247024164001934e-8,1.1797049810028158e-8,0.793650803329956,2.309341436240908e-15,0.004974182146249131,4.3232036879145574e-13,0.9999999687010166,3.146482554057961e-13
group_TotEmiss_ISI,28,,9.642293216598926e6,,,3,3,LOCALLY_SOLVED,Solve_Succeeded,0.605463542,1.8949790724723223,9.64229323060065e6,109.91776492569159,34.614559858875545,503.57998753102305,1.5922526291542861e-16,1.5922526291542861e-16,9.946682892352164e-9,8.052541849787176e-9,1.0000000078381335,0.4937032510016204,1.9116361549163043e-7,-8.20767221397714e-9,-7.275143189780123e-9,0.009876058380777444,7.719061270583769e-9,-3.152540295173273e-10,-8.438059199679428e-9,-5.411605963793154e-9,-4.959991176713011e-10,-4.860804884189779e-10,-7.254679519375164e-9,1.802875076939033e-8,1.3935418172248433e-8,1.1389653894949057e-9,-7.392037231568211e-9,1.975597041957913e-8,1.632149917851783e-8,1.5608423513205114e-9,-7.254679134887086e-9,0.15828093625687187,1.1420920091642588e-8,7.729916830463235e-10,-8.01515581192325e-9,-4.853859732630912e-9,6.396707303172396e-10,-4.171225968652107e-10,3.551528030996593e-7,0.06948894704658014,-3.500235217408734e-9,-9.566688546311512e-9,-6.378757406229617e-9,1.5763221795569344e-8,1.0964632882106859e-8,-2.9962366494178722e-9,0.03762972690807191,-9.762783148374015e-9,-9.449160882576649e-9,-9.946682892352164e-9,4.206982631795522e-8,-9.41600734530057e-9,-8.705859390161276e-9,-9.864097523506861e-9,0.962369943626378,-9.60208470543682e-9,-9.137035879263167e-9,-9.913422564385049e-9,-2.8404618532543615e-9,1.1076865644041406e-8,7.3244848624193234e-9,-1.6679720816729529e-9,-8.083492433089022e-10,0.015038543443456561,2.4014857286260616e-8,-4.683774152828862e-9,-9.37562133297714e-10,-8.240399990321393e-9,-1.5431083660884925e-9,-7.221767256510529e-9,-8.060755021527956e-10,2.7452870489753453e-8,4.335463431366179e-8,1.6921771501067168e-8,-8.213374701742454e-10,3.00829549570864e-8,5.077799744427769e-8,2.3189657791047594e-8,-8.060754594318981e-10,0.24101869839114579,3.553175139622138e-8,1.148444786240252e-8,-8.905728679914719e-10,-7.3911045928697975e-9,1.9900867165425227e-9,-6.197250010568844e-9,0.793650784591837,-2.4064779386474605e-15,0.0042404646294686805,1.6181316111130143e-14,1.0000000082244602,-3.333463976363797e-13
group_TotEmiss_ISI,29,,9.598823329574164e6,,,3,3,LOCALLY_SOLVED,Solve_Succeeded,0.860225541,1.9061761060472997,9.598823336803565e6,110.78721416010931,34.64349595990835,503.57998774279656,4.187360505400222e-16,3.1845052583085723e-16,9.854870581282787e-9,4.157706226933743e-9,1.0000000040372885,0.4958909373094477,5.167974590964705e-7,-4.429235177756418e-9,-2.1312915234831005e-9,0.014101778100119316,3.063664362028221e-8,8.476166666206838e-11,-6.45828839955596e-9,-4.038515159104135e-9,3.0186176793172394e-9,-3.1819866006201024e-10,-2.0089040731920003e-9,2.1997938160585863e-8,3.011001287293576e-8,1.0813085608271534e-9,-3.2016563410656846e-9,1.7873231649514216e-8,2.4774270099071754e-8,8.009521963024969e-10,-2.0089002068366614e-9,0.1565974884306884,2.6898728280591655e-8,9.089972770738801e-10,-5.054557273127701e-9,-1.6990364643958747e-9,6.962976614655402e-9,-1.1821132629927408e-10,4.996220573342517e-7,0.06526317127153392,7.661875753966363e-9,-8.842546738084684e-9,-3.6634824331036037e-9,5.167634304816322e-9,1.9104203918771574e-8,-1.6188196713215858e-9,0.0316880027015858,-9.362143043593638e-9,-8.523938992850818e-9,-9.854870581282787e-9,3.522518365280332e-8,-8.53344182775249e-9,-6.843766581748033e-9,-9.661070299503176e-9,0.9683114904262619,-8.903051954986914e-9,-7.723394301113687e-9,-9.766813899659945e-9,2.9074575247186265e-9,6.447296458838049e-9,9.917343835711845e-9,-3.3703537464726463e-9,-2.3681016927589996e-10,0.021473162106999864,9.531400237421129e-8,1.2593161904078728e-9,-7.175875999506619e-10,-6.149557174090388e-9,9.3912550023203e-9,-4.7275229494927236e-9,-2.2321156368799998e-10,3.34968603808921e-8,9.367559560468902e-8,1.6065155760860565e-8,-3.5573959345174264e-10,2.7216057284487555e-8,7.70755069748899e-8,1.1899861202208524e-8,-2.2321113409296227e-10,0.23845526647400278,8.368493242850737e-8,1.3505102402240502e-8,-5.616174747919667e-10,-2.5871691616937183e-9,2.166259391226125e-8,-1.756282562160643e-9,0.7936507864240004,-2.065639508966618e-15,0.003570899849434729,5.384597454775326e-14,1.0000000052926306,-3.1007317082960236e-13
group_TotEmiss_ISI,30,,9.555353442549402e6,,,3,3,LOCALLY_SOLVED,Solve_Succeeded,0.414129542,1.916424111571543,9.555353448790358e6,111.58313658680544,34.66998469966955,503.57998774287205,4.187360505400222e-16,3.1845052583085723e-16,9.85607959708443e-9,3.589241261264585e-9,1.0000000040298194,0.49789367161921033,5.191247274274566e-7,-4.541736344092729e-9,-2.1243739983056684e-9,0.017970192436421954,3.05669231125103e-8,1.1817005530854675e-10,-6.464490374235656e-9,-4.043375875487291e-9,3.021222948919261e-9,-3.115959386246268e-10,-2.007263435398794e-9,2.2717615839898238e-8,3.044062854354323e-8,1.069465501445878e-9,-3.1948261780130387e-9,1.7966345502626708e-8,2.4554576802575504e-8,7.731167586881744e-10,-2.0072587381457184e-9,0.15505637799729657,2.717273437875141e-8,9.017779517450612e-10,-5.061917462496404e-9,-1.6961393172625038e-9,7.022600502514521e-9,-1.0412638859288379e-10,5.231562726950622e-7,0.06139475022055368,7.633063125680935e-9,-8.840508655274612e-9,-3.6843759829232496e-9,5.103321374402323e-9,1.9402247751922016e-8,-1.6321728876737558e-9,0.026248765632968313,-9.361457657555191e-9,-8.522706696747157e-9,-9.85607959708443e-9,3.547741226631389e-8,-8.532718730592875e-9,-6.848038691008113e-9,-9.668655521324845e-9,0.9737507037724739,-8.902953163250399e-9,-7.720571939723571e-9,-9.769878499172818e-9,2.852990575052157e-9,6.7975494617838465e-9,1.0423912467763023e-8,-3.5738242316603575e-9,-2.3604155536729636e-10,0.027363702119097062,9.509709412780981e-8,1.7556693931555515e-9,-7.182767082484059e-10,-6.15695871949201e-9,9.399360285526589e-9,-4.629425373851596e-9,-2.2302927059986594e-10,3.459273321075413e-8,9.470417769102337e-8,1.588920173576733e-8,-3.5498068644589305e-10,2.7357844288090668e-8,7.639201671912379e-8,1.1486306129081446e-8,-2.230287486828575e-10,0.23610857558679246,8.453739584500438e-8,1.3397843854498052e-8,-5.624352736107113e-10,-2.5827575967406304e-9,2.18480904522674e-8,-1.5470206305228447e-9,0.7936507866288857,-2.264046020195441e-15,0.0029579558350526754,6.067725951986929e-14,1.0000000054665839,-3.3983194695316967e-13
group_TotEmiss_ISI,31,,9.51188355552464e6,,,3,3,LOCALLY_SOLVED,Solve_Succeeded,0.130321625,1.9256888586047654,9.511883560574263e6,112.30292729832124,34.693924592627035,503.5799877429473,3.1845052583085723e-16,3.1845052583085723e-16,9.857362602632729e-9,2.904092864393726e-9,1.000000003980832,0.49970435177762434,5.200278318949916e-7,-4.653499731644647e-9,-2.0845934715112297e-9,0.02146409309904648,3.051154381800366e-8,1.5606113071034657e-10,-6.45591912128994e-9,-4.050785838815607e-9,3.0196685474059427e-9,-3.046731914404714e-10,-2.9208364618342477e-9,0.006045942869201814,3.053741797634358e-8,1.0499846669022827e-9,-3.1671270360269833e-9,1.7926874564315503e-8,2.4163034134116898e-8,7.423204450917144e-10,-1.914541252350002e-9,0.14761929466027568,2.7498114345566658e-8,9.011842709726742e-10,-5.044146227384606e-9,-1.6967254718894458e-9,7.075566335483773e-9,-8.939417681833699e-11,7.083816002188551e-7,0.05790079700712242,7.605931954904558e-9,-8.83826149996869e-9,-3.6633414700889e-9,5.00752941042019e-9,1.9698640156838713e-8,-1.6385630354005686e-9,5.0882880212872106e-8,-9.333875692225747e-9,-8.52228218908977e-9,-9.857362602632729e-9,3.640533317123441e-8,-8.532836263929828e-9,-6.856226904398667e-9,-9.676322643034813e-9,0.9999992330124226,-8.902855042454911e-9,-7.717394627613953e-9,-9.772823465663998e-9,2.947674498174277e-9,7.176278592816404e-9,1.0952744525899864e-8,-3.807113505146877e-9,-2.31621496834581e-10,0.03268395994627532,9.49248029893447e-8,2.3186225134108633e-9,-7.173243468099931e-10,-6.168242072741946e-9,9.394524369707377e-9,-4.526573129972718e-9,-3.245373846482496e-10,0.00920632209628458,9.500530037084668e-8,1.559977219397677e-8,-3.5190300400299796e-10,2.7297740813844063e-8,7.517388397280812e-8,1.1028760898505469e-8,-2.1272680581666687e-10,0.22478392595996521,8.554968907509625e-8,1.3389023454451158e-8,-5.604606919316226e-10,-2.58365015037711e-9,2.201287304372729e-8,-1.328142055586721e-9,0.7936507868687189,-2.5020949896131366e-15,0.0024046313090034417,6.931648084690044e-14,1.0000000056253497,-3.7542133720765036e-13
group_TotEmiss_ISI,32,,9.468413668499878e6,,,3,3,LOCALLY_SOLVED,Solve_Succeeded,0.153245542,1.9340502385255227,9.468413573366588e6,112.95201674153712,34.71573450685433,503.57999010246095,2.093680252700111e-16,1.5922526291542861e-16,8.893408321536127e-9,0.0,0.9999999615394045,0.501343739194236,2.8309953183831785e-6,1.2210208709351237e-7,8.084113983302393e-8,1.0382044961821909e-5,2.8176519170764816e-7,2.3653878550773504e-9,4.211233865559312e-9,9.265653089428892e-10,1.9347140542165758e-8,4.188917819093848e-10,5.096772808210737e-8,0.0047555991289383375,1.4796477369260027e-7,2.962152463164932e-9,1.2113490993582695e-8,7.44985904228191e-9,3.4149828244915265e-8,9.598670727879737e-10,8.084122722602261e-8,0.1722874413941261,1.3917514540481856e-7,2.8425552819349262e-9,8.743632310041368e-9,4.447558331475032e-9,2.7314649619280913e-8,7.518608754893349e-10,0.08706466693228306,0.05468622449997864,1.2278219047997262e-7,-1.8680689055759685e-9,5.59583075382311e-9,-1.412985586094169e-9,1.9187594000966973e-8,-5.7497702741431635e-9,1.4073110217495713e-7,-4.60500700218299e-9,1.0906516683301605e-9,-8.893408321536127e-9,1.6210480483454174e-8,-5.4425807987385825e-9,1.4188246699492696e-9,-8.791796898676263e-9,0.9129348564867276,-1.108210033207901e-9,6.43530751430272e-9,-8.288736577818944e-9,1.1451366948301442e-8,-2.9304362339257653e-9,9.023085513782897e-9,-7.64604645307905e-9,8.982348870335989e-9,1.5809023010046993e-5,8.766028186460164e-7,3.5142905275434917e-8,4.679148739510345e-10,1.4109062658903084e-9,6.019110390896012e-8,6.223535045510859e-9,5.663080898011929e-9,0.007241480491792468,4.6033485148808973e-7,4.400912230987899e-8,1.3459434437314101e-9,1.1344103541656543e-8,1.0624391009529193e-7,1.4260882224278464e-8,8.982358580669175e-9,0.2623467857592375,4.3298934125943556e-7,4.223224990303318e-8,9.715147011157071e-10,6.772418368382436e-9,8.497890992665173e-8,1.1170504435841544e-8,0.7936508120631521,3.71698020591347e-15,0.0018914636014103637,7.001768577090803e-13,0.9999999757390194,5.094276128803508e-13
group_TotEmiss_ISI,33,,9.424943781475116e6,,,3,3,LOCALLY_SOLVED,Solve_Succeeded,1.378615167,1.941393919343082,9.424943782983528e6,113.52285256737512,34.73475356993783,503.5799877435841,3.1845052583085723e-16,3.1845052583085723e-16,9.859526704701e-9,8.675044875469829e-10,1.0000000039998467,0.5027813747339538,5.243445426352817e-7,-4.86363955515714e-9,-1.996441522460537e-9,9.863914124892153e-7,3.002139785381452e-8,2.3970418675399284e-10,-6.478944415964098e-9,-4.059303720601149e-9,3.031755585412327e-9,-2.8946833003844083e-10,-2.8497197950799218e-9,0.003646156864263534,3.1325578411868556e-8,1.0220951306270081e-9,-3.165535503722988e-9,1.8235182921079842e-8,2.369047885977962e-8,6.888819010042786e-10,-1.996440562608501e-9,0.17507889569117388,2.8089215545767667e-8,8.79977487269563e-10,-5.09556807034273e-9,-1.7087823852095147e-9,7.17136079306542e-9,-6.160738552754482e-11,0.09691694193959378,0.05190430413174221,7.644570769398626e-9,-8.827396083454344e-9,-3.737128933287551e-9,4.8602012387462465e-9,2.0420886898307105e-8,-1.6718856317479752e-9,5.657124958461391e-8,-9.332478168422937e-9,-8.516850689306338e-9,-9.859526704701e-9,3.6455847240243855e-8,-8.525554027277667e-9,-6.856220326054245e-9,-9.689341038359524e-9,0.903082994151402,-8.899596945414913e-9,-7.705996258505413e-9,-9.778317391201247e-9,2.599604758990427e-9,8.250819396108392e-9,1.2335694370419772e-8,-4.356274405673481e-9,-2.2182683582894852e-10,1.502005105381305e-6,9.33999044340896e-8,3.5613193460593216e-9,-7.198827128848995e-10,-6.181212483642659e-9,9.432128487949462e-9,-4.300672331999692e-9,-3.1663553278665785e-10,0.005552102497855835,9.745735505914659e-8,1.5185413369315546e-8,-3.517261670803319e-10,2.7767210357098847e-8,7.370371200820326e-8,1.023481681492071e-8,-2.218267291787223e-10,0.26659740934792386,8.738867058683273e-8,1.3073951239433506e-8,-5.661742300380808e-10,-2.602009541114488e-9,2.2310900245092416e-8,-9.153097278378087e-10,0.7936507875092803,-3.218299653959856e-15,0.0014501716831683976,9.238955826010163e-14,1.0000000059003686,-4.822287451377216e-13
group_TotEmiss_ISI,34,,9.381473894450353e6,,,3,3,LOCALLY_SOLVED,Solve_Succeeded,0.133454,1.947768417160636,9.381473893339796e6,114.01859663701482,34.75127425780818,503.5799877437478,1.804552979708191e-16,2.0506283860320352e-16,9.860668538146733e-9,0.0,1.0000000039929924,0.5040294984348972,5.269950707645633e-7,-4.961353915133296e-9,-1.9939662222736958e-9,8.35108785262139e-7,2.987324981525761e-8,2.886311992810282e-10,-6.484874766864707e-9,-4.064827034538635e-9,3.0360618213141846e-9,-2.8159649133131397e-10,-2.7975643277857257e-9,0.002682638101152409,3.173200437237805e-8,1.0062366040730648e-9,-3.1571420411797834e-9,1.8349237338509743e-8,2.335404559459857e-8,6.597574324494598e-10,-1.993965206057758e-9,0.1774949862273627,2.847601741683894e-8,8.716819556103284e-10,-5.111403149279043e-9,-1.7057246971205268e-9,7.228385503843873e-9,-4.7948750200135085e-11,0.10544431555896988,0.04948836617522149,7.625217266205644e-9,-8.824292382906282e-9,-3.7574178674677295e-9,4.771039097592109e-9,2.0807422090650387e-8,-1.687720704256818e-9,6.122076748715058e-8,-9.33218805503795e-9,-8.514961802976915e-9,-9.860668538146733e-9,3.676354246845579e-8,-8.523792859351004e-9,-6.8616919319880056e-9,-9.695925207581288e-9,0.8945556156500587,-8.898945727085182e-9,-7.70129150953702e-9,-9.781068186847159e-9,2.4892003530176026e-9,8.930507591184168e-9,1.3096900274814232e-8,-4.703189814959302e-9,-2.2155180247485502e-10,1.2716429230128025e-6,9.293899942524588e-8,4.288234960746704e-9,-7.20541640762745e-10,-6.189622984411103e-9,9.445525666310796e-9,-4.183719299779521e-9,-3.1084048086508053e-10,0.0040849261994820776,9.872179138073169e-8,1.494980097479982e-8,-3.5079356013108695e-10,2.794088412909438e-8,7.265703073875109e-8,9.8021104249634e-9,-2.21551689561973e-10,0.2702764563007568,8.859205418572115e-8,1.2950703340496307e-8,-5.679336832532268e-10,-2.5973535160698927e-9,2.248831045640316e-8,-7.123814315448641e-10,0.7936507879306982,-3.744528301825206e-15,0.0010669545562799222,1.1019848876657342e-13,1.000000006030551,-5.604055824682159e-13
group_TotEmiss_ISI,35,,9.338004007425591e6,,,3,3,LOCALLY_SOLVED,Solve_Succeeded,0.249482708,1.953169401176379,9.338004002643518e6,114.43891146525839,34.76528594813718,503.57998774390563,2.093680252700111e-16,2.0506283860320352e-16,9.861823813151594e-9,0.0,1.000000003985984,0.5050878666472834,5.296690989889779e-7,-5.056196982635732e-9,-1.9915038376588888e-9,7.309644114987889e-7,2.9728416137000376e-8,3.4360320432301656e-10,-6.490779323271857e-9,-4.0705549303517515e-9,3.0409486788743845e-9,-2.733237893422978e-10,-1.991513083924005e-9,2.9639324872337923e-8,3.2115310576453625e-8,9.879047452215748e-10,-3.148628653935978e-9,1.8470984993712966e-8,2.2982308346106714e-8,6.308994952641248e-10,-1.9915031619645387e-9,0.18140973297624852,2.8905740779733447e-8,8.637477311278738e-10,-5.130971499294831e-9,-1.700369436351115e-9,7.2831741183287e-9,-3.522069634995537e-11,0.11267898504082113,0.047438647246794106,7.603408508502336e-9,-8.821250329706956e-9,-3.7775483367165025e-9,4.674284632256413e-9,2.1222271931534814e-8,-1.7044735690144343e-9,0.006582144118458314,-9.354697352579477e-9,-8.513200258431859e-9,-9.861823813151594e-9,3.7080572678023605e-8,-8.52205352166334e-9,-6.868273255664144e-9,-9.702340079532265e-9,0.8807388622176263,-8.898333915768195e-9,-7.69634781227105e-9,-9.78377520200127e-9,2.3559420943468776e-9,9.749356280087254e-9,1.391365659193036e-8,-5.104646363103697e-9,-2.2127820418432087e-10,1.1130594447822466e-6,9.248840575955673e-8,5.104961892799103e-9,-7.211977025857616e-10,-6.198345007581075e-9,9.46072922316475e-9,-4.060810584514138e-9,-2.2127923154711156e-10,4.513260832833274e-8,9.991429957118905e-8,1.4677441929006253e-8,-3.498476282151085e-10,2.812627260406292e-8,7.150051485455421e-8,9.373363929638423e-9,-2.2127812910717087e-10,0.27623754794110567,8.992897131472627e-8,1.2832823433899838e-8,-5.701079443660922e-10,-2.5891989144437433e-9,2.265876392368929e-8,-5.23278917199337e-10,0.7936507884579709,-4.481088310456574e-15,0.0007417390508666074,1.3522588061970391e-13,1.00000000615365,-6.69404987659262e-13
group_TotEmiss_ISI,36,,9.29453412040083e6,,,3,3,LOCALLY_SOLVED,Solve_Succeeded,0.700994875,1.9575943708975558,9.294534110111227e6,114.78363857653707,34.77677230975243,503.5799877440322,3.1845052583085723e-16,3.1845052583085723e-16,9.862999107942176e-9,0.0,1.0000000039801227,0.5059557237846479,5.325275000640126e-7,-5.14782151949465e-9,-1.9894874055703185e-9,6.800716651925121e-7,2.960729051072778e-8,4.05783892277818e-10,-6.4971056095047535e-9,-4.076471044154059e-9,3.0464739141587394e-9,-2.6466609379848465e-10,-1.989501959630295e-9,3.2858199712579486e-8,3.248591410891683e-8,9.672998904425487e-10,-3.1409171625161065e-9,1.8608889383921186e-8,2.2577542198549365e-8,6.022013580543717e-10,-1.9894864872073152e-9,0.18241953702334904,2.939627100923109e-8,8.561153356169704e-10,-5.15628781068016e-9,-1.6907649800820817e-9,7.333370075940118e-9,-2.4250190453454085e-11,0.11860675520203387,0.04575916319839622,7.57559224148466e-9,-8.81858214921594e-9,-3.798665362454537e-9,4.57062767274471e-9,2.1669508747267074e-8,-1.7227031511298452e-9,0.004218388425379602,-9.35278832220389e-9,-8.511670299522706e-9,-9.862999107942176e-9,3.737818467874271e-8,-8.520559918232286e-9,-6.876465272842887e-9,-9.708622432156195e-9,0.8771748476539806,-8.8979259610541e-9,-7.691329410063466e-9,-9.78645555894058e-9,2.1889717488682915e-9,1.0736210144030238e-8,1.4746987696758204e-8,-5.564994166897691e-9,-2.2105415617447976e-10,1.0355636719976889e-6,9.211157047781977e-8,6.0287892566990094e-9,-7.219006232783057e-10,-6.207353635416409e-9,9.477918844049412e-9,-3.932181965006057e-9,-2.2105577329225492e-10,5.0034076835064214e-8,1.0106728833885235e-7,1.4371312658003578e-8,-3.489907958351228e-10,2.8336263380061805e-8,7.024124239548691e-8,8.946991605379236e-9,-2.2105405413414605e-10,0.277775204103736,9.145506536205227e-8,1.271942784345213e-8,-5.729208678533509e-10,-2.5745739469431695e-9,2.2814929125147033e-8,-3.6028854387988923e-10,0.7936507891339672,-5.5830330811944196e-15,0.00047537015892816633,1.7291474200750744e-13,1.0000000062710561,-8.317025964425077e-13
group_TotEmiss_ISI,37,,9.251064233376067e6,,,3,3,LOCALLY_SOLVED,Solve_Succeeded,0.194635708,1.961039913540756,9.25106395248053e6,115.05247696036506,34.78573480667609,503.57999010624997,2.2556912246352386e-16,1.5922526291542861e-16,8.928670473837565e-9,0.0,0.999999961274344,0.5066319707668185,3.4165451281028773e-6,1.1329992566635946e-7,8.098655225285663e-8,5.2644851496720465e-6,2.8350144678490104e-7,2.4285468702599586e-9,4.239282233671329e-9,9.170517807447841e-10,1.9461528514954872e-8,4.210758053767649e-10,8.098389264003297e-8,2.3725769316501964e-7,2.186603917788065e-7,2.6937001270728848e-9,1.2416961529964124e-8,7.284377248032074e-9,3.49674490881993e-8,8.871561023596019e-10,8.098665387355058e-8,0.18320198629637563,2.0532634817453205e-7,2.6312920907137294e-9,8.94945535670415e-9,4.403422454475115e-9,2.8104899516056395e-8,7.075280268720654e-10,0.12321259798126219,0.044449428051648754,1.2824902862868585e-7,-1.8520243390291068e-9,5.624876501377139e-9,-1.41225197705139e-9,1.974507294548911e-8,-5.832920939025288e-9,0.0023741629111953843,-4.823005220334019e-9,1.6575096225889326e-9,-8.928670473837565e-9,1.6642477435087954e-8,-5.4651451021509e-9,1.5897791419123214e-9,-8.841441398421148e-9,0.8744128679907539,-1.0854661258216298e-9,7.774678578383379e-9,-8.361380712658545e-9,1.1720669873550301e-8,-2.941956484135265e-9,9.660574438522767e-9,-7.796806687055343e-9,8.998505805872956e-9,8.016375114273342e-6,8.82004501108581e-7,3.608126778671938e-8,4.710313592968141e-10,1.3964197570431939e-9,6.054697760208182e-8,6.255983394169078e-9,8.998210293336992e-9,3.6127876004673437e-7,6.802767744229536e-7,4.00206876022257e-8,1.3796623922182354e-9,1.1092119900412476e-8,1.0878761938550893e-7,1.3180604949342656e-8,8.998517097061171e-9,0.2789666609512993,6.387930832096552e-7,3.909348249060398e-8,9.94383928522683e-10,6.705211464768925e-9,8.743746516106433e-8,1.0511844970670684e-8,0.7936508353292195,9.7950852080941e-15,0.0002676655568457974,1.858272277186455e-12,0.9999999807489992,1.3551455840421605e-12
group_TotEmiss_ISI,38,,9.207594346351305e6,,,3,3,LOCALLY_SOLVED,Solve_Succeeded,0.33019825,1.9634992629033672,9.207594308288604e6,115.24495032435493,34.79214254358567,503.5799877442601,2.093680252700111e-16,1.5922526291542861e-16,9.865370817269938e-9,0.0,1.000000003968814,0.5071170601633143,5.382971368250706e-7,-5.322042048144538e-9,-1.9857098003549565e-9,6.173584292144148e-7,2.938165484488506e-8,5.570065417072855e-10,-6.510086401440299e-9,-4.089223320587296e-9,3.0596618465310133e-9,-2.4611955349321716e-10,-2.464970374111091e-9,0.00029910840402261964,3.323581581789668e-8,9.198380561063142e-10,-3.1266765641933187e-9,1.8937585134771625e-8,2.1645928963338993e-8,5.439109464411413e-10,-1.9857088937174522e-9,0.18347167594282032,3.059934134427468e-8,8.396157484213325e-10,-5.2353202829290185e-9,-1.6621161483112017e-9,7.3755826779267725e-9,-1.2905494855708517e-11,0.12653846149003928,0.043511909013572755,7.512826739065635e-9,-8.81356198006067e-9,-3.841554639158225e-9,4.335462652711964e-9,2.2687380567720996e-8,-1.7643303202410727e-9,1.1502218356525334e-7,-9.331429058394918e-9,-8.50880016732647e-9,-9.865370817269938e-9,3.793371708044301e-8,-8.517549038694823e-9,-6.897144361229336e-9,-9.720749834971383e-9,0.8734614153495478,-8.897273898098092e-9,-7.680102631893506e-9,-9.791700351176549e-9,1.690961313972882e-9,1.3266019889423332e-8,1.6069036311003656e-8,-6.616247761612547e-9,-2.2063442226166178e-10,9.400685172128589e-7,9.140959285075351e-8,8.27552576250824e-9,-7.233429334933663e-10,-6.226771874530655e-9,9.518947966985373e-9,-3.6566333661849404e-9,-2.738855971234544e-10,0.0004554605243071708,1.0340031587790078e-7,1.3666165405008095e-8,-3.4740850713259084e-10,2.8836777364311333e-8,6.734289010816574e-8,8.080962632839812e-9,-2.206343215241613e-10,0.27937732473111276,9.519795084885455e-8,1.2474291119402651e-8,-5.817022536587797e-10,-2.530949589473875e-9,2.2946257220216623e-8,-1.9173878071338361e-10,0.7936507913151376,-1.1096739596226515e-14,0.00011896598266319484,3.62393511973288e-13,1.0000000064884222,-1.6358359179139693e-12
group_TotEmiss_ISI,39,,9.164124459326543e6,,,3,3,LOCALLY_SOLVED,Solve_Succeeded,0.26872625,1.964966787356711,9.164124364418449e6,115.36056974028665,34.79599575875754,503.5799877420784,4.187360505400222e-16,2.0506283860320352e-16,9.86667406195508e-9,0.0,1.000000003963202,0.5074081583736012,5.390902078179242e-7,-5.4062266354049895e-9,-1.983873127386321e-9,5.95230869604882e-7,2.929067741695114e-8,6.517522135218221e-10,-6.516715341336419e-9,-4.096178372340697e-9,3.0683887924879754e-9,-2.35994067869535e-10,-1.9841156309100423e-9,8.818423990423953e-8,3.3134007988456575e-8,8.813513795916881e-10,-3.120953133988547e-9,1.9137238986765687e-8,2.112046028690246e-8,5.155431632496575e-10,-1.9838722905633805e-9,0.184109480535292,3.1371712528865103e-8,8.327234293520718e-10,-5.29521618143445e-9,-1.6437006909800384e-9,7.339350987167344e-9,-1.438924576647343e-11,0.12852739274270708,0.042948400585478656,7.4813112785862e-9,-8.811030154465373e-9,-3.863288522408628e-9,4.198807601659931e-9,2.327471134688001e-8,-1.7881039082872538e-9,0.0002622591182455613,-9.340475308366191e-9,-8.508908648418108e-9,-9.86667406195508e-9,3.814831188331686e-8,-8.515919698755068e-9,-6.909863655460157e-9,-9.726604212946453e-9,0.8712103396904449,-8.896990132027302e-9,-7.673572501331044e-9,-9.794260805228491e-9,1.332054095053068e-9,1.4760847542725078e-8,1.6203182660919547e-8,-7.1394881783501435e-9,-2.2043034748736888e-10,9.063742787165247e-7,9.112655196384798e-8,9.683175743752785e-9,-7.24079482370713e-10,-6.23736252151879e-9,9.546098465518144e-9,-3.506197579775948e-9,-2.2045729232333794e-10,1.3428054712691016e-7,1.0308358040853154e-7,1.3094363353933651e-8,-3.4677257044317174e-10,2.9140795729847752e-8,6.57080986703632e-8,7.659498425423482e-9,-2.204302545070422e-10,0.28034852717874004,9.760088342313588e-8,1.2371890950373638e-8,-5.883573534927164e-10,-2.5029078703559675e-9,2.2833536404520627e-8,-2.1378307995903378e-10,0.7936507932368237,-2.2167559213133057e-14,2.9578340191572866e-5,7.437514389646169e-13,1.0000000065908607,-3.238730642127727e-12
group_TotEmiss_ISI,40,,9.12065457230178e6,,,3,3,LOCALLY_SOLVED,Solve_Succeeded,0.120715292,1.9656144188976103,9.120654585590009e6,115.41321933169021,34.79757983965616,503.57998751963186,4.187360505400222e-16,1.5922526291542861e-16,9.947478776789358e-9,7.642202885004367e-9,1.000000007835783,0.5075352911314783,1.899963586173439e-7,-8.272800508981985e-9,-7.253243018070346e-9,0.02084516978681707,7.677018819499808e-9,-2.6921001221688616e-10,-8.467061636221138e-9,-5.443653985819118e-9,-5.669719079570265e-10,-4.792379223381999e-10,-7.384870315765199e-9,2.0657504269912855e-8,1.542154982038646e-8,1.3760928537653996e-9,-7.386600530438089e-9,2.0285245815844014e-8,1.5080770127490814e-8,1.3399637033390766e-9,-7.2532427633698775e-9,0.1633972883296399,1.0920504898882634e-8,7.078248104421375e-10,-8.049103231191829e-9,-4.876173932594585e-9,6.051917847303154e-10,-3.991106465705116e-10,0.0556877483834038,0.04274174079292318,-3.5283002443915425e-9,-9.564960766834905e-9,-6.533268985099402e-9,1.598291906567363e-8,1.1021321032049958e-8,-3.0513057836415895e-9,4.451436773190346e-8,-9.762888289878823e-9,-9.448171165146731e-9,-9.947478776789358e-9,4.377152148668892e-8,-9.415442083883933e-9,-8.714838411912376e-9,-9.870424576603185e-9,0.944312231854292,-9.602008159873774e-9,-9.139646303090781e-9,-9.91590495300331e-9,-3.2721759303666532e-9,1.1997995382744918e-8,7.793954699588503e-9,-2.018701265357173e-9,-8.059158908967049e-10,0.0317415085390169,2.388405854955496e-8,-3.999691610079451e-9,-9.407846262467925e-10,-8.28920038749729e-9,-1.7639126025329715e-9,-7.120106274738969e-9,-8.20541146196133e-10,3.145574513827639e-8,4.797815499675788e-8,2.0444808113085933e-8,-8.207333922708984e-10,3.088889703776247e-8,4.691795150774919e-8,1.9908032163894852e-8,-8.059158625966527e-10,0.24880950722922437,3.3974904129857087e-8,1.05162543265689e-8,-8.943448034657586e-10,-7.4250830337235715e-9,1.8828188858276478e-9,-5.929643891904744e-9,0.7936507847413471,-2.888520517377213e-15,8.10049131293477e-14,2.2865561129928773e-14,1.0000000083666123,-4.006533493971503e-13
group_TotEmiss_ISI,41,,9.077184685277019e6,,,3,1,LOCALLY_SOLVED,Solve_Succeeded,0.287815958,1.9999501715998618,9.07718467723196e6,121.2972885631658,33.982929139820904,503.5799900809762,1.5922526291542861e-16,1.5922526291542861e-16,9.083057438664532e-9,0.0,0.9999999613930999,0.5238936392236349,1.867413492638295e-6,1.4065252507437651e-7,7.337514137573987e-8,0.07935298270787312,2.5111253034818824e-7,2.285534488520278e-9,4.126286594088749e-9,9.254990094334997e-10,1.8521177178313003e-8,4.3638139872923564e-10,1.1894731225953598e-8,9.28545369657236e-9,3.280633500760668e-8,1.7414076184513967e-9,1.069185840009466e-8,7.666065329360538e-9,2.986695604956262e-8,1.5183326042403033e-9,8.673606285059318e-8,0.1283119016003888,6.803008885580177e-8,4.345096103718814e-9,7.589491701660695e-9,4.293985158348106e-9,2.339048587632424e-8,1.0205753682233604e-9,8.069322016751015e-7,1.1734024628437251e-5,1.0132761098147923e-7,-1.7620573342993702e-9,5.4982860424709905e-9,-1.4867335439879667e-9,1.6420930297299852e-8,-5.3023234214405585e-9,1.590917519841539e-8,-6.79290304625217e-9,-2.515634501221133e-9,-9.083057438664532e-9,1.4172863044485715e-8,-5.4234820945244215e-9,5.995748747741279e-10,-8.482252377920014e-9,0.999998892948491,-1.158155310354343e-9,3.3790615795562396e-9,-7.9238674242751e-9,9.917002708314573e-9,-3.103320236179582e-9,6.210814663687858e-9,-6.730111441746196e-9,8.152793486193316e-9,0.12083295094153407,7.812389833054745e-7,3.3956512400872696e-8,4.5847628823208313e-10,1.409282582546465e-9,5.7621440110307114e-8,6.483380781120072e-9,1.3216368028837326e-9,1.4139213583417e-8,1.0206415335699856e-7,2.5872341759849316e-8,1.187984266677184e-9,1.1673326751526273e-8,9.291941882086146e-8,2.2558084405855932e-8,9.637340316732572e-9,0.1953840319824102,2.1164916532916103e-7,6.455571354096523e-8,8.432768557400768e-10,6.538568309302798e-9,7.277040050411986e-8,1.516283404217564e-8,0.7936507918231949,8.477829486087264e-16,3.334308737226938e-14,1.5492829678806385e-13,0.9551982440809952,1.1460445685258213e-13
