frontier_id,TAC,TotEmiss,ISI,TAC_normalized,TotEmiss_normalized,ISI_normalized,main_sink,active_sinks,active_sink_count,pretreated_fraction,direct_fraction,sink1_flow,sink2_flow,sink3_flow,sink4_flow,sink5_flow,sink6_flow,sink1_share,sink2_share,sink3_share,sink4_share,sink5_share,sink6_share
PF0001,2.9787597778537315e6,53.271458424480215,36.17349493086676,0.027642780534730897,0.08232834259630818,0.9069997024485756,Urea,Urea;Acetic Acid,2,0.4976935097626527,0.5023064902373475,8.595598694494661e-12,7.906296428184788e-12,8.12391441639397e-11,4.4170436171531665e-10,417.437570616699,79.77396639871421,1.7287609105134014e-14,1.5901273079130342e-14,1.633894994703898e-13,8.883630584403453e-13,0.8395572900861829,0.1604427099127322
PF0002,3.1374155556640215e6,69.13595347618327,34.91713823271154,0.03267463341294054,0.11480144395554945,0.873407117524387,Urea,Urea;Acetic Acid,2,0.5244969554297976,0.47550304457020237,8.507262153935429e-12,7.707470477811601e-12,8.303949917263812e-11,4.3079944470783227e-10,401.84046939603707,111.25145117661545,1.6580386111774746e-14,1.502161731410908e-14,1.6184136963192378e-13,8.39614555276138e-13,0.7831744240820145,0.21682557591695226
PF0003,3.274679212795846e6,85.00311110850377,33.660768852753506,0.037028023738493225,0.147279995362207,0.8398141935129484,Urea,Urea;Acetic Acid,2,0.5486499153224377,0.45135008467756244,1.4059654056048513e-10,1.1634391721946699e-10,1.6106067758832648e-9,6.514156823753912e-9,386.2425937023705,142.73344929967834,2.657899963868738e-13,2.1994175115634278e-13,3.0447631743721637e-12,1.231465377275217e-11,0.7301702956229238,0.2698297043612311
PF0004,3.3971979834567895e6,100.86783762403267,32.40441081306654,0.04091377210072521,0.17975357050572272,0.8062215727187563,Urea,Urea;Acetic Acid,2,0.570412920990615,0.429587079009385,1.405596254478781e-10,1.1625796290785021e-10,1.6116982868712393e-9,6.509463850907856e-9,370.6454387843607,174.21130172544244,2.579753814079644e-13,2.1337345078503409e-13,2.9580221130024896e-12,1.1947110803322519e-11,0.680262188611013,0.3197378113736105
PF0005,4.060063409921718e6,212.126078710662,23.60981724971447,0.061936903751256774,0.40748853011725916,0.5710708933102507,Acetic Acid,Urea;Acetic Acid,2,0.697481516568663,0.30251848343133697,6.911397764302723e-10,5.693747036993327e-10,7.978083620896237e-9,3.1810157183855845e-8,261.100409367296,395.1342974299636,1.0531899170041374e-12,8.676388154514702e-13,1.2157363116824575e-11,4.8473750096386854e-11,0.39787656252632386,0.6021234374111243
PF0006,5.499641673711945e6,282.0751656598647,17.328146325322177,0.10759389859907431,0.5506676091289164,0.4031109784999875,Acetic Acid,Methanol;Urea;Acetic Acid,3,0.7229353564528819,0.27706464354711796,9.278689978561943e-12,9.43117075770057e-12,7.01523353072312e-11,43.4609930002093,182.7832627009134,499.99999670888565,1.2776266315044695e-14,1.2986224299059864e-14,9.6596062653061e-14,0.05984349322694212,0.25168290433188717,0.6884736024410483
PF0007,5.82150877103005e6,292.5460409058934,16.071789877076522,0.11780208579776356,0.5721004875203254,0.36951840025790467,Acetic Acid,Methanol;Urea;Acetic Acid,3,0.7285063014900993,0.2714936985099007,3.968252776151282e-12,4.74365422656453e-12,1.8903361278190652e-11,69.9723891875348,166.75319085345163,500.0000009181024,5.386337706619548e-15,6.4388346884723855e-15,2.565861939201439e-14,0.09497754794456882,0.2263436958933361,0.6786787561620575
PF0008,6.513249096092964e6,323.95883287100924,12.30271970177898,0.13974100030614992,0.6363994629453554,0.26874064332404834,Acetic Acid,Methanol;Urea;Acetic Acid,3,0.7439532954680508,0.2560467045319494,8.679660186973775e-12,8.090319314127098e-12,8.119694930690362e-11,149.50698779186195,118.66290489970253,499.9999855329292,1.1299141548005455e-14,1.0531940321359114e-14,1.0570181363342117e-13,0.19462750627166642,0.1544748216032089,0.650897672124997
PF0009,6.697355091298268e6,334.4656339491407,11.04636306509287,0.1455800204455689,0.657905878072947,0.23514806004342664,Acetic Acid,Methanol;Urea;Acetic Acid,3,0.75026223835956,0.24973776164043981,8.632632152245575e-12,7.971015645728098e-12,8.248290752081906e-11,176.10332156008553,102.58389761487419,499.99998250190816,1.1086135913951702e-14,1.0236479588417353e-14,1.0592559803626584e-13,0.22615412347966238,0.13173954495971082,0.6421063315604997
PF0010,7.022862927999412e6,355.54582485790667,8.533650198706228,0.15590367564168123,0.7010550091244915,0.16796290436420241,Acetic Acid,Methanol;Urea;Acetic Acid,3,0.7645501056809827,0.23544989431901717,3.486136064260776e-12,3.654267574005698e-12,2.7712030656558552e-11,229.45338169582467,70.3350693466962,499.9999947159688,4.358822739623979e-15,4.5690427179652075e-15,3.4649201052506186e-14,0.286892593801114,0.08794209233666782,0.6251653138621747
PF0011,7.166757601411779e6,366.0859522955175,7.277293583992509,0.16046737219633705,0.7226296401168667,0.1343703216710806,Acetic Acid,Methanol;Urea;Acetic Acid,3,0.7710982932860243,0.22890170671397528,3.454440324350201e-12,3.58225408214124e-12,2.892558545422933e-11,256.1284902053759,54.21064217489228,499.999993591679,4.262956352017039e-15,4.420685077799259e-15,3.5695654482354846e-14,0.3160756799175354,0.06689870998129069,0.6170256101011297
PF0012,3.362461401212903e7,501.5917807750532,2.251867465528619,0.9995924439016705,0.999997087907873,0.0,Greenhouse,Greenhouse,1,0.8527042425285507,0.1472957574714492,3.6844719458191673e-10,1000.0000081555804,-3.152629612158953e-9,0.001673520825320902,5.304641664751128e-5,1.509238688055037e-8,3.684465554247333e-13,0.999998273423445,-3.1526241431910987e-12,1.6735179222105709e-6,5.3046324626188404e-8,1.5092360699302062e-11
PF0013,3.274827517826836e6,85.01477264745316,33.66071594658404,0.03703272731189811,0.1473038654151191,0.8398127789027557,Urea,Urea;Acetic Acid,2,0.5489765715180427,0.4510234284819575,6.912913493994101e-10,5.697306516119321e-10,7.973247084529832e-9,3.1829499998821434e-8,386.23883213992445,142.7536159250408,1.3068075959769669e-12,1.077010935887194e-12,1.507251589900147e-11,6.01700461183931e-11,0.7301405408012713,0.2698594591211024
PF0014,3.397346655933194e6,100.88053811949445,32.404352227844726,0.040918487327858,0.179779567203071,0.8062200062615217,Urea,Urea;Acetic Acid,2,0.5707304919948114,0.4292695080051885,6.912546858732309e-10,5.69645108028053e-10,7.974351441663816e-9,3.182483572816624e-8,370.6414011539164,174.23318194499245,1.2686491667306481e-12,1.045460965981085e-12,1.463520540031382e-11,5.840763491805413e-11,0.6802325023457828,0.31976749757886014
PF0015,5.047352135830724e6,271.6042393555848,18.584503022111708,0.09324929391853726,0.5292346262261594,0.43670356338766014,Acetic Acid,Methanol;Urea;Acetic Acid,3,0.7171302820957275,0.28286971790427246,1.009138036294942e-11,1.1244553340610387e-11,5.786786984878203e-11,16.949469741584252,198.81335665873596,500.0000002466084,1.409877683956082e-14,1.570988730063772e-14,8.08478279318642e-14,0.023680287814029224,0.2777642946198777,0.6985554175659824
PF0016,3.3973465603380008e6,100.88053492540728,32.404352227549104,0.0409184842960053,0.1797795606650806,0.8062200062536173,Urea,Urea;Acetic Acid,2,0.570730179399008,0.4292698206009918,6.912546794101451e-10,5.696450916178242e-10,7.974351269210242e-9,3.182483490694289e-8,370.6414044120084,174.23317544208425,1.2686491624240565e-12,1.0454609420895319e-12,1.4635205170967426e-11,5.840763375870237e-11,0.680232512376204,0.31976748754843914
PF0017,7.3016298791308915e6,376.6206438410488,6.020936978663929,0.16474491864436555,0.7441931443589797,0.10077773922889957,Acetic Acid,Methanol;Urea;Acetic Acid,3,0.7772889476758803,0.22271105232411958,3.4386822189311076e-12,3.537058142207334e-12,2.970036871782245e-11,282.79776910636383,38.08660292467856,499.99999219920596,4.188997097240903e-15,4.30883848728671e-15,3.6180940960754515e-14,0.3445037832722439,0.04639703785854303,0.6090991788691684
PF0018,7.518567451036212e6,397.6545140785297,3.5082226799947978,0.1716252098045706,0.7872474614344873,0.03359254525316985,Acetic Acid,Methanol;Urea;Acetic Acid,3,0.7886997969580491,0.21130020304195082,8.470772930427148e-12,7.562982495059146e-12,9.891377951029946e-11,336.0983985915917,5.84100818195412,499.9999600897014,1.0061024895397087e-14,8.982811343333394e-15,1.1748325758754086e-13,0.39919549057757375,0.00693756392899734,0.5938669454932923
PF0019,3.27482747914378e6,85.0147713912671,33.66071594649097,0.03703272608504429,0.14730386284382663,0.8398127789002671,Urea,Urea;Acetic Acid,2,0.5489764364665094,0.4510235635334907,6.912913466346347e-10,5.697306445194655e-10,7.973247008017163e-9,3.1829499646933454e-8,386.23883341476136,142.75361337496102,1.3068075939007967e-12,1.077010925076045e-12,1.5072515790698316e-11,6.017004559824096e-11,0.7301405449713563,0.2698594549510175
PF0020,6.866825187807908e6,345.00569754970525,9.790006811295958,0.1509548552272694,0.6794803783970049,0.2015554870005328,Acetic Acid,Methanol;Urea;Acetic Acid,3,0.7576162417096775,0.24238375829032238,3.5241442737512852e-12,3.739621693946568e-12,2.6643202546658207e-11,202.77827337095005,86.45949636647659,499.9999957972068,4.46525043231283e-15,4.7382700844442865e-15,3.3758144516321806e-14,0.2569292578562537,0.1095480983577931,0.6335226437859103
PF0021,6.084461248944989e6,303.0169513428944,14.815433260234268,0.12614176432123195,0.5935334379442829,0.3359258175078699,Acetic Acid,Methanol;Urea;Acetic Acid,3,0.7338580810510433,0.2661419189489568,3.804391238899928e-12,4.377653861767311e-12,2.1320501694334332e-11,96.48387386070056,150.7231033257607,499.9999999122156,5.091482488121047e-15,5.858689755233671e-15,2.8533595573637e-14,0.12912603444273646,0.20171533182277834,0.6691586337344457
PF0022,7.426623750608476e6,387.15378085873033,4.764506109465475,0.1687091661532404,0.765753466631527,0.06718317111230039,Acetic Acid,Methanol;Urea;Acetic Acid,3,0.783260977621936,0.21673902237806386,6.913289552252507e-10,5.697806357148525e-10,7.978660254994874e-9,309.48043913365416,21.95792838314796,499.9966548734522,8.314888555332901e-13,6.852978529464448e-13,9.596252310816452e-12,0.3722244442391948,0.026409674588614394,0.6013658811610778
PF0023,7.518815720154149e6,397.66815731192435,3.5081048447613306,0.17163308379247638,0.7872753878260585,0.033589394563486634,Acetic Acid,Methanol;Urea;Acetic Acid,3,0.7888303692027585,0.21116963079724155,6.913141832560423e-10,5.697187938413631e-10,7.987967452050924e-9,336.13145434909495,5.83403273644702,499.9961304178487,8.210756510473166e-13,6.766564912120955e-13,9.487329690454694e-12,0.3992242013859366,0.0069290958341808725,0.5938467027688975
PF0024,7.422308936733106e6,387.1390330508101,4.764578706483519,0.1685723195226457,0.7657232792817337,0.06718511221827568,Acetic Acid,Methanol;Urea;Acetic Acid,3,0.7831465041896383,0.21685349581036167,1.8037565895620124e-11,1.5476080284075588e-11,2.0005177054829424e-10,309.449881846682,21.963641844560218,499.9999193141462,2.1695061641549806e-14,1.8614180964080153e-14,2.406164733457906e-13,0.37219735193118536,0.026417232039405096,0.6013854160291286
PF0025,7.617040346073879e6,387.59882093134195,3.508223418982926,0.1747483303562432,0.7666644210199107,0.03359256501230472,Acetic Acid,Methanol;Urea;Acetic Acid,3,0.7833940123698605,0.21660598763013933,8.508468068275786e-12,7.064020882326555e-12,9.143510747952611e-11,385.27708745230655,5.12353784638255,441.47294866756,1.0228078321694468e-14,8.491700065246031e-15,1.0991466773438349e-13,0.4631437991416332,0.006159034265211271,0.530697166593027
PF0026,7.365840772642881e6,371.3141158711402,6.020936843608757,0.16678140148659176,0.7333311900345026,0.10077773561778151,Acetic Acid,Methanol;Urea;Acetic Acid,3,0.7742131352980779,0.22578686470192194,8.551208255608743e-12,7.0199025035178956e-12,7.589005093950635e-11,308.709085190971,37.7089432877969,469.1545550553922,1.0484913824043006e-14,8.607330169311755e-15,9.305125315841271e-14,0.37851822317664524,0.04623615855793813,0.5752456182653044
PF0027,7.577846530200471e6,371.3141197363294,4.76458047360352,0.17350527751611,0.7333311979461746,0.0671851594676984,Acetic Acid,Methanol;Urea;Acetic Acid,3,0.7742129203244172,0.2257870796755825,3.433142803063666e-12,2.878470925463487e-12,2.5411363546208443e-11,386.7850878713337,20.83598480817035,407.9514536921986,4.2094880492564e-15,3.529386820163058e-15,3.1157699314930156e-14,0.4742497759114544,0.025547678636091524,0.5002025454524153
PF0028,7.7370686089584e6,371.31410819580174,3.5082230539903305,0.1785550909318597,0.7333311743238202,0.03359255525309798,Methanol,Methanol;Urea;Acetic Acid,3,0.7742136232564379,0.22578637674356183,8.458612727780586e-12,7.160268113465955e-12,9.81648984571501e-11,464.9162720472877,3.9616632597332,346.69463811550094,1.0371379572369792e-14,8.779437105660801e-15,1.2036316773771686e-13,0.570048929056329,0.004857523890372705,0.42509354705315877
PF0029,6.311438272546917e6,313.48786117169334,13.559076645793166,0.13334046206336195,0.6149663871233091,0.30233323482203733,Acetic Acid,Methanol;Urea;Acetic Acid,3,0.7390029385953958,0.26099706140460394,3.697685389785721e-12,4.139371047818192e-12,2.3018912745603557e-11,122.99535682344185,134.69301612096748,499.9999989271266,4.880219265675234e-15,5.4631576799753795e-15,3.038044874404568e-14,0.16232974054970767,0.17776835585883696,0.6599019035914147
PF0030,7.031205367887662e6,355.029410698226,8.533650126520383,0.15616826058615882,0.6999979588183831,0.16796290243409043,Acetic Acid,Methanol;Urea;Acetic Acid,3,0.7642196944065988,0.23578030559340113,8.645004071661726e-12,6.923524565347773e-12,6.881981709169963e-11,231.97392943624266,70.29833694046765,496.9992964827294,1.0816103654098263e-14,8.662293126728715e-15,8.610317230039506e-14,0.29023168121522824,0.08795300647124729,0.6218153123134189
PF0031,7.306883923120171e6,355.02940816136555,7.277293423098321,0.16491155346053532,0.6999979536256729,0.1343703173690765,Acetic Acid,Methanol;Urea;Acetic Acid,3,0.7642198101307774,0.2357801898692222,8.536267948263576e-12,7.04283074454708e-12,7.610656583023006e-11,310.09271506527557,53.42434083416073,435.75451541428106,1.0680059512478365e-14,8.811561673550293e-15,9.521990842878257e-14,0.3879691536576963,0.06684128743168488,0.545189558910504
PF0032,7.524571443832162e6,355.0294063077945,6.020936745950367,0.17181562964838604,0.6999979498315905,0.1007777330065822,Methanol,Methanol;Urea;Acetic Acid,3,0.7642200255261898,0.23577997447381,8.492234398193522e-12,7.08467577058381e-12,8.037549953730979e-11,388.2938117762284,36.54837513474868,374.42937006132655,1.0624967602202284e-14,8.863915785293556e-15,1.0056094056664313e-13,0.4858096205087865,0.04572710590777443,0.46846327358331896
PF0033,7.692333076803789e6,355.02940914359675,4.764580397138084,0.17713627959490613,0.6999979556362059,0.06718515742315828,Methanol,Methanol;Urea;Acetic Acid,3,0.7642195729641342,0.23578042703586571,3.3662259646906852e-12,3.0565900880774157e-12,2.993358986532455e-11,466.4241459460246,19.674125263579988,313.1732496687797,4.211617550180086e-15,3.824219940575565e-15,3.745109025331809e-14,0.5835615729601026,0.024615071036132502,0.3918233560037194
PF0034,1.0098190444333484e7,355.0294149848487,3.508224012169179,0.25343933320220446,0.6999979675926891,0.03359258087297519,Methanol,Algae;Methanol;Urea;Acetic Acid,4,0.7642192631663519,0.23578073683364775,29.114981909371974,6.151189837383445e-12,-2.2811433685290493e-11,500.00000173184156,1.77757183890902,268.37894910390116,0.036426898422364386,7.69599541845912e-15,-2.8540281436860495e-14,0.625569657950053,0.002223990006792728,0.3357794536208107
PF0035,6.971488461709664e6,338.7447032317632,9.790006714388165,0.1542743069566299,0.6666647229075893,0.201555484409403,Acetic Acid,Methanol;Urea;Acetic Acid,3,0.7533007401429231,0.2466992598570769,8.638419186874924e-12,6.957820920039721e-12,6.903629258024275e-11,233.3366263467409,86.01423544176029,463.6196929211132,1.1032878739709159e-14,8.886440081542356e-15,8.817227182424409e-14,0.2980145612669366,0.10985628377002209,0.5921291549629333
PF0036,7.242291689173261e6,338.744705843026,8.533650291936235,0.16286297620238852,0.666664728252594,0.1679629068569952,Acetic Acid,Methanol;Urea;Acetic Acid,3,0.7533004927515436,0.2466995072484563,3.483685124957056e-12,2.8604389755111484e-12,1.8952599403063086e-11,311.5175873741304,69.13876857378231,402.31415084625314,4.449318454178716e-15,3.65331637742395e-15,2.4206019560893753e-14,0.39786631127347794,0.08830315825926237,0.5138305304672275
PF0037,7.461282243475619e6,338.7446981108675,7.277293330604571,0.16980837879771452,0.6666647124256063,0.13437031489596982,Methanol,Methanol;Urea;Acetic Acid,3,0.7533010504702827,0.24669894952971744,8.486755766676634e-12,7.127970309270059e-12,8.002226091975508e-11,389.8021840626297,52.260794922821866,340.9075695531018,1.0839176240430085e-14,9.103752781728301e-15,1.022034111871898e-13,0.49785037865110493,0.06674682083555046,0.43540280051322255
PF0038,7.624475967260097e6,338.74468700440843,6.020936505710119,0.17498415506041434,0.6666646896917489,0.10077772658301559,Methanol,Methanol;Urea;Acetic Acid,3,0.7533013217807107,0.24669867821928898,8.425131170457349e-12,7.251664473755444e-12,8.629522098051606e-11,467.9330385878912,35.386505756344334,279.6510032043664,1.0760470105592664e-14,9.261733402946886e-15,1.102151559221302e-13,0.5976381104664525,0.04519519395350328,0.3571666955799139
PF0039,1.0081621001804586e7,338.7447077447987,4.764580607433548,0.25291382446731897,0.6666647321453405,0.06718516304605843,Methanol,Algae;Methanol;Urea;Acetic Acid,4,0.7533002627863866,0.24669973721361332,30.0836555790419,6.210824603248961e-12,-4.1490645748030673e-11,500.0000016967276,17.456599358642357,235.43023930772176,0.03842246385394658,7.932386514482735e-15,-5.2991327212282284e-14,0.6385936689671934,0.022295347588593292,0.30068851959031173
PF0040,2.3031141885171745e7,338.7447083172914,3.508224062942683,0.6636148076128618,0.6666647333171782,0.03359258223056197,Methanol,Algae;Greenhouse;Methanol;Acetic Acid,4,0.7533001289043667,0.24669987109563304,88.40898845247888,144.9407960997382,-1.779734079445624e-8,500.0000042895074,-6.836003754182145e-6,49.6206847565946,0.11291484443860458,0.1851165558036714,-2.2730539082087093e-11,0.6385936960923158,-8.730857732866088e-9,0.06337491241899644
PF0041,6.54814885271703e6,322.45999770534326,12.302719987138348,0.14084786475975722,0.6333314909678772,0.2687406509540143,Acetic Acid,Methanol;Urea;Acetic Acid,3,0.7432557699693303,0.25674423003066965,8.796176704279363e-12,6.822327547987518e-12,5.924016362358368e-11,156.89377266077244,118.542129349375,491.23363406213423,1.1473231021206509e-14,8.898654801048e-15,7.726948944270132e-14,0.2046432853776065,0.15461959002136125,0.6407371246009346
PF0042,6.907905397093412e6,322.4599958136039,11.046363298843543,0.15225773604373663,0.633331487095668,0.2351480662934744,Acetic Acid,Methanol;Urea;Acetic Acid,3,0.7432558877458808,0.2567441122541191,8.618412449855703e-12,6.970255479251851e-12,6.910277399676434e-11,235.01254938719185,101.66813386847005,429.98886372466654,1.1241365310256528e-14,9.091603425106341e-15,9.013371441311439e-14,0.3065369562581517,0.13261011118662247,0.5608529325551155
PF0043,7.177699623146445e6,322.45999365116484,9.790006613998804,0.16081440426991736,0.6333314826693625,0.2015554817251827,Acetic Acid,Methanol;Urea;Acetic Acid,3,0.7432560835271734,0.25674391647282657,8.534302243960803e-12,7.058320393945566e-12,7.527354548103355e-11,313.31616008749097,84.78972087211675,368.56365361216746,1.113165693837912e-14,9.20647042260153e-15,9.81825181341904e-14,0.4086717235509524,0.11059487438674104,0.48073340206218806
PF0044,7.390250302509528e6,322.45999703433813,8.533650245790255,0.16755556278604408,0.633331489594394,0.16796290562313962,Methanol,Methanol;Urea;Acetic Acid,3,0.743255678903192,0.25674432109680834,3.4056966163879233e-12,2.9950724081489184e-12,2.3353945387985404e-11,391.5940169501511,67.91194268917702,307.16354223322236,4.442196550233907e-15,3.9066017375590045e-15,3.046155524765717e-14,0.5107729158309908,0.08858046723301631,0.40064661693595405
PF0045,7.549826144082937e6,322.4572767174497,7.277224135591681,0.17261659597875903,0.6333259213663629,0.13436846475313202,Methanol,Methanol;Urea;Acetic Acid,3,0.7492875767981644,0.25071242320183534,6.912549239569761e-10,5.69469689324071e-10,7.97541047465314e-9,470.6031235273337,50.841033268087365,245.22844630477513,9.016298758471595e-13,7.427807998022158e-13,1.0402628765273297e-11,0.6138254081581695,0.06631387773854035,0.31986071409124295
PF0046,1.0042050758581944e7,322.46000050318946,6.020937200401951,0.2516588330324064,0.6333314966948004,0.10077774515775188,Methanol,Algae;Methanol;Urea;Acetic Acid,4,0.7432553994038189,0.2567446005961811,31.198818481315776,6.2062955031371165e-12,-4.248609324221886e-11,500.00000164345147,33.070609668181326,202.4000581860909,0.040693961309922665,8.095138257683066e-15,-5.541643942843651e-14,0.6521715152137958,0.043135419090901704,0.26399910438542723
PF0047,1.146404864809425e7,322.45999995214254,4.764580567855118,0.2967582569040434,0.6333314955668601,0.0671851619878066,Methanol,Algae;Methanol;Urea;Acetic Acid,4,0.743255570708328,0.2567444292916719,82.29595176841529,6.714149180750474e-12,1.643273077413112e-11,499.99999910993847,14.40067972023947,169.97286895492488,0.10734214914815202,8.757553528163518e-15,2.1433917462088265e-14,0.652171502063283,0.018783425881198475,0.22170292290733631
PF0048,6.491986750901755e6,306.1752903534301,13.559076576114608,0.13906665365250456,0.5999982552915556,0.3023332329589654,Acetic Acid,Methanol;Urea;Acetic Acid,3,0.7354312865488692,0.2645687134511309,8.785499650020429e-12,6.851750391195124e-12,5.978847935687445e-11,159.03636334957946,134.10365125592014,457.2285134659682,1.1708246443383327e-14,9.131180393191875e-15,7.96788206330183e-14,0.21194434121364997,0.17871705200718938,0.60933860677906
PF0049,6.84211576322533e6,306.17528795181875,12.30271987230586,0.15017118260644988,0.5999982503756872,0.26874064788361224,Acetic Acid,Methanol;Urea;Acetic Acid,3,0.7354313894102807,0.2645686105897193,8.595089286846646e-12,7.028153521360567e-12,7.013808936219357e-11,237.1551568990378,117.22965601659607,395.983726747033,1.1454490470388914e-14,9.36626890636875e-15,9.347152186539776e-14,0.31605157247880533,0.15622943902909897,0.5277189884919813
PF0050,7.108956727620072e6,306.1752857428111,11.046363192696171,0.15863418655906633,0.5999982458540603,0.23514806345529587,Acetic Acid,Methanol;Urea;Acetic Acid,3,0.7354316314717491,0.2645683685282507,8.526814545538293e-12,7.100621521762171e-12,7.581232998472165e-11,315.538738324893,100.34933143718328,334.4804568519757,1.1363502389970273e-14,9.462845615076645e-15,1.0103346195343033e-13,0.4205116914333884,0.13373339616199703,0.44575491240449255
PF0051,7.313115602304213e6,306.1752804098694,9.790006469602751,0.16510919449996722,0.5999982349380395,0.2015554778643073,Methanol,Methanol;Urea;Acetic Acid,3,0.7354317872228292,0.26456821277717063,8.469833676828479e-12,7.224131786624501e-12,8.0799704431357e-11,393.8094842579979,83.47170439840723,273.0873426298814,1.1287565141235796e-14,9.627445029231063e-15,1.0768002796284546e-13,0.5248214281892613,0.1112409448398759,0.36393762697073423
PF0052,7.45655495619848e6,300.4834739115852,8.533650089319819,0.1696584503524987,0.5883476523803469,0.1679629014394182,Methanol,Methanol;Urea;Acetic Acid,3,0.732582943351704,0.267417056648296,3.322860533696707e-12,3.299350084362996e-12,3.037507720861103e-11,499.99988162964223,66.13854554719902,178.53256207012905,4.462186095172984e-15,4.430614502250472e-15,4.078992957591318e-14,0.6714373043258065,0.0888157944947965,0.23974690117934727
PF0053,9.996094289472114e6,306.1752932489656,7.277293792877822,0.25020129902668514,0.5999982612184394,0.13437032725627598,Methanol,Algae;Methanol;Urea;Acetic Acid,4,0.7354308945840236,0.26456910541597634,32.61206315126835,6.315024391288661e-12,-3.9847513476937874e-11,500.0000015771452,48.582029148036575,169.17438607487813,0.04346139799660182,8.41589773560126e-15,-5.310392765901403e-14,0.6663392918764385,0.06474422959662426,0.2254550805303802
PF0054,1.1393387548385369e7,306.1752926775016,6.020937160906068,0.2945172023212551,0.5999982600487073,0.1007777441017072,Methanol,Algae;Methanol;Urea;Acetic Acid,4,0.7354310727736804,0.2645689272263193,83.70919597346688,6.839673682075924e-12,1.4960543871063532e-11,499.99999912700224,29.91209936152585,136.74719665729845,0.11155745072477515,9.115086471545826e-15,1.993759605863391e-14,0.6663392786938036,0.03986321349515403,0.18224005708623822
PF0055,1.2317048460768688e7,306.1752920804687,4.7645805307345475,0.32381160234003786,0.599998258826638,0.06718516099527325,Methanol,Algae;Methanol;Urea;Acetic Acid,4,0.7354312181578178,0.2645687818421818,134.8063193738671,7.187749946158364e-12,4.075982245743579e-11,499.9999972583588,11.24217131594172,104.32001019355155,0.17965348986225452,9.578960156187664e-15,5.4319740978431954e-14,0.6663392699674525,0.014982200537178917,0.13902503963305024
PF0056,5.924244607084568e6,289.8905845531476,16.071789848425695,0.12106040780456961,0.5666650227912732,0.3695183994918361,Acetic Acid,Methanol;Urea;Acetic Acid,3,0.7271147278243704,0.27288527217562947,9.14682190359109e-12,6.658365600998746e-12,4.233240302235138e-11,83.06017349931034,166.53916997966758,484.4681612625228,1.2460464255002523e-14,9.070508581282233e-15,5.766826994644754e-14,0.11315059304873208,0.22687173714126,0.6599776698099287
PF0057,6.4317492234591e6,289.8905829787618,14.815433164287564,0.13715618824102116,0.5666650195686563,0.3359258149424378,Acetic Acid,Methanol;Urea;Acetic Acid,3,0.7271148971996811,0.2728851028003184,8.77413981024643e-12,6.884854220848954e-12,6.043944789756983e-11,161.1789548902399,149.6651731405144,423.2233920533615,1.1952769425406673e-14,9.379047611395902e-15,8.233499813564545e-14,0.21956965875803072,0.203884750442778,0.5765455907990875
PF0058,6.775528018246536e6,289.89058118887937,13.55907648461609,0.14805931664827676,0.5666650159049385,0.30233323051246935,Acetic Acid,Methanol;Urea;Acetic Acid,3,0.7271151106210851,0.27288488937891475,8.624611878521296e-12,7.007962620164533e-12,6.94149494687869e-11,239.36586290970806,132.78954837466898,361.9121014090962,1.174907175346105e-14,9.546754895131911e-15,9.456207810379516e-14,0.3260815371482501,0.1808955526276,0.4930229102240341
PF0059,7.0341623488305975e6,289.8905834072479,12.302720056497064,0.1562620428188255,0.5666650204457263,0.2687406528085342,Methanol,Methanol;Urea;Acetic Acid,3,0.7271147283283296,0.2728852716716705,3.45300555830555e-12,2.9811714969712604e-12,2.0076329643388513e-11,317.7609809798258,115.90896660923734,300.3975347918475,4.7039347760042134e-15,4.061168173942094e-15,2.7349433294976145e-14,0.4328770700333609,0.15789960649569754,0.40922332347090556
PF0060,7.221800307864886e6,268.7763557968872,11.046362889735049,0.16221308108077293,0.5234462195271474,0.23514805535469255,Methanol,Methanol;Urea;Acetic Acid,3,0.7155216065241117,0.28447839347588827,8.497076352480605e-12,7.67716499868546e-12,8.530018268009237e-11,499.999944392225,97.33190732935488,115.60033213753574,1.1918491751185307e-14,1.0768436567315177e-14,1.1964697991097654e-13,0.7013289001565963,0.13652337421840258,0.16214772562485885
PF0061,7.347011211400625e6,284.6299940147903,9.79000618283398,0.16618421187749,0.555897097987817,0.20155547019665665,Methanol,Methanol;Urea;Acetic Acid,3,0.7243165360791342,0.27568346392086573,8.44355225534819e-12,7.55516593899969e-12,8.680244721701994e-11,499.9998894029485,81.73521100399228,147.06660020143215,1.1585527652170238e-14,1.0366559151401391e-14,1.1910297018317696e-13,0.6860575228975168,0.11215013759675868,0.2017923395055835
PF0062,9.932579699613336e6,289.89058599080835,8.533650385187599,0.248186899827361,0.566665025734027,0.16796290935035904,Methanol,Algae;Methanol;Urea;Acetic Acid,4,0.7271144829934589,0.2728855170065412,34.025308000307646,6.453675224663333e-12,-3.6565495398883416e-11,500.00000151969516,64.09344859054383,135.94871373242103,0.046351744635795236,8.791664897588834e-15,-4.9812172315826356e-14,0.6811362997251513,0.08731274855379696,0.18519920708529758
PF0063,1.1296853187688194e7,289.8905853801058,7.277293752674323,0.2914555634233574,0.5666650244839774,0.134370326181311,Methanol,Algae;Methanol;Urea;Acetic Acid,4,0.7271146741266814,0.27288532587331843,85.12244138488524,7.0206783987553115e-12,1.6038169393335403e-11,499.9999991715096,45.423518747333794,103.52152329057625,0.11595996744610869,9.564077643029436e-15,2.1848358323479465e-14,0.6811362865501394,0.06187921386573182,0.14102453213798868
PF0064,1.2198386476838386e7,289.89058464292157,6.020937121528273,0.32004817403244906,0.5666650229750319,0.10077774304881998,Methanol,Algae;Methanol;Urea;Acetic Acid,4,0.7271148331675051,0.2728851668324947,136.21956734343604,7.477765547043668e-12,3.963487072323557e-11,499.99999750067093,26.75359046046071,71.0943338142335,0.18556817916966975,1.0186754839149388e-14,5.399349693420156e-14,0.6811362782199432,0.03644568225269707,0.09684986035762586
PF0065,1.2714943293101944e7,280.2994739808286,4.7645805445073925,0.3364310498315428,0.5470329383947912,0.06718516136353289,Methanol,Algae;Methanol;Urea,3,0.721967387907182,0.2780326120928177,218.24331440169556,5.439969403601656e-12,2.8149910720924798e-11,500.00000214137583,6.22343293032433,5.489835809059443e-10,0.30124683370238586,7.508929026144425e-15,3.8856042380639174e-14,0.6901628025087646,0.00859036378804555,7.577760902133203e-13
PF0066,3.3973466136743687e6,100.88053666286083,32.40435222792949,0.04091848598759675,0.17977956422148159,0.8062200062637882,Urea,Urea;Acetic Acid,2,0.5707303539952502,0.4292696460047491,6.912546834860943e-10,5.696451005234468e-10,7.974351329527953e-9,3.182483540001874e-8,370.64140259392605,174.23317901627718,1.2686491658157747e-12,1.0454609550644032e-12,1.4635205234498875e-11,5.840763447539131e-11,0.680232506847141,0.3197674930775021
PF0067,5.8715191535695195e6,273.6058772529966,17.328146438599692,0.11938819183685466,0.5333317872209037,0.4031109815288125,Acetic Acid,Methanol;Urea;Acetic Acid,3,0.7182585301904147,0.28174146980958487,9.12584118875429e-12,6.69135602749975e-12,4.337922402415117e-11,85.2027629270777,182.10069187373992,450.4630421422575,1.2714220052928011e-14,9.322469153962027e-15,6.043640126544931e-14,0.11870540529537695,0.2537046416199153,0.6275899530846253
PF0068,7.075177315759395e6,252.92272032711733,12.302719602770871,0.15756285443904347,0.4909953466916434,0.2687406406767601,Methanol,Methanol;Urea;Acetic Acid,3,0.7061470082603017,0.2938529917396985,8.579146561636594e-12,7.86282913488818e-12,8.334489433985004e-11,499.9999697140748,112.92860481572397,84.1340933452219,1.2307568540126665e-14,1.1279945831637644e-14,1.1956585566963884e-13,0.7172955786575711,0.1620063876896005,0.12069803365268533
PF0069,9.84796038735933e6,273.60587872536394,9.790006977249078,0.2455031530656983,0.5333317902346985,0.2015554914378031,Methanol,Algae;Methanol;Urea;Acetic Acid,4,0.7182582723672803,0.28174172763271943,35.43855314597368,6.645956574688278e-12,-3.264399048678782e-11,500.00000147666293,79.60486797601135,102.7230410030522,0.049373375524048406,9.25921857833757e-15,-4.547996060304047e-14,0.696605409742491,0.11090636302030994,0.14311485171318697
PF0070,1.1169240690254243e7,273.6058780321664,8.533650342914187,0.2874082647912435,0.5333317888157896,0.16796290822004856,Methanol,Algae;Methanol;Urea;Acetic Acid,4,0.7182584846304596,0.2817415153695405,86.53568859792706,7.316469266973828e-12,1.8899925042144402e-11,499.9999992771348,60.93493781120725,70.29584812755336,0.12056245555482706,1.0193383968044376e-14,2.6331579603766867e-14,0.6966053967669836,0.08489521318463059,0.09793693449352227
PF0071,1.236322635693837e7,272.2561824559469,6.02093698737795,0.3252761590234315,0.5305690912885216,0.10077773946189587,Methanol,Algae;Methanol;Urea,3,0.7174992096949131,0.2825007903050863,193.082149677556,9.671121850426225e-12,7.388859686770629e-11,499.9999978382234,23.33328937467948,1.0272783767936999e-9,0.2695114311262101,1.3499320858282902e-14,1.0313652255777595e-13,0.697919073334958,0.0325694955372814,1.4339143517774027e-12
PF0072,4.801574911159901e6,257.3211687568693,19.84085951464649,0.08545433774091202,0.4999985492024853,0.4702961428139499,Acetic Acid,Methanol;Urea;Acetic Acid,3,0.7088088839671576,0.29119111603284226,5.1745354241785774e-11,3.8467832303246364e-11,3.6296822906360814e-10,9.226914420016099,214.53617893123598,477.7024596958746,7.376749152823464e-14,5.483923214207658e-14,5.174426990557985e-13,0.013153766966786813,0.3058399346898281,0.6810062983427391
PF0073,5.814882549195198e6,257.32116994486614,18.584503028473268,0.1175919316270707,0.499998551634201,0.4367035635577562,Acetic Acid,Methanol;Urea;Acetic Acid,3,0.708808214500342,0.29119178549965796,9.104904077683879e-12,6.727459322473281e-12,4.447760249017908e-11,87.34535267843229,197.66221375596646,416.45792269693584,1.2979831821745396e-14,9.590577764279902e-15,6.340668668569063e-14,0.12451838904660813,0.28178465914371076,0.5936969518095951
PF0074,6.894575451684764e6,237.06908088884796,13.559076332561473,0.15183496969323482,0.4585444657330011,0.30233322644681854,Methanol,Methanol;Urea;Acetic Acid,3,0.6961334499786996,0.30386655002130036,8.72850707887136e-12,8.198754667424895e-12,8.024198392299439e-11,499.9999847927868,128.52530384796262,52.66785569151835,1.2813556847267072e-14,1.2035873724860322e-14,1.177962294403877e-13,0.734006190392352,0.18867674303142,0.07731706657608531
PF0075,9.733561724888124e6,257.32117144336985,11.046363568791708,0.24187493827917234,0.4999985547014945,0.23514807351137412,Methanol,Algae;Methanol;Urea;Acetic Acid,4,0.708807946213039,0.2911920537869608,36.85179894873682,6.952204159871561e-12,-2.756386452210824e-11,500.0000014612436,95.11628723935745,69.49736746040449,0.05253544373467763,9.910971537128814e-15,-3.929468560614544e-14,0.7127934780238532,0.13559653799983573,0.09907454024166289
PF0076,1.098928758174976e7,257.321170491713,9.790006928745989,0.2817009556754432,0.49999855275354416,0.20155549014092286,Methanol,Algae;Methanol;Urea;Acetic Acid,4,0.7088082043256454,0.2911917956743543,87.94894153599353,7.951879359079528e-12,2.550335773436899e-11,499.9999995464058,76.44635592512597,37.07016732899795,0.12537886183630623,1.1336095308128085e-14,3.635725353705042e-14,0.7127934659182457,0.10898092609224695,0.05284674615315348
PF0077,1.153353220702818e7,256.1695329146535,8.533650221712174,0.29896196515113926,0.4976412609741912,0.16796290497933758,Methanol,Algae;Methanol;Urea,3,0.7081162660808695,0.2918837339191304,142.7596279995898,1.0222207203338201e-11,6.700544119896902e-11,499.9999991899866,57.553050936589884,1.0771809704849547e-9,0.20385126880943788,1.4596633079202584e-14,9.567932052600519e-14,0.7139667962702281,0.0821819349186856,1.538142895492629e-12
PF0078,1.2760224621391056e7,257.32117147182385,7.277293758614418,0.3378671713849172,0.4999985547597371,0.13437032634013782,Methanol,Algae;Methanol;Urea,3,0.7088079753366721,0.29119202466332805,239.2930338954713,3.0121143448125297e-12,-8.255811644857208e-13,424.79184276405186,37.3806089502706,3.706232675697405e-10,0.3411330119646918,4.294030720830771e-15,-1.176937684635464e-15,0.6055776819789624,0.05328930605581435,5.283556713376362e-13
PF0079,4.78716664985988e6,241.03646438464557,21.097216328255985,0.08499737202498835,0.46666531962530233,0.5038887308251659,Acetic Acid,Methanol;Urea;Acetic Acid,3,0.6987015146235093,0.30129848537649057,1.1548274953764766e-11,5.921771924306776e-12,-5.0530158925588965e-11,11.369097159276699,230.09773914006684,443.69761194186714,1.6854749226129985e-14,8.642847625132929e-15,-7.374895042394606e-14,0.016593238584490567,0.33582848574634816,0.6475782756692094
PF0080,5.753979024232863e6,241.03646262594592,19.84085961794717,0.1156603437479247,0.46666531602541267,0.47029614557601335,Acetic Acid,Methanol;Urea;Acetic Acid,3,0.6987019210737443,0.3012980789262555,9.083719214839686e-12,6.767563569704898e-12,4.564203146186276e-11,89.4879428536152,213.22373562625305,382.45280283031184,1.325772053663504e-14,9.877283125890109e-15,6.661470742701284e-14,0.1306079712166153,0.3112008013294922,0.5581912274538027
PF0081,9.566444246404149e6,241.0364641040868,12.302720158699383,0.23657471803686744,0.46666531905102543,0.26874065554122956,Methanol,Algae;Methanol;Urea;Acetic Acid,4,0.6987016543555084,0.3012983456444914,38.2650469217896,7.60197264663713e-12,-1.90767543222581e-11,500.0000015194204,110.62770610936408,36.271691428577505,0.05584797510487662,1.1095106716714505e-14,-2.784259229183485e-14,0.7297518200975697,0.161461539282399,0.052938665515171526
PF0082,1.0512358533674542e7,240.082860375758,11.04636356489664,0.2665748957463265,0.4647133835859728,0.23514807340722738,Methanol,Algae;Methanol;Urea,3,0.6980880552614422,0.30191194473855776,92.43703657501558,7.287843609093074e-12,5.611056311105629e-12,500.0000034074049,91.77283049878754,7.134962341216148e-10,0.13510041372233644,1.0651473946085815e-14,8.200782469205523e-15,0.7307699362115628,0.13412965006503902,1.0428031878859801e-12
PF0083,1.2048243294445612e7,241.0364643668731,9.790006959327243,0.3152863026723653,0.4666653195889238,0.20155549095860736,Methanol,Algae;Methanol;Urea,3,0.6987015935398885,0.30129840646011163,191.0217232732872,2.4051310722160833e-12,-1.792800090518135e-11,422.63040276586565,71.5123502585315,2.927266723078698e-10,0.27879688728960966,3.510297389046407e-15,-2.6165981345163746e-14,0.6168305821244502,0.10437253058553564,4.2723562361188446e-13
PF0084,4.763689621000304e6,224.75175708532865,22.35357291706537,0.0842527854938875,0.43333208405664014,0.5374813128256551,Acetic Acid,Methanol;Urea;Acetic Acid,3,0.6878684750345884,0.3121315249654117,1.1214805015072708e-11,6.030644551937329e-12,-3.838516244245679e-11,13.5116910622935,245.65926051660588,409.69249033638783,1.6766957666215876e-14,9.016256793268291e-15,-5.738863875194357e-14,0.020200971103463607,0.36727864781063463,0.6125203810859333
PF0085,5.688313633281299e6,224.75175529143692,21.097216206848767,0.11357773074120846,0.43333208038471566,0.5038887275789682,Acetic Acid,Methanol;Urea;Acetic Acid,3,0.6878688933481628,0.31213110665183724,9.061750050056374e-12,6.813067392878764e-12,4.689768999872276e-11,91.6305336081671,228.78525748903056,348.44768239258894,1.3547981627365535e-14,1.0186035959373043e-14,7.011548971874673e-14,0.13699437514516583,0.34205075707801014,0.5209548677767302
PF0086,9.124262355838414e6,223.9962138215548,13.559076773481136,0.22255068279879453,0.43178555938592983,0.3023332382361704,Methanol,Algae;Methanol;Urea,3,0.6873469149901128,0.312653085009887,42.114521278529075,9.832727323127806e-12,-8.363305129312848e-12,500.00000400515364,125.99259048991041,9.416630862513944e-10,0.06303558259472469,1.4717291720099e-14,-1.251791057429058e-14,0.748382994582394,0.18858142282146967,1.4094492694629136e-12
PF0087,1.1223015056003232e7,224.75175726243535,12.302720160027102,0.28911374757165315,0.43333208441916055,0.2687406555767302,Methanol,Algae;Methanol;Urea,3,0.6878684600717385,0.3121315399282614,142.7504091404328,1.6092670372997793e-12,-4.077089110046049e-11,420.46896659816304,105.64409180771501,1.8217880902113205e-10,0.21342234412065347,2.405972392546634e-15,-6.09554760854522e-14,0.6286319809639785,0.15794567491515427,2.7237069725067533e-13
PF0088,3.982070897885375e6,196.30034262626117,24.866179003871153,0.059463329504007276,0.375094764650505,0.6046636134222875,Acetic Acid,Urea;Acetic Acid,2,0.6877452149574615,0.31225478504253845,6.911496774253974e-10,5.693980499719883e-10,7.977716376164682e-9,3.1811425379170394e-8,276.6794655890136,363.71334133926206,1.0792589640353397e-12,8.891387345005926e-13,1.2457535889447947e-11,4.967486366644051e-11,0.4320464917437251,0.5679535081921739
PF0089,4.732034845460662e6,208.4670497877189,23.609929506091504,0.08324883735152179,0.3999988484914723,0.5710738948319398,Acetic Acid,Methanol;Urea;Acetic Acid,3,0.676227386849836,0.3237726131501639,1.0952116005058274e-11,6.129282131803968e-12,-2.8617954610014623e-11,15.65428431452855,261.22078196141354,375.68736911839665,1.678324618615257e-14,9.392637086289217e-15,-4.3854737964991056e-14,0.023988944912327136,0.40030005987636164,0.575710995211329
PF0090,5.947093063741715e6,186.18320459241477,18.584426874209104,0.12178505883196798,0.3543859524401056,0.4367015273377957,Methanol,Methanol;Urea,2,0.6590465365606143,0.3409534634393856,6.912522617177947e-10,5.696369407604731e-10,7.975236391020823e-9,438.3472769492585,191.9153031302047,6.407558390112188e-8,1.0967686857598875e-12,9.038089182169021e-13,1.265383134294223e-11,0.6954994485679343,0.30450055131574627,1.0166490272290961e-10
PF0091,6.164402153221936e6,207.1296032472366,16.071708072645947,0.12867713287083257,0.3972612235667517,0.3695162129632571,Methanol,Methanol;Urea,2,0.6754556755628777,0.324544324437122,6.912332000700954e-10,5.69590757104311e-10,7.976098692892192e-9,491.37569112900894,159.85458217453282,6.40713422694159e-8,1.0614267000915307e-12,8.746380203592035e-13,1.2247739423312452e-11,0.7545344730076186,0.2454655268798125,9.838507957743463e-11
PF0092,1.023070671959915e7,208.46705016388375,14.81543336161415,0.2576421577718995,0.39999884926144574,0.3359258202185748,Methanol,Algae;Methanol;Urea,3,0.6762272528832223,0.32377274711677745,94.47908808738123,4.3274444396561537e-13,-7.79113019389831e-11,418.3075377595855,139.77583387328022,4.507717600912022e-12,0.14478167825941887,6.631463969765913e-16,-1.193928654314444e-13,0.6410229879588237,0.21419533378186914,6.907718232588772e-15
PF0093,1.1824007527411904e7,208.46704983300316,13.55907673466403,0.30817454534893973,0.39999884858416485,0.302333237198275,Methanol,Algae;Methanol;Urea,3,0.6762274567443882,0.3237725432556117,202.93975245101964,2.8708009445119083e-12,-1.0054345555022191e-11,330.53113271830665,119.09157347544652,3.530463493930231e-10,0.310989009193653,4.399273826558154e-15,-1.540748386889663e-14,0.5065126385060078,0.18249835229980918,5.410154150240803e-13
PF0094,4.692571357549055e6,192.18234229197196,24.86628608036844,0.08199723171841554,0.36666561252073665,0.6046664764438591,Acetic Acid,Methanol;Urea;Acetic Acid,3,0.6636844254211592,0.33631557457884065,1.2521907164471358e-11,7.684227052265842e-12,-1.7432610303117671e-12,17.79690433628275,276.78230100317705,341.68222997584576,1.9680443398656785e-14,1.2077153550030304e-14,-2.7398502149479274e-15,0.02797105615471226,0.4350134797436008,0.537015464101658
PF0095,5.713134226454829e6,165.22772262042648,21.097202025321437,0.1143649291333681,0.311492088633512,0.5038883483919412,Methanol,Methanol;Urea,2,0.6406830166332336,0.3593169833667668,1.4058050093460338e-10,1.1630529651965201e-10,1.6116692767649162e-9,385.3009259318043,223.98007847444313,1.3115250418953708e-8,2.30731796846586e-13,1.9088941830729295e-13,2.645198627677347e-12,0.6323862440087226,0.3676137559666849,2.1525782559743776e-11
PF0096,5.832244539773143e6,175.7006632244479,19.840844866846737,0.11814257644736549,0.33292919461484566,0.4702957511596866,Methanol,Methanol;Urea,2,0.6500007865935548,0.34999921340644513,1.4056826716558222e-10,1.1627623407011181e-10,1.6121359775965418e-9,411.8146201108716,207.94984304236357,1.3112579240282377e-8,2.268091759359703e-13,1.8761358706452984e-13,2.6012075125368642e-12,0.6644695599448992,0.33553044003092797,2.1157358996111655e-11
PF0097,5.946945562873446e6,186.17360182410505,18.584487708563813,0.12178038076301406,0.35436629649343765,0.43670315393255965,Methanol,Methanol;Urea,2,0.6588474929061799,0.34115250709382017,1.4055719611120923e-10,1.1624983334667223e-10,1.612582027690022e-9,438.3283103287399,191.91960827208766,1.311015435428422e-8,2.230188977377512e-13,1.8445095955570618e-13,2.558647129262534e-12,0.6954855341552354,0.30451446582099695,2.080158294386378e-11
PF0098,8.918724876466073e6,192.18234325419192,17.328146585369215,0.2160319516726181,0.3666656144903087,0.40311098545314994,Methanol,Algae;Methanol;Urea,3,0.6636838899760985,0.3363161100239015,46.207672868371326,-4.32477268386101e-12,-2.0808887364803986e-10,416.14619865321725,173.90758338378097,-6.963939712814537e-10,0.0726237186178593,-6.797162786657265e-15,-3.2704931603830365e-13,0.6540490476760134,0.27332723370755574,-1.0945091297193579e-12
PF0099,1.1020026137021149e7,192.18234274301895,16.07178993613583,0.28267584540179963,0.3666656134439866,0.36951840183703805,Methanol,Algae;Methanol;Urea,3,0.6636843038709115,0.33631569612908846,154.66843798246677,2.0985382661066923e-12,-3.039695380053925e-11,328.36969674687225,153.2233150356354,2.512771057843675e-10,0.24308943758818768,3.2982326162949616e-15,-4.777431323515951e-14,0.5160923970296363,0.24081816538182557,3.9492744040535144e-13
PF0100,4.645259231913307e6,175.897635191621,26.122642684424545,0.08049670234066342,0.3333323773593386,0.6382590588520166,Acetic Acid,Methanol;Urea;Acetic Acid,3,0.6501302777731306,0.34986972222686935,1.055672010787469e-11,6.314651103787834e-12,-1.3403762701322726e-11,19.9394695660704,292.34382500100685,307.6771273278621,1.7028054912937023e-14,1.0185571337742431e-14,-2.1620352248218356e-14,0.03216248789741178,0.47155240024426404,0.49628511185831864
PF0101,1.0070358270237183e7,175.89763565452307,18.584503138233966,0.25255662090980524,0.33333237830685486,0.43670356649254816,Methanol,Algae;Methanol;Urea,3,0.650130108982231,0.349869891017769,106.3971173146232,1.0141631607643404e-12,-6.243510362137163e-11,326.2082673858328,187.3550570772426,9.35558875241553e-11,0.17161920365359193,1.635851406674008e-15,-1.0070820557895525e-13,0.526175938662205,0.3022048576841511,1.5090622113869823e-13
PF0102,1.151868889810114e7,175.89763527444416,17.3281465085377,0.2984912016669629,0.33333237752886974,0.40311098339882157,Methanol,Algae;Methanol;Urea,3,0.6501304016010617,0.34986959839893794,215.00160480309523,3.430164443117697e-12,-6.963704611902897e-13,238.29507855620534,166.66375559646931,4.211760920689218e-10,0.34679891053223666,5.5328763378723774e-15,-1.1232498356874914e-15,0.38437142692107035,0.2688296625460092,6.793596262013776e-13
PF0103,4.58965840688753e6,159.61292788935015,27.37899927352957,0.07873329242708738,0.29999914178463,0.6718516408604107,Urea,Methanol;Urea;Acetic Acid,3,0.6354378358118874,0.3645621641881125,1.0399876388886532e-11,6.409656046087604e-12,-7.118159581309145e-12,22.08206183820155,307.9053465837403,273.6720065422761,1.7228052989950997e-14,1.061800062617666e-14,-1.1791681542366007e-14,0.03658033203956591,0.5100646804324034,0.4533549875280148
PF0104,8.85924509578848e6,159.61292857676946,21.097216342054853,0.21414551860520284,0.2999991431917115,0.5038887311941214,Methanol,Algae;Methanol;Urea,3,0.6354374841500815,0.36456251584991833,58.12578460584875,-8.969156345098819e-13,-1.272920283169483e-10,324.04685091345675,221.48679999763982,-2.062961076044161e-10,0.09628903515126006,-1.4857974244075267e-15,-2.1086728845381497e-13,0.5368040849657852,0.36690687988350873,-3.4174253803863465e-13
PF0105,1.0732243131106034e7,159.61292820674606,19.840859711224297,0.2735486533978292,0.29999914243430903,0.47029614807006603,Methanol,Algae;Methanol;Urea,3,0.635437832138736,0.36456216786126405,166.64738385444883,2.667431264112873e-12,-1.9125429242324345e-11,236.21249069760768,200.79955571277915,3.270743248317387e-10,0.27606192415689096,4.4187684816606825e-15,-3.16824823459212e-14,0.3913009204442573,0.33263715539833716,5.418192915301221e-13
PF0106,4.524698799599915e6,143.32822057848068,28.6353558623078,0.07667306372688584,0.26666590619232083,0.7054442228600669,Urea,Methanol;Urea;Acetic Acid,3,0.6194573065041852,0.3805426934958151,1.0256549743563518e-11,6.515219968448471e-12,-1.2695757304080922e-12,24.22465397754955,323.46686824490786,239.66688573952368,1.7462165527095236e-14,1.1092409472871665e-14,-2.16150090506619e-15,0.041243393555229296,0.5507146298752514,0.4080419765694929
PF0107,6.830517880664916e6,143.32822155028234,23.60992955248498,0.14980334955587837,0.2666659081815057,0.5710738960724131,Methanol,Algae;Methanol;Urea,3,0.6194566770332639,0.380543322966736,9.854417112971475,-1.006403989223378e-11,-4.745101464160594e-10,321.88546911981433,255.61854536578127,-1.5717006696788413e-9,0.016777518773648973,-1.7134409503373453e-14,-8.078715157391778e-13,0.5480222157446365,0.4352002654852155,-2.6758799825291862e-12
PF0108,9.818207147379177e6,143.32822111924315,22.353572912925937,0.24455951314097263,0.2666659072992098,0.5374813127149746,Urea,Algae;Methanol;Urea,3,0.6194571032010219,0.38054289679897785,118.3151488777696,1.7643455100802504e-12,-4.51058735748466e-11,234.1089937985959,234.9342802321878,2.045455089724731e-10,0.20143602996591026,3.003865172040718e-15,-7.679446112558231e-14,0.3985794442841938,0.3999845257496215,3.4824648969793177e-13
PF0109,1.1097995340905964e7,143.32822053920142,21.09721627180271,0.285148680418553,0.2666659061119199,0.5038887293157129,Algae,Algae;Methanol;Urea,3,0.6194575514182161,0.380542448581784,227.2685167628482,4.608442160890209e-12,1.608815728800416e-11,145.86400348654124,214.22589927593967,5.522674132045421e-10,0.38693327482441203,7.846047673258866e-15,2.7390698342232042e-14,0.24833900160021238,0.3647277235743999,9.402562300040161e-13
PF0110,4.451333488387305e6,127.0435132899421,29.891712452414,0.0743462436294335,0.23333267064572077,0.7390368048952306,Urea,Methanol;Urea;Acetic Acid,3,0.6020116067207455,0.39798839327925445,1.0172747657540113e-11,6.5885774106178255e-12,3.432917526043014e-12,26.405168175900403,339.02748328787413,205.62474536700927,1.7813879504925055e-14,1.1537504718759338e-14,6.011510480548311e-15,0.04623907915813911,0.5936837263108301,0.3600771945309954
PF0111,9.703157552475706e6,127.04351148480004,24.86628599124506,0.24091065368409165,0.23333266695076793,0.6046664740608697,Urea,Algae;Urea;Acetic Acid,3,0.602012283488105,0.3979877165118951,221.9099551819567,7.484809076239807e-12,4.814717561385995e-11,4.891708886180729e-10,263.7228148865496,85.4246397133789,0.388594826685645,1.3106929264942877e-14,8.431232094896341e-14,8.56605448486247e-13,0.46181489000734044,0.14959028330606072
PF0112,1.0330311958153555e7,127.04351355426458,23.60992947875412,0.2608011912040386,0.23333267118676357,0.5710738941009902,Urea,Algae;Methanol;Urea,3,0.6020116208117524,0.39798837918824737,178.91428741898,3.8153254495259914e-12,-5.700659515466971e-13,143.7814225758677,248.36170022196555,4.662534988758393e-10,0.3133035036720819,6.681159164144794e-15,-9.982638196215537e-16,0.2517810293734916,0.43491546695360445,8.164739490875946e-13
PF0113,2.7841469169263267e6,37.406891392800794,37.42985193639731,0.021470529527489846,0.049855093900951865,0.9405922955913951,Urea,Urea;Acetic Acid,2,0.46768566388668326,0.5323143361133166,3.711135462372428e-12,4.173473247843042e-12,2.148236492868385e-11,2.3220554129610855e-10,433.03469127356465,48.29635033229795,7.710151936158046e-15,8.670692074869789e-15,4.4631164566076305e-14,4.824237816062643e-13,0.8996608442883667,0.10033915571108983
PF0114,4.369898469033826e6,110.75880596104987,31.14806904059882,0.07176348842079032,0.19999943501652073,0.77262938687902,Urea,Methanol;Urea;Acetic Acid,3,0.5828894224042506,0.41711057759574943,1.0055937998407003e-11,6.719337371534954e-12,8.885317838101733e-12,28.62773547333325,354.58709413950095,171.54155985267974,1.812676372794019e-14,1.2112230700052798e-14,1.6016611988303514e-14,0.051604156377385094,0.6391762237855707,0.309219619836998
PF0115,9.528620901929423e6,110.7588033809758,26.122642569381213,0.23537513043038116,0.1999994297353563,0.6382590557759771,Urea,Algae;Urea;Acetic Acid,3,0.5828902537166348,0.41710974628336506,223.3606419987379,7.916840255226597e-12,5.288911858475312e-11,4.972261158887604e-10,279.2315495702323,52.1642087355957,0.40262832817410726,1.4270840770601693e-14,9.533755456568568e-14,8.96296312427002e-13,0.5033408346738333,0.0940308371510534
PF0116,1.040841226807102e7,109.77793526254254,24.86628589335905,0.2632781843187626,0.19799168667602002,0.6046664714435842,Urea,Algae;Methanol;Urea,3,0.5816803607662319,0.4183196392337678,249.9999110102778,9.466429011226438e-12,6.943909399854959e-11,42.437491305536,261.33714845570375,1.0081430954834104e-9,0.45144709279523165,1.709437350997666e-14,1.253923530824428e-13,0.0766331555798815,0.4719197516229237,1.820493726331209e-12
PF0117,3.2746432419162113e6,85.00034389872371,33.660782037806975,0.037026882902800255,0.14727433114891958,0.8398145460561625,Urea,Urea;Acetic Acid,2,0.5485827919009524,0.4514172080990478,3.372421247265493e-12,3.4195399505173455e-12,2.667828095049677e-11,1.9126662714165577e-10,386.24339393742946,142.72875636864373,6.375423063979292e-15,6.464499026153423e-15,5.0434188142133534e-14,3.6158165799636907e-13,0.7301771817548006,0.2698228182447744
PF0118,8.738440501454843e6,94.47409705881876,28.63535578685925,0.21031413626232015,0.1666661961668467,0.7054442208427164,Urea,Algae;Urea;Acetic Acid,3,0.5618375876835663,0.43816241231643344,173.6424921295778,7.850003611480683e-12,4.510482618261208e-11,5.109394590950001e-10,313.4153520309633,51.39754434231755,0.3224825971417947,1.4578744644563596e-14,8.376706250071333e-14,9.488984045922541e-13,0.5820637302972614,0.0954536725598965
PF0119,9.069653019306893e6,89.79239074338922,27.37899907113368,0.22081871847328585,0.15708319190357373,0.6718516354487302,Urea,Algae;Urea,2,0.5553868763065807,0.44461312369341915,239.93901000001475,9.35738297111658e-12,7.012844249844806e-11,5.212779903164665e-10,293.8299870282265,9.982385190002284e-10,0.44951844587294565,1.7530772718508897e-14,1.3138350651438742e-13,9.765984784000569e-13,0.5504815541240586,1.870169538798489e-12
PF0120,7.820872314415939e6,78.18939062038459,31.148069005600444,0.18121297028760164,0.13333296236032896,0.7726293859432302,Urea,Algae;Urea;Acetic Acid,3,0.538546754926309,0.4614532450736906,123.92434024038964,7.74681589853063e-12,3.3343291759998966e-11,5.327491856198639e-10,347.5991549727483,50.6308805430805,0.23733276209890614,1.483625582434824e-14,6.385715280403878e-14,1.0202905699061045e-12,0.6657018903058127,0.09696534759418203
PF0121,8.306236336720454e6,73.69755695740982,29.891712290730304,0.19660654993733045,0.12413860922452127,0.7390368005721165,Urea,Algae;Urea,2,0.5316812523582416,0.46831874764175857,189.60734099075398,9.72773728275377e-12,6.738917802117602e-11,5.415116036979404e-10,328.0507069772712,1.031979070151259e-9,0.3662791329805832,1.8791820818602664e-14,1.3018087574507035e-13,1.0460797544282785e-12,0.6337208670162283,1.9935536097599935e-12
PF0122,7.4287894151578685e6,57.60272243437873,32.40442551435638,0.16877785136311113,0.09119402503679465,0.8062219658032428,Urea,Algae;Urea,2,0.5053053619826726,0.4946946380173272,139.2756696836498,1.0289463255872193e-11,6.346640647484814e-11,5.721539719587475e-10,362.27142758274175,1.0831111181605762e-9,0.2776921059702492,2.0515447725483656e-14,1.265412696445531e-13,1.1407781543851333e-12,0.7223078940263036,2.1595401988371178e-12
PF0123,6.433247333631798e6,45.619976036502834,34.91713880413488,0.13720370160667608,0.06666649125320061,0.8734071328031587,Urea,Algae;Urea;Acetic Acid,3,0.4836537738013406,0.516346226198659,75.65687357482832,9.043603250657981e-12,2.7648751395194335e-11,6.007428399384148e-10,397.2916928532096,16.6037840161875,0.15454296870616166,1.8473209744453144e-14,5.647761954379249e-14,1.2271268627196084e-12,0.81154077289627,0.03391625839626634
PF0124,9.216616744145688e6,89.54428555111804,27.37899928305628,0.2254797516359529,0.1565753443464899,0.6718516411151368,Urea,Algae;Urea,2,0.532951703801056,0.4670482961989438,249.99998432167405,-2.046190373183023e-10,-1.819998913765213e-8,6.328400187585652e-8,292.94690097216255,-4.971596728145312e-8,0.4604501675861054,-3.768675037326857e-13,-3.352075429618613e-11,1.165565243866749e-10,0.5395498324228025,-9.156690760826499e-11
PF0125,1.123488967853051e7,141.14552113770162,21.09721632485389,0.28949035757833685,0.2621981295662019,0.5038887307342004,Algae,Algae;Methanol;Urea,3,0.6172081025027063,0.38279189749729353,249.99999787070234,1.1448136237835692e-10,-2.3504873372731307e-8,121.92382173305839,213.2497306840663,-1.6308643660818358e-9,0.42722368049346293,1.9563659759902423e-13,-4.016735438943727e-11,0.20835497721710333,0.36442134233219226,-2.786975531189683e-12
PF0126,1.275476864559532e7,245.81443407481976,8.533650386276037,0.3376941321934668,0.4764453657934754,0.1679629093794618,Methanol,Algae;Methanol;Urea,3,0.7017387168754702,0.29826128312452993,249.99999789377887,1.144878700151849e-10,-2.3611876258028222e-8,386.9958554379722,52.95138503921847,-1.5835378206582169e-9,0.3623465447780332,1.6593713787399657e-13,-3.422272739961453e-11,0.5609064489710458,0.07674700628727288,-2.2951578506998066e-12
PF0127,3.363493583368837e7,501.58973178084375,2.25186746934144,0.9999198059948672,0.9999928938130448,1.0194757519002408e-10,Greenhouse,Greenhouse,1,0.8526968374477054,0.1473031625522945,-3.293755708112728e-9,1000.00000601813,-6.4856464599439186e-6,0.008828389102525562,-6.985038437631986e-6,-3.7733435960360934e-8,-3.2937266544940363e-12,0.999991185200364,-6.485589251238746e-9,8.828311228914591e-6,-6.984976823881211e-9,-3.773310312060065e-11
PF0128,9.26210580514459e6,46.20484804626704,33.66078225250154,0.2269224615433606,0.06786366821933529,0.8398145517966862,Urea,Algae;Urea,2,0.12442030598248123,0.8755796940175185,249.9999843224816,-2.046126658415541e-10,-1.8200321849402073e-8,6.328514400925677e-8,367.45400028843943,-4.971485269569066e-8,0.4048884460304724,-3.313812380238985e-13,-2.9476401971902777e-11,1.0249370088627807e-10,0.5951115539773574,-8.051588285952508e-11
PF0129,1.2112909859254802e7,193.46476272592872,14.815433355609027,0.3173372373735782,0.3692906042775697,0.33592582005800925,Methanol,Algae;Methanol;Urea,3,0.6647071822007641,0.3352928177992357,249.99999786865558,1.1425316001747013e-10,-2.3500989015384103e-8,254.44365595383312,133.1015096828644,-1.6623821660504615e-9,0.39212907914464784,1.7920794723588206e-13,-3.6861685040623996e-11,0.39909902941596664,0.2087718914786754,-2.6074735740691072e-12
PF0130,1.2617271856143354e7,247.24032043846972,8.533650306361027,0.333333347951649,0.4793640185626094,0.16796290724268667,Methanol,Algae;Methanol;Urea,3,0.7026336342599,0.29736636574009967,235.2332367781508,6.3251687810242985e-12,4.28243195230562e-11,402.55630318908334,53.58501713245569,7.663257237002785e-10,0.3402399384852614,9.148686071918621e-15,6.194083812203522e-14,0.5822550151069033,0.07750504640665568,1.1084089164549301e-12
PF0131,7.362223382849503e6,49.03145929158043,33.66078225228088,0.16666667403389743,0.0736494706147528,0.8398145517907861,Urea,Algae;Urea,2,0.43600593928185155,0.5639940607181485,135.3551497346064,-2.5306346989658913e-12,-2.231165060021169e-10,7.847556667404892e-10,377.5169864387378,-6.396413344504974e-10,0.26391597473893447,-4.934240954963805e-15,-4.350333938335488e-13,1.5301195198394929e-12,0.7360840252612225,-1.2471750546307848e-12
PF0132,7.36222330922592e6,109.85482659299436,27.378999207352567,0.1666666716988861,0.19814907586233016,0.6718516390909637,Urea,Algae;Methanol;Urea,3,0.5817745173626373,0.41822548263736264,31.134759958599773,2.07727615311252e-11,1.4845343452531818e-10,219.92078377797185,302.79601137576446,2.532372563341521e-9,0.05621499058918942,3.750600921723619e-14,2.680383094608873e-13,0.3970753205383583,0.5467096888675743,4.572294760128523e-12
PF0133,7.362223042963866e6,163.83317689064262,21.097216234455537,0.1666666632542426,0.30863758713908807,0.5038887283171206,Methanol,Algae;Methanol;Urea,3,0.6393632548527461,0.3606367451472537,14.419831176633725,3.27554043138245e-11,2.4628915159229184e-10,370.1019100707511,223.3622030001135,3.998754528374551e-9,0.023721355553127182,5.388430575204947e-14,4.051581784997478e-13,0.6088364622400039,0.36744218219983177,6.578154541154206e-12
PF0134,7.362223259475596e6,220.34195487182217,14.81543331726369,0.16666667012102795,0.42430564143828337,0.335925819032728,Methanol,Algae;Methanol;Urea;Acetic Acid,4,0.6848000080352847,0.31519999196471515,2.8007479174217,3.774355368773768e-11,5.576278621223782e-11,499.9999996186144,143.95373302947394,17.694759398300402,0.0042151420288686755,5.68042694875956e-14,8.392332003460057e-14,0.7525029295628012,0.21665121181761632,0.026630716590573065
PF0135,7.362223736598137e6,325.71035119208005,8.533650418470332,0.16666668525322464,0.6399846531318275,0.16796291024027593,Methanol,Methanol;Urea;Acetic Acid,3,0.7447620200233841,0.25523797997661546,9.054593280671902e-13,9.69945950919387e-13,-3.655869338697094e-12,375.8191230096354,68.16806609563636,325.935876683714,1.176038708671904e-15,1.2597959380856166e-15,-4.7483566880162455e-15,0.4881255539792306,0.08853880228381086,0.42333564373696086
PF0136,1.2870771551365972e7,257.3211719847535,7.153267496385293,0.3413732264145465,0.49999855580965497,0.131054100340882,Methanol,Algae;Methanol;Urea,3,0.7088077107429983,0.29119228925700164,249.99999953888542,-6.995285418330839e-10,-5.226617184256649e-8,416.12679955963534,35.33869298467095,-1.2158645999132883e-7,0.35639671861641053,-9.972387093906995e-13,-7.450996869475904e-11,0.5932249046597899,0.05037837697263879,-1.7333206179608408e-10
PF0137,1.1854637085362367e7,175.89763584075075,16.92465419731307,0.30914597816694667,0.33333237868804505,0.3923223675933158,Algae,Algae;Methanol;Urea,3,0.6501299876813479,0.3498700123186519,249.99999952520798,-7.013440864655384e-10,-5.215985285565798e-8,209.9477409306136,160.01270990865544,-1.2190261136083635e-7,0.4032515291075517,-1.1312723033395454e-12,-8.413416184806081e-11,0.3386469908949317,0.25810148027941165,-1.966296581072762e-10
PF0138,9.565522935381044e6,94.47409918958472,26.700887545935604,0.23654549816484438,0.16666620052832049,0.6537202249729187,Urea,Algae;Methanol;Urea,3,0.5618371925421611,0.43816280745783853,249.99999432843558,2.4362774735955505e-9,-1.6492860776568257e-9,3.7093945733096,284.74602956310486,2.8668452403196625e-7,0.46429098050070966,4.524566730595367e-12,-3.0629946699737153e-12,0.006888953930308287,0.5288200650351004,5.324201671073446e-10
PF0139,2.107722528620616e6,13.050563782952972,39.38633437429092,1.736814778159499e-5,2.49160383629645e-8,0.9929049091541913,Urea,Urea,1,0.4128311667622459,0.5871688332377535,2.6656770637812593e-9,-5.37379606751907e-8,-5.294094222346415e-7,-4.810598485902993e-6,457.3041491671835,-4.871637395575583e-6,5.829112043829847e-12,-1.1751033087941708e-10,-1.1576746790503877e-9,-1.051947287734468e-8,1.000000022441777,-1.0652948401574172e-8
PF0140,9.565520194287444e6,94.47409969266394,26.70088502925436,0.23654541122959427,0.16666620155807543,0.6537201576816561,Urea,Algae;Methanol;Urea,3,0.5618362554314814,0.4381637445685183,249.9999995355324,-6.954328948680579e-10,-5.2125227235511656e-8,3.7094012413626998,284.74600826116745,-1.2111718881491304e-7,0.46429099869738344,-1.2915329355407132e-12,-9.680509542186636e-11,0.006888966440485214,0.5288200351851624,-2.2493448263508126e-10
PF0141,1.261727194041091e7,257.32117195882967,7.43130164834012,0.33333335062423963,0.49999855575659136,0.1384882039478286,Methanol,Algae;Methanol;Urea,3,0.7088077104813965,0.29119228951860315,225.9974632789816,-2.093773728394964e-13,-5.206566230184091e-11,435.55185592585144,39.91615911625818,-6.651047746442466e-11,0.3221790241480294,-2.984856408624156e-16,-7.422412636251931e-14,0.6209170221297108,0.056903953722429054,-9.481646569924456e-14
PF0142,7.362223730659231e6,381.73622626870576,5.409786184321782,0.16666668506486906,0.7546642514533732,0.08443673114531196,Acetic Acid,Methanol;Urea;Acetic Acid,3,0.7801756946791576,0.21982430532084252,1.4831736602701064e-12,1.956181499495818e-12,1.0135258679149496e-11,295.76127477894994,30.24376028563323,500.0000007369691,1.7955988111268784e-15,2.36824403570072e-15,1.227021415107247e-14,0.35806231434405167,0.03661449867104538,0.6053231869848865
PF0143,7.362223734391145e6,338.744707714426,7.895516620191885,0.1666666851832287,0.6666647320831705,0.15090042803029505,Acetic Acid,Methanol;Urea;Acetic Acid,3,0.7533003051462015,0.2466996948537982,1.139115048267677e-12,1.1333196396432791e-12,-1.749140871282865e-12,351.7572351949614,60.55466101616617,370.65857872515414,1.4548633501925826e-15,1.4474615275058847e-15,-2.233980625419125e-15,0.4492598973461768,0.07733964811520394,0.4734004545386187
PF0144,7.362223140640295e6,257.3211718322285,11.945429366101674,0.16666666635210284,0.4999985554974509,0.25918738033635114,Methanol,Methanol;Urea;Acetic Acid,3,0.708807811034124,0.29119218896587573,0.28600497941900005,3.81706093509901e-11,-8.329475611990978e-10,500.0000028676176,108.4767405219944,92.70270279301666,0.0004077249691278854,5.441552294243419e-14,-1.187439181530866e-12,0.7127934840409946,0.15464302674125252,0.13215576424975797
PF0145,7.362223556870801e6,175.89763583271952,19.67757865002775,0.166666679553076,0.33333237867160587,0.46593032352134467,Methanol,Algae;Methanol;Urea,3,0.6501299608670074,0.3498700391329926,12.032455212580475,-3.816050815509591e-12,-3.266416816337856e-10,402.5768866922791,205.3511062391045,-7.182381582438853e-10,0.019408423954501552,-6.155313338037176e-15,-5.268750330964453e-13,0.6493589839451754,0.33123259210201467,-1.158522548326042e-12
PF0146,7.362223489124539e6,94.47409917068435,29.133675039787953,0.16666667740446708,0.16666620048963324,0.7187683284372759,Urea,Algae;Methanol;Urea,3,0.561837027172215,0.4381629728277846,38.982198435008556,9.066762476250324e-12,1.9652971376333486e-12,174.6257622603449,324.84744915863416,1.1157561901291569e-9,0.07239633537250141,1.683846482049456e-14,3.649879083139241e-15,0.32430867823824555,0.6032949863871605,2.072142223307554e-12
PF0147,2.1071749098497843e6,13.065777768636645,39.357498193878406,1.254744202968902e-10,3.1166487047955866e-5,0.9921338846188671,Urea,Urea,1,0.41397415140467475,0.5860258485953254,8.863373469541853e-11,1.1373685630094461e-10,2.58058191803197e-10,6.268354475336476e-9,456.96554947104124,1.1452553253157124e-8,1.9396152465867439e-13,2.488959100485256e-13,5.647213276616671e-13,1.3717345831306074e-11,0.9999999999602129,2.5062180871092626e-11
PF0148,2.2070836029579337e6,13.6091868890435,39.31438686999473,0.0031686577811415916,0.001143472891317256,0.9909811699392835,Urea,Urea;Acetic Acid,2,0.41529221333866667,0.5847077866613333,3.385223904147732e-11,3.276701930266241e-11,1.4405815545109467e-10,2.0021500049348877e-9,456.4303723952657,1.0791460470857999,7.399242568016461e-14,7.162041002789048e-14,3.1487466302528954e-13,4.376193115591944e-12,0.9976412598956029,0.0023587400995604825
PF0149,2.5046337584140687e6,21.5273181714441,38.68620745629386,0.01260562015848385,0.017351128973101666,0.9741848490111912,Urea,Urea;Acetic Acid,2,0.4338496819335683,0.5661503180664315,1.4280438451405494e-10,1.1717638496259632e-10,1.4885673202051652e-9,6.711815867033604e-9,448.6322411468591,16.803424213243453,3.0681874024624426e-13,2.517563514815915e-13,3.1982235805380725e-12,1.442050183609961e-11,0.9638974288564721,0.03610257112535067
PF0150,2.661483917229041e6,29.44642735830204,38.05802376394254,0.017580206864203994,0.033560786731615104,0.9573884136801363,Urea,Urea;Acetic Acid,2,0.4513327276200869,0.5486672723799131,6.92993979699074e-10,5.696712336148629e-10,7.851561035369396e-9,3.19747361832132e-8,440.8336244868562,32.52934390915814,1.4639801292169596e-12,1.203455427651511e-12,1.658676651723053e-11,6.754803040209038e-11,0.9312803364030591,0.0687196635101387
PF0151,3.281853537234949e6,29.120682479023472,37.4298515272039,0.037255561276529035,0.03289401817405353,0.9405922846503428,Urea,Methanol;Urea,2,0.4505474900387436,0.5494525099612563,5.0281413784645914e-11,3.9507785138960516e-11,4.6359658725545463e-10,40.66560953420055,432.3709836317106,4.4784760656314066e-9,1.062949769860099e-13,8.351951140634788e-14,9.800438146820557e-13,0.08596715374936134,0.9140328462400014,9.467504481229433e-12
PF0152,3.4598917861970123e6,34.352533199583775,36.80167370292107,0.04290213959744197,0.04360311532410344,0.9237960062202613,Urea,Methanol;Urea,2,0.46149192454128435,0.5385080754587156,9.613860677037882e-12,5.793089199170168e-12,1.464940173543481e-11,53.9174234957215,424.35620949665605,6.742039795173353e-10,2.010117224500424e-14,1.2112499622687677e-14,3.062974984374e-14,0.11273342240988939,0.887266577588638,1.4096616100245853e-12
PF0153,3.61698606874956e6,39.58445777494764,36.17349540245698,0.04788446881811185,0.05431236364786005,0.9069997150579998,Urea,Methanol;Urea,2,0.4720143015370779,0.527985698462922,9.485215511053214e-12,5.549063405974087e-12,1.63522557650577e-11,67.16940960715785,416.34138703105015,6.496402625061292e-10,1.961738099126102e-14,1.1476607026250988e-14,3.3819835831443515e-14,0.13892018559685534,0.8610798144017361,1.3435899819033704e-12
PF0154,3.759089800755455e6,44.81638226166555,35.54531710273333,0.05239136470786128,0.0650216117901669,0.8902034239155364,Urea,Methanol;Urea,2,0.48213334184704487,0.5178666581529549,9.390242318766984e-12,5.371631222479797e-12,1.7628028404649893e-11,80.4213951571456,408.32656464317853,6.316105630796631e-10,1.9212852208305013e-14,1.0990595694081375e-14,3.606772785676241e-14,0.16454574089658022,0.8354542591020613,1.2923032217604484e-12
PF0155,3.891810128892432e6,50.101075931060834,34.91713880368634,0.056600660923543517,0.07583887339348475,0.8734071327911657,Urea,Methanol;Urea,2,0.4919681540991554,0.5080318459008445,9.302781955172534e-12,5.2067130252981104e-12,1.7851068848250875e-11,93.72950448465384,400.3084408867305,6.1445414166051e-10,1.8830096032739247e-14,1.0539095375310166e-14,3.613299143410588e-14,0.18972126607415066,0.81027873392454,1.2437387601832899e-12
PF0156,4.0113854525646768e6,55.28071405126854,34.28895719792595,0.06039305628970843,0.08644109635321512,0.8566107532515774,Urea,Methanol;Urea,2,0.501286889786963,0.4987131102130368,2.5167581394309e-10,2.04640426186848e-10,2.7997063344638562e-9,106.9263755036013,392.2965765881967,2.3122109572432216e-8,5.041351021126795e-13,4.099179040518264e-13,5.608128237263237e-12,0.2141856159656091,0.7858143839815527,4.6316198953446254e-11
PF0157,4.1254857514035967e6,60.51217660614145,33.660782070458644,0.06401180831400416,0.09714939896529393,0.8398145469292059,Urea,Methanol;Urea,2,0.5102909796549545,0.489709020345045,1.8915635903321678e-11,1.300913670447551e-11,1.2596958986305057e-10,120.17740237394115,384.2820845777533,1.5024509669582547e-9,3.7496838482632655e-14,2.5788268514966814e-14,2.497120048704693e-13,0.2382300372617503,0.7617699627349585,2.9783382131084396e-12
PF0158,4.236257996752191e6,65.81924489134153,33.032603907883015,0.06752500934125928,0.10801245926340385,0.8230182594538192,Urea,Methanol;Urea,2,0.5191299168923648,0.48087008310763524,9.152540441124937e-12,4.9355542617609835e-12,1.992780210818355e-11,133.50927814724056,376.2625729402958,5.86307536466566e-10,1.7954189548889303e-14,9.681888576675177e-15,3.9091609443804627e-14,0.2619000595310476,0.7380999404677355,1.1501371352989315e-12
PF0159,4.33906066187858e6,71.05863449815482,32.404425609678306,0.07078545086783501,0.11873698779129661,0.8062219683519695,Urea,Methanol;Urea,2,0.5275497162919678,0.4724502837080321,9.116774284931631e-12,4.872017948436659e-12,2.043418799242182e-11,146.7692023920747,368.2472836653242,5.796490324702039e-10,1.770190767039774e-14,9.459926197173928e-15,3.9676764813544334e-14,0.28497961980879616,0.7150203801900115,1.1254960727702033e-12
PF0160,4.437205874348328e6,76.29802408914802,31.776247311608525,0.0738981787915474,0.1294615162868072,0.7894256772537274,Urea,Methanol;Urea,2,0.5356797356690798,0.46432026433092033,9.085594435683204e-12,4.816956265151961e-12,2.088089846290445e-11,160.0291265310967,360.2319944039958,5.738580885924355e-10,1.7463527582731072e-14,9.258728110393023e-15,4.013541973951405e-14,0.3075938602586346,0.6924061397401954,1.103019359894391e-12
PF0161,4.531251101512746e6,81.53741366709801,31.148069013650066,0.07688087348770276,0.14018604475561955,0.7726293861584618,Urea,Methanol;Urea,2,0.5435346819079171,0.45646531809208285,9.058097732142949e-12,4.768653907490707e-12,2.1279726325229477e-11,173.28905058260705,352.2167051538776,5.687619626854296e-10,1.723691440722246e-14,9.074408520610901e-15,4.0493802575733846e-14,0.3297567128252423,0.6702432871736086,1.0823134789221648e-12
PF0162,4.620979316075121e6,86.67896467218812,30.519890790095378,0.07972665181947061,0.1507103070399131,0.7558330970526113,Urea,Methanol;Urea,2,0.5509881751958581,0.44901182480414176,4.069840475168047e-12,8.345016153473634e-13,-3.114300565814593e-11,186.44489812882134,344.20754425981033,1.0094237478073953e-10,7.669502955357855e-15,1.572595447956283e-15,-5.868814156014658e-14,0.3513503062184141,0.6486496937814451,1.9022314177308276e-13
PF0163,4.709417897071259e6,91.91541564396442,29.89171241827948,0.08253152873269787,0.16142882046344212,0.7390368039825385,Urea,Methanol;Urea,2,0.5583342986061265,0.4416657013938735,9.012254320903435e-12,4.691974044597263e-12,2.145370224813613e-11,199.70171648019289,336.19243210772345,5.606650607273679e-10,1.6817228448268652e-14,8.755411972598358e-15,4.003346986460458e-14,0.37265142193880235,0.6273485780600858,1.0462235167226582e-12
PF0164,4.794710136475066e6,97.15185242201962,29.26353412052617,0.08523661773894996,0.172147304833784,0.7222405128927583,Urea,Methanol;Urea,2,0.5654433766344361,0.43455662336556383,8.992173976732536e-12,4.656706433041888e-12,2.1817422127588487e-11,212.9585000043189,328.1773275551834,5.56913815731129e-10,1.6617221626734608e-14,8.605429904795477e-15,4.0317829676811776e-14,0.393539827079125,0.6064601729197802,1.0291571678818146e-12
PF0165,4.877192415455758e6,102.38828918153813,28.635355822843987,0.08785258734698126,0.18286578916618304,0.7054442218048798,Urea,Methanol;Urea,2,0.5723272219341621,0.42767277806583814,8.97400238588122e-12,4.624983962383184e-12,2.213882735463178e-11,226.21528344735904,320.1622230250934,5.535328045886119e-10,1.6424545812308246e-14,8.464813993237441e-15,4.051928765798141e-14,0.4140274457995472,0.5859725541993742,1.0130958870575745e-12
PF0166,4.95712680426649e6,107.62472592812472,28.007177525219877,0.09038774925508496,0.19358427347211168,0.688647930718554,Urea,Methanol;Urea,2,0.5789963720881917,0.4210036279118082,8.957431074972771e-12,4.5961899651254474e-12,2.2429608965884174e-11,239.47206682875418,312.1471185098363,5.504581167986759e-10,1.6238432804807303e-14,8.33217931370419e-15,4.0661401129644835e-14,0.43412570337180845,0.5658742966271283,9.978951628743891e-13
PF0167,5.034729281210355e6,112.86116266484088,27.37899922764495,0.09284895333069765,0.20430275775783652,0.6718516396335433,Urea,Methanol;Urea,2,0.5854607171361883,0.41453928286381153,8.942228604104534e-12,4.569876047723781e-12,2.2696547373749692e-11,252.72885016006825,304.13201400542283,5.476433516656191e-10,1.6058281663402468e-14,8.206495269814629e-15,4.075802203794448e-14,0.45384559487501686,0.5461544051239346,9.83447368824779e-13
PF0168,5.110182651349233e6,118.09759939362915,26.75082093011249,0.09524199733416228,0.21502124202733372,0.6550553485496682,Urea,Methanol;Urea,2,0.5917295487287387,0.40827045127126105,8.928212176704182e-12,4.545694726841215e-12,2.2944174577962658e-11,265.98563344921627,296.1169095094225,5.45052538596231e-10,1.5883600400918148e-14,8.08694922977959e-15,4.0818485639954175e-14,0.4731977052601826,0.5268022947387828,9.696674484459213e-13
PF0169,5.183644158841962e6,123.334036115832,26.12264263261719,0.09757186834810609,0.22573972628335118,0.6382590574667866,Urea,Methanol;Urea,2,0.5978116047672831,0.402188395232717,8.915233354884619e-12,4.523367504847229e-12,2.3175789391187363e-11,279.2424167020477,288.1018050202171,5.426568157760592e-10,1.571397577261277e-14,7.972880187465733e-15,4.084960858649421e-14,0.492192228298505,0.5078077717004741,9.564860185377107e-13
PF0170,5.255250580332383e6,128.5704728324402,25.49446433515467,0.09984290431696759,0.23645821052791693,0.6214627663847815,Methanol,Methanol;Urea,2,0.603715110076564,0.39628488992343586,8.903169494497076e-12,4.5026663413726905e-12,2.339393148848838e-11,292.4991999231208,280.08670053665054,5.404325179024547e-10,1.554905471360558e-14,7.863739462939325e-15,4.0856632113504875e-14,0.510838984487667,0.489161015511325,9.43845312062272e-13
PF0171,5.325121891488542e6,133.80690954421803,24.866286037721306,0.10205891033324895,0.24717669476259538,0.604666475303556,Methanol,Methanol;Urea,2,0.6094478135311182,0.3905521864688816,8.89191789029898e-12,4.483401662274993e-12,2.360063442044989e-11,305.75598311611094,272.0715960578573,5.383599400783816e-10,1.538853147681449e-14,7.759064855782348e-15,4.08437313673477e-14,0.5291474379829691,0.47085256201603526,9.31696512041631e-13
PF0172,5.393364028432025e6,139.04334625177293,24.238107740313936,0.10422324621772482,0.2578951789886299,0.5878701842230255,Methanol,Methanol;Urea,2,0.6150170219984812,0.38498297800151876,8.881391637056371e-12,4.465413985897962e-12,2.379757582123451e-11,319.01276628405105,264.0564915831656,5.36422481363431e-10,1.5232138407595842e-14,7.658462396435393e-15,4.081432094063612e-14,0.5471267126149645,0.4528732873840519,9.19997880397707e-13
PF0173,5.460071030480007e6,144.27978295560163,23.60992944292989,0.10633889447765288,0.2686136632070373,0.5710738931431186,Methanol,Methanol;Urea,2,0.620429631415969,0.3795703685840309,8.871516579430176e-12,4.448567852568165e-12,2.3986173389145035e-11,332.2695494294941,256.04138711203814,5.346060180466138e-10,1.507963906225167e-14,7.561592988081042e-15,4.077125189976542e-14,0.5647856070506931,0.4352143929483348,9.087133772981515e-13
PF0174,5.525326737726839e6,149.51621965611804,22.98175114556681,0.10840851414648214,0.2793321474186647,0.5542776020637724,Methanol,Methanol;Urea,2,0.6256921552803033,0.37430784471969686,8.862228935151856e-12,4.432747199526835e-12,2.4167650566795917e-11,345.526332554619,248.0262826440352,5.328984358485561e-10,1.4930822825500095e-14,7.468162191550609e-15,4.071694732350577e-14,0.5821326091514969,0.41786739084754226,8.978116214174038e-13
PF0175,5.589206156236119e6,154.7526563536735,22.353572848222644,0.11043448408164971,0.2900506316242313,0.5374813109849318,Methanol,Methanol;Urea,2,0.6308107507987456,0.36918924920125434,8.853473540241354e-12,4.4178519353973066e-12,2.434308350406744e-11,358.7831156613094,240.01117817878853,5.312892692892707e-10,1.4785500849473984e-14,7.377912550003112e-15,4.06534994646173e-14,0.5991759095766835,0.4008240904223665,8.872650837762349e-13
PF0176,5.6517765679005375e6,159.98909304856903,21.725394550895512,0.11241893816437994,0.3007691158243533,0.5206850199065467,Methanol,Methanol;Urea,2,0.6357912429226353,0.36420875707736483,8.84520235261479e-12,4.4037951338485294e-12,2.4513436247576816e-11,372.03989875120595,231.9960737159871,5.297694199377495e-10,1.464350263193454e-14,7.290617338330086e-15,4.058274236123442e-14,0.615923414678855,0.38407658532020544,8.770494541465825e-13
PF0177,5.713098439546373e6,165.2255297410661,21.09721625358382,0.11436379413241948,0.3114876000195659,0.5038887288285745,Methanol,Methanol;Urea,2,0.6406391464614433,0.3593608535385564,8.83737334029062e-12,4.390500850112072e-12,2.467958823387519e-11,385.29668182575125,223.98096925536368,5.283309326804315e-10,1.4504673402349795e-14,7.206075657489481e-15,4.0506308068349924e-14,0.6323827587335835,0.36761724126548717,8.671431353873873e-13
PF0178,5.773226170917801e6,170.4619664313965,20.46903795628601,0.11627077730276017,0.32220608421034347,0.48709243775097333,Methanol,Methanol;Urea,2,0.6453596864535339,0.35464031354646613,8.829949587886147e-12,4.3779024068701174e-12,2.484235686404291e-11,398.55346488622934,215.96586479668235,5.269668148598468e-10,1.4368871996970753e-14,7.124108543705312e-15,4.0425672007483596e-14,0.6485613155431809,0.35143868445589965,8.575268334216176e-13
PF0179,5.832208710789739e6,175.6984031197636,19.840859659000767,0.1181414401119874,0.33292456839710244,0.47029614667370834,Methanol,Methanol;Urea,2,0.6499578169517337,0.3500421830482661,8.822898481720001e-12,4.365940988298853e-12,2.5002516559892823e-11,411.8102479337801,207.95076033973842,5.256708937333036e-10,1.423596896857082e-14,7.044555772324522e-15,4.034219033804679e-14,0.6644662094515981,0.335533790547492,8.481832298504838e-13
PF0180,5.890090062941584e6,180.9348398063526,19.212681361726723,0.11997717816350788,0.34364305258022176,0.4534998555967427,Methanol,Methanol;Urea,2,0.6544382383666434,0.3455617616333566,8.816191153247303e-12,4.354564419336109e-12,2.5160815627427415e-11,425.06703096943534,199.93565588434507,5.244376930044732e-10,1.4105845204633363e-14,6.967273118860912e-15,4.02571319398042e-14,0.6801043258050781,0.31989567419402165,8.390967015581701e-13
PF0181,5.94690969806328e6,186.17127649132988,18.584503064462783,0.12177924329137105,0.354361536760042,0.43670356452004727,Methanol,Methanol;Urea,2,0.6588054134942714,0.3411945865057283,8.809801959365468e-12,4.343726282075474e-12,2.5317992394477736e-11,438.32381399412554,191.9205514303353,5.232623380126907e-10,1.3978390672996077e-14,6.892130291630869e-15,4.017170764772145e-14,0.6954823208907703,0.3045176791083382,8.302530997795026e-13
PF0182,6.002702883210755e6,191.40771317485053,17.95632476720778,0.12354875400912439,0.36508002093688074,0.4199072734435907,Methanol,Methanol;Urea,2,0.6630635823438528,0.33693641765614746,8.80370805813427e-12,4.3333850446152016e-12,2.5474790843399934e-11,451.5805970087058,183.9054469775521,5.221404706901098e-10,1.385350337971683e-14,6.819008986301334e-15,4.0087097245409113e-14,0.7106066313835092,0.28939336861560827,8.216395554721893e-13
PF0183,6.057500936727995e6,196.6441498570561,17.328146469960604,0.12528670359480362,0.37579850511102764,0.40311098236734355,Methanol,Methanol;Urea,2,0.6672167758684229,0.3327832241315771,8.797889097226758e-12,4.323503503115438e-12,2.563197704145525e-11,464.8373800139558,175.8903425258525,5.210681872198201e-10,1.3731088554034683e-14,6.747801524762404e-15,4.000447637856086e-14,0.7254834833288635,0.27451651667026283,8.132443296723296e-13
PF0184,6.111331413269376e6,201.88058653808156,16.69996817272021,0.12699396595901474,0.3865169892827589,0.3863146912912777,Methanol,Methanol;Urea,2,0.6712688286929478,0.3287311713070522,8.792326924814328e-12,4.314048174255257e-12,2.579035666643881e-11,478.0941630106022,167.87523807509854,5.200419800120076e-10,1.3611057907741738e-14,6.678409483484466e-15,3.9925043853578583e-14,0.7401189006888576,0.25988109931027725,8.050566778201987e-13
PF0185,6.16421822039309e6,207.11702321805384,16.071789875485525,0.12867129934275687,0.39723547345233445,0.3695184002153644,Methanol,Methanol;Urea,2,0.675223390923181,0.32477660907681893,8.787005616111234e-12,4.304989237371626e-12,2.5950792286880405e-11,491.350945999312,159.86013362515854,5.190587356452223e-10,1.3493329415050563e-14,6.610743232210461e-15,3.985004724093919e-14,0.7545187134749533,0.24548128652418963,7.970668065784438e-13
PF0186,6.423173815910569e6,213.28854566631009,15.443611646443983,0.13688421460255407,0.4098679885969967,0.3527221109628059,Methanol,Methanol;Urea;Acetic Acid,3,0.6797635641874815,0.3202364358125182,1.2146974276292775e-11,1.1080550549638331e-11,-1.6422692173360047e-11,500.00000265172287,151.92037403222955,5.468365804565799,1.8477612242507796e-14,1.685540051643301e-14,-2.4981705818679592e-14,0.7605849786216115,0.2310967076453722,0.008318313733005933
PF0187,6.64121289960791e6,221.21535330728167,14.815433335411951,0.1437994407985804,0.4260934043534752,0.33592581951797795,Methanol,Methanol;Urea;Acetic Acid,3,0.6854123152024377,0.3145876847975622,1.0910028389467606e-11,8.410897767385725e-12,-1.501608786003335e-12,500.00000133793566,144.12202562727026,21.20146692477415,1.6398080767716625e-14,1.2641816867474623e-14,-2.256960410677464e-15,0.7515141219717754,0.2166194745124976,0.031866403515700165
PF0188,6.782240865783242e6,229.14213890907132,14.18725508363481,0.14827221819945094,0.44231877499785993,0.3191295296575128,Methanol,Methanol;Urea;Acetic Acid,3,0.6908649176089475,0.3091350823910523,5.72935118902464e-12,3.883354943787464e-12,-4.836528516951307e-11,500.0000034541079,136.3236853916739,36.9345081113319,8.509887016481327e-15,5.768002471175343e-15,-7.183764770798136e-14,0.7426571346831838,0.20248351376606488,0.054859351550808885
PF0189,6.895484781733601e6,237.05694600697151,13.559076734239518,0.1518638095822489,0.4585196267924693,0.30233323718692434,Methanol,Methanol;Urea;Acetic Acid,3,0.6961244081812161,0.3038755918187838,1.0447636297219039e-11,7.443736274580175e-12,4.4455817017152e-12,500.0000003532913,128.5257779383634,52.65517054160455,1.5337534490818662e-14,1.092769298279659e-14,6.5262860174371255e-15,0.7340193544897067,0.1886808169818912,0.07729982852836927
PF0190,9.528532195863577e6,228.0178767461762,12.93089844033968,0.2353723170700428,0.4400175180684039,0.28553694620017855,Methanol,Algae;Methanol;Urea,3,0.6901033494803968,0.30989665051960313,54.695181868892895,7.824375191990883e-12,2.273959781974394e-12,500.0000008038902,117.43764439803074,8.713656781853106e-10,0.08137555504792901,1.1641114489348202e-14,3.3832000021207624e-15,0.7439005813512453,0.17472386359951417,1.2964188670587925e-12
PF0191,9.8872718732317e6,232.0395377213135,12.302720138433186,0.2467499378728051,0.4482494727604707,0.26874065499935,Methanol,Algae;Methanol;Urea,3,0.6928114669644014,0.3071885330355983,67.27581230917897,7.225546432758835e-12,6.009342411195308e-12,500.00000004908793,108.88270440793187,8.14245987510689e-10,0.09949710111003332,1.0686172330279813e-14,8.887475735613423e-15,0.739471570127934,0.1610313287608088,1.2042235175915728e-12
PF0192,1.021271013586332e7,236.0611986102683,11.674541837295097,0.2570713864900786,0.4564814272761303,0.2519443638190672,Methanol,Algae;Methanol;Urea,3,0.6954726592913412,0.30452734070865883,79.85644214672256,6.7846563287917654e-12,8.89344568153919e-12,499.9999992728017,100.32776456420628,7.717240396173668e-10,0.11740414059032153,9.97473371051223e-15,1.3075054673853481e-14,0.7350949858488518,0.14750087355966907,1.1345809456136247e-12
PF0193,1.0512359491992142e7,240.08285943883365,11.046363536713669,0.26657492613988193,0.46471338166817844,0.23514807265366844,Methanol,Algae;Methanol;Urea,3,0.6980881368020722,0.3019118631979278,92.4370715568639,6.444245227138555e-12,1.1235099967653655e-11,499.9999984647457,91.77282482457677,7.385603730427347e-10,0.13510046003871667,9.418520947552402e-15,1.6420545876739976e-14,0.7307699029646385,0.13412963699553968,1.0794353875983485e-12
PF0194,1.0791211490491211e7,244.1045103737743,10.418185296367293,0.27541886646533187,0.47294531580892474,0.21835178309884024,Methanol,Algae;Methanol;Urea,3,0.7006587600179496,0.29934123998205037,105.01765549842852,2.1650133719550547e-12,-3.8112141122616426e-11,500.00000232111586,83.21789608585858,2.59257102738396e-10,0.15258969825442786,3.1457447376395353e-15,-5.537659440337853e-14,0.7264954556382566,0.12091484610699112,3.766982122140502e-13
PF0195,1.105277041366317e7,248.1261809707064,9.790006936711288,0.2837143476545386,0.4811772901958836,0.2015554903538998,Methanol,Algae;Methanol;Urea,3,0.7031865822129545,0.2968134177870453,117.5983295272143,5.948715133085663e-12,1.4943110293751075e-11,499.99999671638676,74.66294555774222,6.896582360124854e-10,0.16987564423630006,8.593164713086315e-15,2.158594002355794e-14,0.7222706470561558,0.10785370870651775,9.962398072872222e-13
PF0196,1.1299579058649464e7,252.147841690365,9.161828637121962,0.29154201587930567,0.4894092443650101,0.18475919921502795,Methanol,Algae;Methanol;Urea,3,0.7056717699870401,0.2943282300129599,130.17895823439628,5.761382342960842e-12,1.650592620286208e-11,499.9999957571194,66.10800599815664,6.709476982711527e-10,0.18696164902499043,8.274436653302486e-15,2.370563740428296e-14,0.7180947288802276,0.09494362209378641,9.636080191426198e-13
PF0197,1.1533531306299107e7,256.1695023859952,8.533650337724938,0.2989619365840348,0.4976411984849527,0.16796290808129788,Methanol,Algae;Methanol;Urea,3,0.7081156861002843,0.2918843138997158,142.75958682986501,5.601544418595098e-12,1.796720192104631e-11,499.9999947268874,57.55306647234893,6.54876348424616e-10,0.20385121878277768,7.998633802137042e-15,2.5655972331206963e-14,0.7139668205815778,0.0821819606346758,9.351199785795792e-13
PF0198,1.1756039683923522e7,260.19116306112574,7.905472038467712,0.30601890882814653,0.5058731525629345,0.1511666169513058,Methanol,Algae;Methanol;Urea,3,0.7105193504116939,0.2894806495883061,155.34021536030576,5.463139387801381e-12,1.9388700516891642e-11,499.999993612813,48.99812697086951,6.408781449180088e-10,0.22054772178766116,7.75641351464173e-15,2.752753829718447e-14,0.7098860989047491,0.06956617930664463,9.099009839617308e-13
PF0199,1.196812841862652e7,264.21282371887264,7.277293739294835,0.31274541652222626,0.5141051066053336,0.134370325823569,Methanol,Algae;Methanol;Urea,3,0.7128837494590867,0.28711625054091294,167.92084387194748,5.341713256829193e-12,2.084253362123636e-11,499.9999923990882,40.443187484282376,6.285363487807061e-10,0.23705444974686518,7.540915514745821e-15,2.942347849728812e-14,0.7058517593086223,0.05709379094358808,8.873069886412427e-13
PF0200,1.217045479758292e7,268.23448436290425,6.649115440132777,0.3191623058806891,0.5223370606196589,0.11757403469612147,Methanol,Algae;Methanol;Urea,3,0.7152098378694743,0.2847901621305257,180.50147241785004,5.2338335615796454e-12,2.2436238094813728e-11,499.99999106509904,31.88824800100464,6.175309099010147e-10,0.2533746199698622,7.346868542882929e-15,3.149433201113654e-14,0.7018630154316995,0.04476236459753255,8.668442285811493e-13
PF0201,7.638961531458601e6,332.2235142910435,6.020929560553846,0.17544357247912243,0.6533164739551575,0.1007775408827664,Methanol,Methanol;Urea;Acetic Acid,3,0.748659942778649,0.2513400572213508,6.925154057052575e-10,5.685017901822489e-10,7.86971378850413e-9,499.9994745515358,34.916330363706045,241.529508582114,8.919049334946782e-13,7.321852296523644e-13,1.0135567375587469e-11,0.6439596786198629,0.04496946501746687,0.31107085635091053
PF0202,7.677830117478395e6,340.224371071017,5.3927573829180915,0.17667631048044186,0.6696934612043647,0.08398141343327159,Methanol,Methanol;Urea;Acetic Acid,3,0.7543377303953873,0.24566226960461227,1.4196717092908708e-10,1.1521280417201196e-10,1.5141770361738737e-9,499.9998962801966,27.04915160201254,257.4030897436078,1.8097620507280042e-13,1.4687040629457525e-13,1.930235081968399e-12,0.6373873845156977,0.03448158313879678,0.3281310323432475
PF0203,7.712490257950136e6,348.2266353743817,4.764580546067618,0.1777755753795773,0.6860733295190959,0.06718516140525035,Methanol,Methanol;Urea;Acetic Acid,3,0.7597778530663957,0.240222146933604,1.2155211918656716e-11,8.341418173826616e-12,3.5330182612199665e-11,499.99999717580476,19.18143294912628,273.28050506009305,1.5338543567796553e-14,1.0525954375182037e-14,4.458281343689811e-14,0.6309451280571975,0.024204863473532574,0.3448500084691995
PF0204,7.746231315499046e6,356.2147511082517,4.1364022698174585,0.17884569107208195,0.7024242370676764,0.05038887089042335,Methanol,Methanol;Urea;Acetic Acid,3,0.7649765036947686,0.23502349630523156,1.0046265912010685e-11,6.562074635383583e-12,1.8440554476245005e-11,499.9999987093678,11.314223794506779,289.1438175419216,1.2550646516631245e-14,8.197899586351664e-15,2.3037502971660034e-14,0.6246423593680683,0.014134686927323472,0.3612229537045643
PF0205,7.766993088605912e6,364.2028888859998,3.5082239691941557,0.17950416181425333,0.7187751897379634,0.03359257972390493,Methanol,Methanol;Urea;Acetic Acid,3,0.7699549765215496,0.23004502347845016,1.0050568460727228e-11,6.5384833865102644e-12,2.8612611485500248e-11,499.9999986781478,3.44701141174817,305.0071642426024,1.2431834456201474e-14,8.087636373339787e-15,3.5391754281091696e-14,0.6184642426900026,0.0042637066158932365,0.3772720506940484
PF0206,1.9023406567447204e7,414.05001818401325,2.8800457657769387,0.5365073377688816,0.820807487449691,0.016796291156492085,Acetic Acid,Greenhouse;Methanol;Acetic Acid,3,0.7968128764373484,0.20318712356265145,-6.2596402054774554e-12,141.0024264569944,-1.61967486760004e-8,305.78275972067576,-5.828964490705147e-7,411.565974654911,-7.29263324322269e-15,0.16427125981706608,-1.8869606550767277e-11,0.3562443599860682,-6.790885549825085e-10,0.4794843808948311
PF0207,3.361677493773175e7,501.5932034562634,2.2518674659170537,0.9993438234630526,1.0,1.0386001766247018e-11,Greenhouse,Greenhouse,1,0.8527240661051476,0.14727593389485222,7.92697714087518e-12,999.9738882990667,-2.109153081171837e-8,8.656827823417149e-10,-9.296839138915046e-7,1.686539092722461e-9,7.92718414065338e-15,1.00000000094824,-2.1092081581844527e-11,8.65705388202783e-13,-9.297081910353075e-10,1.6865831338760955e-12
PF0208,7.519995792694733e6,401.4698045769559,3.053093485748246,0.1716705104244704,0.7950569955335285,0.021423257556726256,Acetic Acid,Methanol;Acetic Acid,2,0.7906443820241553,0.20935561797584434,8.107996607632147e-12,7.720147649394434e-12,-1.504545123152203e-10,345.75846312341776,-4.31449570536436e-9,499.9999724270614,9.586657687188829e-15,9.128076439947335e-15,-1.7789300820639805e-13,0.408814678744756,-5.101333340623293e-12,0.5911853212605044
PF0209,7.519995275855453e6,401.46978539395593,3.053092815092935,0.17167049403263615,0.7950569562677655,0.021423239624680738,Acetic Acid,Methanol;Acetic Acid,2,0.7906442341182307,0.2093557658817691,3.0607898566661713e-12,3.6125414171062823e-12,-2.073281998184394e-10,345.7583771202374,-6.140527187125315e-9,499.999993183152,3.618988548219933e-15,4.271363481555e-15,-2.4513880926253365e-13,0.40881460859654245,-7.260380036166396e-12,0.5911853914109552
PF0210,7.573532186929954e6,395.7411779173672,3.0835012975449727,0.17336844581099997,0.783331045633465,0.022236304521525484,Acetic Acid,Methanol;Acetic Acid,2,0.787709423985126,0.21229057601487403,8.259488733038186e-12,6.996098230205771e-12,-1.2666120031919734e-10,371.8700377370978,-3.254423890298957e-9,468.154022663982,9.832443048271362e-15,8.328449814751056e-15,-1.5078282431485225e-13,0.4426897457687508,-3.874203185035119e-12,0.5573102542352559
PF0211,7.637971053902941e6,387.59882274673544,3.1267537305057265,0.17541215895351348,0.7666644247358473,0.023392792189036917,Acetic Acid,Methanol;Acetic Acid,2,0.7833934618249295,0.2166065381750703,8.196662328203129e-12,7.086611252710122e-12,-1.3330700491360587e-10,408.999763366344,-3.538218811002494e-9,422.8737934571785,9.853255054214967e-15,8.518856254790961e-15,-1.6024911937725188e-13,0.4916609742109025,-4.2533132373249116e-12,0.5083390257934927
PF0212,7.69553600185601e6,379.4564689894038,3.1706603328753737,0.17723786207658535,0.7499978067311194,0.02456677110044057,Methanol,Methanol;Acetic Acid,2,0.7788983534833293,0.22110164651667072,8.177164099001388e-12,7.056473474326274e-12,-1.343927124817977e-10,446.45656378002326,-3.580829938862007e-9,377.26650000359166,9.927079207273708e-15,8.566560516037275e-15,-1.631527856766497e-13,0.5419983771382041,-4.347128417687167e-12,0.4580016228662877
PF0213,7.737764338801065e6,371.31411368017655,3.2138385140422487,0.17857715637605334,0.73333118554981,0.025721273416423007,Methanol,Methanol;Acetic Acid,2,0.7742127397384275,0.22578726026157286,8.137636271508014e-12,7.125552032675323e-12,-1.3874957667116597e-10,483.5491575813956,-3.768286365457849e-9,332.02340207586417,9.977820091159818e-15,8.73687073986869e-15,-1.7012536166020208e-13,0.5928953247114054,-4.620418282659527e-12,0.4071046752933665
PF0214,7.765656318853795e6,363.1717680240938,3.5893101790268376,0.17946176544635845,0.7166645841275625,0.035760670516897554,Methanol,Methanol;Urea;Acetic Acid,3,0.7693242358802118,0.23067576411978785,1.0037067362717088e-11,6.544713225268217e-12,2.6316742315702896e-11,499.9999986410302,4.46252313604958,302.9594996218991,1.2431005219954047e-14,8.105690768661695e-15,3.259354045125475e-14,0.6192548449132947,0.005526878160094465,0.3752182769265576
PF0215,7.74186979043357e6,355.029414366619,4.229615918878609,0.17870736297110135,0.6999979663272321,0.052881226307303006,Methanol,Methanol;Urea;Acetic Acid,3,0.7642193517678806,0.23578064823211928,9.975375401696051e-12,6.588789639047333e-12,2.057121051150041e-11,499.9999984467488,12.481617456545301,286.78990181908523,1.2480584107540357e-14,8.243493597548151e-15,2.5737449734377625e-14,0.6255696435568427,0.015616242015119715,0.3588141144279911
PF0216,7.707058531813772e6,346.88706074259295,4.869733907908674,0.17760330527904816,0.683331348595368,0.06999676199837519,Methanol,Methanol;Urea;Acetic Acid,3,0.7588834153791414,0.24111658462085842,9.95761288292174e-12,6.596892538887905e-12,1.8978707205687896e-11,499.9999984277555,20.49846894148984,270.62254515865135,1.258671268394627e-14,8.338664293352957e-15,2.3989638633214552e-14,0.632014559732228,0.025910661727956693,0.3420747785397704
PF0217,7.670899469893981e6,338.7447071152617,5.5088700493895075,0.17645650128422596,0.6666647308567386,0.08708604495626374,Methanol,Methanol;Urea;Acetic Acid,3,0.7533003675385743,0.24669963246142582,9.952548241971226e-12,6.629782018110555e-12,1.8008760143414984e-11,499.9999984235462,28.50359195293071,254.46691796977123,1.271126835031382e-14,8.467473483916224e-15,2.3000559984630083e-14,0.6385936546698285,0.036404426027658865,0.3250019193024684
PF0218,7.630529200030037e6,330.6023534904449,6.148006190637167,0.17517613657634953,0.649998113123256,0.10417532790791764,Methanol,Methanol;Urea;Acetic Acid,3,0.747452641384598,0.2525473586154019,9.953145298898418e-12,6.663583822459322e-12,1.74817324156322e-11,499.9999984407522,36.50871493388049,238.311290729096,1.2845751588991638e-14,8.600170087460654e-15,2.256231424465271e-14,0.6453111636154827,0.047118962779117014,0.3075698736053563
PF0219,7.587492290380823e6,322.459999884186,6.792061392435706,0.17381119796096176,0.6333314954277596,0.121396137168577,Methanol,Methanol;Urea;Acetic Acid,3,0.7432555014678038,0.2567444985321961,9.931037686994851e-12,6.632519500998778e-12,1.6129539883373094e-11,499.9999984728386,44.51808057555509,222.15142096815129,1.2953479545984432e-14,8.651080421035873e-15,2.1038452531402807e-14,0.6521715008384018,0.05806684702416422,0.28976165213739125
PF0220,7.546008764108319e6,314.3176462611286,7.433595871588774,0.1724955257304667,0.6166648776978783,0.13854954710732195,Methanol,Methanol;Urea;Acetic Acid,3,0.7394019783714599,0.26059802162853984,9.939369837847536e-12,6.6745971348538826e-12,1.609340053052688e-11,499.999998530528,52.48398029974134,206.03501562205244,1.3103653185407298e-14,8.799512185812692e-15,2.121687215248473e-14,0.6591792719594644,0.06919270405039021,0.27162802399010233
PF0221,1.2714588312126266e7,306.17525749259664,4.008380580029935,0.3364197914199752,0.599998188028578,0.04696581476898881,Methanol,Algae;Methanol;Acetic Acid,3,0.7354365214877683,0.26456347851223183,165.6259957232697,1.1598471522638414e-10,1.4705660653352052e-9,499.9998606843083,4.914820092576293e-8,84.74325595096686,0.220726030675062,1.5457021525577095e-13,1.959790243249116e-12,0.6663385424793306,6.549869939070152e-11,0.11293542677799441
PF0222,1.2905699180998724e7,298.0328946469069,4.114547515188523,0.342480974875537,0.5833315514208519,0.049804516381908505,Methanol,Algae;Methanol;Acetic Acid,3,0.7313430566749478,0.2686569433250523,187.5413105463263,1.1638354225470656e-10,1.4586421556421798e-9,499.99985925578363,4.860399137199524e-8,54.67743143637445,0.2526766510846146,1.5680493866987135e-13,1.96524602470167e-12,0.6736557914173372,6.548473898068231e-11,0.07366755743044133
PF0223,1.3014804709226323e7,289.8905817744799,4.220692404176651,0.34594131507756287,0.5666650171036066,0.05264262852222499,Methanol,Algae;Methanol;Acetic Acid,3,0.727114620985201,0.27288537901479853,209.45515076107597,8.720064324156852e-12,-7.428573263371173e-11,499.9999973171126,-1.2721819204986757e-9,24.612338250869648,0.28533500619800756,1.1879104423736628e-14,-1.0119741579256823e-13,0.6811362805597554,-1.7330585323468704e-12,0.03352871324405941
PF0224,1.2769702105170475e7,281.74823228065156,4.538283518309448,0.33816775485368106,0.5499984078258616,0.06113440994730842,Methanol,Algae;Methanol;Urea,3,0.7227571660062891,0.2772428339937112,222.77549362158953,3.2503117975448002e-12,1.830007140735548e-11,499.9999328782026,3.14157005180235,4.009801551537486e-10,0.3068883834925143,4.4775254099066865e-15,2.5209592135571598e-14,0.6887838902424351,0.004327726264468633,5.523774165067584e-13
PF0225,1.2425714384978868e7,273.60587856452037,5.810109736815023,0.3272580002654517,0.5333317899054671,0.09514062037838436,Methanol,Algae;Methanol;Urea,3,0.7182583616242824,0.2817416383757172,197.30438202926726,3.936649309615964e-12,1.0361492399170195e-11,499.9999794647584,20.46212571355974,4.801671280268733e-10,0.2748865899224811,5.484582214096508e-15,1.4435742799129053e-14,0.6966053561648229,0.028508053912006878,6.689740139506864e-13
PF0226,1.203207607651422e7,265.4635248928996,7.081935302142491,0.3147735507057903,0.5166651720761813,0.12914681334472192,Methanol,Algae;Methanol;Urea,3,0.7136111417391537,0.2863888582608464,171.8333204635082,4.386199943201233e-12,1.0077445820301351e-11,499.99998807513504,37.78267086615574,5.297050216328261e-10,0.24214973372993123,6.181089590001708e-15,1.4201266759446754e-14,0.7046064386742448,0.05324382759505719,7.464671554841788e-13
PF0227,1.1598367985343564e7,257.32117121026437,8.353760818796456,0.30101826654923475,0.4999985542243499,0.16315300500962274,Methanol,Algae;Methanol;Urea,3,0.7088080430796345,0.2911919569203653,146.36226328408878,4.923167176850871e-12,1.0902026976280865e-11,499.99999289756306,55.10321520674733,5.86599821143263e-10,0.2086521279433336,7.018402726369836e-15,1.554178704575907e-14,0.7127934492734073,0.07855442278240025,8.362490315905525e-13
PF0228,1.1118708872182785e7,249.1788174987585,9.625586335002016,0.28580562114527386,0.4833319363134231,0.19715919666253404,Methanol,Algae;Methanol;Urea,3,0.7038410897214293,0.29615891027857066,120.89120731168624,5.639939764825415e-12,1.2479337995088e-11,499.99999612440536,72.42375948812956,6.594169652964768e-10,0.174366938226287,8.13474404335962e-15,1.7999522096625786e-14,0.7211729486048413,0.10446011316789461,9.511073618180462e-13
PF0229,1.0580210732318947e7,241.03646456150335,10.897410281883529,0.26872686452902,0.4666653199873133,0.2311653463547097,Methanol,Algae;Methanol;Urea,3,0.6987014449325132,0.3012985550674868,95.4201390942776,2.681720720272771e-12,-3.642585726936176e-11,500.00000263928166,89.74429256325007,3.0944829265799413e-10,0.13926604230730363,3.913981208064262e-15,-5.316367202674684e-14,0.7297518341742814,0.13098212351801267,4.5164091591452685e-13
PF0230,6.838883008579698e6,232.89410990600615,13.889120330693698,0.15006865406325612,0.44999870014412663,0.3111579742690375,Methanol,Methanol;Urea;Acetic Acid,3,0.6933808659606848,0.306619134039315,1.0167603013794062e-11,7.711421832810641e-12,1.716166356861054e-11,499.9999997993658,132.6229419406013,44.391006350265,1.501830655405995e-14,1.1390344105262758e-14,2.5349054649494983e-14,0.7385372209978459,0.19589395804134674,0.06556882096075559
PF0231,6.709123719227894e6,224.7516789466284,14.53530212187126,0.1459532687768782,0.43333192411420735,0.32843564447883544,Methanol,Methanol;Urea;Acetic Acid,3,0.6878936058918349,0.31210639410816504,3.882654964690718e-10,3.193696822123931e-10,4.361642655244284e-9,499.9997758198733,140.6438733906057,28.220874664866,5.804845115966855e-13,4.77480372795931e-13,6.520965755427177e-12,0.7475352002811079,0.21027258640458454,0.042192213306728746
PF0232,6.532418924844583e6,216.60940167629212,15.180444000435193,0.14034898168136314,0.41666546267103066,0.3456855094062336,Methanol,Methanol;Urea;Acetic Acid,3,0.682154814055612,0.3178451859443879,1.2420250994291018e-11,1.1020787161818616e-11,4.127575567872346e-11,500.0000002219759,148.65334561517474,12.05959380912145,1.8798256018626285e-14,1.6680144281293732e-14,6.247154127300328e-14,0.7567582988303716,0.22498930578648144,0.01825239538304888
PF0233,6.177702717825358e6,208.4670497061007,15.909836088911424,0.12909896739337715,0.3999988483244077,0.365188064461774,Methanol,Methanol;Urea,2,0.6762274368198791,0.3237725631801209,8.975281411344544e-12,3.293824637099457e-12,3.926901031179e-12,494.7687334559271,157.79372192059085,4.046516001116296e-10,1.3753904070622888e-14,5.0475239725473475e-15,6.01766313526375e-15,0.7581936861049331,0.2418063138944221,6.200963551877824e-13
PF0234,6.095436425189466e6,200.32469608889613,16.88661671054093,0.12648984790782947,0.38333223060650656,0.3913053176531419,Methanol,Methanol;Urea,2,0.6700750740969084,0.32992492590309136,8.981655922521419e-12,3.316148595463845e-12,3.915655853339018e-12,474.1552091137956,170.25674192432953,4.0733666010576297e-10,1.3937755046358751e-14,5.146007286363119e-15,6.076324076591783e-15,0.7357951824910083,0.2642048175083345,6.321059990419019e-13
PF0235,6.010871193602073e6,192.1823424715696,17.863397332210802,0.12380781634344298,0.3666656128883558,0.41742257084558915,Methanol,Methanol;Urea,2,0.663684366536708,0.336315633463292,8.988551110877113e-12,3.3397760512141435e-12,3.9180286037584256e-12,453.5416847571161,182.7197619293041,4.1017305974063113e-10,1.4127134620025269e-14,5.249062423324708e-15,6.157890949012333e-15,0.7128228295440616,0.2871771704552682,6.446611874355935e-13
PF0236,5.923909241821876e6,184.0399888540934,18.84017795393978,0.12104977151583422,0.3499989951698987,0.4435398240396167,Methanol,Methanol;Urea,2,0.6570411901994873,0.3429588098005125,8.99601251219744e-12,3.3649163821358392e-12,3.933122090317375e-12,432.9281603840422,195.1827819358982,4.1318456770768137e-10,1.432233050894534e-14,5.357200703597285e-15,6.2618270520612485e-15,0.6892542880796143,0.31074571191970196,6.578209992350927e-13
PF0237,5.834430817637706e6,175.89763523643688,19.81695857574599,0.11821191541955549,0.33333237745107247,0.46965707723570943,Methanol,Methanol;Urea,2,0.6501302827074723,0.3498697172925276,9.004097811268395e-12,3.3918083883381583e-12,3.960436903200982e-12,412.31463599245035,207.64580194451477,4.1639817008675594e-10,1.4523665157126698e-14,5.471007794662947e-15,6.3882090869819285e-15,0.6650660441563286,0.3349339558429732,6.716528097697789e-13
PF0238,5.742292339999759e6,167.75528218551582,20.793737570258287,0.11528969430479258,0.3166657608922995,0.4957742869210626,Methanol,Methanol;Urea,2,0.6429347879644354,0.35706521203556446,4.066443744896216e-12,-3.739962892968354e-14,-4.7272542712125e-11,391.7011217689921,220.10880710580145,-3.600852433779615e-11,6.6465801762575484e-15,-6.112949000103951e-17,-7.726671386172521e-14,0.6402333523573858,0.35976664764274374,-5.885573711434476e-14
PF0239,5.647324055895189e6,159.6129280004402,21.77051981966215,0.11227772436392089,0.2999991420120207,0.5218915836360162,Methanol,Methanol;Urea,2,0.635437815438604,0.3645621845613958,9.022439686608341e-12,3.452000700466674e-12,4.0513500152536545e-12,371.0875871434971,232.57184196961356,4.235611232531431e-10,1.4946241624780756e-14,5.718457351914135e-15,6.711317375101548e-15,0.6147300435419754,0.38526995645729545,7.016557728173406e-13
PF0240,5.549325168385192e6,151.47057438201324,22.747300441808488,0.10916963721459466,0.2833325242916175,0.5480088368412032,Methanol,Methanol;Urea,2,0.6276189092046447,0.37238109079535525,9.032889336329028e-12,3.486015950707131e-12,4.115483858297943e-12,350.4740626798767,245.03486198714864,4.275901981135793e-10,1.5168352584090938e-14,5.8538433368630235e-15,6.91086848210716e-15,0.5885286486270216,0.41147135137223234,7.180248362395986e-13
PF0241,5.448059211974878e6,143.32822133769804,23.724079445812414,0.10595793322712826,0.266665907746366,0.5741260467803445,Methanol,Methanol;Urea,2,0.6194568810511069,0.38054311894889287,4.099523556945003e-12,3.255807645489171e-14,-4.7090834380731596e-11,329.8605478318074,257.4978672708965,-2.506456445351185e-11,6.979594488705241e-15,5.543136118889598e-17,-8.017393327463073e-14,0.5616001054044097,0.43839989459570594,-4.267337252524428e-14
PF0242,5.343246684486183e6,135.18586714401252,24.700861686566103,0.10263374784040351,0.2499992888484636,0.6002433432640089,Methanol,Methanol;Urea,2,0.6109298321184737,0.3890701678815261,9.057007528353015e-12,3.5642880348023766e-12,4.284577350263882e-12,309.24701365377086,269.96090203556304,4.3680928480463254e-10,1.5636884930287746e-14,6.153728114294867e-15,7.397304550234459e-15,0.5339136522080916,0.4660863477911252,7.541493701522185e-13
PF0243,5.234554207408546e6,127.0435135242783,25.677642309204273,0.09918650777659176,0.23333267112538453,0.6263605964823465,Methanol,Methanol;Urea,2,0.6020114664694092,0.3979885335305906,9.071042835921393e-12,3.6098769085119133e-12,4.391811597441992e-12,288.6334890801965,282.42392206824826,4.4214532044408153e-10,1.5884642522494304e-14,6.321390525777859e-15,7.690665617325858e-15,0.5054369025690395,0.49456309743015636,7.742572144445764e-13
PF0244,5.121581476675634e6,118.9011599039084,26.65442293201528,0.09560351717805629,0.21666605340100425,0.6524778497053055,Urea,Methanol;Urea,2,0.5926746506672897,0.40732534933271014,9.086724084653667e-12,3.660974458978632e-12,4.51616955823665e-12,268.0199644565129,294.88694210818335,4.480969757346815e-10,1.614249883715327e-14,6.503694334322117e-15,8.022942169592764e-15,0.4761355054105862,0.5238644945885869,7.960409980914137e-13
PF0245,5.003840798204046e6,110.75880628274632,27.63120355495858,0.09186930856601296,0.19999943567500253,0.6785951029318019,Urea,Methanol;Urea,2,0.5828892265016149,0.417110773498385,9.104389566234953e-12,3.718852058591105e-12,4.659357363204422e-12,247.40643977276824,307.3499621570193,4.548015319110206e-10,1.6411508789364984e-14,6.7035766431021984e-15,8.398924910090834e-15,0.445973113445693,0.5540268865534557,8.198220522170651e-13
PF0246,4.8807267255262155e6,102.61645266057224,28.60798417789601,0.08796467988181339,0.1833328179469293,0.7047123561581412,Urea,Methanol;Urea,2,0.5726220662208588,0.427377933779141,9.124489847844371e-12,3.78526217780565e-12,4.822640007990045e-12,226.79291501566428,319.81298221700274,4.6244715724323863e-10,1.6692995619021733e-14,6.925029892590232e-15,8.822883237084823e-15,0.4149112114663645,0.5850887885327568,8.460339699664603e-13
PF0247,4.751464158487207e6,94.47409963643928,29.584763217503404,0.0838650484093451,0.16666620144298894,0.7308295670492514,Urea,Methanol;Urea,2,0.561836208339261,0.4381637916607391,4.207960473614941e-12,2.6290795326773775e-13,-4.6311580904803946e-11,206.1793978926215,332.27598796015224,1.1679432119617175e-11,7.814873031589902e-15,4.882632065261534e-16,-8.600820443361524e-14,0.3829089713089197,0.6170910286911363,2.1690621779408217e-14
PF0248,4.614993525604288e6,86.33174541154153,30.56154542062691,0.079536809272135,0.14999958248119813,0.7569468625267564,Urea,Methanol;Urea,2,0.5504928690710953,0.4495071309289046,9.17481626530572e-12,3.956085073863624e-12,5.1863252265784806e-12,185.56586519093864,344.7390223865764,4.818929272019516e-10,1.730102150709666e-14,7.460020012132414e-15,9.77989331809713e-15,0.3499229773997497,0.650077022599307,9.087091944462955e-13
PF0249,4.469212315952966e6,78.1893917915302,31.538339738454987,0.07491328021131491,0.13333296475755183,0.7830644819283847,Urea,Methanol;Urea,2,0.5385461721871766,0.46145382781282335,9.222952309693968e-12,4.052716091011446e-12,6.916523394016035e-12,164.95217168481344,357.20220919353324,4.932217251382094e-10,1.7663267124505263e-14,7.761528466332407e-15,1.3246127289738608e-14,0.3159068998083967,0.6840931001906202,9.44589843923261e-13
PF0250,4.317935126827027e6,70.0470381599863,32.515962813611836,0.07011544322096579,0.11666634701029949,0.8092042607223172,Urea,Methanol;Urea,2,0.5259469691428157,0.4740530308571843,9.262240502741687e-12,4.194641092909821e-12,7.114070828893962e-12,144.3283365198649,369.67553927432203,5.089655839642909e-10,1.8019787279660227e-14,8.160718800854104e-15,1.3840500361781686e-14,0.2807923117247212,0.7192076882742486,9.901979497282277e-13
PF0251,4.15476053517905e6,61.9046845258837,33.493585910899455,0.06494027374421131,0.09999972925780974,0.8353440401079844,Urea,Methanol;Urea,2,0.5126404904993397,0.48735950950066004,9.310289174263584e-12,4.36104092610352e-12,7.597174462541041e-12,123.70450122325511,382.14886934638884,5.271421852769685e-10,1.8405114438140696e-14,8.621156208147436e-15,1.5018530871856382e-14,0.24454616380991342,0.7554538361890024,1.042084951777191e-12
PF0252,3.9769143323856834e6,53.76233088523158,34.47120901386661,0.059299786270288264,0.08333311149191372,0.8614838196455115,Urea,Methanol;Urea,2,0.4985654257992303,0.5014345742007695,9.372221782930686e-12,4.579208313471764e-12,8.243938892520773e-12,103.08066560061825,394.62219948082384,5.505859773740495e-10,1.8830958068497892e-14,9.200687066001058e-15,1.6563977165697612e-14,0.20711286358303746,0.7928871364158117,1.1062543859041684e-12
PF0253,3.779835013966678e6,45.61997723322766,35.44883212469331,0.053049310244082375,0.06666649370278166,0.8876235993931878,Urea,Methanol;Urea,2,0.4836532033732199,0.5163467966267798,9.456361289534426e-12,4.883078205167733e-12,9.137986132311967e-12,82.4568294782635,407.09552971754067,5.825782815705979e-10,1.9316343005795826e-14,9.97457802712503e-15,1.866600366774205e-14,0.168433116354734,0.831566883644028,1.190022416656081e-12
PF0254,3.555791050880981e6,37.477623558737065,36.426455249038234,0.04594363608548805,0.04999987586762156,0.9137633795023157,Urea,Methanol;Urea,2,0.4678268459720926,0.5321731540279072,9.580131739212992e-12,5.3453414501378665e-12,1.0466138887842454e-11,61.83299252725545,419.5688601357757,6.299765905940629e-10,1.9900487890115774e-14,1.1103699374152991e-14,2.1740960966251686e-14,0.12844361147578043,0.8715563885228581,1.3086293438803454e-12
PF0255,3.289682969144028e6,29.33526982707661,37.40407840220658,0.03750387589847463,0.03333325791544021,0.939903160382127,Urea,Methanol;Urea,2,0.4509996423711634,0.5490003576288363,9.788921830896219e-12,6.1616937477812576e-12,1.27181074148344e-11,41.209153989167696,432.04219093995545,7.107598157665409e-10,2.0684403617166625e-14,1.3019918091716023e-14,2.6873895977452038e-14,0.08707667591578643,0.9129233240826511,1.501865390095992e-12
PF0256,2.496640095823447e6,21.192915573889294,38.71271773973571,0.012352096872605467,0.016666638895743352,0.9748936834920297,Urea,Urea;Acetic Acid,2,0.43307357328762236,0.5669264267123774,1.0477840321923483e-11,9.070243668454211e-12,2.0147032524274842e-11,6.217471361929394e-10,448.961439319131,16.1393944972164,2.2528104789521677e-14,1.950167148490395e-14,4.331755838606295e-14,1.336800734349064e-12,0.965299149508238,0.0347008504903398
PF0257,2.1073597612579716e6,13.050563783329975,39.386340883996695,5.862786785378517e-6,2.491681005263382e-8,0.9929050832113236,Urea,Urea,1,0.412830657709147,0.587169342290853,2.6405417394829084e-12,-5.272203167340822e-11,-4.202397239138927e-10,-5.898880402805707e-9,457.3042258975908,-1.660959030666017e-8,5.774146815356386e-15,-1.152887480376445e-13,-9.18950012128508e-13,-1.2899247522858268e-11,1.0000000000502483,-3.632065781787536e-11
PF0258,1.3023197739188464e7,280.4087046513814,4.383622350005936,0.3462075045133009,0.5472565231117859,0.05699906491485168,Methanol,Algae;Methanol,2,0.7220269211450079,0.27797307885499206,249.99998735944385,3.7091684084607547e-9,-6.626913995730488e-8,474.5761718562208,-3.4801077474303255e-7,4.5807232079608754e-7,0.34502927561634517,5.119087015273412e-12,-9.14591780451279e-11,0.6549707243180969,-4.802956463499027e-10,6.321934760617972e-10
PF0259,1.261727192210112e7,277.92806737851436,5.134989910165255,0.3333333500435348,0.5421788962894512,0.07708920222298574,Methanol,Algae;Methanol;Urea,3,0.72066450610851,0.27933549389149026,210.8250793645296,4.194225958585963e-12,1.6233882153701577e-11,499.9999972076362,11.26790870595649,4.800937696153258e-10,0.29196389338027123,5.808429169226179e-15,2.2481705936303563e-14,0.692431594546939,0.015604512072096526,6.648641925666671e-13
PF0260,1.2091767089810183e7,266.64773521646106,6.896963538158398,0.3166666831287121,0.5190891371467584,0.12420102072122853,Methanol,Algae;Methanol;Urea,3,0.7142965471723998,0.28570345282760007,175.53775986944092,4.724016660961193e-12,1.3045709397450427e-11,499.9999968484254,35.26360685383592,5.437850274554201e-10,0.24695754519552893,6.64604332948909e-15,1.8353523313302046e-14,0.7034313979584716,0.04961105684520938,7.650309289258082e-13
PF0261,1.1566262259028254e7,256.7488467138633,8.443157415220012,0.3000000162617484,0.49882706081586525,0.16554329970992665,Methanol,Algae;Methanol;Urea,3,0.7084643772691885,0.2915356227308116,144.57189313617675,5.2503156907504835e-12,1.283372453613536e-11,499.9999970460186,56.32067671265924,6.054092468338038e-10,0.20626826415999971,7.490899374216714e-15,1.831054450039447e-14,0.7133760873805671,0.08035564845854352,8.637689646437449e-13
PF0262,1.1040757475572182e7,247.93611086685385,9.819694142720495,0.2833333508957495,0.4807882349043254,0.2023492696925944,Methanol,Algae;Methanol;Urea,3,0.7030677844203758,0.29693221557962424,117.00373227619653,2.0280355079925375e-12,-3.583691183541328e-11,500.00000221310734,75.06725570666022,2.4347260692802893e-10,0.16906319428738192,2.9303865307483447e-15,-5.178213267580394e-14,0.7224692398555498,0.10846756585676524,3.518029369487289e-13
PF0263,1.0515252593950476e7,240.12319261475167,11.040063590411783,0.2666666824163751,0.46479593981487377,0.23497962409007606,Methanol,Algae;Methanol;Urea,3,0.6981141564681476,0.3018858435318523,92.56324621290058,6.617881109404069e-12,1.4271907073967258e-11,499.99999759957643,91.68702730090287,7.64563584157171e-10,0.13527688642662833,9.671725958731688e-15,2.085772951281159e-14,0.7307267804007238,0.13399633317149995,1.1173741778899575e-12
PF0264,9.989747820688466e6,233.2673546583448,12.110935291887376,0.2500000173736863,0.4507626963907766,0.2636126935261294,Methanol,Algae;Methanol;Urea,3,0.693628569374321,0.30637143062567873,71.11668626512045,2.5865515385991597e-12,-4.808448772340674e-11,500.00000241814024,106.27086224437521,3.1235231420226716e-10,0.10498670394474036,3.818422017139281e-15,-7.098519548748629e-14,0.7381298958524224,0.15688340020244346,4.611131600726926e-13
PF0265,9.464242991347987e6,227.34233029232195,13.036416598558,0.23333335055243895,0.43863473920293156,0.2883583007535452,Methanol,Algae;Methanol;Urea,3,0.6896434967939202,0.31035650320607955,52.58192689742455,3.0039416811122827e-12,-5.673077241004708e-11,500.00000250868584,118.87466632511028,3.6375502646675435e-10,0.0783102396069819,4.473768967656923e-15,-8.448911332569559e-14,0.7446497743669516,0.17703998602560464,5.417401940485143e-13
PF0266,8.938738071859453e6,222.3298990951857,13.819353611620018,0.21666668087209778,0.42837477279427144,0.3092925450968877,Methanol,Algae;Methanol;Urea,3,0.686190732416198,0.3138092675838019,36.901969611986445,1.0555339799556596e-11,2.0553524201279395e-11,499.999998379509,129.53719903385806,1.2219983355878144e-9,0.05537185003190724,1.5838414549748677e-14,3.084081071192327e-14,0.750256022031711,0.19437212793450126,1.833623226317711e-12
PF0267,8.413233214896247e6,218.21633237277416,14.461887571124675,0.20000001317478083,0.41995469584322265,0.3264726792363633,Methanol,Algae;Methanol;Urea,3,0.6832989261668911,0.3167010738331089,24.03384160313715,1.3102319056420131e-11,2.4879115373852035e-11,499.9999986052828,138.2876425579948,1.5178464197599276e-9,0.036287274727516076,1.978241593744323e-14,3.756350355702998e-14,0.7549203998573101,0.20879232541282486,2.291706458646867e-12
PF0268,7.887728337034868e6,214.99060399013263,14.965742317611484,0.18333334481466715,0.4133519389079709,0.3399447953843225,Methanol,Algae;Methanol;Urea,3,0.6809937138597569,0.3190062861402429,13.94306410411205,1.7229392722955225e-11,3.197605956172315e-11,499.9999988206688,145.14946263813997,1.9972170365386713e-9,0.021154941928919917,2.6141083466522955e-14,4.85152817266644e-14,0.7586188272914701,0.2202262307765049,3.0302528993583675e-12
PF0269,7.362223409819119e6,212.6434474547246,15.332365276864948,0.1666666748892532,0.40854753436613656,0.3497475949490984,Methanol,Algae;Methanol;Urea,3,0.6792951616357122,0.3207048383642878,6.600649444888825,2.5077534822092783e-11,4.555896290386245e-11,499.9999990183664,150.1423712040282,2.9087097761524143e-9,0.010050581806264005,3.8184699450149775e-14,6.937106530151882e-14,0.7613327953899018,0.2286166227992977,4.428992298407402e-12
PF0270,6.836718313202619e6,211.16675950828375,15.563022185102357,0.14999999959120386,0.4055248956244392,0.35591492130609026,Methanol,Algae;Methanol;Urea,3,0.6782172517359408,0.3217827482640592,1.9812486974613999,4.583309977803374e-11,8.158004270654346e-11,499.99999920568985,153.28360577780902,5.318480860010213e-9,0.0030235845647988585,6.99459150299069e-14,1.2449934136950627e-13,0.7630502328833552,0.23392618254353503,8.116536130527016e-12
PF0271,6.311212801086823e6,210.55323802053633,15.658851684874588,0.13333331111537203,0.40426907592184136,0.35847721958815304,Methanol,Methanol;Urea,2,0.6777668325122992,0.3222331674877005,0.062009215621025,8.722474486177963e-11,-1.7364035390050243e-9,500.0000029608246,154.58868593367674,1.073721719206224e-8,9.472107155644285e-5,1.3323860359787809e-13,-2.652412261979791e-12,0.7637660883847033,0.23613919052985793,1.6401444652713125e-11
PF0272,5.785709260795936e6,171.56193952770565,20.337080325876897,0.11666668517702211,0.3244576237476861,0.4835641420747361,Methanol,Methanol;Urea,2,0.646335239605067,0.3536647603949329,1.5648304944170365e-12,6.82093680753583e-13,-1.0987206624214433e-11,401.3381789850576,214.28218806557226,8.193362290511543e-11,2.5418757698251326e-15,1.10797776886645e-15,-1.7847373498787307e-14,0.6519247907728871,0.3480752092269939,1.3309115047255626e-13
PF0273,5.260204435752369e6,128.93761830673844,25.450418883678143,0.1000000184920536,0.2372097221368032,0.6202850749127481,Methanol,Methanol;Urea,2,0.6041221066501822,0.3958778933498176,1.8470040996864065e-12,7.911725532369741e-13,-1.389955816381593e-11,293.4286593196617,279.52472003913414,9.482525316920755e-11,3.223655128368661e-15,1.380867242850154e-15,-2.4259492420429026e-14,0.5121335694851841,0.4878664305146701,1.6550256370826308e-13
PF0274,4.7346995870248405e6,93.4486143028066,29.707785049327093,0.08333335105593558,0.1645671312190114,0.7341189364927658,Urea,Methanol;Urea,2,0.5604396140369634,0.43956038596303637,4.48450690201526e-12,2.795499226501368e-12,6.120407765875826e-12,203.58321434175804,333.84565332377036,3.224597241591683e-10,8.34437294277131e-15,5.201617171482895e-15,1.138831226624966e-14,0.3788095999121727,0.6211904000872024,6.000044723307481e-13
PF0275,4.209194755189882e6,64.54894136811319,33.17609960323518,0.06666668415557443,0.1054122696618844,0.8268550610082275,Urea,Methanol;Urea,2,0.5170429774801187,0.4829570225198812,5.550145943049516e-12,3.480551343412127e-12,7.995100774507617e-12,130.4021500762172,378.0981150820737,4.011232111156303e-10,1.0914735592747918e-14,6.844738502399414e-15,1.572290384551176e-14,0.2564446058558438,0.7435553941433339,7.888357953764979e-13
PF0276,3.6836899166088807e6,41.98114603402282,35.88573355292734,0.050000017041258955,0.059218154882299444,0.8993055113478114,Urea,Methanol;Urea,2,0.4766982790864911,0.5233017209135087,7.426315983850597e-12,4.6449889521636135e-12,9.97935185102189e-12,73.2399972126767,412.6698824940343,5.359971016777919e-10,1.5283319590711962e-14,9.559363055062668e-15,2.0537454099582905e-14,0.1507275325556239,0.8492724674432276,1.1030792417735924e-12
PF0277,3.1581850630948395e6,25.921514447962785,37.8139557252262,0.03333334945333412,0.026345627733682996,0.950862499240473,Urea,Methanol;Urea,2,0.44362383571088204,0.5563761642891173,1.1136971448747598e-11,6.948491730999211e-12,1.4066258121649775e-11,32.562425468171,437.2717472150003,8.031520053758799e-10,2.3704047292102612e-14,1.478924296056369e-14,2.993877188901334e-14,0.06930620921452493,0.9306937907836972,1.7094371845873602e-12
PF0278,2.6326801497050817e6,16.288738959530995,38.970528450831296,0.016666679966418897,0.00662825924592388,0.9817870508132376,Urea,Methanol;Urea,2,0.42170045200259604,0.5782995479974036,2.218318433841961e-11,1.3796814530969589e-11,2.6236759761989224e-11,8.1634900788514,452.0282650121276,1.5982066504569267e-9,4.820421942143226e-14,2.9980577396898835e-14,5.701266802728267e-14,0.017739322768197008,0.9822606772281949,3.4729145682655654e-12
PF0279,2.1071749058935395e6,13.065768845104296,39.357498682089485,0.0,3.114822143222121e-5,0.9921338976727013,Urea,Urea,1,0.41397400797358824,0.5860259920264117,7.371778275890008e-11,4.6226589581894536e-11,9.408157214948753e-11,3.864236931467596e-9,456.96555561162927,5.354781681563046e-9,1.613202173601688e-13,1.0115989928183522e-13,2.0588329030975031e-13,8.456298038077963e-12,0.9999999999793572,1.1718129770821255e-11
