run_label,replicate,rng_seed,seed_objective,attempt,accepted_from_seed,selected_constraint,selected_constraint_name,selected_constraint_value,projection_accepted,kept,projection_distance,termination,primal_status,solve_time_s
condition2_main,1,20260824,TAC,1,1,52,"lower:U[4,4]",4.684971749522688e-9,true,true,0.029992015784716625,LOCALLY_SOLVED,FEASIBLE_POINT,0.003685417
condition2_main,1,20260824,TAC,2,2,60,"lower:U[4,6]",4.8111287914760135e-9,true,true,0.029998360259446563,LOCALLY_SOLVED,FEASIBLE_POINT,0.003670166
condition2_main,1,20260824,TAC,3,3,60,"lower:U[4,6]",5.0706998245431045e-9,true,true,0.030001535318801988,LOCALLY_SOLVED,FEASIBLE_POINT,0.003415917
condition2_main,1,20260824,TAC,4,4,60,"lower:U[4,6]",5.077059797025184e-9,true,true,0.029999109248272423,LOCALLY_SOLVED,FEASIBLE_POINT,0.003748292
condition2_main,1,20260824,TAC,5,5,60,"lower:U[4,6]",5.2138224298796506e-9,true,true,0.03000183740847255,LOCALLY_SOLVED,FEASIBLE_POINT,0.003470167
condition2_main,1,20260824,TAC,6,6,60,"lower:U[4,6]",4.576612852068706e-9,true,true,0.029997820600841,LOCALLY_SOLVED,FEASIBLE_POINT,0.003502208
condition2_main,1,20260824,TAC,7,7,60,"lower:U[4,6]",5.4652249400753325e-9,true,true,0.02999398734938811,LOCALLY_SOLVED,FEASIBLE_POINT,0.003428125
condition2_main,1,20260824,TAC,8,8,60,"lower:U[4,6]",5.344909829451751e-9,true,true,0.029997948349585885,LOCALLY_SOLVED,FEASIBLE_POINT,0.003457916
condition2_main,1,20260824,TAC,9,9,60,"lower:U[4,6]",5.519483682099474e-9,true,true,0.03000112907970617,LOCALLY_SOLVED,FEASIBLE_POINT,0.003576334
condition2_main,1,20260824,TAC,10,10,52,"lower:U[4,4]",5.263309829747238e-9,true,true,0.030001662320465437,LOCALLY_SOLVED,FEASIBLE_POINT,0.003250917
condition2_main,1,20260824,TAC,11,11,60,"lower:U[4,6]",3.0719080245511484e-9,true,true,0.02998640808871529,LOCALLY_SOLVED,FEASIBLE_POINT,0.003345292
condition2_main,1,20260824,TAC,12,12,60,"lower:U[4,6]",5.321138030067915e-9,true,true,0.0299975627304728,LOCALLY_SOLVED,FEASIBLE_POINT,0.003407916
condition2_main,1,20260824,TAC,13,13,60,"lower:U[4,6]",5.463110030555675e-9,true,true,0.02999330565774271,LOCALLY_SOLVED,FEASIBLE_POINT,0.0036295
condition2_main,1,20260824,TAC,14,14,60,"lower:U[4,6]",5.40146969515186e-9,true,true,0.030001253544668646,LOCALLY_SOLVED,FEASIBLE_POINT,0.003377375
condition2_main,1,20260824,TAC,15,15,60,"lower:U[4,6]",4.9291712264881585e-9,true,true,0.029989807698882452,LOCALLY_SOLVED,FEASIBLE_POINT,0.003245792
condition2_main,1,20260824,TAC,16,16,60,"lower:U[4,6]",5.186319360100528e-10,true,true,0.02999085977855554,LOCALLY_SOLVED,FEASIBLE_POINT,0.003435084
condition2_main,1,20260824,TAC,17,17,60,"lower:U[4,6]",-4.945554210056989e-10,true,true,0.029997441844970215,LOCALLY_SOLVED,FEASIBLE_POINT,0.003407375
condition2_main,1,20260824,TAC,18,18,60,"lower:U[4,6]",1.2236046666870038e-9,true,true,0.029997651043657887,LOCALLY_SOLVED,FEASIBLE_POINT,0.00334375
condition2_main,1,20260824,TAC,19,19,60,"lower:U[4,6]",3.1890096949197456e-9,true,true,0.02999879265883949,LOCALLY_SOLVED,FEASIBLE_POINT,0.003461667
condition2_main,1,20260824,TAC,20,20,60,"lower:U[4,6]",4.8181236855430876e-9,true,true,0.029991577433531043,LOCALLY_SOLVED,FEASIBLE_POINT,0.003489292
condition2_main,1,20260824,TAC,21,21,60,"lower:U[4,6]",5.118697676254414e-9,true,true,0.029995133342443952,LOCALLY_SOLVED,FEASIBLE_POINT,0.003428833
condition2_main,1,20260824,TAC,22,22,60,"lower:U[4,6]",5.114451749577478e-9,true,true,0.029998365647101236,LOCALLY_SOLVED,FEASIBLE_POINT,0.003319
condition2_main,1,20260824,TAC,23,23,60,"lower:U[4,6]",4.885445112813928e-9,true,true,0.029996801394938127,LOCALLY_SOLVED,FEASIBLE_POINT,0.003380584
condition2_main,1,20260824,TAC,24,24,60,"lower:U[4,6]",4.314111313490608e-9,true,true,0.02999868255308184,LOCALLY_SOLVED,FEASIBLE_POINT,0.00347
condition2_main,1,20260824,TAC,25,25,60,"lower:U[4,6]",4.195235466493955e-9,true,true,0.029997115831132383,LOCALLY_SOLVED,FEASIBLE_POINT,0.003439375
condition2_main,1,20260824,TAC,26,26,60,"lower:U[4,6]",5.123199251355324e-9,true,true,0.02999540773996982,LOCALLY_SOLVED,FEASIBLE_POINT,0.003352416
condition2_main,1,20260824,TAC,27,27,60,"lower:U[4,6]",3.6902783632995696e-9,true,true,0.029990487344515124,LOCALLY_SOLVED,FEASIBLE_POINT,0.003348
condition2_main,1,20260824,TAC,28,28,60,"lower:U[4,6]",5.105793398360394e-9,true,true,0.02999682489463831,LOCALLY_SOLVED,FEASIBLE_POINT,0.003435208
condition2_main,1,20260824,TAC,29,29,60,"lower:U[4,6]",4.00017004434091e-9,true,true,0.02998709450384792,LOCALLY_SOLVED,FEASIBLE_POINT,0.00334125
condition2_main,1,20260824,TAC,30,30,60,"lower:U[4,6]",5.18867067710289e-9,true,true,0.029993092693878984,LOCALLY_SOLVED,FEASIBLE_POINT,0.003338208
condition2_main,1,20260824,TAC,31,31,60,"lower:U[4,6]",5.2709867015921634e-9,true,true,0.02999911719092053,LOCALLY_SOLVED,FEASIBLE_POINT,0.003560875
condition2_main,1,20260824,TAC,32,32,60,"lower:U[4,6]",5.19735910274266e-9,true,true,0.029996445321825504,LOCALLY_SOLVED,FEASIBLE_POINT,0.003455625
condition2_main,1,20260824,TAC,33,33,52,"lower:U[4,4]",5.257882466802709e-9,true,true,0.029999103478805713,LOCALLY_SOLVED,FEASIBLE_POINT,0.00341375
condition2_main,1,20260824,TAC,34,34,60,"lower:U[4,6]",5.358056034940757e-9,true,true,0.030000167403909237,LOCALLY_SOLVED,FEASIBLE_POINT,0.003384125
condition2_main,1,20260824,TAC,35,35,60,"lower:U[4,6]",5.162880948224684e-9,true,true,0.029992755483206474,LOCALLY_SOLVED,FEASIBLE_POINT,0.00372075
condition2_main,1,20260824,TAC,36,36,60,"lower:U[4,6]",4.646527725084675e-9,true,true,0.02999788714399277,LOCALLY_SOLVED,FEASIBLE_POINT,0.0036055
condition2_main,1,20260824,TAC,37,37,60,"lower:U[4,6]",5.084014099436436e-9,true,true,0.02999943187307276,LOCALLY_SOLVED,FEASIBLE_POINT,0.003702375
condition2_main,1,20260824,TAC,38,38,60,"lower:U[4,6]",4.316405857019386e-9,true,true,0.030000395573384287,LOCALLY_SOLVED,FEASIBLE_POINT,0.003355625
condition2_main,1,20260824,TAC,39,39,60,"lower:U[4,6]",3.171126350095615e-9,true,true,0.03000035859360537,LOCALLY_SOLVED,FEASIBLE_POINT,0.003324125
condition2_main,1,20260824,TAC,40,40,60,"lower:U[4,6]",1.453665261673211e-9,true,true,0.02999901226218247,LOCALLY_SOLVED,FEASIBLE_POINT,0.003267542
condition2_main,1,20260824,TotEmiss,1,1,60,"lower:U[4,6]",3.6989066260613035e-9,true,true,0.029984426521052612,LOCALLY_SOLVED,FEASIBLE_POINT,0.003505584
condition2_main,1,20260824,TotEmiss,2,2,60,"lower:U[4,6]",4.630907398755631e-9,true,true,0.029991727101245258,LOCALLY_SOLVED,FEASIBLE_POINT,0.003508083
condition2_main,1,20260824,TotEmiss,3,3,60,"lower:U[4,6]",4.679808706871838e-9,true,true,0.030002605907389908,LOCALLY_SOLVED,FEASIBLE_POINT,0.00360325
condition2_main,1,20260824,TotEmiss,4,4,60,"lower:U[4,6]",4.353017406367132e-9,true,true,0.02999930846805536,LOCALLY_SOLVED,FEASIBLE_POINT,0.0034465
condition2_main,1,20260824,TotEmiss,5,5,60,"lower:U[4,6]",1.233635823747413e-9,true,true,0.029991850315909667,LOCALLY_SOLVED,FEASIBLE_POINT,0.003374875
condition2_main,1,20260824,TotEmiss,6,6,60,"lower:U[4,6]",4.272182063602437e-9,true,true,0.029999184979201426,LOCALLY_SOLVED,FEASIBLE_POINT,0.003337584
condition2_main,1,20260824,TotEmiss,7,7,60,"lower:U[4,6]",1.6130911621780981e-9,true,true,0.030000437029471416,LOCALLY_SOLVED,FEASIBLE_POINT,0.003607458
condition2_main,1,20260824,TotEmiss,8,8,60,"lower:U[4,6]",1.7457603365196221e-9,true,true,0.029994369001533423,LOCALLY_SOLVED,FEASIBLE_POINT,0.003512458
condition2_main,1,20260824,TotEmiss,9,9,60,"lower:U[4,6]",4.3136419879177e-9,true,true,0.029998726533303894,LOCALLY_SOLVED,FEASIBLE_POINT,0.003368583
condition2_main,1,20260824,TotEmiss,10,10,60,"lower:U[4,6]",4.459642271191585e-9,true,true,0.029996379449280866,LOCALLY_SOLVED,FEASIBLE_POINT,0.003327959
condition2_main,1,20260824,TotEmiss,11,11,60,"lower:U[4,6]",4.617284044207676e-9,true,true,0.030002448187655968,LOCALLY_SOLVED,FEASIBLE_POINT,0.003417167
condition2_main,1,20260824,TotEmiss,12,12,60,"lower:U[4,6]",4.330312583931262e-9,true,true,0.03000005979073617,LOCALLY_SOLVED,FEASIBLE_POINT,0.003358833
condition2_main,1,20260824,TotEmiss,13,13,60,"lower:U[4,6]",3.896507682996428e-9,true,true,0.030001548772017137,LOCALLY_SOLVED,FEASIBLE_POINT,0.003357833
condition2_main,1,20260824,TotEmiss,14,14,60,"lower:U[4,6]",3.773008705203088e-9,true,true,0.029995505407667107,LOCALLY_SOLVED,FEASIBLE_POINT,0.003469792
condition2_main,1,20260824,TotEmiss,15,15,60,"lower:U[4,6]",3.545175919270749e-9,true,true,0.030000322793524267,LOCALLY_SOLVED,FEASIBLE_POINT,0.003630125
condition2_main,1,20260824,TotEmiss,16,16,60,"lower:U[4,6]",4.060243346677146e-9,true,true,0.029996311337389756,LOCALLY_SOLVED,FEASIBLE_POINT,0.003438708
condition2_main,1,20260824,TotEmiss,17,17,60,"lower:U[4,6]",4.220947362011343e-9,true,true,0.030000088077631607,LOCALLY_SOLVED,FEASIBLE_POINT,0.003373083
condition2_main,1,20260824,TotEmiss,18,18,60,"lower:U[4,6]",4.300821526561789e-9,true,true,0.029999297455513763,LOCALLY_SOLVED,FEASIBLE_POINT,0.003547708
condition2_main,1,20260824,TotEmiss,19,19,60,"lower:U[4,6]",4.5177913816230304e-9,true,true,0.029995086436381258,LOCALLY_SOLVED,FEASIBLE_POINT,0.003353375
condition2_main,1,20260824,TotEmiss,20,20,60,"lower:U[4,6]",5.1318001124196214e-9,true,true,0.029998950433747104,LOCALLY_SOLVED,FEASIBLE_POINT,0.003291625
condition2_main,1,20260824,TotEmiss,21,21,52,"lower:U[4,4]",4.681629940413648e-9,true,true,0.030001590633964962,LOCALLY_SOLVED,FEASIBLE_POINT,0.003367709
condition2_main,1,20260824,TotEmiss,22,22,60,"lower:U[4,6]",2.2043313715017316e-9,true,true,0.02999625657385395,LOCALLY_SOLVED,FEASIBLE_POINT,0.003729625
condition2_main,1,20260824,TotEmiss,23,23,60,"lower:U[4,6]",3.332208320431938e-9,true,true,0.0299995658729529,LOCALLY_SOLVED,FEASIBLE_POINT,0.003438166
condition2_main,1,20260824,TotEmiss,24,24,60,"lower:U[4,6]",3.930401410345672e-9,true,true,0.029998629841749083,LOCALLY_SOLVED,FEASIBLE_POINT,0.003345458
condition2_main,1,20260824,TotEmiss,25,25,60,"lower:U[4,6]",2.9855272851248343e-9,true,true,0.0299963054740544,LOCALLY_SOLVED,FEASIBLE_POINT,0.003411375
condition2_main,1,20260824,TotEmiss,26,26,60,"lower:U[4,6]",4.411581201243157e-9,true,true,0.030000610629643838,LOCALLY_SOLVED,FEASIBLE_POINT,0.003522792
condition2_main,1,20260824,TotEmiss,27,27,60,"lower:U[4,6]",3.3519375661149105e-9,true,true,0.029997862252738077,LOCALLY_SOLVED,FEASIBLE_POINT,0.003421167
condition2_main,1,20260824,TotEmiss,28,28,60,"lower:U[4,6]",9.257529218432237e-10,true,true,0.029993967557199082,LOCALLY_SOLVED,FEASIBLE_POINT,0.003504833
condition2_main,1,20260824,TotEmiss,29,29,60,"lower:U[4,6]",4.1324406234751526e-9,true,true,0.02998910601479756,LOCALLY_SOLVED,FEASIBLE_POINT,0.003465042
condition2_main,1,20260824,TotEmiss,30,30,60,"lower:U[4,6]",5.645967863720363e-9,true,true,0.02999893549567871,LOCALLY_SOLVED,FEASIBLE_POINT,0.003281042
condition2_main,1,20260824,TotEmiss,31,31,60,"lower:U[4,6]",5.1583455432586524e-9,true,true,0.029996454813758917,LOCALLY_SOLVED,FEASIBLE_POINT,0.003467833
condition2_main,1,20260824,TotEmiss,32,32,60,"lower:U[4,6]",3.72728158640006e-9,true,true,0.029987039589523482,LOCALLY_SOLVED,FEASIBLE_POINT,0.003619708
condition2_main,1,20260824,TotEmiss,33,33,60,"lower:U[4,6]",8.05546083407242e-10,true,true,0.02999182196456899,LOCALLY_SOLVED,FEASIBLE_POINT,0.00336125
condition2_main,1,20260824,TotEmiss,34,34,60,"lower:U[4,6]",3.839600422510334e-9,true,true,0.02999483683164861,LOCALLY_SOLVED,FEASIBLE_POINT,0.003384583
condition2_main,1,20260824,TotEmiss,35,35,60,"lower:U[4,6]",1.5820177337596578e-9,true,true,0.029994270486621684,LOCALLY_SOLVED,FEASIBLE_POINT,0.003410667
condition2_main,1,20260824,TotEmiss,36,36,60,"lower:U[4,6]",2.0626759628652734e-10,true,true,0.029996122851192308,LOCALLY_SOLVED,FEASIBLE_POINT,0.003469833
condition2_main,1,20260824,TotEmiss,37,37,60,"lower:U[4,6]",2.5112609203626193e-9,true,true,0.0299920074133471,LOCALLY_SOLVED,FEASIBLE_POINT,0.003315917
condition2_main,1,20260824,TotEmiss,38,38,60,"lower:U[4,6]",4.499629939072227e-9,true,true,0.02999788736309267,LOCALLY_SOLVED,FEASIBLE_POINT,0.003466166
condition2_main,1,20260824,TotEmiss,39,39,60,"lower:U[4,6]",4.914883843096342e-9,true,true,0.029990395580387946,LOCALLY_SOLVED,FEASIBLE_POINT,0.003565459
condition2_main,1,20260824,TotEmiss,40,40,60,"lower:U[4,6]",2.6421658517773205e-9,true,true,0.029993252954290336,LOCALLY_SOLVED,FEASIBLE_POINT,0.003449792
condition2_main,1,20260824,ISI,1,1,60,"lower:U[4,6]",4.484149078360557e-9,true,true,0.029977916747986676,LOCALLY_SOLVED,FEASIBLE_POINT,0.003381542
condition2_main,1,20260824,ISI,2,2,52,"lower:U[4,4]",5.626450609192478e-9,true,true,0.029993539952849466,LOCALLY_SOLVED,FEASIBLE_POINT,0.003464875
condition2_main,1,20260824,ISI,3,3,60,"lower:U[4,6]",5.545388130203319e-9,true,true,0.029981122634740606,LOCALLY_SOLVED,FEASIBLE_POINT,0.003404833
condition2_main,1,20260824,ISI,4,4,52,"lower:U[4,4]",5.665955358229351e-9,true,true,0.029998734284212205,LOCALLY_SOLVED,FEASIBLE_POINT,0.003334
condition2_main,1,20260824,ISI,5,5,60,"lower:U[4,6]",5.393650132925544e-9,true,true,0.029999375730084845,LOCALLY_SOLVED,FEASIBLE_POINT,0.003351292
condition2_main,1,20260824,ISI,6,6,60,"lower:U[4,6]",5.028135515390649e-9,true,true,0.029978756205568984,LOCALLY_SOLVED,FEASIBLE_POINT,0.003452292
condition2_main,1,20260824,ISI,7,7,60,"lower:U[4,6]",5.566955409110635e-9,true,true,0.02999120013418241,LOCALLY_SOLVED,FEASIBLE_POINT,0.003345667
condition2_main,1,20260824,ISI,8,8,60,"lower:U[4,6]",5.728859442713424e-9,true,true,0.029980766221255027,LOCALLY_SOLVED,FEASIBLE_POINT,0.003300916
condition2_main,1,20260824,ISI,9,9,60,"lower:U[4,6]",5.64989867812074e-9,true,true,0.02998250249412349,LOCALLY_SOLVED,FEASIBLE_POINT,0.003291834
condition2_main,1,20260824,ISI,10,10,60,"lower:U[4,6]",5.613169748904679e-9,true,true,0.029936357013539583,LOCALLY_SOLVED,FEASIBLE_POINT,0.003562375
condition2_main,1,20260824,ISI,11,11,60,"lower:U[4,6]",5.672186380477008e-9,true,true,0.029995116548187175,LOCALLY_SOLVED,FEASIBLE_POINT,0.003378458
condition2_main,1,20260824,ISI,12,12,60,"lower:U[4,6]",4.6310865508971036e-9,true,true,0.029978402607041894,LOCALLY_SOLVED,FEASIBLE_POINT,0.003336333
condition2_main,1,20260824,ISI,13,13,60,"lower:U[4,6]",5.6300174920772306e-9,true,true,0.02997669694952707,LOCALLY_SOLVED,FEASIBLE_POINT,0.003532
condition2_main,1,20260824,ISI,14,14,60,"lower:U[4,6]",5.619931104321418e-9,true,true,0.029991228000127053,LOCALLY_SOLVED,FEASIBLE_POINT,0.003436792
condition2_main,1,20260824,ISI,15,15,60,"lower:U[4,6]",4.544260482929812e-9,true,true,0.02999763001385744,LOCALLY_SOLVED,FEASIBLE_POINT,0.0034015
condition2_main,1,20260824,ISI,16,16,60,"lower:U[4,6]",4.4266335705420515e-9,true,true,0.029995449935679812,LOCALLY_SOLVED,FEASIBLE_POINT,0.003487167
condition2_main,1,20260824,ISI,17,17,60,"lower:U[4,6]",4.717284054185673e-9,true,true,0.029971506928963214,LOCALLY_SOLVED,FEASIBLE_POINT,0.00334175
condition2_main,1,20260824,ISI,18,18,60,"lower:U[4,6]",5.644512689273048e-9,true,true,0.02999386470113429,LOCALLY_SOLVED,FEASIBLE_POINT,0.003321833
condition2_main,1,20260824,ISI,19,19,60,"lower:U[4,6]",5.321439929955985e-9,true,true,0.029975486506180034,LOCALLY_SOLVED,FEASIBLE_POINT,0.003412916
condition2_main,1,20260824,ISI,20,20,60,"lower:U[4,6]",5.801095532264724e-9,true,true,0.029989565756969688,LOCALLY_SOLVED,FEASIBLE_POINT,0.0035125
condition2_main,1,20260824,ISI,21,21,60,"lower:U[4,6]",5.506907118774228e-9,true,true,0.029968451483672637,LOCALLY_SOLVED,FEASIBLE_POINT,0.003493834
condition2_main,1,20260824,ISI,22,22,60,"lower:U[4,6]",5.7691296852259945e-9,true,true,0.029985456639981686,LOCALLY_SOLVED,FEASIBLE_POINT,0.003467042
condition2_main,1,20260824,ISI,23,23,52,"lower:U[4,4]",5.796736792358183e-9,true,true,0.029994674752217124,LOCALLY_SOLVED,FEASIBLE_POINT,0.00348375
condition2_main,1,20260824,ISI,24,24,52,"lower:U[4,4]",4.716022204591091e-9,true,true,0.029999019867643074,LOCALLY_SOLVED,FEASIBLE_POINT,0.003385458
condition2_main,1,20260824,ISI,25,25,60,"lower:U[4,6]",3.5825454683717765e-9,true,true,0.02999779810671867,LOCALLY_SOLVED,FEASIBLE_POINT,0.00331825
condition2_main,1,20260824,ISI,26,26,60,"lower:U[4,6]",4.223739974934282e-9,true,true,0.029999274883333697,LOCALLY_SOLVED,FEASIBLE_POINT,0.0033755
condition2_main,1,20260824,ISI,27,27,60,"lower:U[4,6]",3.7185260572031967e-9,true,true,0.029986322463063316,LOCALLY_SOLVED,FEASIBLE_POINT,0.003505208
condition2_main,1,20260824,ISI,28,28,60,"lower:U[4,6]",5.289346844751434e-9,true,true,0.029992652965791667,LOCALLY_SOLVED,FEASIBLE_POINT,0.003440166
condition2_main,1,20260824,ISI,29,29,60,"lower:U[4,6]",5.556417925059708e-9,true,true,0.0299973386811555,LOCALLY_SOLVED,FEASIBLE_POINT,0.003299875
condition2_main,1,20260824,ISI,30,30,60,"lower:U[4,6]",5.1971220251551946e-9,true,true,0.029988685833956377,LOCALLY_SOLVED,FEASIBLE_POINT,0.003464584
condition2_main,1,20260824,ISI,31,31,60,"lower:U[4,6]",2.6878714534964827e-9,true,true,0.029997974548703663,LOCALLY_SOLVED,FEASIBLE_POINT,0.003610084
condition2_main,1,20260824,ISI,32,32,60,"lower:U[4,6]",4.1645916149459444e-9,true,true,0.0299847535348195,LOCALLY_SOLVED,FEASIBLE_POINT,0.003456541
condition2_main,1,20260824,ISI,33,33,60,"lower:U[4,6]",5.789878339497131e-9,true,true,0.02999890091104491,LOCALLY_SOLVED,FEASIBLE_POINT,0.003368292
condition2_main,1,20260824,ISI,34,34,60,"lower:U[4,6]",5.541969966638427e-9,true,true,0.02996821143265018,LOCALLY_SOLVED,FEASIBLE_POINT,0.003421375
condition2_main,1,20260824,ISI,35,35,60,"lower:U[4,6]",5.809313695793571e-9,true,true,0.02998699723295908,LOCALLY_SOLVED,FEASIBLE_POINT,0.003586083
condition2_main,1,20260824,ISI,36,36,60,"lower:U[4,6]",2.783527951588427e-9,true,true,0.029964331392321776,LOCALLY_SOLVED,FEASIBLE_POINT,0.003448292
condition2_main,1,20260824,ISI,37,37,60,"lower:U[4,6]",5.7701526782504285e-9,true,true,0.02999266810939405,LOCALLY_SOLVED,FEASIBLE_POINT,0.003467042
condition2_main,1,20260824,ISI,38,38,60,"lower:U[4,6]",4.077404754171765e-9,true,true,0.029983326751026503,LOCALLY_SOLVED,FEASIBLE_POINT,0.003459625
condition2_main,1,20260824,ISI,39,39,60,"lower:U[4,6]",5.655815252705149e-9,true,true,0.029973602758001674,LOCALLY_SOLVED,FEASIBLE_POINT,0.003577917
condition2_main,1,20260824,ISI,40,40,60,"lower:U[4,6]",5.7747097227111575e-9,true,true,0.02999498309794173,LOCALLY_SOLVED,FEASIBLE_POINT,0.003534708
condition2_main,2,20260825,TAC,1,1,52,"lower:U[4,4]",4.684971749522688e-9,true,true,0.02999188802767176,LOCALLY_SOLVED,FEASIBLE_POINT,0.003584625
condition2_main,2,20260825,TAC,2,2,60,"lower:U[4,6]",4.920715448715057e-9,true,true,0.029996427504273906,LOCALLY_SOLVED,FEASIBLE_POINT,0.003405333
condition2_main,2,20260825,TAC,3,3,60,"lower:U[4,6]",2.788480079421685e-9,true,true,0.029998807657787264,LOCALLY_SOLVED,FEASIBLE_POINT,0.003443625
condition2_main,2,20260825,TAC,4,4,60,"lower:U[4,6]",4.783926198894158e-9,true,true,0.029997167945768895,LOCALLY_SOLVED,FEASIBLE_POINT,0.003371083
condition2_main,2,20260825,TAC,5,5,60,"lower:U[4,6]",5.134824139750694e-9,true,true,0.030001103202374486,LOCALLY_SOLVED,FEASIBLE_POINT,0.003546042
condition2_main,2,20260825,TAC,6,6,60,"lower:U[4,6]",4.832378675090249e-9,true,true,0.029999561552073326,LOCALLY_SOLVED,FEASIBLE_POINT,0.003380916
condition2_main,2,20260825,TAC,7,7,60,"lower:U[4,6]",3.102058021077854e-9,true,true,0.030001001208817386,LOCALLY_SOLVED,FEASIBLE_POINT,0.003518791
condition2_main,2,20260825,TAC,8,8,60,"lower:U[4,6]",1.5561349066756805e-9,true,true,0.029995549386504086,LOCALLY_SOLVED,FEASIBLE_POINT,0.003598292
condition2_main,2,20260825,TAC,9,9,60,"lower:U[4,6]",4.8641335891481805e-9,true,true,0.029989490352999873,LOCALLY_SOLVED,FEASIBLE_POINT,0.0033435
condition2_main,2,20260825,TAC,10,10,60,"lower:U[4,6]",1.534475751483058e-9,true,true,0.02999954563722892,LOCALLY_SOLVED,FEASIBLE_POINT,0.003511875
condition2_main,2,20260825,TAC,11,11,60,"lower:U[4,6]",1.8135329973063279e-9,true,true,0.029997553778129824,LOCALLY_SOLVED,FEASIBLE_POINT,0.003484
condition2_main,2,20260825,TAC,12,12,60,"lower:U[4,6]",2.766790715931422e-9,true,true,0.029998313730882256,LOCALLY_SOLVED,FEASIBLE_POINT,0.003338375
condition2_main,2,20260825,TAC,13,13,60,"lower:U[4,6]",2.3215131291559117e-9,true,true,0.029992468885109303,LOCALLY_SOLVED,FEASIBLE_POINT,0.003269333
condition2_main,2,20260825,TAC,14,14,60,"lower:U[4,6]",-2.362814054469775e-10,true,true,0.029976594030664428,LOCALLY_SOLVED,FEASIBLE_POINT,0.003288625
condition2_main,2,20260825,TAC,15,15,60,"lower:U[4,6]",5.22598982483757e-9,true,true,0.029996902534737708,LOCALLY_SOLVED,FEASIBLE_POINT,0.003460458
condition2_main,2,20260825,TAC,16,16,60,"lower:U[4,6]",5.108530060220196e-9,true,true,0.029998222437181844,LOCALLY_SOLVED,FEASIBLE_POINT,0.003349666
condition2_main,2,20260825,TAC,17,17,60,"lower:U[4,6]",4.84892858414461e-9,true,true,0.029999048777121798,LOCALLY_SOLVED,FEASIBLE_POINT,0.003333333
condition2_main,2,20260825,TAC,18,18,60,"lower:U[4,6]",3.6456740217530215e-9,true,true,0.02999439778483888,LOCALLY_SOLVED,FEASIBLE_POINT,0.003388375
condition2_main,2,20260825,TAC,19,19,60,"lower:U[4,6]",5.2733317257063566e-9,true,true,0.03000088011301854,LOCALLY_SOLVED,FEASIBLE_POINT,0.003389666
condition2_main,2,20260825,TAC,20,20,60,"lower:U[4,6]",5.046099878673606e-9,true,true,0.029999952817917067,LOCALLY_SOLVED,FEASIBLE_POINT,0.003269458
condition2_main,2,20260825,TAC,21,21,60,"lower:U[4,6]",5.1078920655180444e-9,true,true,0.029998616360520886,LOCALLY_SOLVED,FEASIBLE_POINT,0.003395666
condition2_main,2,20260825,TAC,22,22,60,"lower:U[4,6]",5.312945708371446e-9,true,true,0.030001242410431995,LOCALLY_SOLVED,FEASIBLE_POINT,0.004003541
condition2_main,2,20260825,TAC,23,23,60,"lower:U[4,6]",4.761881732655387e-9,true,true,0.030000063676132175,LOCALLY_SOLVED,FEASIBLE_POINT,0.003424833
condition2_main,2,20260825,TAC,24,24,60,"lower:U[4,6]",4.76277073280603e-9,true,true,0.029996986115911298,LOCALLY_SOLVED,FEASIBLE_POINT,0.003483625
condition2_main,2,20260825,TAC,25,25,60,"lower:U[4,6]",4.9216042835381295e-9,true,true,0.02999184167097845,LOCALLY_SOLVED,FEASIBLE_POINT,0.003620625
condition2_main,2,20260825,TAC,26,26,60,"lower:U[4,6]",5.5058018629182834e-9,true,true,0.02999970347627184,LOCALLY_SOLVED,FEASIBLE_POINT,0.003559583
condition2_main,2,20260825,TAC,27,27,60,"lower:U[4,6]",5.279171572661894e-9,true,true,0.02999733179509447,LOCALLY_SOLVED,FEASIBLE_POINT,0.003248208
condition2_main,2,20260825,TAC,28,28,52,"lower:U[4,4]",5.200995936676041e-9,true,true,0.02998008820606398,LOCALLY_SOLVED,FEASIBLE_POINT,0.003279625
condition2_main,2,20260825,TAC,29,29,60,"lower:U[4,6]",2.321524450866724e-9,true,true,0.029994406215514986,LOCALLY_SOLVED,FEASIBLE_POINT,0.003570875
condition2_main,2,20260825,TAC,30,30,60,"lower:U[4,6]",5.7076091564885255e-9,true,true,0.029986570076236,LOCALLY_SOLVED,FEASIBLE_POINT,0.003464041
condition2_main,2,20260825,TAC,31,31,60,"lower:U[4,6]",5.3375757023055285e-9,true,true,0.029986458746797208,LOCALLY_SOLVED,FEASIBLE_POINT,0.003374125
condition2_main,2,20260825,TAC,32,32,60,"lower:U[4,6]",2.954382189342255e-9,true,true,0.02998279475536395,LOCALLY_SOLVED,FEASIBLE_POINT,0.003385542
condition2_main,2,20260825,TAC,33,33,60,"lower:U[4,6]",5.534265435992357e-9,true,true,0.02999952380514776,LOCALLY_SOLVED,FEASIBLE_POINT,0.003315125
condition2_main,2,20260825,TAC,34,34,60,"lower:U[4,6]",5.251250456749533e-9,true,true,0.030000208961626574,LOCALLY_SOLVED,FEASIBLE_POINT,0.00349125
condition2_main,2,20260825,TAC,35,35,60,"lower:U[4,6]",5.141197119725943e-9,true,true,0.02999714984043984,LOCALLY_SOLVED,FEASIBLE_POINT,0.003253958
condition2_main,2,20260825,TAC,36,36,60,"lower:U[4,6]",5.161852415567734e-9,true,true,0.029994326513617862,LOCALLY_SOLVED,FEASIBLE_POINT,0.003509375
condition2_main,2,20260825,TAC,37,37,60,"lower:U[4,6]",5.998380167741629e-9,true,true,0.030002219453147034,LOCALLY_SOLVED,FEASIBLE_POINT,0.010869042
condition2_main,2,20260825,TAC,38,38,60,"lower:U[4,6]",5.155436122960516e-9,true,true,0.02999835868290091,LOCALLY_SOLVED,FEASIBLE_POINT,0.003341708
condition2_main,2,20260825,TAC,39,39,52,"lower:U[4,4]",5.237974789442335e-9,true,true,0.030000302650453736,LOCALLY_SOLVED,FEASIBLE_POINT,0.003372291
condition2_main,2,20260825,TAC,40,40,60,"lower:U[4,6]",5.1015657281909e-9,true,true,0.030000246294449726,LOCALLY_SOLVED,FEASIBLE_POINT,0.003351542
condition2_main,2,20260825,TotEmiss,1,1,60,"lower:U[4,6]",3.6989066260613035e-9,true,true,0.02998305730960445,LOCALLY_SOLVED,FEASIBLE_POINT,0.012580333
condition2_main,2,20260825,TotEmiss,2,2,60,"lower:U[4,6]",4.601571503568921e-9,true,true,0.030000471361138082,LOCALLY_SOLVED,FEASIBLE_POINT,0.012429667
condition2_main,2,20260825,TotEmiss,3,3,60,"lower:U[4,6]",4.7600043964805614e-9,true,true,0.029984230253323755,LOCALLY_SOLVED,FEASIBLE_POINT,0.003755791
condition2_main,2,20260825,TotEmiss,4,4,60,"lower:U[4,6]",4.648754337832114e-9,true,true,0.030003719292054577,LOCALLY_SOLVED,FEASIBLE_POINT,0.003449834
condition2_main,2,20260825,TotEmiss,5,5,60,"lower:U[4,6]",3.837276426043047e-9,true,true,0.029999283728908203,LOCALLY_SOLVED,FEASIBLE_POINT,0.003646541
condition2_main,2,20260825,TotEmiss,6,6,60,"lower:U[4,6]",3.741850882578648e-9,true,true,0.029990710089661404,LOCALLY_SOLVED,FEASIBLE_POINT,0.003402458
condition2_main,2,20260825,TotEmiss,7,7,60,"lower:U[4,6]",4.997445917149987e-9,true,true,0.029995466085343883,LOCALLY_SOLVED,FEASIBLE_POINT,0.003536167
condition2_main,2,20260825,TotEmiss,8,8,60,"lower:U[4,6]",5.05401563347896e-9,true,true,0.029999205230934408,LOCALLY_SOLVED,FEASIBLE_POINT,0.003364292
condition2_main,2,20260825,TotEmiss,9,9,60,"lower:U[4,6]",4.500607464656875e-9,true,true,0.029995613565083772,LOCALLY_SOLVED,FEASIBLE_POINT,0.003564875
condition2_main,2,20260825,TotEmiss,10,10,60,"lower:U[4,6]",5.159813606739024e-9,true,true,0.029997840635345534,LOCALLY_SOLVED,FEASIBLE_POINT,0.00346375
condition2_main,2,20260825,TotEmiss,11,11,60,"lower:U[4,6]",4.595960300184477e-9,true,true,0.03000198493303081,LOCALLY_SOLVED,FEASIBLE_POINT,0.003302959
condition2_main,2,20260825,TotEmiss,12,12,60,"lower:U[4,6]",4.447530610575254e-9,true,true,0.03000184811684623,LOCALLY_SOLVED,FEASIBLE_POINT,0.003307167
condition2_main,2,20260825,TotEmiss,13,13,60,"lower:U[4,6]",3.3149516461142803e-9,true,true,0.02999589764077954,LOCALLY_SOLVED,FEASIBLE_POINT,0.003506667
condition2_main,2,20260825,TotEmiss,14,14,60,"lower:U[4,6]",4.516635472964902e-9,true,true,0.029998043520864614,LOCALLY_SOLVED,FEASIBLE_POINT,0.003365083
condition2_main,2,20260825,TotEmiss,15,15,60,"lower:U[4,6]",4.896364001146768e-9,true,true,0.030001977195248365,LOCALLY_SOLVED,FEASIBLE_POINT,0.003340583
condition2_main,2,20260825,TotEmiss,16,16,60,"lower:U[4,6]",3.5134522912832865e-9,true,true,0.030001328486831708,LOCALLY_SOLVED,FEASIBLE_POINT,0.003302958
condition2_main,2,20260825,TotEmiss,17,17,60,"lower:U[4,6]",2.8543193964139387e-9,true,true,0.02999961235915132,LOCALLY_SOLVED,FEASIBLE_POINT,0.003448792
condition2_main,2,20260825,TotEmiss,18,18,60,"lower:U[4,6]",3.116880963418373e-9,true,true,0.029993314338955246,LOCALLY_SOLVED,FEASIBLE_POINT,0.003318041
condition2_main,2,20260825,TotEmiss,19,19,60,"lower:U[4,6]",4.838683647038394e-9,true,true,0.03000135036392634,LOCALLY_SOLVED,FEASIBLE_POINT,0.003320917
condition2_main,2,20260825,TotEmiss,20,20,60,"lower:U[4,6]",3.4322438556622892e-9,true,true,0.029996614144032537,LOCALLY_SOLVED,FEASIBLE_POINT,0.003422542
condition2_main,2,20260825,TotEmiss,21,21,60,"lower:U[4,6]",4.541616256310757e-9,true,true,0.030000317587786512,LOCALLY_SOLVED,FEASIBLE_POINT,0.003424709
condition2_main,2,20260825,TotEmiss,22,22,60,"lower:U[4,6]",4.3333966071612124e-9,true,true,0.02999741393166329,LOCALLY_SOLVED,FEASIBLE_POINT,0.003333458
condition2_main,2,20260825,TotEmiss,23,23,60,"lower:U[4,6]",4.87503715068191e-9,true,true,0.030000985561125765,LOCALLY_SOLVED,FEASIBLE_POINT,0.003332792
condition2_main,2,20260825,TotEmiss,24,24,60,"lower:U[4,6]",4.496447762643356e-9,true,true,0.030000005682318035,LOCALLY_SOLVED,FEASIBLE_POINT,0.003624542
condition2_main,2,20260825,TotEmiss,25,25,60,"lower:U[4,6]",4.2161909095654694e-9,true,true,0.029997993259157328,LOCALLY_SOLVED,FEASIBLE_POINT,0.003655542
condition2_main,2,20260825,TotEmiss,26,26,60,"lower:U[4,6]",5.251086117896747e-9,true,true,0.029999582126148432,LOCALLY_SOLVED,FEASIBLE_POINT,0.003313791
condition2_main,2,20260825,TotEmiss,27,27,60,"lower:U[4,6]",4.5916039548200536e-9,true,true,0.030000358680103742,LOCALLY_SOLVED,FEASIBLE_POINT,0.003412875
condition2_main,2,20260825,TotEmiss,28,28,60,"lower:U[4,6]",3.537988467656262e-9,true,true,0.030001550937045936,LOCALLY_SOLVED,FEASIBLE_POINT,0.003423458
condition2_main,2,20260825,TotEmiss,29,29,60,"lower:U[4,6]",3.145152823833975e-9,true,true,0.029999126927181496,LOCALLY_SOLVED,FEASIBLE_POINT,0.003352542
condition2_main,2,20260825,TotEmiss,30,30,60,"lower:U[4,6]",3.80226276030727e-9,true,true,0.030000803304152966,LOCALLY_SOLVED,FEASIBLE_POINT,0.003491917
condition2_main,2,20260825,TotEmiss,31,31,60,"lower:U[4,6]",2.5897887944695995e-9,true,true,0.029999108006976083,LOCALLY_SOLVED,FEASIBLE_POINT,0.003347
condition2_main,2,20260825,TotEmiss,32,32,60,"lower:U[4,6]",3.1531491448473945e-9,true,true,0.029999914970946805,LOCALLY_SOLVED,FEASIBLE_POINT,0.003242333
condition2_main,2,20260825,TotEmiss,33,33,60,"lower:U[4,6]",3.536650289379835e-9,true,true,0.029999688750188342,LOCALLY_SOLVED,FEASIBLE_POINT,0.00332225
condition2_main,2,20260825,TotEmiss,34,34,60,"lower:U[4,6]",2.63770779159818e-9,true,true,0.029998502819843374,LOCALLY_SOLVED,FEASIBLE_POINT,0.00345825
condition2_main,2,20260825,TotEmiss,35,35,60,"lower:U[4,6]",3.795211666006854e-9,true,true,0.029992873373269346,LOCALLY_SOLVED,FEASIBLE_POINT,0.003354291
condition2_main,2,20260825,TotEmiss,36,36,60,"lower:U[4,6]",4.812014888345028e-9,true,true,0.029994849721861196,LOCALLY_SOLVED,FEASIBLE_POINT,0.003527834
condition2_main,2,20260825,TotEmiss,37,37,60,"lower:U[4,6]",4.506614018132138e-9,true,true,0.029999994018617682,LOCALLY_SOLVED,FEASIBLE_POINT,0.00336625
condition2_main,2,20260825,TotEmiss,38,38,60,"lower:U[4,6]",4.203898529426424e-9,true,true,0.029996233505677632,LOCALLY_SOLVED,FEASIBLE_POINT,0.003396417
condition2_main,2,20260825,TotEmiss,39,39,60,"lower:U[4,6]",4.7150542788213965e-9,true,true,0.030001085586513196,LOCALLY_SOLVED,FEASIBLE_POINT,0.003360708
condition2_main,2,20260825,TotEmiss,40,40,60,"lower:U[4,6]",4.143313123431385e-9,true,true,0.029997577901622774,LOCALLY_SOLVED,FEASIBLE_POINT,0.003287667
condition2_main,2,20260825,ISI,1,1,60,"lower:U[4,6]",4.484149078360557e-9,true,true,0.029986308957141352,LOCALLY_SOLVED,FEASIBLE_POINT,0.00354075
condition2_main,2,20260825,ISI,2,2,52,"lower:U[4,4]",5.702224942733281e-9,true,true,0.0299671350103851,LOCALLY_SOLVED,FEASIBLE_POINT,0.003373167
condition2_main,2,20260825,ISI,3,3,60,"lower:U[4,6]",5.693908342191196e-9,true,true,0.029995140604005648,LOCALLY_SOLVED,FEASIBLE_POINT,0.003298458
condition2_main,2,20260825,ISI,4,4,60,"lower:U[4,6]",5.4525313840757694e-9,true,true,0.02998270613752748,LOCALLY_SOLVED,FEASIBLE_POINT,0.003320958
condition2_main,2,20260825,ISI,5,5,60,"lower:U[4,6]",5.62457719700331e-9,true,true,0.02999657683395559,LOCALLY_SOLVED,FEASIBLE_POINT,0.003486584
condition2_main,2,20260825,ISI,6,6,52,"lower:U[4,4]",4.656241469834679e-9,true,true,0.0299804128739747,LOCALLY_SOLVED,FEASIBLE_POINT,0.003378125
condition2_main,2,20260825,ISI,7,7,60,"lower:U[4,6]",5.583029931142884e-9,true,true,0.029942974186305676,LOCALLY_SOLVED,FEASIBLE_POINT,0.003462583
condition2_main,2,20260825,ISI,8,8,60,"lower:U[4,6]",5.944048320571122e-9,true,true,0.02999242855624285,LOCALLY_SOLVED,FEASIBLE_POINT,0.003328833
condition2_main,2,20260825,ISI,9,9,52,"lower:U[4,4]",5.636561540711436e-9,true,true,0.02999271772003072,LOCALLY_SOLVED,FEASIBLE_POINT,0.003417375
condition2_main,2,20260825,ISI,10,10,60,"lower:U[4,6]",5.353360650827361e-9,true,true,0.029972892284813615,LOCALLY_SOLVED,FEASIBLE_POINT,0.003329833
condition2_main,2,20260825,ISI,11,11,60,"lower:U[4,6]",5.629520315961978e-9,true,true,0.02999087331809294,LOCALLY_SOLVED,FEASIBLE_POINT,0.003301458
condition2_main,2,20260825,ISI,12,12,60,"lower:U[4,6]",5.590709937905221e-9,true,true,0.029982200877846525,LOCALLY_SOLVED,FEASIBLE_POINT,0.003481333
condition2_main,2,20260825,ISI,13,13,60,"lower:U[4,6]",5.734458116240174e-9,true,true,0.0299994284851619,LOCALLY_SOLVED,FEASIBLE_POINT,0.003315959
condition2_main,2,20260825,ISI,14,14,60,"lower:U[4,6]",4.299829660587216e-9,true,true,0.029987137923090195,LOCALLY_SOLVED,FEASIBLE_POINT,0.00329875
condition2_main,2,20260825,ISI,15,15,60,"lower:U[4,6]",5.427513412453336e-9,true,true,0.02998981051380932,LOCALLY_SOLVED,FEASIBLE_POINT,0.003291458
condition2_main,2,20260825,ISI,16,16,60,"lower:U[4,6]",5.4716482042392515e-9,true,true,0.029994150171783644,LOCALLY_SOLVED,FEASIBLE_POINT,0.003375708
condition2_main,2,20260825,ISI,17,17,60,"lower:U[4,6]",4.152884639320515e-9,true,true,0.029986828195527584,LOCALLY_SOLVED,FEASIBLE_POINT,0.003497041
condition2_main,2,20260825,ISI,18,18,60,"lower:U[4,6]",5.33145146731306e-9,true,true,0.029985044554600663,LOCALLY_SOLVED,FEASIBLE_POINT,0.00345075
condition2_main,2,20260825,ISI,19,19,60,"lower:U[4,6]",1.4152145849499053e-9,true,true,0.02999917984998611,LOCALLY_SOLVED,FEASIBLE_POINT,0.003450291
condition2_main,2,20260825,ISI,20,20,60,"lower:U[4,6]",8.538967200670763e-10,true,true,0.029997625674165133,LOCALLY_SOLVED,FEASIBLE_POINT,0.0033285
condition2_main,2,20260825,ISI,21,21,60,"lower:U[4,6]",-1.0316559184628608e-9,true,true,0.02999813329060146,LOCALLY_SOLVED,FEASIBLE_POINT,0.003329083
condition2_main,2,20260825,ISI,22,22,60,"lower:U[4,6]",1.9837804000842964e-10,true,true,0.0299936292002605,LOCALLY_SOLVED,FEASIBLE_POINT,0.003418542
condition2_main,2,20260825,ISI,23,23,60,"lower:U[4,6]",3.0547599240747785e-9,true,true,0.029992050489074044,LOCALLY_SOLVED,FEASIBLE_POINT,0.003615417
condition2_main,2,20260825,ISI,24,24,60,"lower:U[4,6]",4.603993969592054e-9,true,true,0.029990294499932152,LOCALLY_SOLVED,FEASIBLE_POINT,0.003341292
condition2_main,2,20260825,ISI,25,25,60,"lower:U[4,6]",5.2273710890453215e-9,true,true,0.02999357704227849,LOCALLY_SOLVED,FEASIBLE_POINT,0.003368708
condition2_main,2,20260825,ISI,26,26,60,"lower:U[4,6]",5.2543672962951365e-9,true,true,0.029990550711509988,LOCALLY_SOLVED,FEASIBLE_POINT,0.003495791
condition2_main,2,20260825,ISI,27,27,60,"lower:U[4,6]",5.423100343758113e-9,true,true,0.029997691135707813,LOCALLY_SOLVED,FEASIBLE_POINT,0.003356125
condition2_main,2,20260825,ISI,28,28,60,"lower:U[4,6]",4.828561513784852e-9,true,true,0.02997606648786184,LOCALLY_SOLVED,FEASIBLE_POINT,0.003303208
condition2_main,2,20260825,ISI,29,29,60,"lower:U[4,6]",-7.732283223163185e-10,true,true,0.02994930075071941,LOCALLY_SOLVED,FEASIBLE_POINT,0.00337725
condition2_main,2,20260825,ISI,30,30,60,"lower:U[4,6]",4.9321954838151825e-9,true,true,0.02999407612675153,LOCALLY_SOLVED,FEASIBLE_POINT,0.003499625
condition2_main,2,20260825,ISI,31,31,60,"lower:U[4,6]",4.9623265666642176e-9,true,true,0.02998176579795961,LOCALLY_SOLVED,FEASIBLE_POINT,0.003323375
condition2_main,2,20260825,ISI,32,32,60,"lower:U[4,6]",4.6065370792943814e-10,true,true,0.029994715466302477,LOCALLY_SOLVED,FEASIBLE_POINT,0.003397708
condition2_main,2,20260825,ISI,33,33,60,"lower:U[4,6]",3.1059393554054544e-9,true,true,0.029941942851794735,LOCALLY_SOLVED,FEASIBLE_POINT,0.003327041
condition2_main,2,20260825,ISI,34,34,60,"lower:U[4,6]",5.656512579719422e-9,true,true,0.029980245144678005,LOCALLY_SOLVED,FEASIBLE_POINT,0.003818709
condition2_main,2,20260825,ISI,35,35,60,"lower:U[4,6]",5.8158445899981116e-9,true,true,0.029988517300305054,LOCALLY_SOLVED,FEASIBLE_POINT,0.003453167
condition2_main,2,20260825,ISI,36,36,60,"lower:U[4,6]",3.6443032637357494e-9,true,true,0.029999386374762693,LOCALLY_SOLVED,FEASIBLE_POINT,0.003393291
condition2_main,2,20260825,ISI,37,37,60,"lower:U[4,6]",2.384247685692794e-9,true,true,0.02999724223068987,LOCALLY_SOLVED,FEASIBLE_POINT,0.003327333
condition2_main,2,20260825,ISI,38,38,60,"lower:U[4,6]",3.020569872826879e-9,true,true,0.02999754692621852,LOCALLY_SOLVED,FEASIBLE_POINT,0.003579167
condition2_main,2,20260825,ISI,39,39,60,"lower:U[4,6]",2.7282350037795604e-9,true,true,0.029994485834060263,LOCALLY_SOLVED,FEASIBLE_POINT,0.003468125
condition2_main,2,20260825,ISI,40,40,60,"lower:U[4,6]",4.96698635061447e-9,true,true,0.029998444782295675,LOCALLY_SOLVED,FEASIBLE_POINT,0.003472958
condition2_main,3,20260826,TAC,1,1,52,"lower:U[4,4]",4.684971749522688e-9,true,true,0.02999364744679823,LOCALLY_SOLVED,FEASIBLE_POINT,0.003414333
condition2_main,3,20260826,TAC,2,2,60,"lower:U[4,6]",4.962526426444255e-9,true,true,0.029997707635461397,LOCALLY_SOLVED,FEASIBLE_POINT,0.003405708
condition2_main,3,20260826,TAC,3,3,60,"lower:U[4,6]",5.516057114347657e-9,true,true,0.030002717150305096,LOCALLY_SOLVED,FEASIBLE_POINT,0.003244458
condition2_main,3,20260826,TAC,4,4,60,"lower:U[4,6]",3.418112395911907e-9,true,true,0.029996469116639612,LOCALLY_SOLVED,FEASIBLE_POINT,0.003530667
condition2_main,3,20260826,TAC,5,5,60,"lower:U[4,6]",4.052615610730325e-9,true,true,0.029997027829221562,LOCALLY_SOLVED,FEASIBLE_POINT,0.003483417
condition2_main,3,20260826,TAC,6,6,60,"lower:U[4,6]",5.263024729814338e-9,true,true,0.02999600436035433,LOCALLY_SOLVED,FEASIBLE_POINT,0.003311292
condition2_main,3,20260826,TAC,7,7,60,"lower:U[4,6]",5.314351564565711e-9,true,true,0.029996177612257924,LOCALLY_SOLVED,FEASIBLE_POINT,0.00333875
condition2_main,3,20260826,TAC,8,8,60,"lower:U[4,6]",5.369317483686418e-9,true,true,0.029997455306862108,LOCALLY_SOLVED,FEASIBLE_POINT,0.003430666
condition2_main,3,20260826,TAC,9,9,60,"lower:U[4,6]",3.6371577732257137e-9,true,true,0.03000072247397685,LOCALLY_SOLVED,FEASIBLE_POINT,0.003486417
condition2_main,3,20260826,TAC,10,10,60,"lower:U[4,6]",2.936472661900324e-9,true,true,0.02999713387197113,LOCALLY_SOLVED,FEASIBLE_POINT,0.003500417
condition2_main,3,20260826,TAC,11,11,60,"lower:U[4,6]",4.5037347781899554e-9,true,true,0.029996424655945136,LOCALLY_SOLVED,FEASIBLE_POINT,0.003362917
condition2_main,3,20260826,TAC,12,12,60,"lower:U[4,6]",5.114449577230629e-9,true,true,0.029999283951902444,LOCALLY_SOLVED,FEASIBLE_POINT,0.003276667
condition2_main,3,20260826,TAC,13,13,60,"lower:U[4,6]",5.116328496155446e-9,true,true,0.02999768424171239,LOCALLY_SOLVED,FEASIBLE_POINT,0.003459083
condition2_main,3,20260826,TAC,14,14,60,"lower:U[4,6]",5.4959424229577385e-9,true,true,0.029999647165174153,LOCALLY_SOLVED,FEASIBLE_POINT,0.003620584
condition2_main,3,20260826,TAC,15,15,60,"lower:U[4,6]",5.303340530558636e-9,true,true,0.030000565521583894,LOCALLY_SOLVED,FEASIBLE_POINT,0.003283541
condition2_main,3,20260826,TAC,16,16,60,"lower:U[4,6]",5.169488813773736e-9,true,true,0.029980952787876443,LOCALLY_SOLVED,FEASIBLE_POINT,0.003431959
condition2_main,3,20260826,TAC,17,17,60,"lower:U[4,6]",1.1037067271363899e-9,true,true,0.029991773785815665,LOCALLY_SOLVED,FEASIBLE_POINT,0.003470125
condition2_main,3,20260826,TAC,18,18,60,"lower:U[4,6]",1.3365523569256324e-9,true,true,0.029998935580234604,LOCALLY_SOLVED,FEASIBLE_POINT,0.003620333
condition2_main,3,20260826,TAC,19,19,60,"lower:U[4,6]",1.6247381791217934e-9,true,true,0.029994469362450826,LOCALLY_SOLVED,FEASIBLE_POINT,0.003368709
condition2_main,3,20260826,TAC,20,20,60,"lower:U[4,6]",3.731473787521923e-9,true,true,0.029992944167789682,LOCALLY_SOLVED,FEASIBLE_POINT,0.00331525
condition2_main,3,20260826,TAC,21,21,60,"lower:U[4,6]",5.354110988849511e-9,true,true,0.0299988546298434,LOCALLY_SOLVED,FEASIBLE_POINT,0.003273125
condition2_main,3,20260826,TAC,22,22,60,"lower:U[4,6]",3.024835051699211e-9,true,true,0.029993728186828803,LOCALLY_SOLVED,FEASIBLE_POINT,0.003471708
condition2_main,3,20260826,TAC,23,23,60,"lower:U[4,6]",1.3635799174794459e-9,true,true,0.029972303376470333,LOCALLY_SOLVED,FEASIBLE_POINT,0.00332
condition2_main,3,20260826,TAC,24,24,60,"lower:U[4,6]",5.242018816103281e-9,true,true,0.029993704721853996,LOCALLY_SOLVED,FEASIBLE_POINT,0.003423167
condition2_main,3,20260826,TAC,25,25,60,"lower:U[4,6]",4.007988891728415e-9,true,true,0.029999059812500433,LOCALLY_SOLVED,FEASIBLE_POINT,0.003542459
condition2_main,3,20260826,TAC,26,26,60,"lower:U[4,6]",3.993134079613136e-9,true,true,0.029998165137133815,LOCALLY_SOLVED,FEASIBLE_POINT,0.003459166
condition2_main,3,20260826,TAC,27,27,60,"lower:U[4,6]",4.7071858427022976e-9,true,true,0.029992334171206544,LOCALLY_SOLVED,FEASIBLE_POINT,0.003331
condition2_main,3,20260826,TAC,28,28,60,"lower:U[4,6]",5.20306053016479e-9,true,true,0.029996514751406127,LOCALLY_SOLVED,FEASIBLE_POINT,0.003353292
condition2_main,3,20260826,TAC,29,29,60,"lower:U[4,6]",5.210547267874893e-9,true,true,0.029995736802074246,LOCALLY_SOLVED,FEASIBLE_POINT,0.003618125
condition2_main,3,20260826,TAC,30,30,60,"lower:U[4,6]",5.181712038055538e-9,true,true,0.02999939703995267,LOCALLY_SOLVED,FEASIBLE_POINT,0.003522166
condition2_main,3,20260826,TAC,31,31,60,"lower:U[4,6]",4.809507567627939e-9,true,true,0.02999951400318688,LOCALLY_SOLVED,FEASIBLE_POINT,0.003426375
condition2_main,3,20260826,TAC,32,32,60,"lower:U[4,6]",5.388530506074006e-9,true,true,0.029992700253698715,LOCALLY_SOLVED,FEASIBLE_POINT,0.003359208
condition2_main,3,20260826,TAC,33,33,60,"lower:U[4,6]",5.162570617018481e-9,true,true,0.02999841177468196,LOCALLY_SOLVED,FEASIBLE_POINT,0.0034865
condition2_main,3,20260826,TAC,34,34,60,"lower:U[4,6]",5.4221119552877345e-9,true,true,0.03000076594686353,LOCALLY_SOLVED,FEASIBLE_POINT,0.003351125
condition2_main,3,20260826,TAC,35,35,60,"lower:U[4,6]",4.963558599911512e-9,true,true,0.02999966116042353,LOCALLY_SOLVED,FEASIBLE_POINT,0.003275834
condition2_main,3,20260826,TAC,36,36,60,"lower:U[4,6]",5.034728662359066e-9,true,true,0.029995207971121277,LOCALLY_SOLVED,FEASIBLE_POINT,0.003514291
condition2_main,3,20260826,TAC,37,37,60,"lower:U[4,6]",4.708718425779899e-9,true,true,0.030000583609019627,LOCALLY_SOLVED,FEASIBLE_POINT,0.003510917
condition2_main,3,20260826,TAC,38,38,60,"lower:U[4,6]",4.477849455642038e-9,true,true,0.029998461892463264,LOCALLY_SOLVED,FEASIBLE_POINT,0.00352625
condition2_main,3,20260826,TAC,39,39,60,"lower:U[4,6]",5.653948890685554e-9,true,true,0.02999742643471154,LOCALLY_SOLVED,FEASIBLE_POINT,0.003386042
condition2_main,3,20260826,TAC,40,40,60,"lower:U[4,6]",4.210924633314259e-9,true,true,0.02999399209221636,LOCALLY_SOLVED,FEASIBLE_POINT,0.003471834
condition2_main,3,20260826,TotEmiss,1,1,60,"lower:U[4,6]",3.6989066260613035e-9,true,true,0.029982267287809707,LOCALLY_SOLVED,FEASIBLE_POINT,0.003270334
condition2_main,3,20260826,TotEmiss,2,2,52,"lower:U[4,4]",4.139723572674339e-9,true,true,0.029998070915210298,LOCALLY_SOLVED,FEASIBLE_POINT,0.003481708
condition2_main,3,20260826,TotEmiss,3,3,60,"lower:U[4,6]",4.299370294343942e-9,true,true,0.029998962014197647,LOCALLY_SOLVED,FEASIBLE_POINT,0.003390208
condition2_main,3,20260826,TotEmiss,4,4,60,"lower:U[4,6]",1.0369221087850072e-9,true,true,0.029982975386034734,LOCALLY_SOLVED,FEASIBLE_POINT,0.003274709
condition2_main,3,20260826,TotEmiss,5,5,60,"lower:U[4,6]",4.618833726016056e-9,true,true,0.02999691970844067,LOCALLY_SOLVED,FEASIBLE_POINT,0.003340125
condition2_main,3,20260826,TotEmiss,6,6,60,"lower:U[4,6]",5.149237415032688e-9,true,true,0.03000043505416138,LOCALLY_SOLVED,FEASIBLE_POINT,0.003482334
condition2_main,3,20260826,TotEmiss,7,7,52,"lower:U[4,4]",4.5415518239209545e-9,true,true,0.029998051528741278,LOCALLY_SOLVED,FEASIBLE_POINT,0.003424167
condition2_main,3,20260826,TotEmiss,8,8,60,"lower:U[4,6]",4.0421002221192236e-9,true,true,0.02999886003106045,LOCALLY_SOLVED,FEASIBLE_POINT,0.003283041
condition2_main,3,20260826,TotEmiss,9,9,60,"lower:U[4,6]",4.420039673561655e-9,true,true,0.029998891809513418,LOCALLY_SOLVED,FEASIBLE_POINT,0.003270083
condition2_main,3,20260826,TotEmiss,10,10,60,"lower:U[4,6]",4.723134854606054e-9,true,true,0.02999754635455243,LOCALLY_SOLVED,FEASIBLE_POINT,0.003926167
condition2_main,3,20260826,TotEmiss,11,11,60,"lower:U[4,6]",3.416877625505961e-9,true,true,0.030000294962117882,LOCALLY_SOLVED,FEASIBLE_POINT,0.003415917
condition2_main,3,20260826,TotEmiss,12,12,60,"lower:U[4,6]",4.222125242814634e-9,true,true,0.029997211875868086,LOCALLY_SOLVED,FEASIBLE_POINT,0.003332916
condition2_main,3,20260826,TotEmiss,13,13,60,"lower:U[4,6]",1.1493593930948994e-9,true,true,0.02999726195769684,LOCALLY_SOLVED,FEASIBLE_POINT,0.003434167
condition2_main,3,20260826,TotEmiss,14,14,60,"lower:U[4,6]",3.5224477067665616e-9,true,true,0.029997433639963215,LOCALLY_SOLVED,FEASIBLE_POINT,0.003476292
condition2_main,3,20260826,TotEmiss,15,15,60,"lower:U[4,6]",4.03781189636754e-9,true,true,0.029993217299732724,LOCALLY_SOLVED,FEASIBLE_POINT,0.003290083
condition2_main,3,20260826,TotEmiss,16,16,60,"lower:U[4,6]",4.776123796529979e-9,true,true,0.030003018916375385,LOCALLY_SOLVED,FEASIBLE_POINT,0.00330425
condition2_main,3,20260826,TotEmiss,17,17,60,"lower:U[4,6]",3.5451823517593605e-9,true,true,0.029997696329003693,LOCALLY_SOLVED,FEASIBLE_POINT,0.003461459
condition2_main,3,20260826,TotEmiss,18,18,60,"lower:U[4,6]",4.389738262833317e-9,true,true,0.02999598064249744,LOCALLY_SOLVED,FEASIBLE_POINT,0.003596958
condition2_main,3,20260826,TotEmiss,19,19,60,"lower:U[4,6]",4.485179529431403e-9,true,true,0.029985464428108465,LOCALLY_SOLVED,FEASIBLE_POINT,0.003308458
condition2_main,3,20260826,TotEmiss,20,20,60,"lower:U[4,6]",4.803087985927595e-9,true,true,0.029998646108506118,LOCALLY_SOLVED,FEASIBLE_POINT,0.003355042
condition2_main,3,20260826,TotEmiss,21,21,60,"lower:U[4,6]",2.7321231026199635e-9,true,true,0.029992620181206728,LOCALLY_SOLVED,FEASIBLE_POINT,0.003420917
condition2_main,3,20260826,TotEmiss,22,22,60,"lower:U[4,6]",4.585268783999361e-9,true,true,0.029996797079627272,LOCALLY_SOLVED,FEASIBLE_POINT,0.003522166
condition2_main,3,20260826,TotEmiss,23,23,60,"lower:U[4,6]",5.100997460461349e-9,true,true,0.02999419492400886,LOCALLY_SOLVED,FEASIBLE_POINT,0.003260709
condition2_main,3,20260826,TotEmiss,24,24,60,"lower:U[4,6]",5.429071458399042e-9,true,true,0.029981947689512296,LOCALLY_SOLVED,FEASIBLE_POINT,0.003329291
condition2_main,3,20260826,TotEmiss,25,25,60,"lower:U[4,6]",8.534474581176856e-10,true,true,0.029997647817199255,LOCALLY_SOLVED,FEASIBLE_POINT,0.003470959
condition2_main,3,20260826,TotEmiss,26,26,60,"lower:U[4,6]",2.7370508512700862e-9,true,true,0.02999851703128628,LOCALLY_SOLVED,FEASIBLE_POINT,0.003387334
condition2_main,3,20260826,TotEmiss,27,27,60,"lower:U[4,6]",3.300686379375419e-9,true,true,0.029997491369504584,LOCALLY_SOLVED,FEASIBLE_POINT,0.003298417
condition2_main,3,20260826,TotEmiss,28,28,60,"lower:U[4,6]",4.029393921481698e-9,true,true,0.029979171446819025,LOCALLY_SOLVED,FEASIBLE_POINT,0.003430542
condition2_main,3,20260826,TotEmiss,29,29,60,"lower:U[4,6]",2.6238248866890324e-9,true,true,0.029944725976514857,LOCALLY_SOLVED,FEASIBLE_POINT,0.00340025
condition2_main,3,20260826,TotEmiss,30,30,60,"lower:U[4,6]",4.82537962616764e-9,true,true,0.02998626347636874,LOCALLY_SOLVED,FEASIBLE_POINT,0.003425292
condition2_main,3,20260826,TotEmiss,31,31,60,"lower:U[4,6]",2.2844755285982706e-9,true,true,0.02999420833190612,LOCALLY_SOLVED,FEASIBLE_POINT,0.004035125
condition2_main,3,20260826,TotEmiss,32,32,60,"lower:U[4,6]",4.953922721272748e-9,true,true,0.029994561485772675,LOCALLY_SOLVED,FEASIBLE_POINT,0.00351325
condition2_main,3,20260826,TotEmiss,33,33,60,"lower:U[4,6]",4.9964563732871216e-9,true,true,0.02999833780102223,LOCALLY_SOLVED,FEASIBLE_POINT,0.003417042
condition2_main,3,20260826,TotEmiss,34,34,52,"lower:U[4,4]",4.913571487690951e-9,true,true,0.030000478830439943,LOCALLY_SOLVED,FEASIBLE_POINT,0.00327425
condition2_main,3,20260826,TotEmiss,35,35,60,"lower:U[4,6]",5.375985464170604e-9,true,true,0.03000092308668601,LOCALLY_SOLVED,FEASIBLE_POINT,0.003433125
condition2_main,3,20260826,TotEmiss,36,36,60,"lower:U[4,6]",4.298317785467786e-9,true,true,0.02998944236176504,LOCALLY_SOLVED,FEASIBLE_POINT,0.003299875
condition2_main,3,20260826,TotEmiss,37,37,60,"lower:U[4,6]",1.6443786505875165e-9,true,true,0.029980261104587867,LOCALLY_SOLVED,FEASIBLE_POINT,0.003411
condition2_main,3,20260826,TotEmiss,38,38,60,"lower:U[4,6]",9.744731279636442e-10,true,true,0.02994231670114477,LOCALLY_SOLVED,FEASIBLE_POINT,0.003266917
condition2_main,3,20260826,TotEmiss,39,39,60,"lower:U[4,6]",4.620622744207549e-9,true,true,0.029996342437146533,LOCALLY_SOLVED,FEASIBLE_POINT,0.003526416
condition2_main,3,20260826,TotEmiss,40,40,60,"lower:U[4,6]",4.886757130819759e-9,true,true,0.02999550191304207,LOCALLY_SOLVED,FEASIBLE_POINT,0.00342625
condition2_main,3,20260826,ISI,1,1,60,"lower:U[4,6]",4.484149078360557e-9,true,true,0.029988596805349783,LOCALLY_SOLVED,FEASIBLE_POINT,0.003504
condition2_main,3,20260826,ISI,2,2,56,"lower:U[4,5]",5.038569776877598e-9,true,true,0.029995881754938326,LOCALLY_SOLVED,FEASIBLE_POINT,0.003298125
condition2_main,3,20260826,ISI,3,3,60,"lower:U[4,6]",3.983249782878681e-9,true,true,0.029990607839172127,LOCALLY_SOLVED,FEASIBLE_POINT,0.003341166
condition2_main,3,20260826,ISI,4,4,60,"lower:U[4,6]",5.453922231010779e-9,true,true,0.02998640698344124,LOCALLY_SOLVED,FEASIBLE_POINT,0.003384333
condition2_main,3,20260826,ISI,5,5,60,"lower:U[4,6]",5.6044979089759916e-9,true,true,0.029977537907831583,LOCALLY_SOLVED,FEASIBLE_POINT,0.003565
condition2_main,3,20260826,ISI,6,6,60,"lower:U[4,6]",5.617216329817861e-9,true,true,0.02998909880944015,LOCALLY_SOLVED,FEASIBLE_POINT,0.003421834
condition2_main,3,20260826,ISI,7,7,60,"lower:U[4,6]",5.563858362307895e-9,true,true,0.02999212913616508,LOCALLY_SOLVED,FEASIBLE_POINT,0.003350125
condition2_main,3,20260826,ISI,8,8,60,"lower:U[4,6]",5.721937124760925e-9,true,true,0.029980468453366826,LOCALLY_SOLVED,FEASIBLE_POINT,0.003384958
condition2_main,3,20260826,ISI,9,9,60,"lower:U[4,6]",5.560572250753399e-9,true,true,0.02998561825207311,LOCALLY_SOLVED,FEASIBLE_POINT,0.003717709
condition2_main,3,20260826,ISI,10,10,60,"lower:U[4,6]",5.615992349618659e-9,true,true,0.029998025535841816,LOCALLY_SOLVED,FEASIBLE_POINT,0.00345075
condition2_main,3,20260826,ISI,11,11,60,"lower:U[4,6]",5.271383052456171e-9,true,true,0.029996989863507177,LOCALLY_SOLVED,FEASIBLE_POINT,0.003327958
condition2_main,3,20260826,ISI,12,12,60,"lower:U[4,6]",5.03738406331104e-9,true,true,0.029992156203510343,LOCALLY_SOLVED,FEASIBLE_POINT,0.003294083
condition2_main,3,20260826,ISI,13,13,60,"lower:U[4,6]",5.212460655289947e-9,true,true,0.029994655892680442,LOCALLY_SOLVED,FEASIBLE_POINT,0.003502375
condition2_main,3,20260826,ISI,14,14,60,"lower:U[4,6]",5.0462232850860165e-9,true,true,0.029989677976716318,LOCALLY_SOLVED,FEASIBLE_POINT,0.003355791
condition2_main,3,20260826,ISI,15,15,60,"lower:U[4,6]",2.439167388534984e-9,true,true,0.029992485215867438,LOCALLY_SOLVED,FEASIBLE_POINT,0.003323417
condition2_main,3,20260826,ISI,16,16,48,"lower:U[4,3]",-2.0886763154329477e-10,true,true,0.029963763287641745,LOCALLY_SOLVED,FEASIBLE_POINT,0.003455542
condition2_main,3,20260826,ISI,17,17,60,"lower:U[4,6]",-5.216931164695342e-9,true,true,0.02999200172200074,LOCALLY_SOLVED,FEASIBLE_POINT,0.003587917
condition2_main,3,20260826,ISI,18,18,48,"lower:U[4,3]",-6.917380961434265e-11,true,true,0.02999969449121303,LOCALLY_SOLVED,FEASIBLE_POINT,0.003342542
condition2_main,3,20260826,ISI,19,19,60,"lower:U[4,6]",-3.0574709604469996e-9,true,true,0.02999320976815353,LOCALLY_SOLVED,FEASIBLE_POINT,0.0033145
condition2_main,3,20260826,ISI,20,20,60,"lower:U[4,6]",-2.2905770430461547e-10,true,true,0.02998699026586652,LOCALLY_SOLVED,FEASIBLE_POINT,0.003510708
condition2_main,3,20260826,ISI,21,21,60,"lower:U[4,6]",2.634335066706854e-9,true,true,0.0299980947804157,LOCALLY_SOLVED,FEASIBLE_POINT,0.003427875
condition2_main,3,20260826,ISI,22,22,60,"lower:U[4,6]",2.039269135852725e-9,true,true,0.029995556906561513,LOCALLY_SOLVED,FEASIBLE_POINT,0.003321209
condition2_main,3,20260826,ISI,23,23,60,"lower:U[4,6]",2.9090443469857678e-9,true,true,0.02999551720421912,LOCALLY_SOLVED,FEASIBLE_POINT,0.003482625
condition2_main,3,20260826,ISI,24,24,60,"lower:U[4,6]",3.96757597814407e-9,true,true,0.0300003651269083,LOCALLY_SOLVED,FEASIBLE_POINT,0.003242875
condition2_main,3,20260826,ISI,25,25,60,"lower:U[4,6]",1.1795458748541458e-9,true,true,0.029994831384579902,LOCALLY_SOLVED,FEASIBLE_POINT,0.003330083
condition2_main,3,20260826,ISI,26,26,60,"lower:U[4,6]",3.754309041510565e-9,true,true,0.029925769128342373,LOCALLY_SOLVED,FEASIBLE_POINT,0.00332675
condition2_main,3,20260826,ISI,27,27,60,"lower:U[4,6]",5.655743898243296e-9,true,true,0.029975321724684662,LOCALLY_SOLVED,FEASIBLE_POINT,0.003461125
condition2_main,3,20260826,ISI,28,28,60,"lower:U[4,6]",3.809533703718513e-9,true,true,0.02996655627634273,LOCALLY_SOLVED,FEASIBLE_POINT,0.003340542
condition2_main,3,20260826,ISI,29,29,60,"lower:U[4,6]",5.555345772888875e-9,true,true,0.029989260286737644,LOCALLY_SOLVED,FEASIBLE_POINT,0.003332792
condition2_main,3,20260826,ISI,30,30,60,"lower:U[4,6]",5.599155962171839e-9,true,true,0.029966765254550533,LOCALLY_SOLVED,FEASIBLE_POINT,0.003675584
condition2_main,3,20260826,ISI,31,31,60,"lower:U[4,6]",5.800400477672657e-9,true,true,0.029960361687025417,LOCALLY_SOLVED,FEASIBLE_POINT,0.003473709
condition2_main,3,20260826,ISI,32,32,60,"lower:U[4,6]",5.853609587255978e-9,true,true,0.029989509392135766,LOCALLY_SOLVED,FEASIBLE_POINT,0.003403375
condition2_main,3,20260826,ISI,33,33,60,"lower:U[4,6]",5.765655082172754e-9,true,true,0.02999592701772973,LOCALLY_SOLVED,FEASIBLE_POINT,0.003503875
condition2_main,3,20260826,ISI,34,34,60,"lower:U[4,6]",5.709275337385175e-9,true,true,0.029992506655035667,LOCALLY_SOLVED,FEASIBLE_POINT,0.003508666
condition2_main,3,20260826,ISI,35,35,60,"lower:U[4,6]",2.9104374367751726e-9,true,true,0.029993375558579196,LOCALLY_SOLVED,FEASIBLE_POINT,0.00339275
condition2_main,3,20260826,ISI,36,36,60,"lower:U[4,6]",8.124490194717937e-11,true,true,0.02999866384420828,LOCALLY_SOLVED,FEASIBLE_POINT,0.003301875
condition2_main,3,20260826,ISI,37,37,60,"lower:U[4,6]",5.204590291387872e-10,true,true,0.029987040310420904,LOCALLY_SOLVED,FEASIBLE_POINT,0.003360083
condition2_main,3,20260826,ISI,38,38,60,"lower:U[4,6]",4.1028818717178346e-9,true,true,0.029944269418684177,LOCALLY_SOLVED,FEASIBLE_POINT,0.003501
condition2_main,3,20260826,ISI,39,39,60,"lower:U[4,6]",5.722717837158236e-9,true,true,0.02998621428738154,LOCALLY_SOLVED,FEASIBLE_POINT,0.003415917
condition2_main,3,20260826,ISI,40,40,60,"lower:U[4,6]",4.0793440118048866e-9,true,true,0.02999036378638972,LOCALLY_SOLVED,FEASIBLE_POINT,0.003325334
condition2_main,4,20260827,TAC,1,1,52,"lower:U[4,4]",4.684971749522688e-9,true,true,0.02999227534089164,LOCALLY_SOLVED,FEASIBLE_POINT,0.003544958
condition2_main,4,20260827,TAC,2,2,60,"lower:U[4,6]",4.918532818173675e-9,true,true,0.02999448658142958,LOCALLY_SOLVED,FEASIBLE_POINT,0.00338
condition2_main,4,20260827,TAC,3,3,60,"lower:U[4,6]",4.849074125240684e-10,true,true,0.029992963711971035,LOCALLY_SOLVED,FEASIBLE_POINT,0.003561292
condition2_main,4,20260827,TAC,4,4,60,"lower:U[4,6]",-1.7308022132538218e-9,true,true,0.029981705281435966,LOCALLY_SOLVED,FEASIBLE_POINT,0.003796166
condition2_main,4,20260827,TAC,5,5,60,"lower:U[4,6]",5.273428316009722e-9,true,true,0.02999454658891866,LOCALLY_SOLVED,FEASIBLE_POINT,0.003378042
condition2_main,4,20260827,TAC,6,6,60,"lower:U[4,6]",5.148653118994765e-9,true,true,0.029999266305575777,LOCALLY_SOLVED,FEASIBLE_POINT,0.003268375
condition2_main,4,20260827,TAC,7,7,60,"lower:U[4,6]",5.045388917932823e-9,true,true,0.029998916932528027,LOCALLY_SOLVED,FEASIBLE_POINT,0.003351792
condition2_main,4,20260827,TAC,8,8,60,"lower:U[4,6]",4.901695437442159e-9,true,true,0.02999629680386244,LOCALLY_SOLVED,FEASIBLE_POINT,0.003501666
condition2_main,4,20260827,TAC,9,9,60,"lower:U[4,6]",5.42028221862448e-9,true,true,0.030000955867189667,LOCALLY_SOLVED,FEASIBLE_POINT,0.003341792
condition2_main,4,20260827,TAC,10,10,52,"lower:U[4,4]",4.295836753023175e-9,true,true,0.029997837654216188,LOCALLY_SOLVED,FEASIBLE_POINT,0.003432917
condition2_main,4,20260827,TAC,11,11,60,"lower:U[4,6]",5.423513239469713e-9,true,true,0.029999391107313537,LOCALLY_SOLVED,FEASIBLE_POINT,0.003429416
condition2_main,4,20260827,TAC,12,12,60,"lower:U[4,6]",5.46396492821551e-9,true,true,0.02999781168801106,LOCALLY_SOLVED,FEASIBLE_POINT,0.003588292
condition2_main,4,20260827,TAC,13,13,60,"lower:U[4,6]",5.711362788804139e-9,true,true,0.030003076838062668,LOCALLY_SOLVED,FEASIBLE_POINT,0.003308167
condition2_main,4,20260827,TAC,14,14,60,"lower:U[4,6]",5.054768307919275e-9,true,true,0.02999935381125274,LOCALLY_SOLVED,FEASIBLE_POINT,0.003586583
condition2_main,4,20260827,TAC,15,15,60,"lower:U[4,6]",2.7754227316113196e-9,true,true,0.029996343090732482,LOCALLY_SOLVED,FEASIBLE_POINT,0.00333975
condition2_main,4,20260827,TAC,16,16,60,"lower:U[4,6]",4.583085204897225e-9,true,true,0.02999543988085975,LOCALLY_SOLVED,FEASIBLE_POINT,0.00345475
condition2_main,4,20260827,TAC,17,17,60,"lower:U[4,6]",3.6499037588802425e-9,true,true,0.029986381974189666,LOCALLY_SOLVED,FEASIBLE_POINT,0.003298375
condition2_main,4,20260827,TAC,18,18,60,"lower:U[4,6]",5.1899771192828546e-9,true,true,0.029995565749374495,LOCALLY_SOLVED,FEASIBLE_POINT,0.003703167
condition2_main,4,20260827,TAC,19,19,60,"lower:U[4,6]",4.869304409424341e-9,true,true,0.02999189410396375,LOCALLY_SOLVED,FEASIBLE_POINT,0.003344875
condition2_main,4,20260827,TAC,20,20,60,"lower:U[4,6]",1.7280788832625249e-9,true,true,0.0299905200281087,LOCALLY_SOLVED,FEASIBLE_POINT,0.003288666
condition2_main,4,20260827,TAC,21,21,60,"lower:U[4,6]",-1.1924690149458759e-9,true,true,0.029975749822258025,LOCALLY_SOLVED,FEASIBLE_POINT,0.003263583
condition2_main,4,20260827,TAC,22,22,60,"lower:U[4,6]",4.864515493530126e-9,true,true,0.02999674859974254,LOCALLY_SOLVED,FEASIBLE_POINT,0.003432583
condition2_main,4,20260827,TAC,23,23,60,"lower:U[4,6]",5.107128086815254e-9,true,true,0.029995267212540255,LOCALLY_SOLVED,FEASIBLE_POINT,0.003430083
condition2_main,4,20260827,TAC,24,24,60,"lower:U[4,6]",5.251224335209674e-9,true,true,0.029987990742717963,LOCALLY_SOLVED,FEASIBLE_POINT,0.003303833
condition2_main,4,20260827,TAC,25,25,60,"lower:U[4,6]",5.196225597351192e-9,true,true,0.029998096306173633,LOCALLY_SOLVED,FEASIBLE_POINT,0.003294125
condition2_main,4,20260827,TAC,26,26,52,"lower:U[4,4]",5.188542410642108e-9,true,true,0.02996422049106462,LOCALLY_SOLVED,FEASIBLE_POINT,0.003547667
condition2_main,4,20260827,TAC,27,27,60,"lower:U[4,6]",3.149263761588896e-9,true,true,0.029995249056935635,LOCALLY_SOLVED,FEASIBLE_POINT,0.003302417
condition2_main,4,20260827,TAC,28,28,60,"lower:U[4,6]",2.625291901087997e-10,true,true,0.02998896660020507,LOCALLY_SOLVED,FEASIBLE_POINT,0.00344975
condition2_main,4,20260827,TAC,29,29,60,"lower:U[4,6]",4.327695320969672e-9,true,true,0.029997282476997,LOCALLY_SOLVED,FEASIBLE_POINT,0.003597709
condition2_main,4,20260827,TAC,30,30,60,"lower:U[4,6]",5.444639020613914e-9,true,true,0.029997938083739944,LOCALLY_SOLVED,FEASIBLE_POINT,0.003583
condition2_main,4,20260827,TAC,31,31,60,"lower:U[4,6]",5.814765227910948e-9,true,true,0.029995835335355204,LOCALLY_SOLVED,FEASIBLE_POINT,0.003328959
condition2_main,4,20260827,TAC,32,32,60,"lower:U[4,6]",5.194025943963232e-9,true,true,0.029996731918488305,LOCALLY_SOLVED,FEASIBLE_POINT,0.003475583
condition2_main,4,20260827,TAC,33,33,60,"lower:U[4,6]",5.461313669358654e-9,true,true,0.02999895150499869,LOCALLY_SOLVED,FEASIBLE_POINT,0.003667625
condition2_main,4,20260827,TAC,34,34,60,"lower:U[4,6]",4.959342539151904e-9,true,true,0.02999821242650763,LOCALLY_SOLVED,FEASIBLE_POINT,0.003466459
condition2_main,4,20260827,TAC,35,35,60,"lower:U[4,6]",5.171886795575919e-9,true,true,0.029994236604590215,LOCALLY_SOLVED,FEASIBLE_POINT,0.0033185
condition2_main,4,20260827,TAC,36,36,60,"lower:U[4,6]",5.308343249609318e-9,true,true,0.030000291549843797,LOCALLY_SOLVED,FEASIBLE_POINT,0.00329025
condition2_main,4,20260827,TAC,37,37,60,"lower:U[4,6]",4.840121846595647e-9,true,true,0.029999613139541078,LOCALLY_SOLVED,FEASIBLE_POINT,0.003493
condition2_main,4,20260827,TAC,38,38,60,"lower:U[4,6]",5.125244202358379e-9,true,true,0.02999680972484683,LOCALLY_SOLVED,FEASIBLE_POINT,0.003555042
condition2_main,4,20260827,TAC,39,39,60,"lower:U[4,6]",5.904972844328789e-9,true,true,0.029999516835046463,LOCALLY_SOLVED,FEASIBLE_POINT,0.003446041
condition2_main,4,20260827,TAC,40,40,60,"lower:U[4,6]",5.403678630412278e-9,true,true,0.029998624401360776,LOCALLY_SOLVED,FEASIBLE_POINT,0.003382041
condition2_main,4,20260827,TotEmiss,1,1,60,"lower:U[4,6]",3.6989066260613035e-9,true,true,0.02997453211245752,LOCALLY_SOLVED,FEASIBLE_POINT,0.003337625
condition2_main,4,20260827,TotEmiss,2,2,60,"lower:U[4,6]",4.891160177223553e-9,true,true,0.03000183303421747,LOCALLY_SOLVED,FEASIBLE_POINT,0.003306125
condition2_main,4,20260827,TotEmiss,3,3,60,"lower:U[4,6]",2.131143766318054e-9,true,true,0.02999884740794818,LOCALLY_SOLVED,FEASIBLE_POINT,0.003396958
condition2_main,4,20260827,TotEmiss,4,4,60,"lower:U[4,6]",3.3448225796251693e-9,true,true,0.02999478460640627,LOCALLY_SOLVED,FEASIBLE_POINT,0.003319334
condition2_main,4,20260827,TotEmiss,5,5,60,"lower:U[4,6]",4.573164299718758e-9,true,true,0.030000913443557226,LOCALLY_SOLVED,FEASIBLE_POINT,0.00327925
condition2_main,4,20260827,TotEmiss,6,6,60,"lower:U[4,6]",4.1175623148249215e-9,true,true,0.030000086746760468,LOCALLY_SOLVED,FEASIBLE_POINT,0.003471291
condition2_main,4,20260827,TotEmiss,7,7,60,"lower:U[4,6]",4.1221290569026e-9,true,true,0.029999890811626646,LOCALLY_SOLVED,FEASIBLE_POINT,0.003298416
condition2_main,4,20260827,TotEmiss,8,8,60,"lower:U[4,6]",4.1419021153966504e-9,true,true,0.029995448170996263,LOCALLY_SOLVED,FEASIBLE_POINT,0.003292667
condition2_main,4,20260827,TotEmiss,9,9,60,"lower:U[4,6]",1.169129033451774e-10,true,true,0.029998555660663354,LOCALLY_SOLVED,FEASIBLE_POINT,0.003552208
condition2_main,4,20260827,TotEmiss,10,10,60,"lower:U[4,6]",-1.548132026283307e-9,true,true,0.029997298849275888,LOCALLY_SOLVED,FEASIBLE_POINT,0.003356584
condition2_main,4,20260827,TotEmiss,11,11,60,"lower:U[4,6]",1.6557445275248519e-9,true,true,0.029988247078579975,LOCALLY_SOLVED,FEASIBLE_POINT,0.003306375
condition2_main,4,20260827,TotEmiss,12,12,60,"lower:U[4,6]",4.561683774029932e-9,true,true,0.02999542686351291,LOCALLY_SOLVED,FEASIBLE_POINT,0.003293334
condition2_main,4,20260827,TotEmiss,13,13,60,"lower:U[4,6]",4.8442867325056295e-9,true,true,0.02999810802648926,LOCALLY_SOLVED,FEASIBLE_POINT,0.003559584
condition2_main,4,20260827,TotEmiss,14,14,60,"lower:U[4,6]",5.0937781167120274e-9,true,true,0.029999854904579928,LOCALLY_SOLVED,FEASIBLE_POINT,0.003434125
condition2_main,4,20260827,TotEmiss,15,15,60,"lower:U[4,6]",4.683660062062204e-9,true,true,0.02999769061445996,LOCALLY_SOLVED,FEASIBLE_POINT,0.0033455
condition2_main,4,20260827,TotEmiss,16,16,60,"lower:U[4,6]",3.433182491325825e-9,true,true,0.029996287972650606,LOCALLY_SOLVED,FEASIBLE_POINT,0.003345958
condition2_main,4,20260827,TotEmiss,17,17,60,"lower:U[4,6]",4.443467204976301e-9,true,true,0.029998915259039586,LOCALLY_SOLVED,FEASIBLE_POINT,0.003507
condition2_main,4,20260827,TotEmiss,18,18,60,"lower:U[4,6]",1.3040851580918736e-9,true,true,0.029993829093263594,LOCALLY_SOLVED,FEASIBLE_POINT,0.003370042
condition2_main,4,20260827,TotEmiss,19,19,60,"lower:U[4,6]",4.481848301854211e-9,true,true,0.029994473917241457,LOCALLY_SOLVED,FEASIBLE_POINT,0.003274125
condition2_main,4,20260827,TotEmiss,20,20,60,"lower:U[4,6]",5.35659348073678e-9,true,true,0.029999622790927053,LOCALLY_SOLVED,FEASIBLE_POINT,0.003303708
condition2_main,4,20260827,TotEmiss,21,21,60,"lower:U[4,6]",4.635898551619898e-9,true,true,0.03000235782253589,LOCALLY_SOLVED,FEASIBLE_POINT,0.003484333
condition2_main,4,20260827,TotEmiss,22,22,60,"lower:U[4,6]",3.3437078208082527e-9,true,true,0.029995173933557828,LOCALLY_SOLVED,FEASIBLE_POINT,0.003348458
condition2_main,4,20260827,TotEmiss,23,23,60,"lower:U[4,6]",4.496264402178977e-9,true,true,0.03000119996359476,LOCALLY_SOLVED,FEASIBLE_POINT,0.003299583
condition2_main,4,20260827,TotEmiss,24,24,60,"lower:U[4,6]",4.068668496099865e-9,true,true,0.02999848938426348,LOCALLY_SOLVED,FEASIBLE_POINT,0.0033555
condition2_main,4,20260827,TotEmiss,25,25,60,"lower:U[4,6]",3.8640135680680524e-9,true,true,0.029992097316413866,LOCALLY_SOLVED,FEASIBLE_POINT,0.003465834
condition2_main,4,20260827,TotEmiss,26,26,60,"lower:U[4,6]",5.339515359212332e-9,true,true,0.029999019182834694,LOCALLY_SOLVED,FEASIBLE_POINT,0.003347666
condition2_main,4,20260827,TotEmiss,27,27,60,"lower:U[4,6]",4.642996575302967e-9,true,true,0.029999503301798937,LOCALLY_SOLVED,FEASIBLE_POINT,0.003186625
condition2_main,4,20260827,TotEmiss,28,28,52,"lower:U[4,4]",4.732517829914447e-9,true,true,0.029995580571720037,LOCALLY_SOLVED,FEASIBLE_POINT,0.003434583
condition2_main,4,20260827,TotEmiss,29,29,60,"lower:U[4,6]",5.0501125299434725e-9,true,true,0.030004413556404753,LOCALLY_SOLVED,FEASIBLE_POINT,0.003390709
condition2_main,4,20260827,TotEmiss,30,30,60,"lower:U[4,6]",4.048244109372877e-9,true,true,0.02999805225441147,LOCALLY_SOLVED,FEASIBLE_POINT,0.003342
condition2_main,4,20260827,TotEmiss,31,31,60,"lower:U[4,6]",6.483289020967528e-10,true,true,0.029997378725297685,LOCALLY_SOLVED,FEASIBLE_POINT,0.003302458
condition2_main,4,20260827,TotEmiss,32,32,60,"lower:U[4,6]",3.2235342422208337e-9,true,true,0.029996899577606043,LOCALLY_SOLVED,FEASIBLE_POINT,0.003295958
condition2_main,4,20260827,TotEmiss,33,33,60,"lower:U[4,6]",3.5459918650840585e-9,true,true,0.03000074581986507,LOCALLY_SOLVED,FEASIBLE_POINT,0.00346675
condition2_main,4,20260827,TotEmiss,34,34,60,"lower:U[4,6]",3.2637727945543522e-9,true,true,0.029997747920665254,LOCALLY_SOLVED,FEASIBLE_POINT,0.011464292
condition2_main,4,20260827,TotEmiss,35,35,60,"lower:U[4,6]",7.31516537833687e-10,true,true,0.02999133439199515,LOCALLY_SOLVED,FEASIBLE_POINT,0.00353675
condition2_main,4,20260827,TotEmiss,36,36,60,"lower:U[4,6]",1.31169132479474e-9,true,true,0.02999202331795203,LOCALLY_SOLVED,FEASIBLE_POINT,0.003425834
condition2_main,4,20260827,TotEmiss,37,37,60,"lower:U[4,6]",4.308778508744367e-9,true,true,0.029998794036345165,LOCALLY_SOLVED,FEASIBLE_POINT,0.003392334
condition2_main,4,20260827,TotEmiss,38,38,60,"lower:U[4,6]",4.898461502278465e-9,true,true,0.029996143587216903,LOCALLY_SOLVED,FEASIBLE_POINT,0.003369334
condition2_main,4,20260827,TotEmiss,39,39,60,"lower:U[4,6]",5.1056605388669585e-9,true,true,0.029994829066028086,LOCALLY_SOLVED,FEASIBLE_POINT,0.003352792
condition2_main,4,20260827,TotEmiss,40,40,60,"lower:U[4,6]",4.743203586011723e-9,true,true,0.029992337012397348,LOCALLY_SOLVED,FEASIBLE_POINT,0.003374875
condition2_main,4,20260827,ISI,1,1,60,"lower:U[4,6]",4.484149078360557e-9,true,true,0.029992425800191794,LOCALLY_SOLVED,FEASIBLE_POINT,0.003406541
condition2_main,4,20260827,ISI,2,2,56,"lower:U[4,5]",4.172582870077668e-9,true,true,0.02995326917250177,LOCALLY_SOLVED,FEASIBLE_POINT,0.003389542
condition2_main,4,20260827,ISI,3,3,60,"lower:U[4,6]",5.653010672602922e-9,true,true,0.029987592566574458,LOCALLY_SOLVED,FEASIBLE_POINT,0.003309708
condition2_main,4,20260827,ISI,4,4,60,"lower:U[4,6]",5.629792633637698e-9,true,true,0.029995461087044505,LOCALLY_SOLVED,FEASIBLE_POINT,0.003307417
condition2_main,4,20260827,ISI,5,5,60,"lower:U[4,6]",3.6463461965483618e-9,true,true,0.029986551094127633,LOCALLY_SOLVED,FEASIBLE_POINT,0.003523625
condition2_main,4,20260827,ISI,6,6,60,"lower:U[4,6]",5.346222087437298e-9,true,true,0.02999804143968166,LOCALLY_SOLVED,FEASIBLE_POINT,0.00344475
condition2_main,4,20260827,ISI,7,7,60,"lower:U[4,6]",4.075478435629071e-9,true,true,0.029999298978102613,LOCALLY_SOLVED,FEASIBLE_POINT,0.00332025
condition2_main,4,20260827,ISI,8,8,60,"lower:U[4,6]",3.2932364271505238e-9,true,true,0.029981952054473793,LOCALLY_SOLVED,FEASIBLE_POINT,0.00325575
condition2_main,4,20260827,ISI,9,9,60,"lower:U[4,6]",4.766260081532655e-9,true,true,0.029984145243521124,LOCALLY_SOLVED,FEASIBLE_POINT,0.003354208
condition2_main,4,20260827,ISI,10,10,60,"lower:U[4,6]",5.06132409053893e-9,true,true,0.029996833045165136,LOCALLY_SOLVED,FEASIBLE_POINT,0.003678083
condition2_main,4,20260827,ISI,11,11,60,"lower:U[4,6]",4.412620634915471e-9,true,true,0.029994085683823335,LOCALLY_SOLVED,FEASIBLE_POINT,0.003364083
condition2_main,4,20260827,ISI,12,12,60,"lower:U[4,6]",5.2155528600071756e-9,true,true,0.029996535600657133,LOCALLY_SOLVED,FEASIBLE_POINT,0.003359
condition2_main,4,20260827,ISI,13,13,60,"lower:U[4,6]",3.605268149927579e-9,true,true,0.02999981261703494,LOCALLY_SOLVED,FEASIBLE_POINT,0.003539625
condition2_main,4,20260827,ISI,14,14,60,"lower:U[4,6]",2.5631116326754903e-9,true,true,0.030000044422723346,LOCALLY_SOLVED,FEASIBLE_POINT,0.00341225
condition2_main,4,20260827,ISI,15,15,60,"lower:U[4,6]",2.0314903602412807e-9,true,true,0.02999799887460735,LOCALLY_SOLVED,FEASIBLE_POINT,0.003322084
condition2_main,4,20260827,ISI,16,16,60,"lower:U[4,6]",4.018002008642425e-10,true,true,0.02999306614085581,LOCALLY_SOLVED,FEASIBLE_POINT,0.003275042
condition2_main,4,20260827,ISI,17,17,60,"lower:U[4,6]",3.168070189883792e-9,true,true,0.029991230195774956,LOCALLY_SOLVED,FEASIBLE_POINT,0.0034755
condition2_main,4,20260827,ISI,18,18,60,"lower:U[4,6]",4.989877414133335e-9,true,true,0.029995916641550886,LOCALLY_SOLVED,FEASIBLE_POINT,0.003324458
condition2_main,4,20260827,ISI,19,19,60,"lower:U[4,6]",5.093392800643312e-9,true,true,0.0299999820526062,LOCALLY_SOLVED,FEASIBLE_POINT,0.003376041
condition2_main,4,20260827,ISI,20,20,60,"lower:U[4,6]",4.22605633828297e-9,true,true,0.029995182190601048,LOCALLY_SOLVED,FEASIBLE_POINT,0.003279958
condition2_main,4,20260827,ISI,21,21,60,"lower:U[4,6]",4.870966184679591e-9,true,true,0.029988002927322868,LOCALLY_SOLVED,FEASIBLE_POINT,0.00342475
condition2_main,4,20260827,ISI,22,22,60,"lower:U[4,6]",5.546013365545122e-9,true,true,0.030001412503477164,LOCALLY_SOLVED,FEASIBLE_POINT,0.003227916
condition2_main,4,20260827,ISI,23,23,60,"lower:U[4,6]",3.6215955997324685e-9,true,true,0.02998379685090521,LOCALLY_SOLVED,FEASIBLE_POINT,0.003317917
condition2_main,4,20260827,ISI,24,24,60,"lower:U[4,6]",5.474550283630038e-9,true,true,0.029992864190035027,LOCALLY_SOLVED,FEASIBLE_POINT,0.003286667
condition2_main,4,20260827,ISI,25,25,60,"lower:U[4,6]",5.3679310825552655e-9,true,true,0.0299913745848287,LOCALLY_SOLVED,FEASIBLE_POINT,0.003463291
condition2_main,4,20260827,ISI,26,26,60,"lower:U[4,6]",4.264462227685021e-9,true,true,0.029994524215689315,LOCALLY_SOLVED,FEASIBLE_POINT,0.003269292
condition2_main,4,20260827,ISI,27,27,60,"lower:U[4,6]",3.98892390022707e-9,true,true,0.029966679790503627,LOCALLY_SOLVED,FEASIBLE_POINT,0.003520959
condition2_main,4,20260827,ISI,28,28,60,"lower:U[4,6]",5.6097211691962985e-9,true,true,0.02998103024022439,LOCALLY_SOLVED,FEASIBLE_POINT,0.003347083
condition2_main,4,20260827,ISI,29,29,60,"lower:U[4,6]",5.615593755856051e-9,true,true,0.02992521324230197,LOCALLY_SOLVED,FEASIBLE_POINT,0.003277583
condition2_main,4,20260827,ISI,30,30,60,"lower:U[4,6]",5.632319284745286e-9,true,true,0.02999276444699023,LOCALLY_SOLVED,FEASIBLE_POINT,0.00332325
condition2_main,4,20260827,ISI,31,31,60,"lower:U[4,6]",5.538681988141942e-9,true,true,0.0299930296017791,LOCALLY_SOLVED,FEASIBLE_POINT,0.003465209
condition2_main,4,20260827,ISI,32,32,60,"lower:U[4,6]",5.660472890256353e-9,true,true,0.029999317235153658,LOCALLY_SOLVED,FEASIBLE_POINT,0.00335325
condition2_main,4,20260827,ISI,33,33,60,"lower:U[4,6]",5.002746952177108e-9,true,true,0.02991941183305274,LOCALLY_SOLVED,FEASIBLE_POINT,0.003412791
condition2_main,4,20260827,ISI,34,34,60,"lower:U[4,6]",6.0371330360177144e-9,true,true,0.02999566148837348,LOCALLY_SOLVED,FEASIBLE_POINT,0.0032885
condition2_main,4,20260827,ISI,35,35,60,"lower:U[4,6]",5.63285502376065e-9,true,true,0.029994917129596163,LOCALLY_SOLVED,FEASIBLE_POINT,0.003467875
condition2_main,4,20260827,ISI,36,36,52,"lower:U[4,4]",5.6765234809914735e-9,true,true,0.029997566722919842,LOCALLY_SOLVED,FEASIBLE_POINT,0.003351459
condition2_main,4,20260827,ISI,37,37,60,"lower:U[4,6]",3.511920550649777e-9,true,true,0.029995099163413353,LOCALLY_SOLVED,FEASIBLE_POINT,0.003341
condition2_main,4,20260827,ISI,38,38,60,"lower:U[4,6]",4.677616243270007e-9,true,true,0.029989219474393508,LOCALLY_SOLVED,FEASIBLE_POINT,0.0032975
condition2_main,4,20260827,ISI,39,39,60,"lower:U[4,6]",5.5068594178632325e-9,true,true,0.02999729788249825,LOCALLY_SOLVED,FEASIBLE_POINT,0.003393458
condition2_main,4,20260827,ISI,40,40,60,"lower:U[4,6]",5.063666554280261e-9,true,true,0.02999812058917651,LOCALLY_SOLVED,FEASIBLE_POINT,0.003304167
condition2_main,5,20260828,TAC,1,1,52,"lower:U[4,4]",4.684971749522688e-9,true,true,0.02999093989041027,LOCALLY_SOLVED,FEASIBLE_POINT,0.003505375
condition2_main,5,20260828,TAC,2,2,60,"lower:U[4,6]",5.11466715844322e-9,true,true,0.03000009477911531,LOCALLY_SOLVED,FEASIBLE_POINT,0.003396709
condition2_main,5,20260828,TAC,3,3,60,"lower:U[4,6]",5.0593656573922765e-9,true,true,0.030001376527651433,LOCALLY_SOLVED,FEASIBLE_POINT,0.003314917
condition2_main,5,20260828,TAC,4,4,60,"lower:U[4,6]",5.044586308805456e-9,true,true,0.030000619646012215,LOCALLY_SOLVED,FEASIBLE_POINT,0.003262834
condition2_main,5,20260828,TAC,5,5,60,"lower:U[4,6]",5.107617323951904e-9,true,true,0.029995421756209922,LOCALLY_SOLVED,FEASIBLE_POINT,0.003531792
condition2_main,5,20260828,TAC,6,6,52,"lower:U[4,4]",5.352054437816325e-9,true,true,0.03000266442883715,LOCALLY_SOLVED,FEASIBLE_POINT,0.003294292
condition2_main,5,20260828,TAC,7,7,60,"lower:U[4,6]",4.061500974600073e-9,true,true,0.029993304423508928,LOCALLY_SOLVED,FEASIBLE_POINT,0.003429542
condition2_main,5,20260828,TAC,8,8,60,"lower:U[4,6]",3.873482909441352e-9,true,true,0.030002565413994826,LOCALLY_SOLVED,FEASIBLE_POINT,0.003275125
condition2_main,5,20260828,TAC,9,9,60,"lower:U[4,6]",2.5055375242665713e-9,true,true,0.02998653282003591,LOCALLY_SOLVED,FEASIBLE_POINT,0.003575584
condition2_main,5,20260828,TAC,10,10,60,"lower:U[4,6]",4.856974263299603e-9,true,true,0.029996730557673,LOCALLY_SOLVED,FEASIBLE_POINT,0.003570833
condition2_main,5,20260828,TAC,11,11,60,"lower:U[4,6]",5.415917270955376e-9,true,true,0.03000111652148839,LOCALLY_SOLVED,FEASIBLE_POINT,0.003397541
condition2_main,5,20260828,TAC,12,12,60,"lower:U[4,6]",5.002708210123551e-9,true,true,0.02999515439665881,LOCALLY_SOLVED,FEASIBLE_POINT,0.003384291
condition2_main,5,20260828,TAC,13,13,60,"lower:U[4,6]",1.3667910635198663e-9,true,true,0.029992505493930278,LOCALLY_SOLVED,FEASIBLE_POINT,0.003598083
condition2_main,5,20260828,TAC,14,14,60,"lower:U[4,6]",9.374875791233989e-10,true,true,0.029987093074159588,LOCALLY_SOLVED,FEASIBLE_POINT,0.003665958
condition2_main,5,20260828,TAC,15,15,60,"lower:U[4,6]",4.271566653914952e-9,true,true,0.029998862416810164,LOCALLY_SOLVED,FEASIBLE_POINT,0.003497584
condition2_main,5,20260828,TAC,16,16,60,"lower:U[4,6]",4.04794137208538e-9,true,true,0.029999353409180016,LOCALLY_SOLVED,FEASIBLE_POINT,0.003474375
condition2_main,5,20260828,TAC,17,17,60,"lower:U[4,6]",3.75188301037932e-9,true,true,0.029996430397744914,LOCALLY_SOLVED,FEASIBLE_POINT,0.003428291
condition2_main,5,20260828,TAC,18,18,60,"lower:U[4,6]",5.2987137676950515e-9,true,true,0.029998837028625474,LOCALLY_SOLVED,FEASIBLE_POINT,0.003638417
condition2_main,5,20260828,TAC,19,19,60,"lower:U[4,6]",5.25447884728988e-9,true,true,0.030001504753156473,LOCALLY_SOLVED,FEASIBLE_POINT,0.003455416
condition2_main,5,20260828,TAC,20,20,60,"lower:U[4,6]",4.741900698333869e-9,true,true,0.029996463663697702,LOCALLY_SOLVED,FEASIBLE_POINT,0.003315416
condition2_main,5,20260828,TAC,21,21,60,"lower:U[4,6]",5.169636266397132e-9,true,true,0.029996730789222787,LOCALLY_SOLVED,FEASIBLE_POINT,0.003302833
condition2_main,5,20260828,TAC,22,22,60,"lower:U[4,6]",5.52018305469437e-9,true,true,0.029994988380042564,LOCALLY_SOLVED,FEASIBLE_POINT,0.003426791
condition2_main,5,20260828,TAC,23,23,60,"lower:U[4,6]",4.855889011327755e-9,true,true,0.029993707155123308,LOCALLY_SOLVED,FEASIBLE_POINT,0.003422959
condition2_main,5,20260828,TAC,24,24,60,"lower:U[4,6]",2.1118115632520683e-9,true,true,0.029992464333173586,LOCALLY_SOLVED,FEASIBLE_POINT,0.003315542
condition2_main,5,20260828,TAC,25,25,60,"lower:U[4,6]",1.2338528849033367e-9,true,true,0.02996381146742387,LOCALLY_SOLVED,FEASIBLE_POINT,0.003314667
condition2_main,5,20260828,TAC,26,26,60,"lower:U[4,6]",5.238569662681843e-9,true,true,0.02999231682589349,LOCALLY_SOLVED,FEASIBLE_POINT,0.003717
condition2_main,5,20260828,TAC,27,27,60,"lower:U[4,6]",3.6643682938773693e-9,true,true,0.029999057918091675,LOCALLY_SOLVED,FEASIBLE_POINT,0.00346075
condition2_main,5,20260828,TAC,28,28,60,"lower:U[4,6]",4.523885426359627e-9,true,true,0.029992615958345337,LOCALLY_SOLVED,FEASIBLE_POINT,0.003395958
condition2_main,5,20260828,TAC,29,29,60,"lower:U[4,6]",5.296072995993207e-9,true,true,0.02999683502608928,LOCALLY_SOLVED,FEASIBLE_POINT,0.003459125
condition2_main,5,20260828,TAC,30,30,60,"lower:U[4,6]",5.364759712475913e-9,true,true,0.030001143805713847,LOCALLY_SOLVED,FEASIBLE_POINT,0.003350542
condition2_main,5,20260828,TAC,31,31,60,"lower:U[4,6]",4.657980976199301e-9,true,true,0.030000483921923893,LOCALLY_SOLVED,FEASIBLE_POINT,0.003373583
condition2_main,5,20260828,TAC,32,32,60,"lower:U[4,6]",4.3668022402342355e-9,true,true,0.02999342721387353,LOCALLY_SOLVED,FEASIBLE_POINT,0.003303917
condition2_main,5,20260828,TAC,33,33,60,"lower:U[4,6]",5.318898579514313e-9,true,true,0.030000465481558772,LOCALLY_SOLVED,FEASIBLE_POINT,0.003355709
condition2_main,5,20260828,TAC,34,34,60,"lower:U[4,6]",4.287212745229907e-9,true,true,0.02999862000347858,LOCALLY_SOLVED,FEASIBLE_POINT,0.003426042
condition2_main,5,20260828,TAC,35,35,60,"lower:U[4,6]",5.007440559972153e-9,true,true,0.029995773323094006,LOCALLY_SOLVED,FEASIBLE_POINT,0.003318709
condition2_main,5,20260828,TAC,36,36,52,"lower:U[4,4]",5.2664888813335504e-9,true,true,0.029995872400258226,LOCALLY_SOLVED,FEASIBLE_POINT,0.003279875
condition2_main,5,20260828,TAC,37,37,60,"lower:U[4,6]",3.5225847584646893e-9,true,true,0.029997405441871516,LOCALLY_SOLVED,FEASIBLE_POINT,0.003305958
condition2_main,5,20260828,TAC,38,38,60,"lower:U[4,6]",4.960183096884638e-9,true,true,0.029998791677252286,LOCALLY_SOLVED,FEASIBLE_POINT,0.003534916
condition2_main,5,20260828,TAC,39,39,60,"lower:U[4,6]",5.11094786147965e-9,true,true,0.02999354406802563,LOCALLY_SOLVED,FEASIBLE_POINT,0.003378458
condition2_main,5,20260828,TAC,40,40,60,"lower:U[4,6]",2.9909319057118706e-9,true,true,0.029999433427403195,LOCALLY_SOLVED,FEASIBLE_POINT,0.003324833
condition2_main,5,20260828,TotEmiss,1,1,60,"lower:U[4,6]",3.6989066260613035e-9,true,true,0.029983916594435833,LOCALLY_SOLVED,FEASIBLE_POINT,0.003400125
condition2_main,5,20260828,TotEmiss,2,2,60,"lower:U[4,6]",4.605518840121675e-9,true,true,0.029995665783212663,LOCALLY_SOLVED,FEASIBLE_POINT,0.00319025
condition2_main,5,20260828,TotEmiss,3,3,60,"lower:U[4,6]",4.603932151870308e-9,true,true,0.029994152944256287,LOCALLY_SOLVED,FEASIBLE_POINT,0.003462167
condition2_main,5,20260828,TotEmiss,4,4,60,"lower:U[4,6]",5.1886770413965604e-9,true,true,0.030001338317704757,LOCALLY_SOLVED,FEASIBLE_POINT,0.003580083
condition2_main,5,20260828,TotEmiss,5,5,60,"lower:U[4,6]",5.1360977317737446e-9,true,true,0.03000105865032695,LOCALLY_SOLVED,FEASIBLE_POINT,0.003435792
condition2_main,5,20260828,TotEmiss,6,6,60,"lower:U[4,6]",4.6054143487191855e-9,true,true,0.03000260996764944,LOCALLY_SOLVED,FEASIBLE_POINT,0.00329225
condition2_main,5,20260828,TotEmiss,7,7,60,"lower:U[4,6]",3.232279712884666e-9,true,true,0.030001126495899047,LOCALLY_SOLVED,FEASIBLE_POINT,0.003381
condition2_main,5,20260828,TotEmiss,8,8,60,"lower:U[4,6]",3.336918139077315e-9,true,true,0.029998625445167855,LOCALLY_SOLVED,FEASIBLE_POINT,0.003362167
condition2_main,5,20260828,TotEmiss,9,9,60,"lower:U[4,6]",3.1061898864517034e-9,true,true,0.02999856271827682,LOCALLY_SOLVED,FEASIBLE_POINT,0.003349667
condition2_main,5,20260828,TotEmiss,10,10,60,"lower:U[4,6]",3.953252712714934e-9,true,true,0.02999889122149692,LOCALLY_SOLVED,FEASIBLE_POINT,0.003249833
condition2_main,5,20260828,TotEmiss,11,11,60,"lower:U[4,6]",3.905794368660139e-9,true,true,0.02999713373790559,LOCALLY_SOLVED,FEASIBLE_POINT,0.00363725
condition2_main,5,20260828,TotEmiss,12,12,60,"lower:U[4,6]",4.863527287306722e-9,true,true,0.030002651596520633,LOCALLY_SOLVED,FEASIBLE_POINT,0.003294416
condition2_main,5,20260828,TotEmiss,13,13,60,"lower:U[4,6]",4.115502596575793e-9,true,true,0.02999617982289472,LOCALLY_SOLVED,FEASIBLE_POINT,0.003299958
condition2_main,5,20260828,TotEmiss,14,14,60,"lower:U[4,6]",8.639225939949116e-10,true,true,0.029989048400107014,LOCALLY_SOLVED,FEASIBLE_POINT,0.003410917
condition2_main,5,20260828,TotEmiss,15,15,60,"lower:U[4,6]",-6.519971006478453e-10,true,true,0.029980795828056322,LOCALLY_SOLVED,FEASIBLE_POINT,0.0035865
condition2_main,5,20260828,TotEmiss,16,16,60,"lower:U[4,6]",4.8908766477891614e-9,true,true,0.029994562932433036,LOCALLY_SOLVED,FEASIBLE_POINT,0.003452417
condition2_main,5,20260828,TotEmiss,17,17,60,"lower:U[4,6]",5.116838104073429e-9,true,true,0.02999964715891186,LOCALLY_SOLVED,FEASIBLE_POINT,0.003321792
condition2_main,5,20260828,TotEmiss,18,18,60,"lower:U[4,6]",4.196177073630758e-9,true,true,0.02998889236134486,LOCALLY_SOLVED,FEASIBLE_POINT,0.003495
condition2_main,5,20260828,TotEmiss,19,19,60,"lower:U[4,6]",5.771991214820059e-9,true,true,0.02999509697258741,LOCALLY_SOLVED,FEASIBLE_POINT,0.003386291
condition2_main,5,20260828,TotEmiss,20,20,60,"lower:U[4,6]",3.612700715766403e-9,true,true,0.030000735757266063,LOCALLY_SOLVED,FEASIBLE_POINT,0.00330625
condition2_main,5,20260828,TotEmiss,21,21,60,"lower:U[4,6]",1.825340379928148e-9,true,true,0.029999234115647786,LOCALLY_SOLVED,FEASIBLE_POINT,0.003292
condition2_main,5,20260828,TotEmiss,22,22,60,"lower:U[4,6]",3.089893411712783e-9,true,true,0.030000163676079553,LOCALLY_SOLVED,FEASIBLE_POINT,0.003518375
condition2_main,5,20260828,TotEmiss,23,23,60,"lower:U[4,6]",3.6402304763151693e-9,true,true,0.0299968651719258,LOCALLY_SOLVED,FEASIBLE_POINT,0.003391
condition2_main,5,20260828,TotEmiss,24,24,60,"lower:U[4,6]",4.399388244590595e-9,true,true,0.029999301556654156,LOCALLY_SOLVED,FEASIBLE_POINT,0.003298167
condition2_main,5,20260828,TotEmiss,25,25,60,"lower:U[4,6]",2.9479729850903915e-9,true,true,0.030000081865051046,LOCALLY_SOLVED,FEASIBLE_POINT,0.003328041
condition2_main,5,20260828,TotEmiss,26,26,60,"lower:U[4,6]",3.486444392299892e-9,true,true,0.02999277543922477,LOCALLY_SOLVED,FEASIBLE_POINT,0.003533958
condition2_main,5,20260828,TotEmiss,27,27,60,"lower:U[4,6]",3.011153817795288e-9,true,true,0.029990264704872968,LOCALLY_SOLVED,FEASIBLE_POINT,0.00344725
condition2_main,5,20260828,TotEmiss,28,28,60,"lower:U[4,6]",6.947460999360013e-10,true,true,0.029991524073874367,LOCALLY_SOLVED,FEASIBLE_POINT,0.003263
condition2_main,5,20260828,TotEmiss,29,29,60,"lower:U[4,6]",3.1116529141550176e-9,true,true,0.029994606164701648,LOCALLY_SOLVED,FEASIBLE_POINT,0.003561
condition2_main,5,20260828,TotEmiss,30,30,60,"lower:U[4,6]",5.515669454000591e-9,true,true,0.029996311161667833,LOCALLY_SOLVED,FEASIBLE_POINT,0.003373125
condition2_main,5,20260828,TotEmiss,31,31,60,"lower:U[4,6]",4.59337768905039e-9,true,true,0.030000273960402796,LOCALLY_SOLVED,FEASIBLE_POINT,0.003324917
condition2_main,5,20260828,TotEmiss,32,32,60,"lower:U[4,6]",3.4351912556530503e-9,true,true,0.02999648709736439,LOCALLY_SOLVED,FEASIBLE_POINT,0.00334675
condition2_main,5,20260828,TotEmiss,33,33,60,"lower:U[4,6]",5.076340996267535e-9,true,true,0.029995801602728984,LOCALLY_SOLVED,FEASIBLE_POINT,0.003283958
condition2_main,5,20260828,TotEmiss,34,34,60,"lower:U[4,6]",4.7839075954467855e-9,true,true,0.0300005593259597,LOCALLY_SOLVED,FEASIBLE_POINT,0.003458458
condition2_main,5,20260828,TotEmiss,35,35,60,"lower:U[4,6]",4.546647203202186e-9,true,true,0.030001358626905672,LOCALLY_SOLVED,FEASIBLE_POINT,0.003336458
condition2_main,5,20260828,TotEmiss,36,36,60,"lower:U[4,6]",3.864239576225774e-9,true,true,0.02999346703534555,LOCALLY_SOLVED,FEASIBLE_POINT,0.003344833
condition2_main,5,20260828,TotEmiss,37,37,60,"lower:U[4,6]",4.774736951296059e-9,true,true,0.029998140168375136,LOCALLY_SOLVED,FEASIBLE_POINT,0.003174292
condition2_main,5,20260828,TotEmiss,38,38,52,"lower:U[4,4]",4.7003989678773695e-9,true,true,0.02999822748961997,LOCALLY_SOLVED,FEASIBLE_POINT,0.003447041
condition2_main,5,20260828,TotEmiss,39,39,60,"lower:U[4,6]",5.021103081299608e-9,true,true,0.03000088552535806,LOCALLY_SOLVED,FEASIBLE_POINT,0.003353833
condition2_main,5,20260828,TotEmiss,40,40,60,"lower:U[4,6]",4.5758811664657035e-9,true,true,0.030001537215852664,LOCALLY_SOLVED,FEASIBLE_POINT,0.00348975
condition2_main,5,20260828,ISI,1,1,60,"lower:U[4,6]",4.484149078360557e-9,true,true,0.029986064602152314,LOCALLY_SOLVED,FEASIBLE_POINT,0.00332225
condition2_main,5,20260828,ISI,2,2,60,"lower:U[4,6]",5.48783144166933e-9,true,true,0.02999863548771121,LOCALLY_SOLVED,FEASIBLE_POINT,0.003295458
condition2_main,5,20260828,ISI,3,3,60,"lower:U[4,6]",4.6215825688346445e-9,true,true,0.02997971841544085,LOCALLY_SOLVED,FEASIBLE_POINT,0.003483459
condition2_main,5,20260828,ISI,4,4,60,"lower:U[4,6]",5.672367755724389e-9,true,true,0.029998101774081683,LOCALLY_SOLVED,FEASIBLE_POINT,0.003335834
condition2_main,5,20260828,ISI,5,5,60,"lower:U[4,6]",4.542694447962865e-9,true,true,0.029999502808174094,LOCALLY_SOLVED,FEASIBLE_POINT,0.003294541
condition2_main,5,20260828,ISI,6,6,56,"lower:U[4,5]",4.57515088511998e-9,true,true,0.029999937446703307,LOCALLY_SOLVED,FEASIBLE_POINT,0.003267958
condition2_main,5,20260828,ISI,7,7,60,"lower:U[4,6]",4.084677428182537e-9,true,true,0.02999563019494002,LOCALLY_SOLVED,FEASIBLE_POINT,0.003461375
condition2_main,5,20260828,ISI,8,8,60,"lower:U[4,6]",2.8949593443906574e-9,true,true,0.029952956802590636,LOCALLY_SOLVED,FEASIBLE_POINT,0.003321416
condition2_main,5,20260828,ISI,9,9,60,"lower:U[4,6]",5.616768778646219e-9,true,true,0.029993199208755924,LOCALLY_SOLVED,FEASIBLE_POINT,0.003337
condition2_main,5,20260828,ISI,10,10,60,"lower:U[4,6]",4.128450988538776e-9,true,true,0.029992059381591493,LOCALLY_SOLVED,FEASIBLE_POINT,0.003598958
condition2_main,5,20260828,ISI,11,11,60,"lower:U[4,6]",5.278047715076133e-9,true,true,0.02996795080891817,LOCALLY_SOLVED,FEASIBLE_POINT,0.003393417
condition2_main,5,20260828,ISI,12,12,60,"lower:U[4,6]",5.621468240191703e-9,true,true,0.029992455853789735,LOCALLY_SOLVED,FEASIBLE_POINT,0.003330958
condition2_main,5,20260828,ISI,13,13,60,"lower:U[4,6]",5.603701791407446e-9,true,true,0.0299982592570308,LOCALLY_SOLVED,FEASIBLE_POINT,0.003339292
condition2_main,5,20260828,ISI,14,14,60,"lower:U[4,6]",5.113037913930424e-9,true,true,0.02997720898556766,LOCALLY_SOLVED,FEASIBLE_POINT,0.0034845
condition2_main,5,20260828,ISI,15,15,60,"lower:U[4,6]",5.6311204264515e-9,true,true,0.02999766366956015,LOCALLY_SOLVED,FEASIBLE_POINT,0.003404166
condition2_main,5,20260828,ISI,16,16,60,"lower:U[4,6]",4.138584780083133e-9,true,true,0.029986110625973197,LOCALLY_SOLVED,FEASIBLE_POINT,0.003383917
condition2_main,5,20260828,ISI,17,17,60,"lower:U[4,6]",5.348665076188599e-9,true,true,0.029994051216235433,LOCALLY_SOLVED,FEASIBLE_POINT,0.003445709
condition2_main,5,20260828,ISI,18,18,60,"lower:U[4,6]",4.070524439261055e-9,true,true,0.029993021411064386,LOCALLY_SOLVED,FEASIBLE_POINT,0.003511167
condition2_main,5,20260828,ISI,19,19,60,"lower:U[4,6]",4.980754422617657e-9,true,true,0.029926021912712836,LOCALLY_SOLVED,FEASIBLE_POINT,0.003701917
condition2_main,5,20260828,ISI,20,20,60,"lower:U[4,6]",5.904368842909843e-9,true,true,0.029990985093852708,LOCALLY_SOLVED,FEASIBLE_POINT,0.003302875
condition2_main,5,20260828,ISI,21,21,60,"lower:U[4,6]",5.565972376708791e-9,true,true,0.02999411053636073,LOCALLY_SOLVED,FEASIBLE_POINT,0.003379792
condition2_main,5,20260828,ISI,22,22,60,"lower:U[4,6]",5.322330871804498e-9,true,true,0.029998042045450927,LOCALLY_SOLVED,FEASIBLE_POINT,0.003490625
condition2_main,5,20260828,ISI,23,23,60,"lower:U[4,6]",3.7350082901294905e-9,true,true,0.029999969296394022,LOCALLY_SOLVED,FEASIBLE_POINT,0.003215834
condition2_main,5,20260828,ISI,24,24,60,"lower:U[4,6]",2.991047337147717e-9,true,true,0.029996559108374777,LOCALLY_SOLVED,FEASIBLE_POINT,0.003293
condition2_main,5,20260828,ISI,25,25,60,"lower:U[4,6]",2.1956643782975398e-9,true,true,0.029995108699697567,LOCALLY_SOLVED,FEASIBLE_POINT,0.003289834
condition2_main,5,20260828,ISI,26,26,60,"lower:U[4,6]",3.953797448223677e-9,true,true,0.02999288070411879,LOCALLY_SOLVED,FEASIBLE_POINT,0.003316125
condition2_main,5,20260828,ISI,27,27,60,"lower:U[4,6]",-5.491725109167952e-10,true,true,0.029972802130120806,LOCALLY_SOLVED,FEASIBLE_POINT,0.003312375
condition2_main,5,20260828,ISI,28,28,60,"lower:U[4,6]",4.698098668462446e-9,true,true,0.029963433076276746,LOCALLY_SOLVED,FEASIBLE_POINT,0.003347833
condition2_main,5,20260828,ISI,29,29,60,"lower:U[4,6]",5.632919103828726e-9,true,true,0.029977027560924432,LOCALLY_SOLVED,FEASIBLE_POINT,0.003457875
condition2_main,5,20260828,ISI,30,30,60,"lower:U[4,6]",5.641791682687504e-9,true,true,0.029997533601149845,LOCALLY_SOLVED,FEASIBLE_POINT,0.003331334
condition2_main,5,20260828,ISI,31,31,60,"lower:U[4,6]",5.561620235313133e-9,true,true,0.02999603536434333,LOCALLY_SOLVED,FEASIBLE_POINT,0.003395084
condition2_main,5,20260828,ISI,32,32,60,"lower:U[4,6]",2.740103812748226e-9,true,true,0.02999870811198712,LOCALLY_SOLVED,FEASIBLE_POINT,0.003479209
condition2_main,5,20260828,ISI,33,33,60,"lower:U[4,6]",1.2810994979779422e-9,true,true,0.02999241283640374,LOCALLY_SOLVED,FEASIBLE_POINT,0.003372209
condition2_main,5,20260828,ISI,34,34,60,"lower:U[4,6]",3.541720000739263e-9,true,true,0.029996391529726805,LOCALLY_SOLVED,FEASIBLE_POINT,0.003289625
condition2_main,5,20260828,ISI,35,35,60,"lower:U[4,6]",4.378657029331945e-9,true,true,0.02999994479966467,LOCALLY_SOLVED,FEASIBLE_POINT,0.003321958
condition2_main,5,20260828,ISI,36,36,60,"lower:U[4,6]",3.322477287763814e-9,true,true,0.02999264153518632,LOCALLY_SOLVED,FEASIBLE_POINT,0.003491
condition2_main,5,20260828,ISI,37,37,60,"lower:U[4,6]",4.639677083085502e-9,true,true,0.029969265853380306,LOCALLY_SOLVED,FEASIBLE_POINT,0.003525458
condition2_main,5,20260828,ISI,38,38,60,"lower:U[4,6]",5.777439836830101e-9,true,true,0.029983782069371346,LOCALLY_SOLVED,FEASIBLE_POINT,0.003299583
condition2_main,5,20260828,ISI,39,39,60,"lower:U[4,6]",5.692864215839012e-9,true,true,0.029936154661854602,LOCALLY_SOLVED,FEASIBLE_POINT,0.003431459
condition2_main,5,20260828,ISI,40,40,60,"lower:U[4,6]",5.883878962859247e-9,true,true,0.02999386373914634,LOCALLY_SOLVED,FEASIBLE_POINT,0.003500208
condition2_main,6,20260829,TAC,1,1,52,"lower:U[4,4]",4.684971749522688e-9,true,true,0.029989554309874572,LOCALLY_SOLVED,FEASIBLE_POINT,0.003390667
condition2_main,6,20260829,TAC,2,2,60,"lower:U[4,6]",5.366992539190271e-9,true,true,0.029999876674568233,LOCALLY_SOLVED,FEASIBLE_POINT,0.003339166
condition2_main,6,20260829,TAC,3,3,52,"lower:U[4,4]",5.096080476291952e-9,true,true,0.029999592968313775,LOCALLY_SOLVED,FEASIBLE_POINT,0.003442125
condition2_main,6,20260829,TAC,4,4,60,"lower:U[4,6]",4.9956097489835756e-9,true,true,0.029999950957145145,LOCALLY_SOLVED,FEASIBLE_POINT,0.003371333
condition2_main,6,20260829,TAC,5,5,60,"lower:U[4,6]",5.104219012743235e-9,true,true,0.029998215162294863,LOCALLY_SOLVED,FEASIBLE_POINT,0.003363875
condition2_main,6,20260829,TAC,6,6,60,"lower:U[4,6]",3.544308427680384e-9,true,true,0.029998053942848348,LOCALLY_SOLVED,FEASIBLE_POINT,0.003478917
condition2_main,6,20260829,TAC,7,7,60,"lower:U[4,6]",4.7051579174129796e-9,true,true,0.029977453024097794,LOCALLY_SOLVED,FEASIBLE_POINT,0.003505917
condition2_main,6,20260829,TAC,8,8,60,"lower:U[4,6]",1.8410164679463348e-9,true,true,0.029990793950789876,LOCALLY_SOLVED,FEASIBLE_POINT,0.003434125
condition2_main,6,20260829,TAC,9,9,60,"lower:U[4,6]",4.287829823662667e-9,true,true,0.029974848568790513,LOCALLY_SOLVED,FEASIBLE_POINT,0.003355166
condition2_main,6,20260829,TAC,10,10,60,"lower:U[4,6]",5.268547053080072e-9,true,true,0.029998657482606897,LOCALLY_SOLVED,FEASIBLE_POINT,0.003873875
condition2_main,6,20260829,TAC,11,11,60,"lower:U[4,6]",5.339180854953579e-9,true,true,0.029999895692431347,LOCALLY_SOLVED,FEASIBLE_POINT,0.00339725
condition2_main,6,20260829,TAC,12,12,60,"lower:U[4,6]",5.31273954337669e-9,true,true,0.02999852753379667,LOCALLY_SOLVED,FEASIBLE_POINT,0.003289292
condition2_main,6,20260829,TAC,13,13,52,"lower:U[4,4]",5.282883496088436e-9,true,true,0.02999529887056966,LOCALLY_SOLVED,FEASIBLE_POINT,0.003222667
condition2_main,6,20260829,TAC,14,14,60,"lower:U[4,6]",1.578330616320432e-9,true,true,0.029987998616600307,LOCALLY_SOLVED,FEASIBLE_POINT,0.003495667
condition2_main,6,20260829,TAC,15,15,60,"lower:U[4,6]",5.032519594361729e-9,true,true,0.02999767964893024,LOCALLY_SOLVED,FEASIBLE_POINT,0.003472875
condition2_main,6,20260829,TAC,16,16,60,"lower:U[4,6]",5.340066088161914e-9,true,true,0.029994831604488743,LOCALLY_SOLVED,FEASIBLE_POINT,0.003175333
condition2_main,6,20260829,TAC,17,17,60,"lower:U[4,6]",8.800936903996197e-10,true,true,0.02999836370070891,LOCALLY_SOLVED,FEASIBLE_POINT,0.003291167
condition2_main,6,20260829,TAC,18,18,60,"lower:U[4,6]",1.2527997766870026e-9,true,true,0.029980711434206518,LOCALLY_SOLVED,FEASIBLE_POINT,0.003396208
condition2_main,6,20260829,TAC,19,19,60,"lower:U[4,6]",5.116276598413995e-9,true,true,0.02999658583223055,LOCALLY_SOLVED,FEASIBLE_POINT,0.003446625
condition2_main,6,20260829,TAC,20,20,60,"lower:U[4,6]",5.361336378040001e-9,true,true,0.029998811147537063,LOCALLY_SOLVED,FEASIBLE_POINT,0.003747709
condition2_main,6,20260829,TAC,21,21,60,"lower:U[4,6]",5.0109439431925175e-9,true,true,0.029998006291476153,LOCALLY_SOLVED,FEASIBLE_POINT,0.003340333
condition2_main,6,20260829,TAC,22,22,60,"lower:U[4,6]",5.018601003830618e-9,true,true,0.029992463737174735,LOCALLY_SOLVED,FEASIBLE_POINT,0.0033845
condition2_main,6,20260829,TAC,23,23,60,"lower:U[4,6]",3.5715391981131903e-9,true,true,0.030000244403642393,LOCALLY_SOLVED,FEASIBLE_POINT,0.003430542
condition2_main,6,20260829,TAC,24,24,60,"lower:U[4,6]",4.170327549694823e-9,true,true,0.030000050426828205,LOCALLY_SOLVED,FEASIBLE_POINT,0.0033975
condition2_main,6,20260829,TAC,25,25,60,"lower:U[4,6]",3.6924765029109873e-9,true,true,0.029996903065956235,LOCALLY_SOLVED,FEASIBLE_POINT,0.003422666
condition2_main,6,20260829,TAC,26,26,60,"lower:U[4,6]",4.960927381182803e-9,true,true,0.030001149840713105,LOCALLY_SOLVED,FEASIBLE_POINT,0.0032905
condition2_main,6,20260829,TAC,27,27,60,"lower:U[4,6]",4.879611526274699e-9,true,true,0.0299994192624804,LOCALLY_SOLVED,FEASIBLE_POINT,0.003426042
condition2_main,6,20260829,TAC,28,28,60,"lower:U[4,6]",4.587631560689538e-9,true,true,0.029993300373376525,LOCALLY_SOLVED,FEASIBLE_POINT,0.003544334
condition2_main,6,20260829,TAC,29,29,60,"lower:U[4,6]",5.3284934760459735e-9,true,true,0.03000069755581967,LOCALLY_SOLVED,FEASIBLE_POINT,0.003463834
condition2_main,6,20260829,TAC,30,30,60,"lower:U[4,6]",5.632898674408259e-9,true,true,0.029991098010848177,LOCALLY_SOLVED,FEASIBLE_POINT,0.003332417
condition2_main,6,20260829,TAC,31,31,60,"lower:U[4,6]",3.311296938360486e-9,true,true,0.029985116711413677,LOCALLY_SOLVED,FEASIBLE_POINT,0.003391
condition2_main,6,20260829,TAC,32,32,60,"lower:U[4,6]",5.167669082223413e-9,true,true,0.029998728931298804,LOCALLY_SOLVED,FEASIBLE_POINT,0.003490292
condition2_main,6,20260829,TAC,33,33,60,"lower:U[4,6]",3.6519733189118903e-9,true,true,0.030001835984572567,LOCALLY_SOLVED,FEASIBLE_POINT,0.003162333
condition2_main,6,20260829,TAC,34,34,60,"lower:U[4,6]",1.7049633452234994e-9,true,true,0.02999684618816904,LOCALLY_SOLVED,FEASIBLE_POINT,0.003315959
condition2_main,6,20260829,TAC,35,35,60,"lower:U[4,6]",4.594626386116728e-9,true,true,0.02999346173720877,LOCALLY_SOLVED,FEASIBLE_POINT,0.003501916
condition2_main,6,20260829,TAC,36,36,60,"lower:U[4,6]",5.4081009426155124e-9,true,true,0.029995244701592816,LOCALLY_SOLVED,FEASIBLE_POINT,0.003429084
condition2_main,6,20260829,TAC,37,37,60,"lower:U[4,6]",3.5167034090676646e-9,true,true,0.02999675130857456,LOCALLY_SOLVED,FEASIBLE_POINT,0.003466083
condition2_main,6,20260829,TAC,38,38,60,"lower:U[4,6]",5.288094611076707e-9,true,true,0.029997180846934805,LOCALLY_SOLVED,FEASIBLE_POINT,0.003482917
condition2_main,6,20260829,TAC,39,39,60,"lower:U[4,6]",5.267324941618724e-9,true,true,0.030001511500992863,LOCALLY_SOLVED,FEASIBLE_POINT,0.003477834
condition2_main,6,20260829,TAC,40,40,60,"lower:U[4,6]",4.996240708742223e-9,true,true,0.02999802251644281,LOCALLY_SOLVED,FEASIBLE_POINT,0.003446333
condition2_main,6,20260829,TotEmiss,1,1,60,"lower:U[4,6]",3.6989066260613035e-9,true,true,0.02998289451981896,LOCALLY_SOLVED,FEASIBLE_POINT,0.003240167
condition2_main,6,20260829,TotEmiss,2,2,60,"lower:U[4,6]",4.540126348605339e-9,true,true,0.030000250335424583,LOCALLY_SOLVED,FEASIBLE_POINT,0.003384709
condition2_main,6,20260829,TotEmiss,3,3,60,"lower:U[4,6]",4.712049679373466e-9,true,true,0.029996897762408156,LOCALLY_SOLVED,FEASIBLE_POINT,0.003283084
condition2_main,6,20260829,TotEmiss,4,4,60,"lower:U[4,6]",4.5520645039817694e-9,true,true,0.029998186958187397,LOCALLY_SOLVED,FEASIBLE_POINT,0.003271375
condition2_main,6,20260829,TotEmiss,5,5,60,"lower:U[4,6]",4.809837511633729e-9,true,true,0.030001902658198593,LOCALLY_SOLVED,FEASIBLE_POINT,0.003321792
condition2_main,6,20260829,TotEmiss,6,6,60,"lower:U[4,6]",3.5672399698704133e-9,true,true,0.02999716879334834,LOCALLY_SOLVED,FEASIBLE_POINT,0.003599375
condition2_main,6,20260829,TotEmiss,7,7,60,"lower:U[4,6]",4.767879476962221e-9,true,true,0.030003345671113013,LOCALLY_SOLVED,FEASIBLE_POINT,0.00332725
condition2_main,6,20260829,TotEmiss,8,8,60,"lower:U[4,6]",3.7135901432609122e-9,true,true,0.029994103609815463,LOCALLY_SOLVED,FEASIBLE_POINT,0.003273542
condition2_main,6,20260829,TotEmiss,9,9,60,"lower:U[4,6]",4.5771339606904904e-9,true,true,0.029995384411036302,LOCALLY_SOLVED,FEASIBLE_POINT,0.003300667
condition2_main,6,20260829,TotEmiss,10,10,60,"lower:U[4,6]",5.4665260390738545e-9,true,true,0.029999303526422876,LOCALLY_SOLVED,FEASIBLE_POINT,0.003435166
condition2_main,6,20260829,TotEmiss,11,11,60,"lower:U[4,6]",5.273278029290716e-9,true,true,0.029999488089648387,LOCALLY_SOLVED,FEASIBLE_POINT,0.003488125
condition2_main,6,20260829,TotEmiss,12,12,60,"lower:U[4,6]",5.20831071314043e-9,true,true,0.029996473758380562,LOCALLY_SOLVED,FEASIBLE_POINT,0.003583125
condition2_main,6,20260829,TotEmiss,13,13,52,"lower:U[4,4]",4.682801854182889e-9,true,true,0.030000164194384723,LOCALLY_SOLVED,FEASIBLE_POINT,0.003384584
condition2_main,6,20260829,TotEmiss,14,14,60,"lower:U[4,6]",4.971378541724757e-9,true,true,0.029998651279417823,LOCALLY_SOLVED,FEASIBLE_POINT,0.003291625
condition2_main,6,20260829,TotEmiss,15,15,60,"lower:U[4,6]",4.711132797362163e-9,true,true,0.03000403896872359,LOCALLY_SOLVED,FEASIBLE_POINT,0.0033225
condition2_main,6,20260829,TotEmiss,16,16,60,"lower:U[4,6]",3.5453774136306424e-9,true,true,0.029988914313980472,LOCALLY_SOLVED,FEASIBLE_POINT,0.00341325
condition2_main,6,20260829,TotEmiss,17,17,60,"lower:U[4,6]",4.677357220407233e-9,true,true,0.02999888737706388,LOCALLY_SOLVED,FEASIBLE_POINT,0.003378208
condition2_main,6,20260829,TotEmiss,18,18,60,"lower:U[4,6]",4.840710632295194e-9,true,true,0.0300012495418534,LOCALLY_SOLVED,FEASIBLE_POINT,0.003291625
condition2_main,6,20260829,TotEmiss,19,19,60,"lower:U[4,6]",4.4551214717298195e-9,true,true,0.03000164280556518,LOCALLY_SOLVED,FEASIBLE_POINT,0.00331675
condition2_main,6,20260829,TotEmiss,20,20,60,"lower:U[4,6]",3.903974725912316e-9,true,true,0.029997070994050908,LOCALLY_SOLVED,FEASIBLE_POINT,0.003750667
condition2_main,6,20260829,TotEmiss,21,21,60,"lower:U[4,6]",4.892651103121612e-9,true,true,0.030003130601630117,LOCALLY_SOLVED,FEASIBLE_POINT,0.003368917
condition2_main,6,20260829,TotEmiss,22,22,60,"lower:U[4,6]",3.069858062921276e-9,true,true,0.029995394813315857,LOCALLY_SOLVED,FEASIBLE_POINT,0.003424958
condition2_main,6,20260829,TotEmiss,23,23,60,"lower:U[4,6]",3.136095557651905e-9,true,true,0.029996410412189114,LOCALLY_SOLVED,FEASIBLE_POINT,0.003259417
condition2_main,6,20260829,TotEmiss,24,24,60,"lower:U[4,6]",4.257296164636713e-9,true,true,0.029999219346697515,LOCALLY_SOLVED,FEASIBLE_POINT,0.003407167
condition2_main,6,20260829,TotEmiss,25,25,60,"lower:U[4,6]",4.082671667581226e-9,true,true,0.029999910575718602,LOCALLY_SOLVED,FEASIBLE_POINT,0.003327875
condition2_main,6,20260829,TotEmiss,26,26,60,"lower:U[4,6]",2.958502179731477e-9,true,true,0.030000098672189543,LOCALLY_SOLVED,FEASIBLE_POINT,0.003322667
condition2_main,6,20260829,TotEmiss,27,27,60,"lower:U[4,6]",3.4326558608773547e-9,true,true,0.029990776442437115,LOCALLY_SOLVED,FEASIBLE_POINT,0.00349825
condition2_main,6,20260829,TotEmiss,28,28,60,"lower:U[4,6]",5.022151395765941e-9,true,true,0.029993224069370106,LOCALLY_SOLVED,FEASIBLE_POINT,0.003390792
condition2_main,6,20260829,TotEmiss,29,29,60,"lower:U[4,6]",1.4652942799559022e-9,true,true,0.0299872433740438,LOCALLY_SOLVED,FEASIBLE_POINT,0.0032975
condition2_main,6,20260829,TotEmiss,30,30,60,"lower:U[4,6]",4.599687135639377e-9,true,true,0.03000042537306083,LOCALLY_SOLVED,FEASIBLE_POINT,0.003320042
condition2_main,6,20260829,TotEmiss,31,31,60,"lower:U[4,6]",2.5403637577908205e-9,true,true,0.0299936005398221,LOCALLY_SOLVED,FEASIBLE_POINT,0.003474584
condition2_main,6,20260829,TotEmiss,32,32,60,"lower:U[4,6]",4.4682220078798014e-9,true,true,0.029993527690181133,LOCALLY_SOLVED,FEASIBLE_POINT,0.003325334
condition2_main,6,20260829,TotEmiss,33,33,60,"lower:U[4,6]",-1.0104025446592328e-10,true,true,0.02999750934505643,LOCALLY_SOLVED,FEASIBLE_POINT,0.003300209
condition2_main,6,20260829,TotEmiss,34,34,60,"lower:U[4,6]",2.019528088480354e-9,true,true,0.029997630111040906,LOCALLY_SOLVED,FEASIBLE_POINT,0.003314792
condition2_main,6,20260829,TotEmiss,35,35,60,"lower:U[4,6]",3.937841040204401e-9,true,true,0.02998987229060483,LOCALLY_SOLVED,FEASIBLE_POINT,0.003507875
condition2_main,6,20260829,TotEmiss,36,36,60,"lower:U[4,6]",5.091364248187222e-9,true,true,0.029999156820497804,LOCALLY_SOLVED,FEASIBLE_POINT,0.003396166
condition2_main,6,20260829,TotEmiss,37,37,60,"lower:U[4,6]",4.733109349651353e-9,true,true,0.030001279285894532,LOCALLY_SOLVED,FEASIBLE_POINT,0.003304417
condition2_main,6,20260829,TotEmiss,38,38,60,"lower:U[4,6]",4.48866889604837e-9,true,true,0.029999422496468385,LOCALLY_SOLVED,FEASIBLE_POINT,0.00336225
condition2_main,6,20260829,TotEmiss,39,39,60,"lower:U[4,6]",1.428263542628942e-9,true,true,0.029996086315964645,LOCALLY_SOLVED,FEASIBLE_POINT,0.003529042
condition2_main,6,20260829,TotEmiss,40,40,60,"lower:U[4,6]",3.812567100903379e-9,true,true,0.02999048338333809,LOCALLY_SOLVED,FEASIBLE_POINT,0.003377959
condition2_main,6,20260829,ISI,1,1,60,"lower:U[4,6]",4.484149078360557e-9,true,true,0.029991389097365345,LOCALLY_SOLVED,FEASIBLE_POINT,0.003229292
condition2_main,6,20260829,ISI,2,2,52,"lower:U[4,4]",4.586229960187054e-9,true,true,0.02998826060606767,LOCALLY_SOLVED,FEASIBLE_POINT,0.0034625
condition2_main,6,20260829,ISI,3,3,60,"lower:U[4,6]",5.530601890642099e-9,true,true,0.029991819545245338,LOCALLY_SOLVED,FEASIBLE_POINT,0.003410708
condition2_main,6,20260829,ISI,4,4,60,"lower:U[4,6]",3.22155278846224e-9,true,true,0.029985929364051454,LOCALLY_SOLVED,FEASIBLE_POINT,0.003449083
condition2_main,6,20260829,ISI,5,5,60,"lower:U[4,6]",5.363557148005544e-9,true,true,0.02997915053705586,LOCALLY_SOLVED,FEASIBLE_POINT,0.003372834
condition2_main,6,20260829,ISI,6,6,60,"lower:U[4,6]",5.603220706329549e-9,true,true,0.029946411937852205,LOCALLY_SOLVED,FEASIBLE_POINT,0.003410709
condition2_main,6,20260829,ISI,7,7,60,"lower:U[4,6]",5.959987526984546e-9,true,true,0.02997431984608384,LOCALLY_SOLVED,FEASIBLE_POINT,0.003361792
condition2_main,6,20260829,ISI,8,8,52,"lower:U[4,4]",5.664597801765945e-9,true,true,0.029995824934678738,LOCALLY_SOLVED,FEASIBLE_POINT,0.0036355
condition2_main,6,20260829,ISI,9,9,52,"lower:U[4,4]",5.582392891604005e-9,true,true,0.029955758687981875,LOCALLY_SOLVED,FEASIBLE_POINT,0.003374708
condition2_main,6,20260829,ISI,10,10,60,"lower:U[4,6]",5.6617462029408205e-9,true,true,0.029980168080808594,LOCALLY_SOLVED,FEASIBLE_POINT,0.003314625
condition2_main,6,20260829,ISI,11,11,60,"lower:U[4,6]",5.610502258903674e-9,true,true,0.029970844867425975,LOCALLY_SOLVED,FEASIBLE_POINT,0.003282083
condition2_main,6,20260829,ISI,12,12,60,"lower:U[4,6]",5.747104115043438e-9,true,true,0.02998808059994765,LOCALLY_SOLVED,FEASIBLE_POINT,0.00352325
condition2_main,6,20260829,ISI,13,13,60,"lower:U[4,6]",5.726547748610184e-9,true,true,0.02995977886553103,LOCALLY_SOLVED,FEASIBLE_POINT,0.003611834
condition2_main,6,20260829,ISI,14,14,60,"lower:U[4,6]",5.921566234326958e-9,true,true,0.02999278806778074,LOCALLY_SOLVED,FEASIBLE_POINT,0.003476584
condition2_main,6,20260829,ISI,15,15,60,"lower:U[4,6]",5.197952058893112e-9,true,true,0.029996766442199934,LOCALLY_SOLVED,FEASIBLE_POINT,0.003548333
condition2_main,6,20260829,ISI,16,16,60,"lower:U[4,6]",4.529514352126917e-9,true,true,0.029976762649045,LOCALLY_SOLVED,FEASIBLE_POINT,0.003474375
condition2_main,6,20260829,ISI,17,17,60,"lower:U[4,6]",5.767308641287845e-9,true,true,0.030001064549233795,LOCALLY_SOLVED,FEASIBLE_POINT,0.0033065
condition2_main,6,20260829,ISI,18,18,60,"lower:U[4,6]",4.5453440445173534e-9,true,true,0.029985429618115844,LOCALLY_SOLVED,FEASIBLE_POINT,0.0033055
condition2_main,6,20260829,ISI,19,19,60,"lower:U[4,6]",4.826923614835595e-10,true,true,0.029964122610233377,LOCALLY_SOLVED,FEASIBLE_POINT,0.003570875
condition2_main,6,20260829,ISI,20,20,60,"lower:U[4,6]",5.306332025982575e-9,true,true,0.02995608633694248,LOCALLY_SOLVED,FEASIBLE_POINT,0.003578
condition2_main,6,20260829,ISI,21,21,60,"lower:U[4,6]",5.821734969681337e-9,true,true,0.02993072853355939,LOCALLY_SOLVED,FEASIBLE_POINT,0.003445125
condition2_main,6,20260829,ISI,22,22,60,"lower:U[4,6]",5.7594074700724314e-9,true,true,0.02999299476526453,LOCALLY_SOLVED,FEASIBLE_POINT,0.003494375
condition2_main,6,20260829,ISI,23,23,60,"lower:U[4,6]",5.629938043794146e-9,true,true,0.02997781644707061,LOCALLY_SOLVED,FEASIBLE_POINT,0.003676833
condition2_main,6,20260829,ISI,24,24,60,"lower:U[4,6]",5.826495260560401e-9,true,true,0.0299923739016609,LOCALLY_SOLVED,FEASIBLE_POINT,0.003477792
condition2_main,6,20260829,ISI,25,25,52,"lower:U[4,4]",5.805663897994418e-9,true,true,0.02998610831036745,LOCALLY_SOLVED,FEASIBLE_POINT,0.00339225
condition2_main,6,20260829,ISI,26,26,60,"lower:U[4,6]",5.823045578159623e-9,true,true,0.029998642339707008,LOCALLY_SOLVED,FEASIBLE_POINT,0.003454125
condition2_main,6,20260829,ISI,27,27,60,"lower:U[4,6]",5.621600028091417e-9,true,true,0.029985803189496955,LOCALLY_SOLVED,FEASIBLE_POINT,0.003531208
condition2_main,6,20260829,ISI,28,28,60,"lower:U[4,6]",5.749940923596212e-9,true,true,0.02998679857243159,LOCALLY_SOLVED,FEASIBLE_POINT,0.003481541
condition2_main,6,20260829,ISI,29,29,52,"lower:U[4,4]",5.80487906683031e-9,true,true,0.029997166692686306,LOCALLY_SOLVED,FEASIBLE_POINT,0.0032895
condition2_main,6,20260829,ISI,30,30,60,"lower:U[4,6]",3.5125138934911957e-9,true,true,0.029970553035470717,LOCALLY_SOLVED,FEASIBLE_POINT,0.003285375
condition2_main,6,20260829,ISI,31,31,60,"lower:U[4,6]",5.731177871844094e-9,true,true,0.0299878959063231,LOCALLY_SOLVED,FEASIBLE_POINT,0.003516584
condition2_main,6,20260829,ISI,32,32,60,"lower:U[4,6]",5.773278639752474e-9,true,true,0.029979276303171817,LOCALLY_SOLVED,FEASIBLE_POINT,0.003331084
condition2_main,6,20260829,ISI,33,33,60,"lower:U[4,6]",5.735106957011363e-9,true,true,0.02999319989054724,LOCALLY_SOLVED,FEASIBLE_POINT,0.003564292
condition2_main,6,20260829,ISI,34,34,60,"lower:U[4,6]",3.147755257485412e-9,true,true,0.029997071606876917,LOCALLY_SOLVED,FEASIBLE_POINT,0.003359
condition2_main,6,20260829,ISI,35,35,60,"lower:U[4,6]",3.747296981942505e-9,true,true,0.029995880677893747,LOCALLY_SOLVED,FEASIBLE_POINT,0.003273208
condition2_main,6,20260829,ISI,36,36,60,"lower:U[4,6]",3.957475025875753e-9,true,true,0.02997643733598371,LOCALLY_SOLVED,FEASIBLE_POINT,0.003322
condition2_main,6,20260829,ISI,37,37,60,"lower:U[4,6]",5.5385313723900565e-9,true,true,0.02999540757544862,LOCALLY_SOLVED,FEASIBLE_POINT,0.003585917
condition2_main,6,20260829,ISI,38,38,60,"lower:U[4,6]",5.488170539921418e-9,true,true,0.029997022075334178,LOCALLY_SOLVED,FEASIBLE_POINT,0.003399709
condition2_main,6,20260829,ISI,39,39,60,"lower:U[4,6]",4.56310458350192e-9,true,true,0.02998622369769331,LOCALLY_SOLVED,FEASIBLE_POINT,0.003313917
condition2_main,6,20260829,ISI,40,40,60,"lower:U[4,6]",5.607228225814996e-9,true,true,0.02999522868360202,LOCALLY_SOLVED,FEASIBLE_POINT,0.003356125
condition2_main,7,20260830,TAC,1,1,52,"lower:U[4,4]",4.684971749522688e-9,true,true,0.029990820996610927,LOCALLY_SOLVED,FEASIBLE_POINT,0.003327417
condition2_main,7,20260830,TAC,2,2,60,"lower:U[4,6]",5.100779971631277e-9,true,true,0.029999714123208055,LOCALLY_SOLVED,FEASIBLE_POINT,0.003315
condition2_main,7,20260830,TAC,3,3,60,"lower:U[4,6]",5.08432265150227e-9,true,true,0.03000131054592205,LOCALLY_SOLVED,FEASIBLE_POINT,0.003559375
condition2_main,7,20260830,TAC,4,4,60,"lower:U[4,6]",5.166589213996566e-9,true,true,0.02999872110311617,LOCALLY_SOLVED,FEASIBLE_POINT,0.003436542
condition2_main,7,20260830,TAC,5,5,60,"lower:U[4,6]",3.828048668540938e-9,true,true,0.030000506554558177,LOCALLY_SOLVED,FEASIBLE_POINT,0.003198875
condition2_main,7,20260830,TAC,6,6,60,"lower:U[4,6]",1.4054199330910666e-9,true,true,0.029993866288897268,LOCALLY_SOLVED,FEASIBLE_POINT,0.003416667
condition2_main,7,20260830,TAC,7,7,60,"lower:U[4,6]",5.317293091470298e-9,true,true,0.02999512402592192,LOCALLY_SOLVED,FEASIBLE_POINT,0.003500542
condition2_main,7,20260830,TAC,8,8,60,"lower:U[4,6]",5.211295660224505e-9,true,true,0.02999784265178392,LOCALLY_SOLVED,FEASIBLE_POINT,0.003564708
condition2_main,7,20260830,TAC,9,9,60,"lower:U[4,6]",5.436635558702687e-9,true,true,0.030000218791822377,LOCALLY_SOLVED,FEASIBLE_POINT,0.003384166
condition2_main,7,20260830,TAC,10,10,60,"lower:U[4,6]",5.166921120513859e-9,true,true,0.029997742766758057,LOCALLY_SOLVED,FEASIBLE_POINT,0.003672375
condition2_main,7,20260830,TAC,11,11,60,"lower:U[4,6]",5.7381086997411294e-9,true,true,0.029996904384735505,LOCALLY_SOLVED,FEASIBLE_POINT,0.003566583
condition2_main,7,20260830,TAC,12,12,60,"lower:U[4,6]",5.49477019130667e-9,true,true,0.02999957940251026,LOCALLY_SOLVED,FEASIBLE_POINT,0.0034755
condition2_main,7,20260830,TAC,13,13,60,"lower:U[4,6]",5.745027122704233e-9,true,true,0.0300007121074647,LOCALLY_SOLVED,FEASIBLE_POINT,0.003187917
condition2_main,7,20260830,TAC,14,14,52,"lower:U[4,4]",5.2096063980991235e-9,true,true,0.02999252046638322,LOCALLY_SOLVED,FEASIBLE_POINT,0.003218291
condition2_main,7,20260830,TAC,15,15,60,"lower:U[4,6]",3.0471716493221743e-9,true,true,0.02999604359336492,LOCALLY_SOLVED,FEASIBLE_POINT,0.003495834
condition2_main,7,20260830,TAC,16,16,60,"lower:U[4,6]",3.3156541519986813e-9,true,true,0.029997566302442664,LOCALLY_SOLVED,FEASIBLE_POINT,0.003342167
condition2_main,7,20260830,TAC,17,17,60,"lower:U[4,6]",4.5068143326082495e-9,true,true,0.029999179173255376,LOCALLY_SOLVED,FEASIBLE_POINT,0.003283125
condition2_main,7,20260830,TAC,18,18,60,"lower:U[4,6]",4.605851082709483e-9,true,true,0.02999588279622879,LOCALLY_SOLVED,FEASIBLE_POINT,0.003195958
condition2_main,7,20260830,TAC,19,19,60,"lower:U[4,6]",1.5380054554334818e-9,true,true,0.02999564044010828,LOCALLY_SOLVED,FEASIBLE_POINT,0.003452375
condition2_main,7,20260830,TAC,20,20,60,"lower:U[4,6]",2.8182200566318046e-9,true,true,0.029997051095546106,LOCALLY_SOLVED,FEASIBLE_POINT,0.00331125
condition2_main,7,20260830,TAC,21,21,60,"lower:U[4,6]",4.28420621252256e-9,true,true,0.029982095661929536,LOCALLY_SOLVED,FEASIBLE_POINT,0.003480625
condition2_main,7,20260830,TAC,22,22,60,"lower:U[4,6]",2.0140565454222862e-9,true,true,0.029994189889842895,LOCALLY_SOLVED,FEASIBLE_POINT,0.003303334
condition2_main,7,20260830,TAC,23,23,60,"lower:U[4,6]",4.666706529303845e-9,true,true,0.029998360261396833,LOCALLY_SOLVED,FEASIBLE_POINT,0.003399125
condition2_main,7,20260830,TAC,24,24,60,"lower:U[4,6]",4.687757311159701e-9,true,true,0.029974627761957157,LOCALLY_SOLVED,FEASIBLE_POINT,0.003523916
condition2_main,7,20260830,TAC,25,25,60,"lower:U[4,6]",5.813698546370334e-9,true,true,0.03000214653074933,LOCALLY_SOLVED,FEASIBLE_POINT,0.003558625
condition2_main,7,20260830,TAC,26,26,60,"lower:U[4,6]",4.927613687186747e-9,true,true,0.029992784737901165,LOCALLY_SOLVED,FEASIBLE_POINT,0.0033885
condition2_main,7,20260830,TAC,27,27,60,"lower:U[4,6]",5.371721150030809e-9,true,true,0.02998931295699515,LOCALLY_SOLVED,FEASIBLE_POINT,0.003557708
condition2_main,7,20260830,TAC,28,28,52,"lower:U[4,4]",4.9383774586846955e-9,true,true,0.03000234512008309,LOCALLY_SOLVED,FEASIBLE_POINT,0.003275292
condition2_main,7,20260830,TAC,29,29,60,"lower:U[4,6]",3.899095570196373e-9,true,true,0.0299951673747651,LOCALLY_SOLVED,FEASIBLE_POINT,0.003592625
condition2_main,7,20260830,TAC,30,30,60,"lower:U[4,6]",5.904702747384757e-9,true,true,0.029999383804790492,LOCALLY_SOLVED,FEASIBLE_POINT,0.003184625
condition2_main,7,20260830,TAC,31,31,60,"lower:U[4,6]",5.1734839512271975e-9,true,true,0.02999778632942345,LOCALLY_SOLVED,FEASIBLE_POINT,0.003289167
condition2_main,7,20260830,TAC,32,32,52,"lower:U[4,4]",5.353982556012536e-9,true,true,0.02998816401890825,LOCALLY_SOLVED,FEASIBLE_POINT,0.003256833
condition2_main,7,20260830,TAC,33,33,60,"lower:U[4,6]",3.519907000270374e-9,true,true,0.02999519468187925,LOCALLY_SOLVED,FEASIBLE_POINT,0.003474375
condition2_main,7,20260830,TAC,34,34,60,"lower:U[4,6]",4.453832868279494e-9,true,true,0.02999691898794371,LOCALLY_SOLVED,FEASIBLE_POINT,0.003455042
condition2_main,7,20260830,TAC,35,35,60,"lower:U[4,6]",5.37352155567763e-9,true,true,0.029994917696362623,LOCALLY_SOLVED,FEASIBLE_POINT,0.003357292
condition2_main,7,20260830,TAC,36,36,60,"lower:U[4,6]",5.38619790387112e-9,true,true,0.02999894777618372,LOCALLY_SOLVED,FEASIBLE_POINT,0.003503416
condition2_main,7,20260830,TAC,37,37,52,"lower:U[4,4]",5.302889326946188e-9,true,true,0.029998595230547768,LOCALLY_SOLVED,FEASIBLE_POINT,0.003426708
condition2_main,7,20260830,TAC,38,38,60,"lower:U[4,6]",4.846827644987131e-9,true,true,0.02999977519624283,LOCALLY_SOLVED,FEASIBLE_POINT,0.00329475
condition2_main,7,20260830,TAC,39,39,60,"lower:U[4,6]",4.597713921676855e-9,true,true,0.029998501109005222,LOCALLY_SOLVED,FEASIBLE_POINT,0.003328167
condition2_main,7,20260830,TAC,40,40,60,"lower:U[4,6]",4.96784007826765e-9,true,true,0.02999888709669594,LOCALLY_SOLVED,FEASIBLE_POINT,0.003510125
condition2_main,7,20260830,TotEmiss,1,1,60,"lower:U[4,6]",3.6989066260613035e-9,true,true,0.029980029758901888,LOCALLY_SOLVED,FEASIBLE_POINT,0.003181084
condition2_main,7,20260830,TotEmiss,2,2,60,"lower:U[4,6]",4.072526381463004e-9,true,true,0.029975395647480346,LOCALLY_SOLVED,FEASIBLE_POINT,0.003327666
condition2_main,7,20260830,TotEmiss,3,3,60,"lower:U[4,6]",9.730235766856058e-10,true,true,0.029985240583712325,LOCALLY_SOLVED,FEASIBLE_POINT,0.003519416
condition2_main,7,20260830,TotEmiss,4,4,60,"lower:U[4,6]",6.079224621810101e-10,true,true,0.02998732669748347,LOCALLY_SOLVED,FEASIBLE_POINT,0.003381834
condition2_main,7,20260830,TotEmiss,5,5,60,"lower:U[4,6]",4.100266540062042e-9,true,true,0.029999692385132663,LOCALLY_SOLVED,FEASIBLE_POINT,0.003305542
condition2_main,7,20260830,TotEmiss,6,6,60,"lower:U[4,6]",3.193194428066489e-9,true,true,0.029999513807164008,LOCALLY_SOLVED,FEASIBLE_POINT,0.003297125
condition2_main,7,20260830,TotEmiss,7,7,60,"lower:U[4,6]",3.872175452870832e-9,true,true,0.029998452701748293,LOCALLY_SOLVED,FEASIBLE_POINT,0.003482875
condition2_main,7,20260830,TotEmiss,8,8,60,"lower:U[4,6]",4.132102956933022e-9,true,true,0.02999159843691166,LOCALLY_SOLVED,FEASIBLE_POINT,0.003320875
condition2_main,7,20260830,TotEmiss,9,9,60,"lower:U[4,6]",5.001882651624229e-9,true,true,0.02999454516201367,LOCALLY_SOLVED,FEASIBLE_POINT,0.003270083
condition2_main,7,20260830,TotEmiss,10,10,60,"lower:U[4,6]",7.283032603643223e-10,true,true,0.029993723570665445,LOCALLY_SOLVED,FEASIBLE_POINT,0.003789083
condition2_main,7,20260830,TotEmiss,11,11,60,"lower:U[4,6]",1.0020000520116922e-9,true,true,0.029994645573406243,LOCALLY_SOLVED,FEASIBLE_POINT,0.0033855
condition2_main,7,20260830,TotEmiss,12,12,60,"lower:U[4,6]",3.5353570731491263e-9,true,true,0.02999695028535598,LOCALLY_SOLVED,FEASIBLE_POINT,0.003394584
condition2_main,7,20260830,TotEmiss,13,13,60,"lower:U[4,6]",4.9486272137583e-9,true,true,0.02998826117787896,LOCALLY_SOLVED,FEASIBLE_POINT,0.003427917
condition2_main,7,20260830,TotEmiss,14,14,60,"lower:U[4,6]",5.502228707151884e-9,true,true,0.029998145993624815,LOCALLY_SOLVED,FEASIBLE_POINT,0.003576375
condition2_main,7,20260830,TotEmiss,15,15,60,"lower:U[4,6]",5.14307884083015e-9,true,true,0.0299966475711921,LOCALLY_SOLVED,FEASIBLE_POINT,0.00352
condition2_main,7,20260830,TotEmiss,16,16,52,"lower:U[4,4]",5.227983140418533e-9,true,true,0.030001855948976797,LOCALLY_SOLVED,FEASIBLE_POINT,0.003394834
condition2_main,7,20260830,TotEmiss,17,17,60,"lower:U[4,6]",2.274173752856509e-9,true,true,0.02999809699614272,LOCALLY_SOLVED,FEASIBLE_POINT,0.003586625
condition2_main,7,20260830,TotEmiss,18,18,60,"lower:U[4,6]",1.8690971956921104e-9,true,true,0.029990910364221364,LOCALLY_SOLVED,FEASIBLE_POINT,0.003376959
condition2_main,7,20260830,TotEmiss,19,19,60,"lower:U[4,6]",4.067310410136818e-9,true,true,0.030000188618019646,LOCALLY_SOLVED,FEASIBLE_POINT,0.003319042
condition2_main,7,20260830,TotEmiss,20,20,60,"lower:U[4,6]",3.9574865162254065e-9,true,true,0.030000134415943958,LOCALLY_SOLVED,FEASIBLE_POINT,0.003253208
condition2_main,7,20260830,TotEmiss,21,21,60,"lower:U[4,6]",3.930676375198892e-9,true,true,0.030000822082913298,LOCALLY_SOLVED,FEASIBLE_POINT,0.00338475
condition2_main,7,20260830,TotEmiss,22,22,60,"lower:U[4,6]",3.3589358369172935e-9,true,true,0.029990493481626492,LOCALLY_SOLVED,FEASIBLE_POINT,0.003401334
condition2_main,7,20260830,TotEmiss,23,23,60,"lower:U[4,6]",5.025371590304641e-9,true,true,0.029998069095245113,LOCALLY_SOLVED,FEASIBLE_POINT,0.003394333
condition2_main,7,20260830,TotEmiss,24,24,60,"lower:U[4,6]",5.129824291753845e-9,true,true,0.03000368457136798,LOCALLY_SOLVED,FEASIBLE_POINT,0.003455666
condition2_main,7,20260830,TotEmiss,25,25,60,"lower:U[4,6]",4.0733202715961305e-9,true,true,0.029999588023314722,LOCALLY_SOLVED,FEASIBLE_POINT,0.003370916
condition2_main,7,20260830,TotEmiss,26,26,60,"lower:U[4,6]",4.3453677940936425e-9,true,true,0.030001753210427088,LOCALLY_SOLVED,FEASIBLE_POINT,0.003305083
condition2_main,7,20260830,TotEmiss,27,27,60,"lower:U[4,6]",3.0622712194909548e-9,true,true,0.029997098757596995,LOCALLY_SOLVED,FEASIBLE_POINT,0.0032935
condition2_main,7,20260830,TotEmiss,28,28,60,"lower:U[4,6]",4.329420273885276e-9,true,true,0.029994161101764345,LOCALLY_SOLVED,FEASIBLE_POINT,0.0035615
condition2_main,7,20260830,TotEmiss,29,29,60,"lower:U[4,6]",3.804383984642851e-9,true,true,0.029984997353634895,LOCALLY_SOLVED,FEASIBLE_POINT,0.00347175
condition2_main,7,20260830,TotEmiss,30,30,60,"lower:U[4,6]",5.174760295473143e-9,true,true,0.030000741273690342,LOCALLY_SOLVED,FEASIBLE_POINT,0.003295375
condition2_main,7,20260830,TotEmiss,31,31,60,"lower:U[4,6]",4.828964219684723e-9,true,true,0.03000078900692395,LOCALLY_SOLVED,FEASIBLE_POINT,0.003305875
condition2_main,7,20260830,TotEmiss,32,32,60,"lower:U[4,6]",4.692394121154558e-9,true,true,0.030001642065827963,LOCALLY_SOLVED,FEASIBLE_POINT,0.003429084
condition2_main,7,20260830,TotEmiss,33,33,60,"lower:U[4,6]",3.906099765794629e-9,true,true,0.02999907219343473,LOCALLY_SOLVED,FEASIBLE_POINT,0.003312916
condition2_main,7,20260830,TotEmiss,34,34,60,"lower:U[4,6]",1.03436850439891e-9,true,true,0.02999568709415193,LOCALLY_SOLVED,FEASIBLE_POINT,0.003393
condition2_main,7,20260830,TotEmiss,35,35,60,"lower:U[4,6]",2.515628315137182e-9,true,true,0.029997409652236337,LOCALLY_SOLVED,FEASIBLE_POINT,0.003475875
condition2_main,7,20260830,TotEmiss,36,36,60,"lower:U[4,6]",4.449487797437031e-9,true,true,0.02998522850876999,LOCALLY_SOLVED,FEASIBLE_POINT,0.003660292
condition2_main,7,20260830,TotEmiss,37,37,60,"lower:U[4,6]",5.7794720286457e-9,true,true,0.029999956154261046,LOCALLY_SOLVED,FEASIBLE_POINT,0.003381542
condition2_main,7,20260830,TotEmiss,38,38,60,"lower:U[4,6]",4.9362136121369405e-9,true,true,0.02999987383900371,LOCALLY_SOLVED,FEASIBLE_POINT,0.003307083
condition2_main,7,20260830,TotEmiss,39,39,60,"lower:U[4,6]",4.939487596418373e-9,true,true,0.02999932942350279,LOCALLY_SOLVED,FEASIBLE_POINT,0.003323708
condition2_main,7,20260830,TotEmiss,40,40,60,"lower:U[4,6]",5.102147945986897e-9,true,true,0.030001644183917816,LOCALLY_SOLVED,FEASIBLE_POINT,0.003484792
condition2_main,7,20260830,ISI,1,1,60,"lower:U[4,6]",4.484149078360557e-9,true,true,0.029953753051136445,LOCALLY_SOLVED,FEASIBLE_POINT,0.00333675
condition2_main,7,20260830,ISI,2,2,60,"lower:U[4,6]",5.669189374464207e-9,true,true,0.029988158835114954,LOCALLY_SOLVED,FEASIBLE_POINT,0.003283291
condition2_main,7,20260830,ISI,3,3,60,"lower:U[4,6]",5.535270262239742e-9,true,true,0.029990960653785936,LOCALLY_SOLVED,FEASIBLE_POINT,0.003449292
condition2_main,7,20260830,ISI,4,4,60,"lower:U[4,6]",5.524306184806108e-9,true,true,0.029993043860131758,LOCALLY_SOLVED,FEASIBLE_POINT,0.003345
condition2_main,7,20260830,ISI,5,5,60,"lower:U[4,6]",5.544806336563154e-9,true,true,0.029998668955590158,LOCALLY_SOLVED,FEASIBLE_POINT,0.003347625
condition2_main,7,20260830,ISI,6,6,52,"lower:U[4,4]",4.8893429342878375e-9,true,true,0.029979228350033457,LOCALLY_SOLVED,FEASIBLE_POINT,0.003493334
condition2_main,7,20260830,ISI,7,7,60,"lower:U[4,6]",5.526690825906007e-9,true,true,0.02998770133946163,LOCALLY_SOLVED,FEASIBLE_POINT,0.003463458
condition2_main,7,20260830,ISI,8,8,60,"lower:U[4,6]",4.443628797574496e-9,true,true,0.029972243852954238,LOCALLY_SOLVED,FEASIBLE_POINT,0.00339425
condition2_main,7,20260830,ISI,9,9,60,"lower:U[4,6]",5.601270076199443e-9,true,true,0.029976725391079727,LOCALLY_SOLVED,FEASIBLE_POINT,0.003408
condition2_main,7,20260830,ISI,10,10,60,"lower:U[4,6]",5.6482471249362005e-9,true,true,0.029988552963611064,LOCALLY_SOLVED,FEASIBLE_POINT,0.003316625
condition2_main,7,20260830,ISI,11,11,60,"lower:U[4,6]",5.483126211350212e-9,true,true,0.02999023788020128,LOCALLY_SOLVED,FEASIBLE_POINT,0.003323333
condition2_main,7,20260830,ISI,12,12,60,"lower:U[4,6]",4.247077016854164e-9,true,true,0.029999392870404068,LOCALLY_SOLVED,FEASIBLE_POINT,0.003277792
condition2_main,7,20260830,ISI,13,13,60,"lower:U[4,6]",3.828809001031768e-9,true,true,0.029988221760099857,LOCALLY_SOLVED,FEASIBLE_POINT,0.003357416
condition2_main,7,20260830,ISI,14,14,60,"lower:U[4,6]",5.18275473921037e-9,true,true,0.02998399456091032,LOCALLY_SOLVED,FEASIBLE_POINT,0.003285041
condition2_main,7,20260830,ISI,15,15,60,"lower:U[4,6]",5.525417496165955e-9,true,true,0.029995816695918595,LOCALLY_SOLVED,FEASIBLE_POINT,0.003309083
condition2_main,7,20260830,ISI,16,16,60,"lower:U[4,6]",5.308469335316596e-9,true,true,0.02999520695061738,LOCALLY_SOLVED,FEASIBLE_POINT,0.00332925
condition2_main,7,20260830,ISI,17,17,60,"lower:U[4,6]",5.344403636261857e-9,true,true,0.029975199217105123,LOCALLY_SOLVED,FEASIBLE_POINT,0.00341225
condition2_main,7,20260830,ISI,18,18,60,"lower:U[4,6]",5.636210267992197e-9,true,true,0.0299866848794371,LOCALLY_SOLVED,FEASIBLE_POINT,0.003350083
condition2_main,7,20260830,ISI,19,19,52,"lower:U[4,4]",5.621580090439967e-9,true,true,0.029992033020859152,LOCALLY_SOLVED,FEASIBLE_POINT,0.003329375
condition2_main,7,20260830,ISI,20,20,60,"lower:U[4,6]",2.203334594968238e-9,true,true,0.029994108355788435,LOCALLY_SOLVED,FEASIBLE_POINT,0.003599
condition2_main,7,20260830,ISI,21,21,60,"lower:U[4,6]",3.966649488701718e-9,true,true,0.02992019981644298,LOCALLY_SOLVED,FEASIBLE_POINT,0.003419792
condition2_main,7,20260830,ISI,22,22,60,"lower:U[4,6]",5.637264823937148e-9,true,true,0.029981799700141944,LOCALLY_SOLVED,FEASIBLE_POINT,0.003352875
condition2_main,7,20260830,ISI,23,23,52,"lower:U[4,4]",5.668317928082162e-9,true,true,0.029995771064243212,LOCALLY_SOLVED,FEASIBLE_POINT,0.003356875
condition2_main,7,20260830,ISI,24,24,60,"lower:U[4,6]",5.146320813061946e-9,true,true,0.029998031201627282,LOCALLY_SOLVED,FEASIBLE_POINT,0.003481875
condition2_main,7,20260830,ISI,25,25,60,"lower:U[4,6]",3.9589397845870526e-9,true,true,0.029965134819622534,LOCALLY_SOLVED,FEASIBLE_POINT,0.003541416
condition2_main,7,20260830,ISI,26,26,60,"lower:U[4,6]",5.769203781900297e-9,true,true,0.02996695005309286,LOCALLY_SOLVED,FEASIBLE_POINT,0.003400333
condition2_main,7,20260830,ISI,27,27,60,"lower:U[4,6]",5.818472522589571e-9,true,true,0.029995801411243934,LOCALLY_SOLVED,FEASIBLE_POINT,0.003357792
condition2_main,7,20260830,ISI,28,28,60,"lower:U[4,6]",5.511032338885305e-9,true,true,0.02999594500513842,LOCALLY_SOLVED,FEASIBLE_POINT,0.003463291
condition2_main,7,20260830,ISI,29,29,60,"lower:U[4,6]",3.004565694120086e-9,true,true,0.0299873925216138,LOCALLY_SOLVED,FEASIBLE_POINT,0.003424792
condition2_main,7,20260830,ISI,30,30,60,"lower:U[4,6]",-1.3417823357450243e-10,true,true,0.02999398499999854,LOCALLY_SOLVED,FEASIBLE_POINT,0.003422583
condition2_main,7,20260830,ISI,31,31,60,"lower:U[4,6]",2.682403458943923e-9,true,true,0.02997498823369467,LOCALLY_SOLVED,FEASIBLE_POINT,0.003438208
condition2_main,7,20260830,ISI,32,32,60,"lower:U[4,6]",5.723521973280305e-9,true,true,0.029993014482045815,LOCALLY_SOLVED,FEASIBLE_POINT,0.003597417
condition2_main,7,20260830,ISI,33,33,60,"lower:U[4,6]",3.7161153037682e-9,true,true,0.029988339879427853,LOCALLY_SOLVED,FEASIBLE_POINT,0.003466083
condition2_main,7,20260830,ISI,34,34,60,"lower:U[4,6]",5.453244539253696e-9,true,true,0.029948013749799506,LOCALLY_SOLVED,FEASIBLE_POINT,0.003434208
condition2_main,7,20260830,ISI,35,35,60,"lower:U[4,6]",5.861148103831002e-9,true,true,0.02996583909424668,LOCALLY_SOLVED,FEASIBLE_POINT,0.003280208
condition2_main,7,20260830,ISI,36,36,60,"lower:U[4,6]",5.711233129111241e-9,true,true,0.02999719149617655,LOCALLY_SOLVED,FEASIBLE_POINT,0.003486416
condition2_main,7,20260830,ISI,37,37,60,"lower:U[4,6]",5.740282665345175e-9,true,true,0.029993351882803956,LOCALLY_SOLVED,FEASIBLE_POINT,0.003307042
condition2_main,7,20260830,ISI,38,38,60,"lower:U[4,6]",5.68571410757826e-9,true,true,0.02998415979870142,LOCALLY_SOLVED,FEASIBLE_POINT,0.003719958
condition2_main,7,20260830,ISI,39,39,60,"lower:U[4,6]",2.4464471226157973e-9,true,true,0.029994147636304227,LOCALLY_SOLVED,FEASIBLE_POINT,0.003535166
condition2_main,7,20260830,ISI,40,40,48,"lower:U[4,3]",6.613362881727662e-10,true,true,0.029990038426749806,LOCALLY_SOLVED,FEASIBLE_POINT,0.00339525
condition2_main,8,20260831,TAC,1,1,52,"lower:U[4,4]",4.684971749522688e-9,true,true,0.029990653780644392,LOCALLY_SOLVED,FEASIBLE_POINT,0.003430125
condition2_main,8,20260831,TAC,2,2,52,"lower:U[4,4]",4.477198491741457e-9,true,true,0.02999887162798545,LOCALLY_SOLVED,FEASIBLE_POINT,0.003298333
condition2_main,8,20260831,TAC,3,3,60,"lower:U[4,6]",5.049427407453875e-9,true,true,0.030000068389839533,LOCALLY_SOLVED,FEASIBLE_POINT,0.003309125
condition2_main,8,20260831,TAC,4,4,60,"lower:U[4,6]",5.06664048868462e-9,true,true,0.029999779898569688,LOCALLY_SOLVED,FEASIBLE_POINT,0.003268666
condition2_main,8,20260831,TAC,5,5,60,"lower:U[4,6]",4.277819907771347e-9,true,true,0.03000122870201697,LOCALLY_SOLVED,FEASIBLE_POINT,0.003429
condition2_main,8,20260831,TAC,6,6,60,"lower:U[4,6]",4.2006360954456284e-9,true,true,0.029994231518544696,LOCALLY_SOLVED,FEASIBLE_POINT,0.003414333
condition2_main,8,20260831,TAC,7,7,60,"lower:U[4,6]",5.379764359565302e-9,true,true,0.030000472000642316,LOCALLY_SOLVED,FEASIBLE_POINT,0.003468083
condition2_main,8,20260831,TAC,8,8,60,"lower:U[4,6]",5.3172816557054545e-9,true,true,0.030002196430032855,LOCALLY_SOLVED,FEASIBLE_POINT,0.003445708
condition2_main,8,20260831,TAC,9,9,60,"lower:U[4,6]",4.902314562299696e-9,true,true,0.029996962135081812,LOCALLY_SOLVED,FEASIBLE_POINT,0.003357
condition2_main,8,20260831,TAC,10,10,60,"lower:U[4,6]",5.335368591835787e-9,true,true,0.030001082745626895,LOCALLY_SOLVED,FEASIBLE_POINT,0.003392208
condition2_main,8,20260831,TAC,11,11,60,"lower:U[4,6]",4.684193339399787e-9,true,true,0.030002566904056862,LOCALLY_SOLVED,FEASIBLE_POINT,0.003216042
condition2_main,8,20260831,TAC,12,12,60,"lower:U[4,6]",3.3789147950661685e-9,true,true,0.029996265348816546,LOCALLY_SOLVED,FEASIBLE_POINT,0.003621584
condition2_main,8,20260831,TAC,13,13,60,"lower:U[4,6]",5.343682115585487e-9,true,true,0.029995932222062233,LOCALLY_SOLVED,FEASIBLE_POINT,0.003268375
condition2_main,8,20260831,TAC,14,14,60,"lower:U[4,6]",7.491596803416675e-10,true,true,0.02998712558178556,LOCALLY_SOLVED,FEASIBLE_POINT,0.003403667
condition2_main,8,20260831,TAC,15,15,60,"lower:U[4,6]",5.366661333033523e-9,true,true,0.029999304786126457,LOCALLY_SOLVED,FEASIBLE_POINT,0.003474875
condition2_main,8,20260831,TAC,16,16,60,"lower:U[4,6]",5.2254335502220456e-9,true,true,0.030000632719683836,LOCALLY_SOLVED,FEASIBLE_POINT,0.003422
condition2_main,8,20260831,TAC,17,17,60,"lower:U[4,6]",4.857924357949548e-9,true,true,0.02999553574177444,LOCALLY_SOLVED,FEASIBLE_POINT,0.003507333
condition2_main,8,20260831,TAC,18,18,60,"lower:U[4,6]",3.891486182271159e-9,true,true,0.02998355390684107,LOCALLY_SOLVED,FEASIBLE_POINT,0.003301875
condition2_main,8,20260831,TAC,19,19,60,"lower:U[4,6]",5.221025840767365e-9,true,true,0.030000442653021618,LOCALLY_SOLVED,FEASIBLE_POINT,0.0033255
condition2_main,8,20260831,TAC,20,20,60,"lower:U[4,6]",4.966489281984711e-9,true,true,0.02999739829490617,LOCALLY_SOLVED,FEASIBLE_POINT,0.003533209
condition2_main,8,20260831,TAC,21,21,60,"lower:U[4,6]",5.391894058187328e-9,true,true,0.029997775477231425,LOCALLY_SOLVED,FEASIBLE_POINT,0.003312875
condition2_main,8,20260831,TAC,22,22,60,"lower:U[4,6]",5.253628058480344e-9,true,true,0.030001521211492615,LOCALLY_SOLVED,FEASIBLE_POINT,0.003256833
condition2_main,8,20260831,TAC,23,23,60,"lower:U[4,6]",4.968316912861613e-9,true,true,0.03000029288809487,LOCALLY_SOLVED,FEASIBLE_POINT,0.003277459
condition2_main,8,20260831,TAC,24,24,60,"lower:U[4,6]",4.7580228653496235e-9,true,true,0.029997739795899505,LOCALLY_SOLVED,FEASIBLE_POINT,0.003612625
condition2_main,8,20260831,TAC,25,25,60,"lower:U[4,6]",5.531146215812545e-9,true,true,0.029996203920187443,LOCALLY_SOLVED,FEASIBLE_POINT,0.003337875
condition2_main,8,20260831,TAC,26,26,52,"lower:U[4,4]",5.2932252518469e-9,true,true,0.029997019316122055,LOCALLY_SOLVED,FEASIBLE_POINT,0.003443042
condition2_main,8,20260831,TAC,27,27,60,"lower:U[4,6]",4.721930725802542e-9,true,true,0.029993592428505647,LOCALLY_SOLVED,FEASIBLE_POINT,0.00327675
condition2_main,8,20260831,TAC,28,28,60,"lower:U[4,6]",5.383240685865072e-9,true,true,0.03000107838912663,LOCALLY_SOLVED,FEASIBLE_POINT,0.003344458
condition2_main,8,20260831,TAC,29,29,60,"lower:U[4,6]",4.8703606122833615e-9,true,true,0.029998085292335778,LOCALLY_SOLVED,FEASIBLE_POINT,0.0033975
condition2_main,8,20260831,TAC,30,30,60,"lower:U[4,6]",5.1815610451764315e-9,true,true,0.02999868809669464,LOCALLY_SOLVED,FEASIBLE_POINT,0.003445542
condition2_main,8,20260831,TAC,31,31,60,"lower:U[4,6]",4.673670855419059e-9,true,true,0.02999845734801843,LOCALLY_SOLVED,FEASIBLE_POINT,0.003297625
condition2_main,8,20260831,TAC,32,32,60,"lower:U[4,6]",5.164742395479898e-9,true,true,0.029999837549972114,LOCALLY_SOLVED,FEASIBLE_POINT,0.003294417
condition2_main,8,20260831,TAC,33,33,60,"lower:U[4,6]",5.0126598293819424e-9,true,true,0.02999883149572312,LOCALLY_SOLVED,FEASIBLE_POINT,0.00326875
condition2_main,8,20260831,TAC,34,34,60,"lower:U[4,6]",4.722907237071899e-9,true,true,0.0299969644209638,LOCALLY_SOLVED,FEASIBLE_POINT,0.003436875
condition2_main,8,20260831,TAC,35,35,60,"lower:U[4,6]",5.171080366057e-9,true,true,0.030001311076683128,LOCALLY_SOLVED,FEASIBLE_POINT,0.003289792
condition2_main,8,20260831,TAC,36,36,60,"lower:U[4,6]",4.535597976476966e-9,true,true,0.029996221274811777,LOCALLY_SOLVED,FEASIBLE_POINT,0.00341475
condition2_main,8,20260831,TAC,37,37,60,"lower:U[4,6]",4.461455936370488e-9,true,true,0.02999812281780605,LOCALLY_SOLVED,FEASIBLE_POINT,0.003265791
condition2_main,8,20260831,TAC,38,38,60,"lower:U[4,6]",3.2480805819148684e-9,true,true,0.029986379975804427,LOCALLY_SOLVED,FEASIBLE_POINT,0.003382292
condition2_main,8,20260831,TAC,39,39,60,"lower:U[4,6]",5.137212514562896e-9,true,true,0.029995814345014974,LOCALLY_SOLVED,FEASIBLE_POINT,0.003291292
condition2_main,8,20260831,TAC,40,40,60,"lower:U[4,6]",5.216606397133926e-9,true,true,0.029999744835814038,LOCALLY_SOLVED,FEASIBLE_POINT,0.003287583
condition2_main,8,20260831,TotEmiss,1,1,60,"lower:U[4,6]",3.6989066260613035e-9,true,true,0.029973243304004284,LOCALLY_SOLVED,FEASIBLE_POINT,0.0034275
condition2_main,8,20260831,TotEmiss,2,2,60,"lower:U[4,6]",4.566539935373442e-9,true,true,0.029999848363314256,LOCALLY_SOLVED,FEASIBLE_POINT,0.003325041
condition2_main,8,20260831,TotEmiss,3,3,60,"lower:U[4,6]",4.522345835457289e-9,true,true,0.030001327691734074,LOCALLY_SOLVED,FEASIBLE_POINT,0.003310083
condition2_main,8,20260831,TotEmiss,4,4,60,"lower:U[4,6]",3.2788835779734894e-9,true,true,0.029998692362450386,LOCALLY_SOLVED,FEASIBLE_POINT,0.003474583
condition2_main,8,20260831,TotEmiss,5,5,60,"lower:U[4,6]",4.1437068960882776e-9,true,true,0.02999635952276521,LOCALLY_SOLVED,FEASIBLE_POINT,0.003399458
condition2_main,8,20260831,TotEmiss,6,6,60,"lower:U[4,6]",4.803292544015357e-9,true,true,0.03000162822797689,LOCALLY_SOLVED,FEASIBLE_POINT,0.003300834
condition2_main,8,20260831,TotEmiss,7,7,60,"lower:U[4,6]",3.940667456504599e-9,true,true,0.029997727866419587,LOCALLY_SOLVED,FEASIBLE_POINT,0.003375458
condition2_main,8,20260831,TotEmiss,8,8,60,"lower:U[4,6]",4.526996107401093e-9,true,true,0.02999990442555408,LOCALLY_SOLVED,FEASIBLE_POINT,0.003465
condition2_main,8,20260831,TotEmiss,9,9,60,"lower:U[4,6]",4.195161360621518e-9,true,true,0.029997624730768026,LOCALLY_SOLVED,FEASIBLE_POINT,0.003632542
condition2_main,8,20260831,TotEmiss,10,10,60,"lower:U[4,6]",4.9651161438335595e-9,true,true,0.02999751928966784,LOCALLY_SOLVED,FEASIBLE_POINT,0.003359917
condition2_main,8,20260831,TotEmiss,11,11,60,"lower:U[4,6]",4.592627786686595e-9,true,true,0.029999943424294663,LOCALLY_SOLVED,FEASIBLE_POINT,0.003340958
condition2_main,8,20260831,TotEmiss,12,12,60,"lower:U[4,6]",4.287614749973546e-9,true,true,0.029997538579516266,LOCALLY_SOLVED,FEASIBLE_POINT,0.003437166
condition2_main,8,20260831,TotEmiss,13,13,60,"lower:U[4,6]",4.7511742118366484e-9,true,true,0.030001574445644063,LOCALLY_SOLVED,FEASIBLE_POINT,0.003310291
condition2_main,8,20260831,TotEmiss,14,14,60,"lower:U[4,6]",3.88095078286221e-9,true,true,0.029999273511143097,LOCALLY_SOLVED,FEASIBLE_POINT,0.003269292
condition2_main,8,20260831,TotEmiss,15,15,60,"lower:U[4,6]",1.856866597686398e-9,true,true,0.029988632522086747,LOCALLY_SOLVED,FEASIBLE_POINT,0.003317
condition2_main,8,20260831,TotEmiss,16,16,60,"lower:U[4,6]",4.9821883146916235e-9,true,true,0.029994559214157553,LOCALLY_SOLVED,FEASIBLE_POINT,0.003661292
condition2_main,8,20260831,TotEmiss,17,17,60,"lower:U[4,6]",4.678146298219057e-9,true,true,0.029997414399791988,LOCALLY_SOLVED,FEASIBLE_POINT,0.003427625
condition2_main,8,20260831,TotEmiss,18,18,60,"lower:U[4,6]",3.894236968303176e-9,true,true,0.02999972749492759,LOCALLY_SOLVED,FEASIBLE_POINT,0.003431583
condition2_main,8,20260831,TotEmiss,19,19,60,"lower:U[4,6]",4.661876681048465e-9,true,true,0.02999764608269396,LOCALLY_SOLVED,FEASIBLE_POINT,0.003268084
condition2_main,8,20260831,TotEmiss,20,20,60,"lower:U[4,6]",4.1781751824485086e-9,true,true,0.02999076460186342,LOCALLY_SOLVED,FEASIBLE_POINT,0.003402416
condition2_main,8,20260831,TotEmiss,21,21,60,"lower:U[4,6]",4.924762933475114e-9,true,true,0.030000196723487332,LOCALLY_SOLVED,FEASIBLE_POINT,0.003434042
condition2_main,8,20260831,TotEmiss,22,22,60,"lower:U[4,6]",4.2513946095921456e-9,true,true,0.030000377477687974,LOCALLY_SOLVED,FEASIBLE_POINT,0.0034555
condition2_main,8,20260831,TotEmiss,23,23,60,"lower:U[4,6]",2.849300000269278e-9,true,true,0.029996411618463708,LOCALLY_SOLVED,FEASIBLE_POINT,0.00345575
condition2_main,8,20260831,TotEmiss,24,24,60,"lower:U[4,6]",5.484771495171885e-9,true,true,0.029998262038740096,LOCALLY_SOLVED,FEASIBLE_POINT,0.003266667
condition2_main,8,20260831,TotEmiss,25,25,60,"lower:U[4,6]",5.038690394276645e-9,true,true,0.02999976300217861,LOCALLY_SOLVED,FEASIBLE_POINT,0.003312167
condition2_main,8,20260831,TotEmiss,26,26,60,"lower:U[4,6]",4.368716386860045e-9,true,true,0.030000666160316214,LOCALLY_SOLVED,FEASIBLE_POINT,0.003495208
condition2_main,8,20260831,TotEmiss,27,27,60,"lower:U[4,6]",4.426132222970415e-9,true,true,0.030001462806876728,LOCALLY_SOLVED,FEASIBLE_POINT,0.003315291
condition2_main,8,20260831,TotEmiss,28,28,60,"lower:U[4,6]",4.0748789659986164e-9,true,true,0.029998522178779248,LOCALLY_SOLVED,FEASIBLE_POINT,0.003298542
condition2_main,8,20260831,TotEmiss,29,29,60,"lower:U[4,6]",4.487487318887795e-9,true,true,0.02999977442144235,LOCALLY_SOLVED,FEASIBLE_POINT,0.003265166
condition2_main,8,20260831,TotEmiss,30,30,60,"lower:U[4,6]",4.222146227205163e-9,true,true,0.03000163470991995,LOCALLY_SOLVED,FEASIBLE_POINT,0.003370583
condition2_main,8,20260831,TotEmiss,31,31,60,"lower:U[4,6]",2.821576393189451e-9,true,true,0.029995033395655422,LOCALLY_SOLVED,FEASIBLE_POINT,0.003314083
condition2_main,8,20260831,TotEmiss,32,32,60,"lower:U[4,6]",-6.459828359329586e-10,true,true,0.029962905966229712,LOCALLY_SOLVED,FEASIBLE_POINT,0.0034095
condition2_main,8,20260831,TotEmiss,33,33,52,"lower:U[4,4]",5.221466478158367e-9,true,true,0.030001522155151727,LOCALLY_SOLVED,FEASIBLE_POINT,0.003250875
condition2_main,8,20260831,TotEmiss,34,34,60,"lower:U[4,6]",3.813983421528626e-9,true,true,0.03000060861577545,LOCALLY_SOLVED,FEASIBLE_POINT,0.003392417
condition2_main,8,20260831,TotEmiss,35,35,60,"lower:U[4,6]",3.5040308149300974e-9,true,true,0.02999604101758013,LOCALLY_SOLVED,FEASIBLE_POINT,0.003293708
condition2_main,8,20260831,TotEmiss,36,36,60,"lower:U[4,6]",4.4403722153422514e-9,true,true,0.02998996267129976,LOCALLY_SOLVED,FEASIBLE_POINT,0.003399084
condition2_main,8,20260831,TotEmiss,37,37,60,"lower:U[4,6]",2.961503003146002e-9,true,true,0.02998911077424597,LOCALLY_SOLVED,FEASIBLE_POINT,0.003430125
condition2_main,8,20260831,TotEmiss,38,38,60,"lower:U[4,6]",4.784625560636111e-9,true,true,0.030002867931777227,LOCALLY_SOLVED,FEASIBLE_POINT,0.003421083
condition2_main,8,20260831,TotEmiss,39,39,60,"lower:U[4,6]",3.0274410655852598e-9,true,true,0.02999699399622018,LOCALLY_SOLVED,FEASIBLE_POINT,0.0033105
condition2_main,8,20260831,TotEmiss,40,40,60,"lower:U[4,6]",4.101377510021401e-9,true,true,0.0299985005184344,LOCALLY_SOLVED,FEASIBLE_POINT,0.003287875
condition2_main,8,20260831,ISI,1,1,60,"lower:U[4,6]",4.484149078360557e-9,true,true,0.029991899645044787,LOCALLY_SOLVED,FEASIBLE_POINT,0.003395167
condition2_main,8,20260831,ISI,2,2,52,"lower:U[4,4]",4.364972352170925e-9,true,true,0.029995292449129927,LOCALLY_SOLVED,FEASIBLE_POINT,0.003452917
condition2_main,8,20260831,ISI,3,3,56,"lower:U[4,5]",5.325619960302076e-9,true,true,0.029999582991830594,LOCALLY_SOLVED,FEASIBLE_POINT,0.00349875
condition2_main,8,20260831,ISI,4,4,56,"lower:U[4,5]",5.31604014896853e-9,true,true,0.030000266178276724,LOCALLY_SOLVED,FEASIBLE_POINT,0.003552583
condition2_main,8,20260831,ISI,5,5,56,"lower:U[4,5]",5.044634400901497e-9,true,true,0.02997612504273365,LOCALLY_SOLVED,FEASIBLE_POINT,0.003370209
condition2_main,8,20260831,ISI,6,6,60,"lower:U[4,6]",5.505514742019993e-9,true,true,0.029996743190413608,LOCALLY_SOLVED,FEASIBLE_POINT,0.003333625
condition2_main,8,20260831,ISI,7,7,60,"lower:U[4,6]",5.456276970857407e-9,true,true,0.029998260792495846,LOCALLY_SOLVED,FEASIBLE_POINT,0.003384834
condition2_main,8,20260831,ISI,8,8,60,"lower:U[4,6]",5.267567989445324e-9,true,true,0.029997702955544082,LOCALLY_SOLVED,FEASIBLE_POINT,0.003539291
condition2_main,8,20260831,ISI,9,9,60,"lower:U[4,6]",5.079382322123414e-9,true,true,0.029970716923268026,LOCALLY_SOLVED,FEASIBLE_POINT,0.003658
condition2_main,8,20260831,ISI,10,10,60,"lower:U[4,6]",5.730819354705523e-9,true,true,0.029999304922095873,LOCALLY_SOLVED,FEASIBLE_POINT,0.003443375
condition2_main,8,20260831,ISI,11,11,60,"lower:U[4,6]",4.629370516045713e-9,true,true,0.029957467467333528,LOCALLY_SOLVED,FEASIBLE_POINT,0.003728334
condition2_main,8,20260831,ISI,12,12,60,"lower:U[4,6]",5.735578739593855e-9,true,true,0.029993486451361847,LOCALLY_SOLVED,FEASIBLE_POINT,0.003525125
condition2_main,8,20260831,ISI,13,13,60,"lower:U[4,6]",4.457053924025104e-9,true,true,0.029995753154867324,LOCALLY_SOLVED,FEASIBLE_POINT,0.0035055
condition2_main,8,20260831,ISI,14,14,60,"lower:U[4,6]",1.63368868702857e-9,true,true,0.029986840535274437,LOCALLY_SOLVED,FEASIBLE_POINT,0.003416416
condition2_main,8,20260831,ISI,15,15,60,"lower:U[4,6]",4.838832749539588e-9,true,true,0.029991382692123834,LOCALLY_SOLVED,FEASIBLE_POINT,0.003338833
condition2_main,8,20260831,ISI,16,16,60,"lower:U[4,6]",5.5961973536201925e-9,true,true,0.02999846038659407,LOCALLY_SOLVED,FEASIBLE_POINT,0.00342575
condition2_main,8,20260831,ISI,17,17,60,"lower:U[4,6]",5.360344863137231e-9,true,true,0.029977441725489076,LOCALLY_SOLVED,FEASIBLE_POINT,0.00350525
condition2_main,8,20260831,ISI,18,18,60,"lower:U[4,6]",5.613038437662606e-9,true,true,0.02999533539777087,LOCALLY_SOLVED,FEASIBLE_POINT,0.003401958
condition2_main,8,20260831,ISI,19,19,60,"lower:U[4,6]",5.369431325389822e-9,true,true,0.029997445576626713,LOCALLY_SOLVED,FEASIBLE_POINT,0.003319292
condition2_main,8,20260831,ISI,20,20,60,"lower:U[4,6]",4.279111681761297e-9,true,true,0.02999386988585939,LOCALLY_SOLVED,FEASIBLE_POINT,0.003381042
condition2_main,8,20260831,ISI,21,21,60,"lower:U[4,6]",9.348851078026572e-10,true,true,0.029998154260655507,LOCALLY_SOLVED,FEASIBLE_POINT,0.003491833
condition2_main,8,20260831,ISI,22,22,60,"lower:U[4,6]",6.429077658102388e-10,true,true,0.029992401976883135,LOCALLY_SOLVED,FEASIBLE_POINT,0.003470542
condition2_main,8,20260831,ISI,23,23,60,"lower:U[4,6]",4.10273795488983e-9,true,true,0.02999275434012269,LOCALLY_SOLVED,FEASIBLE_POINT,0.00332875
condition2_main,8,20260831,ISI,24,24,60,"lower:U[4,6]",5.195711801930031e-9,true,true,0.02997785146160223,LOCALLY_SOLVED,FEASIBLE_POINT,0.003302041
condition2_main,8,20260831,ISI,25,25,60,"lower:U[4,6]",5.572868289658253e-9,true,true,0.029991131132653025,LOCALLY_SOLVED,FEASIBLE_POINT,0.003434167
condition2_main,8,20260831,ISI,26,26,60,"lower:U[4,6]",5.610233293526662e-9,true,true,0.029990274242637345,LOCALLY_SOLVED,FEASIBLE_POINT,0.00331975
condition2_main,8,20260831,ISI,27,27,60,"lower:U[4,6]",5.7159487334043365e-9,true,true,0.029997194778787525,LOCALLY_SOLVED,FEASIBLE_POINT,0.003348875
condition2_main,8,20260831,ISI,28,28,60,"lower:U[4,6]",5.307712316740159e-9,true,true,0.029970640326286227,LOCALLY_SOLVED,FEASIBLE_POINT,0.003586083
condition2_main,8,20260831,ISI,29,29,60,"lower:U[4,6]",5.641017232192202e-9,true,true,0.029998691092646603,LOCALLY_SOLVED,FEASIBLE_POINT,0.00349325
condition2_main,8,20260831,ISI,30,30,60,"lower:U[4,6]",4.602506238446638e-9,true,true,0.02999621554756561,LOCALLY_SOLVED,FEASIBLE_POINT,0.003346791
condition2_main,8,20260831,ISI,31,31,60,"lower:U[4,6]",4.7413100103358745e-9,true,true,0.02999747417837452,LOCALLY_SOLVED,FEASIBLE_POINT,0.003340333
condition2_main,8,20260831,ISI,32,32,60,"lower:U[4,6]",3.665758407246842e-9,true,true,0.029988564510395964,LOCALLY_SOLVED,FEASIBLE_POINT,0.003563708
condition2_main,8,20260831,ISI,33,33,60,"lower:U[4,6]",5.2975056403242096e-9,true,true,0.029996774936183388,LOCALLY_SOLVED,FEASIBLE_POINT,0.003424
condition2_main,8,20260831,ISI,34,34,60,"lower:U[4,6]",5.191751212817158e-9,true,true,0.02999651181809035,LOCALLY_SOLVED,FEASIBLE_POINT,0.00333275
condition2_main,8,20260831,ISI,35,35,60,"lower:U[4,6]",5.011589786375504e-9,true,true,0.030000218663558127,LOCALLY_SOLVED,FEASIBLE_POINT,0.003395542
condition2_main,8,20260831,ISI,36,36,60,"lower:U[4,6]",3.536507952057964e-9,true,true,0.02999189851146477,LOCALLY_SOLVED,FEASIBLE_POINT,0.003441833
condition2_main,8,20260831,ISI,37,37,60,"lower:U[4,6]",5.047349572903109e-9,true,true,0.029990760176940665,LOCALLY_SOLVED,FEASIBLE_POINT,0.003335959
condition2_main,8,20260831,ISI,38,38,60,"lower:U[4,6]",5.488533695175575e-9,true,true,0.029998518482648496,LOCALLY_SOLVED,FEASIBLE_POINT,0.003276916
condition2_main,8,20260831,ISI,39,39,60,"lower:U[4,6]",4.267647082427607e-9,true,true,0.029991872946023776,LOCALLY_SOLVED,FEASIBLE_POINT,0.003381083
condition2_main,8,20260831,ISI,40,40,60,"lower:U[4,6]",1.3743724683496358e-9,true,true,0.029987810922019808,LOCALLY_SOLVED,FEASIBLE_POINT,0.003482292
condition2_main,9,20260832,TAC,1,1,52,"lower:U[4,4]",4.684971749522688e-9,true,true,0.029990329431269964,LOCALLY_SOLVED,FEASIBLE_POINT,0.003341292
condition2_main,9,20260832,TAC,2,2,60,"lower:U[4,6]",3.9987416576542565e-9,true,true,0.02999371658007489,LOCALLY_SOLVED,FEASIBLE_POINT,0.003365792
condition2_main,9,20260832,TAC,3,3,60,"lower:U[4,6]",1.216716632995097e-9,true,true,0.029988067901929052,LOCALLY_SOLVED,FEASIBLE_POINT,0.003297833
condition2_main,9,20260832,TAC,4,4,60,"lower:U[4,6]",-5.132460651467673e-10,true,true,0.02999676555444346,LOCALLY_SOLVED,FEASIBLE_POINT,0.003367
condition2_main,9,20260832,TAC,5,5,60,"lower:U[4,6]",1.9552606339093385e-9,true,true,0.029986956235955743,LOCALLY_SOLVED,FEASIBLE_POINT,0.0038565
condition2_main,9,20260832,TAC,6,6,60,"lower:U[4,6]",6.023296595748889e-9,true,true,0.029999099924692227,LOCALLY_SOLVED,FEASIBLE_POINT,0.003377166
condition2_main,9,20260832,TAC,7,7,60,"lower:U[4,6]",5.40587070204649e-9,true,true,0.02999691237618422,LOCALLY_SOLVED,FEASIBLE_POINT,0.003174041
condition2_main,9,20260832,TAC,8,8,60,"lower:U[4,6]",2.902224122129152e-9,true,true,0.029976264347185907,LOCALLY_SOLVED,FEASIBLE_POINT,0.003389375
condition2_main,9,20260832,TAC,9,9,60,"lower:U[4,6]",5.197652680000295e-9,true,true,0.029999161577094566,LOCALLY_SOLVED,FEASIBLE_POINT,0.003556959
condition2_main,9,20260832,TAC,10,10,60,"lower:U[4,6]",4.6270471730539836e-9,true,true,0.0300007525223578,LOCALLY_SOLVED,FEASIBLE_POINT,0.003357375
condition2_main,9,20260832,TAC,11,11,60,"lower:U[4,6]",4.378983373036131e-9,true,true,0.029997260926081373,LOCALLY_SOLVED,FEASIBLE_POINT,0.003283042
condition2_main,9,20260832,TAC,12,12,60,"lower:U[4,6]",5.122439940980571e-9,true,true,0.029997014530287067,LOCALLY_SOLVED,FEASIBLE_POINT,0.003327208
condition2_main,9,20260832,TAC,13,13,52,"lower:U[4,4]",5.009012504435198e-9,true,true,0.029998115715810337,LOCALLY_SOLVED,FEASIBLE_POINT,0.00369275
condition2_main,9,20260832,TAC,14,14,60,"lower:U[4,6]",3.9506436416264555e-9,true,true,0.030002776357257857,LOCALLY_SOLVED,FEASIBLE_POINT,0.003249333
condition2_main,9,20260832,TAC,15,15,60,"lower:U[4,6]",2.9263291040736696e-9,true,true,0.029992685227275988,LOCALLY_SOLVED,FEASIBLE_POINT,0.003439208
condition2_main,9,20260832,TAC,16,16,60,"lower:U[4,6]",1.4835504267433121e-9,true,true,0.02999936665092803,LOCALLY_SOLVED,FEASIBLE_POINT,0.003270625
condition2_main,9,20260832,TAC,17,17,60,"lower:U[4,6]",3.182922591232064e-9,true,true,0.0299922557207146,LOCALLY_SOLVED,FEASIBLE_POINT,0.003577958
condition2_main,9,20260832,TAC,18,18,60,"lower:U[4,6]",1.3907397359089785e-9,true,true,0.029997485765346096,LOCALLY_SOLVED,FEASIBLE_POINT,0.003491833
condition2_main,9,20260832,TAC,19,19,60,"lower:U[4,6]",3.810879890922243e-9,true,true,0.02999084981707804,LOCALLY_SOLVED,FEASIBLE_POINT,0.003346333
condition2_main,9,20260832,TAC,20,20,60,"lower:U[4,6]",5.133799231591826e-9,true,true,0.029996949760015997,LOCALLY_SOLVED,FEASIBLE_POINT,0.003595458
condition2_main,9,20260832,TAC,21,21,60,"lower:U[4,6]",5.133828956083742e-9,true,true,0.029998680563589886,LOCALLY_SOLVED,FEASIBLE_POINT,0.00358475
condition2_main,9,20260832,TAC,22,22,60,"lower:U[4,6]",4.881221738573493e-9,true,true,0.029990566664112886,LOCALLY_SOLVED,FEASIBLE_POINT,0.003341709
condition2_main,9,20260832,TAC,23,23,60,"lower:U[4,6]",5.231750996749813e-9,true,true,0.02999983161626365,LOCALLY_SOLVED,FEASIBLE_POINT,0.003346125
condition2_main,9,20260832,TAC,24,24,60,"lower:U[4,6]",4.1091377099300764e-9,true,true,0.029989792001466474,LOCALLY_SOLVED,FEASIBLE_POINT,0.003587
condition2_main,9,20260832,TAC,25,25,60,"lower:U[4,6]",5.382550324896338e-9,true,true,0.029999327899493344,LOCALLY_SOLVED,FEASIBLE_POINT,0.003411417
condition2_main,9,20260832,TAC,26,26,60,"lower:U[4,6]",5.2862929374051644e-9,true,true,0.030001571780509058,LOCALLY_SOLVED,FEASIBLE_POINT,0.003298625
condition2_main,9,20260832,TAC,27,27,60,"lower:U[4,6]",4.787705737874989e-9,true,true,0.029994804901449058,LOCALLY_SOLVED,FEASIBLE_POINT,0.003328584
condition2_main,9,20260832,TAC,28,28,52,"lower:U[4,4]",5.2777242122169605e-9,true,true,0.029999513577630952,LOCALLY_SOLVED,FEASIBLE_POINT,0.003464958
condition2_main,9,20260832,TAC,29,29,60,"lower:U[4,6]",5.256589478805856e-9,true,true,0.030002019040259006,LOCALLY_SOLVED,FEASIBLE_POINT,0.003329917
condition2_main,9,20260832,TAC,30,30,60,"lower:U[4,6]",5.0007832230866365e-9,true,true,0.029999160914643948,LOCALLY_SOLVED,FEASIBLE_POINT,0.003298792
condition2_main,9,20260832,TAC,31,31,60,"lower:U[4,6]",5.173143735943396e-9,true,true,0.029999942416343035,LOCALLY_SOLVED,FEASIBLE_POINT,0.00332275
condition2_main,9,20260832,TAC,32,32,60,"lower:U[4,6]",5.148890762752337e-9,true,true,0.029999142632851906,LOCALLY_SOLVED,FEASIBLE_POINT,0.003597166
condition2_main,9,20260832,TAC,33,33,60,"lower:U[4,6]",5.131819633996644e-9,true,true,0.029998650918093558,LOCALLY_SOLVED,FEASIBLE_POINT,0.003375334
condition2_main,9,20260832,TAC,34,34,52,"lower:U[4,4]",4.493311930279354e-9,true,true,0.030000078549300684,LOCALLY_SOLVED,FEASIBLE_POINT,0.003320584
condition2_main,9,20260832,TAC,35,35,60,"lower:U[4,6]",4.133603293656718e-9,true,true,0.029996455169893816,LOCALLY_SOLVED,FEASIBLE_POINT,0.003524292
condition2_main,9,20260832,TAC,36,36,60,"lower:U[4,6]",5.355275856663582e-9,true,true,0.029998030543860788,LOCALLY_SOLVED,FEASIBLE_POINT,0.003265791
condition2_main,9,20260832,TAC,37,37,60,"lower:U[4,6]",5.194943405358411e-9,true,true,0.030000674920595962,LOCALLY_SOLVED,FEASIBLE_POINT,0.00335475
condition2_main,9,20260832,TAC,38,38,60,"lower:U[4,6]",5.001852070782745e-9,true,true,0.030000237563968146,LOCALLY_SOLVED,FEASIBLE_POINT,0.003467083
condition2_main,9,20260832,TAC,39,39,60,"lower:U[4,6]",4.791074524045414e-9,true,true,0.029999768252493984,LOCALLY_SOLVED,FEASIBLE_POINT,0.003400083
condition2_main,9,20260832,TAC,40,40,60,"lower:U[4,6]",4.602146645237174e-9,true,true,0.029999639900286788,LOCALLY_SOLVED,FEASIBLE_POINT,0.003288625
condition2_main,9,20260832,TotEmiss,1,1,60,"lower:U[4,6]",3.6989066260613035e-9,true,true,0.029970604126774915,LOCALLY_SOLVED,FEASIBLE_POINT,0.003540875
condition2_main,9,20260832,TotEmiss,2,2,52,"lower:U[4,4]",4.452248025858299e-9,true,true,0.02997731966366596,LOCALLY_SOLVED,FEASIBLE_POINT,0.003451375
condition2_main,9,20260832,TotEmiss,3,3,60,"lower:U[4,6]",5.258336283472089e-9,true,true,0.030002705408043256,LOCALLY_SOLVED,FEASIBLE_POINT,0.003314125
condition2_main,9,20260832,TotEmiss,4,4,60,"lower:U[4,6]",4.6738352399871075e-9,true,true,0.030001944731347825,LOCALLY_SOLVED,FEASIBLE_POINT,0.00330525
condition2_main,9,20260832,TotEmiss,5,5,60,"lower:U[4,6]",4.4015241809161335e-9,true,true,0.029996767788159278,LOCALLY_SOLVED,FEASIBLE_POINT,0.003504375
condition2_main,9,20260832,TotEmiss,6,6,60,"lower:U[4,6]",5.685810567326561e-9,true,true,0.029997272313485403,LOCALLY_SOLVED,FEASIBLE_POINT,0.003309834
condition2_main,9,20260832,TotEmiss,7,7,60,"lower:U[4,6]",5.5801775029364784e-9,true,true,0.02999935452148007,LOCALLY_SOLVED,FEASIBLE_POINT,0.003287667
condition2_main,9,20260832,TotEmiss,8,8,60,"lower:U[4,6]",5.011645272801098e-9,true,true,0.03000027156149328,LOCALLY_SOLVED,FEASIBLE_POINT,0.003515208
condition2_main,9,20260832,TotEmiss,9,9,60,"lower:U[4,6]",4.921380610395055e-9,true,true,0.030001594764626736,LOCALLY_SOLVED,FEASIBLE_POINT,0.003413458
condition2_main,9,20260832,TotEmiss,10,10,60,"lower:U[4,6]",4.5168696491327746e-9,true,true,0.030000483913660326,LOCALLY_SOLVED,FEASIBLE_POINT,0.003414708
condition2_main,9,20260832,TotEmiss,11,11,60,"lower:U[4,6]",2.224152312760269e-9,true,true,0.029998767993172196,LOCALLY_SOLVED,FEASIBLE_POINT,0.003365209
condition2_main,9,20260832,TotEmiss,12,12,60,"lower:U[4,6]",3.626878433136599e-9,true,true,0.029996734928081154,LOCALLY_SOLVED,FEASIBLE_POINT,0.003644833
condition2_main,9,20260832,TotEmiss,13,13,60,"lower:U[4,6]",4.1641931882235955e-9,true,true,0.029993735118413495,LOCALLY_SOLVED,FEASIBLE_POINT,0.003475958
condition2_main,9,20260832,TotEmiss,14,14,60,"lower:U[4,6]",5.165815727414053e-9,true,true,0.029999450202732623,LOCALLY_SOLVED,FEASIBLE_POINT,0.003295292
condition2_main,9,20260832,TotEmiss,15,15,60,"lower:U[4,6]",4.768045731023736e-9,true,true,0.03000153265806477,LOCALLY_SOLVED,FEASIBLE_POINT,0.003375167
condition2_main,9,20260832,TotEmiss,16,16,60,"lower:U[4,6]",4.233254322094754e-9,true,true,0.02999349103082523,LOCALLY_SOLVED,FEASIBLE_POINT,0.003587834
condition2_main,9,20260832,TotEmiss,17,17,60,"lower:U[4,6]",3.3205138109604956e-9,true,true,0.029998721281342337,LOCALLY_SOLVED,FEASIBLE_POINT,0.003342
condition2_main,9,20260832,TotEmiss,18,18,60,"lower:U[4,6]",-6.932949551976238e-10,true,true,0.0299791394216488,LOCALLY_SOLVED,FEASIBLE_POINT,0.0034865
condition2_main,9,20260832,TotEmiss,19,19,60,"lower:U[4,6]",5.573278807609037e-9,true,true,0.0300004844669278,LOCALLY_SOLVED,FEASIBLE_POINT,0.00329625
condition2_main,9,20260832,TotEmiss,20,20,60,"lower:U[4,6]",4.4225903962331984e-9,true,true,0.030000851873190914,LOCALLY_SOLVED,FEASIBLE_POINT,0.003468208
condition2_main,9,20260832,TotEmiss,21,21,60,"lower:U[4,6]",4.056437590800734e-9,true,true,0.02999713658404406,LOCALLY_SOLVED,FEASIBLE_POINT,0.003312292
condition2_main,9,20260832,TotEmiss,22,22,60,"lower:U[4,6]",4.47038133642392e-9,true,true,0.030001242561889834,LOCALLY_SOLVED,FEASIBLE_POINT,0.003272875
condition2_main,9,20260832,TotEmiss,23,23,60,"lower:U[4,6]",4.183164775202691e-9,true,true,0.029996148528156106,LOCALLY_SOLVED,FEASIBLE_POINT,0.003294292
condition2_main,9,20260832,TotEmiss,24,24,60,"lower:U[4,6]",4.412485151872161e-9,true,true,0.029999514652676904,LOCALLY_SOLVED,FEASIBLE_POINT,0.003409542
condition2_main,9,20260832,TotEmiss,25,25,60,"lower:U[4,6]",4.562346907178736e-9,true,true,0.02999707728579128,LOCALLY_SOLVED,FEASIBLE_POINT,0.003329417
condition2_main,9,20260832,TotEmiss,26,26,60,"lower:U[4,6]",4.8952644498901505e-9,true,true,0.029997626799952347,LOCALLY_SOLVED,FEASIBLE_POINT,0.00385575
condition2_main,9,20260832,TotEmiss,27,27,60,"lower:U[4,6]",4.091925227504132e-9,true,true,0.029995799939948737,LOCALLY_SOLVED,FEASIBLE_POINT,0.003630917
condition2_main,9,20260832,TotEmiss,28,28,60,"lower:U[4,6]",4.436535746133882e-9,true,true,0.03000251404721763,LOCALLY_SOLVED,FEASIBLE_POINT,0.003302375
condition2_main,9,20260832,TotEmiss,29,29,60,"lower:U[4,6]",2.146249073975099e-9,true,true,0.029966454660030565,LOCALLY_SOLVED,FEASIBLE_POINT,0.003403167
condition2_main,9,20260832,TotEmiss,30,30,60,"lower:U[4,6]",5.083673479715661e-9,true,true,0.030001033106262988,LOCALLY_SOLVED,FEASIBLE_POINT,0.003524292
condition2_main,9,20260832,TotEmiss,31,31,60,"lower:U[4,6]",3.976680296349548e-9,true,true,0.03000012349324651,LOCALLY_SOLVED,FEASIBLE_POINT,0.003361459
condition2_main,9,20260832,TotEmiss,32,32,60,"lower:U[4,6]",4.175264419565083e-9,true,true,0.03000146679055199,LOCALLY_SOLVED,FEASIBLE_POINT,0.003329208
condition2_main,9,20260832,TotEmiss,33,33,60,"lower:U[4,6]",3.913919089686739e-9,true,true,0.029986225541828962,LOCALLY_SOLVED,FEASIBLE_POINT,0.00326
condition2_main,9,20260832,TotEmiss,34,34,60,"lower:U[4,6]",4.992046863679925e-9,true,true,0.03000035617176412,LOCALLY_SOLVED,FEASIBLE_POINT,0.003456083
condition2_main,9,20260832,TotEmiss,35,35,60,"lower:U[4,6]",4.5881971686433774e-9,true,true,0.029987949185977823,LOCALLY_SOLVED,FEASIBLE_POINT,0.003513708
condition2_main,9,20260832,TotEmiss,36,36,60,"lower:U[4,6]",3.0275085668454087e-9,true,true,0.030000894092979794,LOCALLY_SOLVED,FEASIBLE_POINT,0.003279834
condition2_main,9,20260832,TotEmiss,37,37,60,"lower:U[4,6]",-2.899685572005534e-10,true,true,0.029997252979192156,LOCALLY_SOLVED,FEASIBLE_POINT,0.003547625
condition2_main,9,20260832,TotEmiss,38,38,60,"lower:U[4,6]",1.1496026598597105e-9,true,true,0.029997473622855826,LOCALLY_SOLVED,FEASIBLE_POINT,0.003557875
condition2_main,9,20260832,TotEmiss,39,39,60,"lower:U[4,6]",3.9027630295689135e-9,true,true,0.029978048921716346,LOCALLY_SOLVED,FEASIBLE_POINT,0.003461125
condition2_main,9,20260832,TotEmiss,40,40,60,"lower:U[4,6]",5.2524508389872534e-9,true,true,0.029996810715446978,LOCALLY_SOLVED,FEASIBLE_POINT,0.003310959
condition2_main,9,20260832,ISI,1,1,60,"lower:U[4,6]",4.484149078360557e-9,true,true,0.029972640726106173,LOCALLY_SOLVED,FEASIBLE_POINT,0.003447917
condition2_main,9,20260832,ISI,2,2,60,"lower:U[4,6]",5.5762295995112076e-9,true,true,0.029989878785928552,LOCALLY_SOLVED,FEASIBLE_POINT,0.003311875
condition2_main,9,20260832,ISI,3,3,60,"lower:U[4,6]",5.565184294983592e-9,true,true,0.029996248010631117,LOCALLY_SOLVED,FEASIBLE_POINT,0.003374333
condition2_main,9,20260832,ISI,4,4,60,"lower:U[4,6]",5.415862126703257e-9,true,true,0.029996080433620148,LOCALLY_SOLVED,FEASIBLE_POINT,0.003547917
condition2_main,9,20260832,ISI,5,5,52,"lower:U[4,4]",5.354958510234221e-9,true,true,0.02997204011841057,LOCALLY_SOLVED,FEASIBLE_POINT,0.003404333
condition2_main,9,20260832,ISI,6,6,60,"lower:U[4,6]",5.63765353975422e-9,true,true,0.02999003925783992,LOCALLY_SOLVED,FEASIBLE_POINT,0.003307625
condition2_main,9,20260832,ISI,7,7,60,"lower:U[4,6]",5.51266289423087e-9,true,true,0.029996682214799886,LOCALLY_SOLVED,FEASIBLE_POINT,0.003307458
condition2_main,9,20260832,ISI,8,8,60,"lower:U[4,6]",5.2372284413635115e-9,true,true,0.029995700846490593,LOCALLY_SOLVED,FEASIBLE_POINT,0.00352625
condition2_main,9,20260832,ISI,9,9,60,"lower:U[4,6]",5.185315114954086e-9,true,true,0.029980081227604646,LOCALLY_SOLVED,FEASIBLE_POINT,0.00338775
condition2_main,9,20260832,ISI,10,10,60,"lower:U[4,6]",5.6170125589555766e-9,true,true,0.029994057162478195,LOCALLY_SOLVED,FEASIBLE_POINT,0.003414708
condition2_main,9,20260832,ISI,11,11,60,"lower:U[4,6]",5.472714504929408e-9,true,true,0.029971977990453563,LOCALLY_SOLVED,FEASIBLE_POINT,0.00358325
condition2_main,9,20260832,ISI,12,12,60,"lower:U[4,6]",5.648067417043489e-9,true,true,0.029992574983786616,LOCALLY_SOLVED,FEASIBLE_POINT,0.003469458
condition2_main,9,20260832,ISI,13,13,60,"lower:U[4,6]",5.437331860888014e-9,true,true,0.029998586659346158,LOCALLY_SOLVED,FEASIBLE_POINT,0.003345333
condition2_main,9,20260832,ISI,14,14,60,"lower:U[4,6]",4.5204316399901265e-9,true,true,0.029971687727836198,LOCALLY_SOLVED,FEASIBLE_POINT,0.003305416
condition2_main,9,20260832,ISI,15,15,60,"lower:U[4,6]",5.6709916753883665e-9,true,true,0.029979135902518144,LOCALLY_SOLVED,FEASIBLE_POINT,0.003588833
condition2_main,9,20260832,ISI,16,16,60,"lower:U[4,6]",5.720238671829245e-9,true,true,0.02999896947681021,LOCALLY_SOLVED,FEASIBLE_POINT,0.00342875
condition2_main,9,20260832,ISI,17,17,60,"lower:U[4,6]",4.831815547962705e-9,true,true,0.029985044792008638,LOCALLY_SOLVED,FEASIBLE_POINT,0.003468083
condition2_main,9,20260832,ISI,18,18,60,"lower:U[4,6]",5.71461673733427e-9,true,true,0.02994248564614412,LOCALLY_SOLVED,FEASIBLE_POINT,0.003523
condition2_main,9,20260832,ISI,19,19,60,"lower:U[4,6]",6.050770984444422e-9,true,true,0.029984751142416697,LOCALLY_SOLVED,FEASIBLE_POINT,0.003404417
condition2_main,9,20260832,ISI,20,20,52,"lower:U[4,4]",5.810519314134678e-9,true,true,0.02999067493328611,LOCALLY_SOLVED,FEASIBLE_POINT,0.003477125
condition2_main,9,20260832,ISI,21,21,60,"lower:U[4,6]",5.787276641704931e-9,true,true,0.030000444812248332,LOCALLY_SOLVED,FEASIBLE_POINT,0.004156875
condition2_main,9,20260832,ISI,22,22,60,"lower:U[4,6]",4.39720962595196e-9,true,true,0.029995548386871705,LOCALLY_SOLVED,FEASIBLE_POINT,0.003502208
condition2_main,9,20260832,ISI,23,23,60,"lower:U[4,6]",4.450736705108135e-9,true,true,0.029979481514959584,LOCALLY_SOLVED,FEASIBLE_POINT,0.003381
condition2_main,9,20260832,ISI,24,24,60,"lower:U[4,6]",5.3262057447031384e-9,true,true,0.02996960589658216,LOCALLY_SOLVED,FEASIBLE_POINT,0.003394583
condition2_main,9,20260832,ISI,25,25,60,"lower:U[4,6]",5.745191735098992e-9,true,true,0.029998046967955473,LOCALLY_SOLVED,FEASIBLE_POINT,0.00360625
condition2_main,9,20260832,ISI,26,26,60,"lower:U[4,6]",5.6974623343810704e-9,true,true,0.029964758738314,LOCALLY_SOLVED,FEASIBLE_POINT,0.003502917
condition2_main,9,20260832,ISI,27,27,60,"lower:U[4,6]",5.814307255830505e-9,true,true,0.029987352831148156,LOCALLY_SOLVED,FEASIBLE_POINT,0.003425125
condition2_main,9,20260832,ISI,28,28,52,"lower:U[4,4]",5.856557509428562e-9,true,true,0.029993686223798024,LOCALLY_SOLVED,FEASIBLE_POINT,0.003441875
condition2_main,9,20260832,ISI,29,29,60,"lower:U[4,6]",5.7881213931643185e-9,true,true,0.029986727291856637,LOCALLY_SOLVED,FEASIBLE_POINT,0.003619917
condition2_main,9,20260832,ISI,30,30,52,"lower:U[4,4]",5.820360447716602e-9,true,true,0.02999709862742553,LOCALLY_SOLVED,FEASIBLE_POINT,0.003451375
condition2_main,9,20260832,ISI,31,31,60,"lower:U[4,6]",4.808010301318132e-9,true,true,0.02999693155064469,LOCALLY_SOLVED,FEASIBLE_POINT,0.003382542
condition2_main,9,20260832,ISI,32,32,60,"lower:U[4,6]",2.8532425896677986e-9,true,true,0.029990791496948176,LOCALLY_SOLVED,FEASIBLE_POINT,0.003528
condition2_main,9,20260832,ISI,33,33,60,"lower:U[4,6]",4.695582760574027e-9,true,true,0.029997049566859432,LOCALLY_SOLVED,FEASIBLE_POINT,0.003484417
condition2_main,9,20260832,ISI,34,34,60,"lower:U[4,6]",5.370762702481865e-9,true,true,0.029997858282305175,LOCALLY_SOLVED,FEASIBLE_POINT,0.003452375
condition2_main,9,20260832,ISI,35,35,60,"lower:U[4,6]",5.559455497729177e-9,true,true,0.02999481873701545,LOCALLY_SOLVED,FEASIBLE_POINT,0.003504541
condition2_main,9,20260832,ISI,36,36,60,"lower:U[4,6]",4.379022427933675e-9,true,true,0.029998740653373906,LOCALLY_SOLVED,FEASIBLE_POINT,0.003501625
condition2_main,9,20260832,ISI,37,37,60,"lower:U[4,6]",4.379794521224483e-9,true,true,0.02998608736921575,LOCALLY_SOLVED,FEASIBLE_POINT,0.003407167
condition2_main,9,20260832,ISI,38,38,60,"lower:U[4,6]",5.44609945562285e-9,true,true,0.029995779016719556,LOCALLY_SOLVED,FEASIBLE_POINT,0.003417625
condition2_main,9,20260832,ISI,39,39,60,"lower:U[4,6]",5.73209162380581e-9,true,true,0.029998166192821894,LOCALLY_SOLVED,FEASIBLE_POINT,0.003492042
condition2_main,9,20260832,ISI,40,40,60,"lower:U[4,6]",5.236902682922442e-9,true,true,0.029996821321145038,LOCALLY_SOLVED,FEASIBLE_POINT,0.003605166
condition2_main,10,20260833,TAC,1,1,52,"lower:U[4,4]",4.684971749522688e-9,true,true,0.02998861198737047,LOCALLY_SOLVED,FEASIBLE_POINT,0.003368291
condition2_main,10,20260833,TAC,2,2,60,"lower:U[4,6]",2.5522508275794114e-9,true,true,0.029988408429424393,LOCALLY_SOLVED,FEASIBLE_POINT,0.003153333
condition2_main,10,20260833,TAC,3,3,60,"lower:U[4,6]",-1.2399986664260114e-9,true,true,0.02997843380876,LOCALLY_SOLVED,FEASIBLE_POINT,0.003465
condition2_main,10,20260833,TAC,4,4,60,"lower:U[4,6]",4.2066599702415555e-9,true,true,0.0299909086818624,LOCALLY_SOLVED,FEASIBLE_POINT,0.003304541
condition2_main,10,20260833,TAC,5,5,60,"lower:U[4,6]",5.148296439381382e-9,true,true,0.029998223213620678,LOCALLY_SOLVED,FEASIBLE_POINT,0.003311083
condition2_main,10,20260833,TAC,6,6,60,"lower:U[4,6]",5.14830273492204e-9,true,true,0.029997842589048297,LOCALLY_SOLVED,FEASIBLE_POINT,0.003182542
condition2_main,10,20260833,TAC,7,7,60,"lower:U[4,6]",5.1637966396533565e-9,true,true,0.029995575214049636,LOCALLY_SOLVED,FEASIBLE_POINT,0.003620041
condition2_main,10,20260833,TAC,8,8,60,"lower:U[4,6]",5.489115231271831e-9,true,true,0.029998581425666054,LOCALLY_SOLVED,FEASIBLE_POINT,0.003371417
condition2_main,10,20260833,TAC,9,9,60,"lower:U[4,6]",2.9539860001082813e-9,true,true,0.029967789388447685,LOCALLY_SOLVED,FEASIBLE_POINT,0.003645167
condition2_main,10,20260833,TAC,10,10,60,"lower:U[4,6]",5.3833054954742326e-9,true,true,0.029997087508189843,LOCALLY_SOLVED,FEASIBLE_POINT,0.003490292
condition2_main,10,20260833,TAC,11,11,60,"lower:U[4,6]",5.516482768913091e-9,true,true,0.030002842734823707,LOCALLY_SOLVED,FEASIBLE_POINT,0.003229625
condition2_main,10,20260833,TAC,12,12,60,"lower:U[4,6]",3.9400878947932446e-9,true,true,0.029991491985278042,LOCALLY_SOLVED,FEASIBLE_POINT,0.00350875
condition2_main,10,20260833,TAC,13,13,60,"lower:U[4,6]",5.801470075414216e-9,true,true,0.029999354537025923,LOCALLY_SOLVED,FEASIBLE_POINT,0.003656959
condition2_main,10,20260833,TAC,14,14,60,"lower:U[4,6]",6.0328795227303655e-9,true,true,0.030001579976944345,LOCALLY_SOLVED,FEASIBLE_POINT,0.003326
condition2_main,10,20260833,TAC,15,15,60,"lower:U[4,6]",4.7506102913571385e-9,true,true,0.029995335975033278,LOCALLY_SOLVED,FEASIBLE_POINT,0.00333125
condition2_main,10,20260833,TAC,16,16,60,"lower:U[4,6]",5.379613404183234e-9,true,true,0.029999824544541004,LOCALLY_SOLVED,FEASIBLE_POINT,0.003218708
condition2_main,10,20260833,TAC,17,17,60,"lower:U[4,6]",2.724618462015852e-9,true,true,0.029988781358884033,LOCALLY_SOLVED,FEASIBLE_POINT,0.003374875
condition2_main,10,20260833,TAC,18,18,60,"lower:U[4,6]",5.2668822150057096e-9,true,true,0.029997437028652502,LOCALLY_SOLVED,FEASIBLE_POINT,0.003287459
condition2_main,10,20260833,TAC,19,19,52,"lower:U[4,4]",5.226064636867e-9,true,true,0.02999716059305251,LOCALLY_SOLVED,FEASIBLE_POINT,0.003436958
condition2_main,10,20260833,TAC,20,20,60,"lower:U[4,6]",5.2495980956074194e-9,true,true,0.029998307252367882,LOCALLY_SOLVED,FEASIBLE_POINT,0.003622625
condition2_main,10,20260833,TAC,21,21,60,"lower:U[4,6]",5.5059425348553476e-9,true,true,0.030001260473326866,LOCALLY_SOLVED,FEASIBLE_POINT,0.003362833
condition2_main,10,20260833,TAC,22,22,52,"lower:U[4,4]",4.79096859645632e-9,true,true,0.029997754160540895,LOCALLY_SOLVED,FEASIBLE_POINT,0.003285791
condition2_main,10,20260833,TAC,23,23,60,"lower:U[4,6]",2.4478762374998187e-9,true,true,0.0299952626736652,LOCALLY_SOLVED,FEASIBLE_POINT,0.003303584
condition2_main,10,20260833,TAC,24,24,60,"lower:U[4,6]",5.015342610819227e-9,true,true,0.029997268362875265,LOCALLY_SOLVED,FEASIBLE_POINT,0.003712417
condition2_main,10,20260833,TAC,25,25,60,"lower:U[4,6]",5.925352755828371e-9,true,true,0.030000901810619873,LOCALLY_SOLVED,FEASIBLE_POINT,0.003435292
condition2_main,10,20260833,TAC,26,26,60,"lower:U[4,6]",4.450778028043166e-9,true,true,0.029994051899900825,LOCALLY_SOLVED,FEASIBLE_POINT,0.003183917
condition2_main,10,20260833,TAC,27,27,60,"lower:U[4,6]",5.161194456921144e-9,true,true,0.029995605977774738,LOCALLY_SOLVED,FEASIBLE_POINT,0.003383208
condition2_main,10,20260833,TAC,28,28,60,"lower:U[4,6]",4.5831108682895285e-9,true,true,0.02999889079412578,LOCALLY_SOLVED,FEASIBLE_POINT,0.003570666
condition2_main,10,20260833,TAC,29,29,60,"lower:U[4,6]",5.498771548559692e-9,true,true,0.029999498640147473,LOCALLY_SOLVED,FEASIBLE_POINT,0.00346525
condition2_main,10,20260833,TAC,30,30,60,"lower:U[4,6]",4.964671304418183e-9,true,true,0.02999514081156356,LOCALLY_SOLVED,FEASIBLE_POINT,0.003414291
condition2_main,10,20260833,TAC,31,31,60,"lower:U[4,6]",5.5764481481902524e-9,true,true,0.030002181179021155,LOCALLY_SOLVED,FEASIBLE_POINT,0.003261458
condition2_main,10,20260833,TAC,32,32,60,"lower:U[4,6]",5.18798618212207e-9,true,true,0.029999389631584158,LOCALLY_SOLVED,FEASIBLE_POINT,0.003718709
condition2_main,10,20260833,TAC,33,33,60,"lower:U[4,6]",5.172534454128013e-9,true,true,0.030000490321980565,LOCALLY_SOLVED,FEASIBLE_POINT,0.003342416
condition2_main,10,20260833,TAC,34,34,52,"lower:U[4,4]",4.747308554132598e-9,true,true,0.029996571041879985,LOCALLY_SOLVED,FEASIBLE_POINT,0.003373
condition2_main,10,20260833,TAC,35,35,60,"lower:U[4,6]",5.1864483586817915e-9,true,true,0.03000076328620677,LOCALLY_SOLVED,FEASIBLE_POINT,0.003539542
condition2_main,10,20260833,TAC,36,36,60,"lower:U[4,6]",4.806064571048813e-9,true,true,0.029998790537748916,LOCALLY_SOLVED,FEASIBLE_POINT,0.003443667
condition2_main,10,20260833,TAC,37,37,60,"lower:U[4,6]",5.080842312009962e-9,true,true,0.029998261476086748,LOCALLY_SOLVED,FEASIBLE_POINT,0.003332375
condition2_main,10,20260833,TAC,38,38,60,"lower:U[4,6]",3.8485865007394606e-9,true,true,0.029998900516374313,LOCALLY_SOLVED,FEASIBLE_POINT,0.003554542
condition2_main,10,20260833,TAC,39,39,60,"lower:U[4,6]",5.38821153557154e-9,true,true,0.030000040189909646,LOCALLY_SOLVED,FEASIBLE_POINT,0.003279958
condition2_main,10,20260833,TAC,40,40,60,"lower:U[4,6]",2.166437047654638e-9,true,true,0.029995817954597118,LOCALLY_SOLVED,FEASIBLE_POINT,0.003558166
condition2_main,10,20260833,TotEmiss,1,1,60,"lower:U[4,6]",3.6989066260613035e-9,true,true,0.029982782952540102,LOCALLY_SOLVED,FEASIBLE_POINT,0.0033045
condition2_main,10,20260833,TotEmiss,2,2,52,"lower:U[4,4]",4.151671286599955e-9,true,true,0.029990610314852877,LOCALLY_SOLVED,FEASIBLE_POINT,0.003316
condition2_main,10,20260833,TotEmiss,3,3,60,"lower:U[4,6]",4.807901655596881e-9,true,true,0.03000362390873276,LOCALLY_SOLVED,FEASIBLE_POINT,0.003292084
condition2_main,10,20260833,TotEmiss,4,4,60,"lower:U[4,6]",4.345600915885773e-9,true,true,0.029999184785732536,LOCALLY_SOLVED,FEASIBLE_POINT,0.003399875
condition2_main,10,20260833,TotEmiss,5,5,60,"lower:U[4,6]",4.227407493769337e-9,true,true,0.02999992357868149,LOCALLY_SOLVED,FEASIBLE_POINT,0.003392417
condition2_main,10,20260833,TotEmiss,6,6,60,"lower:U[4,6]",4.425746062275765e-9,true,true,0.03000094138049982,LOCALLY_SOLVED,FEASIBLE_POINT,0.003316459
condition2_main,10,20260833,TotEmiss,7,7,60,"lower:U[4,6]",4.269594076335069e-9,true,true,0.030000928891673082,LOCALLY_SOLVED,FEASIBLE_POINT,0.003322166
condition2_main,10,20260833,TotEmiss,8,8,60,"lower:U[4,6]",3.422618244195978e-9,true,true,0.03000040700400007,LOCALLY_SOLVED,FEASIBLE_POINT,0.003472958
condition2_main,10,20260833,TotEmiss,9,9,60,"lower:U[4,6]",3.6710950291323776e-9,true,true,0.029998973253989075,LOCALLY_SOLVED,FEASIBLE_POINT,0.003324
condition2_main,10,20260833,TotEmiss,10,10,60,"lower:U[4,6]",8.803220078053233e-10,true,true,0.02999850413729413,LOCALLY_SOLVED,FEASIBLE_POINT,0.00342675
condition2_main,10,20260833,TotEmiss,11,11,60,"lower:U[4,6]",1.2495260104142902e-9,true,true,0.02999098268744416,LOCALLY_SOLVED,FEASIBLE_POINT,0.003378375
condition2_main,10,20260833,TotEmiss,12,12,60,"lower:U[4,6]",4.8881606208446904e-9,true,true,0.029999200412436446,LOCALLY_SOLVED,FEASIBLE_POINT,0.003442584
condition2_main,10,20260833,TotEmiss,13,13,60,"lower:U[4,6]",4.305287782078708e-9,true,true,0.029994982383260368,LOCALLY_SOLVED,FEASIBLE_POINT,0.003391833
condition2_main,10,20260833,TotEmiss,14,14,60,"lower:U[4,6]",4.964871219845295e-9,true,true,0.029998876597522713,LOCALLY_SOLVED,FEASIBLE_POINT,0.00329675
condition2_main,10,20260833,TotEmiss,15,15,60,"lower:U[4,6]",4.514165969847429e-9,true,true,0.029999330831647422,LOCALLY_SOLVED,FEASIBLE_POINT,0.003460792
condition2_main,10,20260833,TotEmiss,16,16,60,"lower:U[4,6]",4.0479169092813115e-9,true,true,0.030001374229349363,LOCALLY_SOLVED,FEASIBLE_POINT,0.003443917
condition2_main,10,20260833,TotEmiss,17,17,60,"lower:U[4,6]",4.154084985415733e-9,true,true,0.02999718749370179,LOCALLY_SOLVED,FEASIBLE_POINT,0.003331209
condition2_main,10,20260833,TotEmiss,18,18,60,"lower:U[4,6]",4.600031766951526e-9,true,true,0.029996544556735675,LOCALLY_SOLVED,FEASIBLE_POINT,0.003160208
condition2_main,10,20260833,TotEmiss,19,19,52,"lower:U[4,4]",4.724094095863887e-9,true,true,0.029998307192502984,LOCALLY_SOLVED,FEASIBLE_POINT,0.003315625
condition2_main,10,20260833,TotEmiss,20,20,60,"lower:U[4,6]",3.5566396296757717e-9,true,true,0.02999780621825643,LOCALLY_SOLVED,FEASIBLE_POINT,0.003586583
condition2_main,10,20260833,TotEmiss,21,21,60,"lower:U[4,6]",4.461109766413792e-9,true,true,0.029997459363061533,LOCALLY_SOLVED,FEASIBLE_POINT,0.003363292
condition2_main,10,20260833,TotEmiss,22,22,60,"lower:U[4,6]",8.571433587993505e-10,true,true,0.029982734049480476,LOCALLY_SOLVED,FEASIBLE_POINT,0.00330775
condition2_main,10,20260833,TotEmiss,23,23,60,"lower:U[4,6]",4.767154133464078e-9,true,true,0.029997943033993228,LOCALLY_SOLVED,FEASIBLE_POINT,0.003300292
condition2_main,10,20260833,TotEmiss,24,24,60,"lower:U[4,6]",1.4302817926991897e-9,true,true,0.030000176618403755,LOCALLY_SOLVED,FEASIBLE_POINT,0.003499
condition2_main,10,20260833,TotEmiss,25,25,60,"lower:U[4,6]",2.0065686529470965e-9,true,true,0.02999661666366984,LOCALLY_SOLVED,FEASIBLE_POINT,0.003484791
condition2_main,10,20260833,TotEmiss,26,26,60,"lower:U[4,6]",4.7571567948397474e-9,true,true,0.02999159172752297,LOCALLY_SOLVED,FEASIBLE_POINT,0.003431875
condition2_main,10,20260833,TotEmiss,27,27,60,"lower:U[4,6]",5.0732174712071565e-9,true,true,0.02999758557303544,LOCALLY_SOLVED,FEASIBLE_POINT,0.003482583
condition2_main,10,20260833,TotEmiss,28,28,60,"lower:U[4,6]",4.850183875355214e-9,true,true,0.03000193979901727,LOCALLY_SOLVED,FEASIBLE_POINT,0.003447875
condition2_main,10,20260833,TotEmiss,29,29,60,"lower:U[4,6]",3.4206989674742066e-9,true,true,0.02999656583003377,LOCALLY_SOLVED,FEASIBLE_POINT,0.003313667
condition2_main,10,20260833,TotEmiss,30,30,60,"lower:U[4,6]",4.438352798161158e-9,true,true,0.03000116504481778,LOCALLY_SOLVED,FEASIBLE_POINT,0.003284417
condition2_main,10,20260833,TotEmiss,31,31,60,"lower:U[4,6]",3.7060338521612148e-9,true,true,0.030001119192004926,LOCALLY_SOLVED,FEASIBLE_POINT,0.003517375
condition2_main,10,20260833,TotEmiss,32,32,60,"lower:U[4,6]",3.501105780818399e-9,true,true,0.02999443791698824,LOCALLY_SOLVED,FEASIBLE_POINT,0.003432
condition2_main,10,20260833,TotEmiss,33,33,60,"lower:U[4,6]",4.59031726876966e-9,true,true,0.030001999220019882,LOCALLY_SOLVED,FEASIBLE_POINT,0.003290459
condition2_main,10,20260833,TotEmiss,34,34,60,"lower:U[4,6]",3.98827002604449e-9,true,true,0.029999348589266117,LOCALLY_SOLVED,FEASIBLE_POINT,0.003375083
condition2_main,10,20260833,TotEmiss,35,35,60,"lower:U[4,6]",1.5899420563871552e-9,true,true,0.029996907940373168,LOCALLY_SOLVED,FEASIBLE_POINT,0.003258166
condition2_main,10,20260833,TotEmiss,36,36,60,"lower:U[4,6]",2.3167181403683773e-9,true,true,0.029999683153774253,LOCALLY_SOLVED,FEASIBLE_POINT,0.003286959
condition2_main,10,20260833,TotEmiss,37,37,60,"lower:U[4,6]",2.6059921730550485e-9,true,true,0.02999658390790539,LOCALLY_SOLVED,FEASIBLE_POINT,0.003477375
condition2_main,10,20260833,TotEmiss,38,38,60,"lower:U[4,6]",3.545022255108124e-9,true,true,0.030000419882899608,LOCALLY_SOLVED,FEASIBLE_POINT,0.003518167
condition2_main,10,20260833,TotEmiss,39,39,60,"lower:U[4,6]",4.629145761752391e-9,true,true,0.029993686671953776,LOCALLY_SOLVED,FEASIBLE_POINT,0.003296375
condition2_main,10,20260833,TotEmiss,40,40,60,"lower:U[4,6]",4.613146731832026e-9,true,true,0.02999805273473035,LOCALLY_SOLVED,FEASIBLE_POINT,0.003288708
condition2_main,10,20260833,ISI,1,1,60,"lower:U[4,6]",4.484149078360557e-9,true,true,0.029979683482425162,LOCALLY_SOLVED,FEASIBLE_POINT,0.003430625
condition2_main,10,20260833,ISI,2,2,60,"lower:U[4,6]",5.578820678334991e-9,true,true,0.029992207664951538,LOCALLY_SOLVED,FEASIBLE_POINT,0.003386167
condition2_main,10,20260833,ISI,3,3,52,"lower:U[4,4]",5.469857268616115e-9,true,true,0.02999308213958783,LOCALLY_SOLVED,FEASIBLE_POINT,0.003343084
condition2_main,10,20260833,ISI,4,4,60,"lower:U[4,6]",5.498383794033706e-9,true,true,0.030001290873587657,LOCALLY_SOLVED,FEASIBLE_POINT,0.003377167
condition2_main,10,20260833,ISI,5,5,60,"lower:U[4,6]",4.038406139061642e-9,true,true,0.029991066947041622,LOCALLY_SOLVED,FEASIBLE_POINT,0.00338125
condition2_main,10,20260833,ISI,6,6,60,"lower:U[4,6]",5.373053290334973e-9,true,true,0.029996962561577523,LOCALLY_SOLVED,FEASIBLE_POINT,0.003328625
condition2_main,10,20260833,ISI,7,7,60,"lower:U[4,6]",5.312686302711926e-9,true,true,0.029993992210969888,LOCALLY_SOLVED,FEASIBLE_POINT,0.003492083
condition2_main,10,20260833,ISI,8,8,60,"lower:U[4,6]",3.5190374469963785e-9,true,true,0.030001193288061882,LOCALLY_SOLVED,FEASIBLE_POINT,0.003367167
condition2_main,10,20260833,ISI,9,9,60,"lower:U[4,6]",1.646813356100454e-9,true,true,0.029999023723196815,LOCALLY_SOLVED,FEASIBLE_POINT,0.003275625
condition2_main,10,20260833,ISI,10,10,60,"lower:U[4,6]",6.006286103935209e-10,true,true,0.029996517604007466,LOCALLY_SOLVED,FEASIBLE_POINT,0.003362667
condition2_main,10,20260833,ISI,11,11,60,"lower:U[4,6]",5.027806376682081e-10,true,true,0.02999534026171297,LOCALLY_SOLVED,FEASIBLE_POINT,0.003261083
condition2_main,10,20260833,ISI,12,12,60,"lower:U[4,6]",1.8020615452382806e-9,true,true,0.02999709569163875,LOCALLY_SOLVED,FEASIBLE_POINT,0.003368
condition2_main,10,20260833,ISI,13,13,60,"lower:U[4,6]",4.108743782507222e-10,true,true,0.02998985414185365,LOCALLY_SOLVED,FEASIBLE_POINT,0.003391125
condition2_main,10,20260833,ISI,14,14,60,"lower:U[4,6]",4.010038998422593e-9,true,true,0.029975386858178937,LOCALLY_SOLVED,FEASIBLE_POINT,0.00329825
condition2_main,10,20260833,ISI,15,15,60,"lower:U[4,6]",5.555003927652789e-9,true,true,0.029996297362653964,LOCALLY_SOLVED,FEASIBLE_POINT,0.00334025
condition2_main,10,20260833,ISI,16,16,60,"lower:U[4,6]",5.310610471830612e-9,true,true,0.029973007121696704,LOCALLY_SOLVED,FEASIBLE_POINT,0.003452208
condition2_main,10,20260833,ISI,17,17,60,"lower:U[4,6]",5.7383618703172915e-9,true,true,0.029999481448667042,LOCALLY_SOLVED,FEASIBLE_POINT,0.003341084
condition2_main,10,20260833,ISI,18,18,60,"lower:U[4,6]",5.1952298702133825e-9,true,true,0.02999666680167066,LOCALLY_SOLVED,FEASIBLE_POINT,0.003312042
condition2_main,10,20260833,ISI,19,19,60,"lower:U[4,6]",5.034253250787588e-9,true,true,0.029961738071307073,LOCALLY_SOLVED,FEASIBLE_POINT,0.003279709
condition2_main,10,20260833,ISI,20,20,60,"lower:U[4,6]",5.637305783762416e-9,true,true,0.02999920160573662,LOCALLY_SOLVED,FEASIBLE_POINT,0.003424917
condition2_main,10,20260833,ISI,21,21,60,"lower:U[4,6]",5.1422280055173366e-9,true,true,0.029939888633105864,LOCALLY_SOLVED,FEASIBLE_POINT,0.003348958
condition2_main,10,20260833,ISI,22,22,60,"lower:U[4,6]",5.642640585965256e-9,true,true,0.029930663863961142,LOCALLY_SOLVED,FEASIBLE_POINT,0.003361167
condition2_main,10,20260833,ISI,23,23,52,"lower:U[4,4]",5.666099089259064e-9,true,true,0.02997833442235539,LOCALLY_SOLVED,FEASIBLE_POINT,0.003504
condition2_main,10,20260833,ISI,24,24,52,"lower:U[4,4]",4.43899427150073e-9,true,true,0.02999634507096345,LOCALLY_SOLVED,FEASIBLE_POINT,0.003227667
condition2_main,10,20260833,ISI,25,25,60,"lower:U[4,6]",3.5869480444063178e-9,true,true,0.029978197108568683,LOCALLY_SOLVED,FEASIBLE_POINT,0.003293875
condition2_main,10,20260833,ISI,26,26,60,"lower:U[4,6]",5.45406164379396e-9,true,true,0.029996178523978678,LOCALLY_SOLVED,FEASIBLE_POINT,0.003440875
condition2_main,10,20260833,ISI,27,27,60,"lower:U[4,6]",5.082831244899524e-9,true,true,0.02999441969411141,LOCALLY_SOLVED,FEASIBLE_POINT,0.003319292
condition2_main,10,20260833,ISI,28,28,60,"lower:U[4,6]",5.226768088697821e-9,true,true,0.029995033877402228,LOCALLY_SOLVED,FEASIBLE_POINT,0.003302958
condition2_main,10,20260833,ISI,29,29,60,"lower:U[4,6]",5.469978782574862e-9,true,true,0.02999869492843811,LOCALLY_SOLVED,FEASIBLE_POINT,0.003263
condition2_main,10,20260833,ISI,30,30,60,"lower:U[4,6]",5.113841708564361e-9,true,true,0.029989093158001495,LOCALLY_SOLVED,FEASIBLE_POINT,0.003439959
condition2_main,10,20260833,ISI,31,31,60,"lower:U[4,6]",5.2609838665830065e-9,true,true,0.02998092762096209,LOCALLY_SOLVED,FEASIBLE_POINT,0.003447583
condition2_main,10,20260833,ISI,32,32,60,"lower:U[4,6]",1.7281430084028527e-9,true,true,0.02999956066450033,LOCALLY_SOLVED,FEASIBLE_POINT,0.003454125
condition2_main,10,20260833,ISI,33,33,60,"lower:U[4,6]",1.5798664684791334e-9,true,true,0.029975360663986154,LOCALLY_SOLVED,FEASIBLE_POINT,0.003373666
condition2_main,10,20260833,ISI,34,34,60,"lower:U[4,6]",5.050938532210673e-9,true,true,0.029969007358826943,LOCALLY_SOLVED,FEASIBLE_POINT,0.003496375
condition2_main,10,20260833,ISI,35,35,60,"lower:U[4,6]",5.750257915919735e-9,true,true,0.029998344072099885,LOCALLY_SOLVED,FEASIBLE_POINT,0.003276167
condition2_main,10,20260833,ISI,36,36,60,"lower:U[4,6]",4.236313017727971e-9,true,true,0.029997620462885538,LOCALLY_SOLVED,FEASIBLE_POINT,0.003303834
condition2_main,10,20260833,ISI,37,37,60,"lower:U[4,6]",3.17723843811781e-9,true,true,0.02998893337342751,LOCALLY_SOLVED,FEASIBLE_POINT,0.003565125
condition2_main,10,20260833,ISI,38,38,60,"lower:U[4,6]",5.624052032910183e-9,true,true,0.02999679104852076,LOCALLY_SOLVED,FEASIBLE_POINT,0.00347225
condition2_main,10,20260833,ISI,39,39,60,"lower:U[4,6]",3.8541407130039165e-9,true,true,0.0299654644542636,LOCALLY_SOLVED,FEASIBLE_POINT,0.003450459
condition2_main,10,20260833,ISI,40,40,60,"lower:U[4,6]",5.6899588660694385e-9,true,true,0.029991600202060133,LOCALLY_SOLVED,FEASIBLE_POINT,0.00337575
