method,index_a,index_b,epsilon_TAC,epsilon_TotEmiss,epsilon_ISI,attempts,successful_starts,termination,raw_status,solve_time_s,scalarized_objective,TAC,TotEmiss,ISI,NetCapture,max_abs_equality,max_abs_source_carbon_diagnostic,max_inequality_violation,epsilon_violation,z1,z2,z3,z4,z5,z6,z7,z8,z9,z10,z11,z12,z13,z14,z15,z16,z17,z18,z19,z20,z21,z22,z23,z24,z25,z26,z27,z28,z29,z30,z31,z32,z33,z34,z35,z36,z37,z38,z39,z40,z41,z42,z43,z44,z45,z46,z47,z48,z49,z50,z51,z52,z53,z54,z55,z56,z57,z58,z59,z60,z61,z62,z63,z64,z65,z66,z67,z68,z69,z70,z71,z72,z73,z74,z75,z76,z77,z78,z79,z80,z81,z82
group_TAC_TotEmiss,1,,,,39.94256490926082,3,2,ALMOST_LOCALLY_SOLVED,Solved_To_Acceptable_Level,0.038977083,0.001055584305577686,2.109146909679153e6,13.050933968760534,39.65168950930862,443.8005812884837,1.5922526291542861e-16,1.5922526291542861e-16,8.164291294690734e-9,0.0,0.9999970817164684,0.03850208562497255,0.5146928083358275,0.2269907908556679,1.0641321145382888e-8,3.6822928927526105e-9,2.8865597130406518e-8,2.015630701211604e-9,1.035061736569314e-8,3.545615465443531e-9,2.8444139124882277e-8,1.9799972436532067e-9,1.0618707435565994e-8,3.682214619523676e-9,2.882603127188787e-8,2.021370693321381e-9,1.0546252404182248e-8,3.6472231993967516e-9,2.8720127017328612e-8,2.0117773365990597e-9,5.280587910673962e-6,0.015024196344245967,0.12519357683269933,0.014314700639642755,1.0509592158157863e-8,3.629517234058835e-9,2.8666533995415376e-8,2.00692507191391e-9,7.272621644725483e-9,-4.746409144498919e-9,5.244914627783153e-9,-8.164291294690734e-9,7.0602110141021046e-9,-4.613929208467524e-9,5.78191624675709e-9,-8.07740628588037e-9,7.256118987819654e-9,-4.74298195175972e-9,5.242529369901714e-9,-8.159604910412238e-9,7.203220558335863e-9,-4.7053524162080495e-9,5.3928054174906165e-9,-8.135897053403668e-9,0.999991119909631,0.0006001133683184705,7.486401146115972e-6,4.19377551551473e-7,7.176441792209081e-9,-4.683608224483491e-9,5.479212377652115e-9,-8.122278618875502e-9,1.1823690161536537e-9,5.607127813964203e-9,8.98040799612647e-8,2.994651327514382e-8,1.1500685961881264e-9,5.3990053678344674e-9,8.849287727741151e-8,2.941710190570478e-8,1.1798563817295543e-9,5.60700862518378e-9,8.96809861792067e-8,3.003179315791766e-8,1.1718058226869158e-9,5.553726235445054e-9,8.935150627613344e-8,2.98892632866146e-8,5.867319900748845e-7,0.022877753524192728,0.3894911279239534,0.2126755523604066,1.1677324620175399e-9,5.526764879135045e-9,8.918477243018116e-8,2.981717249700666e-8,1.5398614395451325e-12,3.1036324942630295e-13,6.842693958131885e-12,3.503463020185743e-11,0.6532956405082929,7.027975883255029e-11
group_TAC_TotEmiss,2,,,,39.31438661233005,3,3,LOCALLY_SOLVED,Solve_Succeeded,0.138387375,0.0052954433074015135,2.2070836029579337e6,13.6091868890435,39.31438686999473,443.7999902894806,3.1845052583085723e-16,3.1845052583085723e-16,9.502952080749976e-9,6.8362937179301565e-9,0.999999969427723,0.24148260483750855,7.3255161623799895e-6,5.969438748609049e-7,6.967899320129093e-9,7.361322622134956e-9,3.793327124307599e-8,2.0950446370579417e-9,6.166023084114316e-9,6.534318692540872e-9,3.583030037865853e-8,1.9950132416089172e-9,7.2852470231328335e-9,8.110763820999563e-9,3.972082920106528e-8,2.3629982589858554e-9,6.6891138153230835e-9,7.342604494487167e-9,3.7645725415927886e-8,2.2250970889162343e-9,4.5238564320871624e-8,0.09469546762794034,1.1321621274021383e-6,1.681093844043355e-8,3.8700232315205276e-8,0.0010273523857984282,5.011642162227238e-7,1.563107949662222e-8,1.3503986923391573e-8,-6.944015086315178e-9,-2.7225462343832307e-9,-9.263028995040466e-9,1.1951350707196599e-8,-5.951891527484814e-9,-1.5672107364852498e-10,-8.982574297516438e-9,1.4136911171497996e-8,-7.90166368011787e-9,-5.078688813390986e-9,-9.502952080749976e-9,1.2956739710830176e-8,-6.932772231479738e-9,-2.706969151537609e-9,-9.250259991604153e-9,0.9999991793673363,-7.132508301319421e-9,-3.734370155977027e-9,-9.40342397369478e-9,6.141257540373681e-7,-3.0102105073329096e-9,3.8166372586154795e-9,-8.70231425225269e-9,7.742110355698988e-10,1.120928672006914e-8,1.1801462164512528e-7,3.112637746486084e-8,6.851136760127015e-10,9.949985281823601e-9,1.1147204562249318e-7,2.964019673247534e-8,8.094718914592033e-10,1.2350481272885699e-8,1.2357591306998083e-7,3.5107402704932695e-8,7.432348683692312e-10,1.1180784116605459e-8,1.1712003462733115e-7,3.305858532104119e-8,5.026507146763511e-9,0.1441953711607274,3.5222821741399845e-6,2.4976251397215553e-7,4.300025812800584e-9,0.0015643774965566975,1.5591775615818069e-6,2.3223318109267293e-7,1.3540895616590927e-13,3.276701930266241e-14,2.2162793146322257e-13,4.004300009869775e-12,0.6520433891360938,0.002158292094171695
group_TAC_TotEmiss,3,,,,38.68620831539928,3,3,LOCALLY_SOLVED,Solve_Succeeded,0.202711041,0.03092344269706415,2.5046337584140687e6,21.5273181714441,38.68620745629386,443.8000013162581,8.120488408686859e-17,9.227827737144159e-17,8.53765071439585e-9,0.0,0.9999996963809678,0.26051440505366513,5.5129358942489616e-5,5.058338158872093e-6,1.0434162266345485e-8,4.1826482606317264e-9,3.024241467523526e-8,2.075451450926166e-9,9.854681156189096e-9,3.886937020805707e-9,2.9356905541526264e-8,2.0040884505711266e-9,1.0899418217525332e-8,4.4723901088680525e-9,3.1035735776407756e-8,2.172080388074411e-9,1.0305701627096365e-8,4.151826732696129e-9,3.007569959778078e-8,2.0869233244522417e-9,5.523051845316381e-7,0.08726695030779562,9.567485047605667e-6,1.7883371262822137e-7,4.892781574013888e-7,0.016000002778815844,3.6994329966151055e-6,1.3462453665855108e-7,8.053347667239134e-9,-5.024697535469552e-9,3.913277785072741e-9,-8.386251045366622e-9,7.58165382200152e-9,-4.7214913738610455e-9,5.053411843479616e-9,-8.215511102311499e-9,8.431126535529932e-9,-5.339142857249907e-9,2.776182480679254e-9,-8.53765071439585e-9,7.94889495058864e-9,-4.988863551700118e-9,4.021503635058556e-9,-8.36024890799013e-9,0.9999940488986898,1.665321789797189e-8,4.757105003495386e-8,-4.570006381937028e-9,4.412048026837146e-6,7.437690015506483e-9,2.7994006373307306e-8,-6.3698889742491465e-9,1.1593513629272758e-9,6.3690325786892204e-9,9.408751232295413e-8,3.083527869947446e-8,1.094964572909899e-9,5.918745008954145e-9,9.133259501808169e-8,2.9775028408485304e-8,1.2110464686139252e-9,6.810230393049081e-9,9.655562241549078e-8,3.227090862281981e-8,1.1450779585662625e-9,6.322099797514561e-9,9.356884319309573e-8,3.100571796329044e-8,6.136724272573753e-8,0.13288376524141607,2.97655090369954e-5,2.656958016190717e-6,5.43642397112654e-8,0.02436364059501504,1.1509347100580325e-5,2.0001359732127587e-6,5.712175380562197e-13,1.171763849625963e-13,2.290103569546408e-12,1.342363173406721e-11,0.6409032016383701,0.03360684842648698
group_TAC_TotEmiss,4,,,,38.0580300184685,3,3,LOCALLY_SOLVED,Solve_Succeeded,0.186466667,0.052091067974429583,2.661483917229041e6,29.44642735830204,38.05802376394254,443.8000546874773,1.6240976817373719e-16,1.5922526291542861e-16,8.244423875026106e-9,0.0,0.9999984350482136,0.2794967562356643,0.0003243476954300834,2.792105716427043e-5,1.0803935052756773e-8,3.8187055385192995e-9,2.9262037543465126e-8,2.039317087316597e-9,1.0510767881089431e-8,3.679086855509996e-9,2.883947621873148e-8,2.0026583414169193e-9,1.0827674431231934e-8,3.837606383818173e-9,2.9303917149832593e-8,2.0482027983611903e-9,1.072474884346631e-8,3.78756619384329e-9,2.915247427156839e-8,2.0346057070965443e-9,2.9518295931044637e-6,0.07984310463291162,5.4738390644079635e-5,9.69890936614912e-7,2.820110094365827e-6,0.030948335869759036,2.3951160297675e-5,7.839123104419178e-7,7.4497712944066324e-9,-4.8534835686182135e-9,4.7975498405980805e-9,-8.235823810450848e-9,7.23444814791021e-9,-4.715036682665332e-9,5.347387635843972e-9,-8.149846727741048e-9,7.467182403895645e-9,-4.870334065002423e-9,4.725713566738981e-9,-8.244423875026106e-9,7.3916671892707676e-9,-4.813494399686217e-9,4.946322028251213e-9,-8.210655662920014e-9,0.9999303672219075,1.3218228435584697e-7,2.969014911723702e-7,1.8886658844207873e-8,6.157738677760155e-5,1.661378421273152e-8,5.030726176034501e-8,-4.1332359266767e-9,1.2004372280840854e-9,5.814847070018024e-9,9.103745013522481e-8,3.029842529727516e-8,1.1678630978988253e-9,5.602245893617494e-9,8.972281490272014e-8,2.9753781072479937e-8,1.203074936803548e-9,5.843627902632218e-9,9.11677422439236e-8,3.043044157565197e-8,1.1916387603851451e-9,5.76743034062501e-9,9.069658662265718e-8,3.0228427648291514e-8,3.279810659004958e-7,0.1215792729637518,0.0001702972153371366,1.4409808201135833e-5,3.133455660406473e-7,0.04712587507440581,7.451472092609998e-5,1.1646697183708492e-5,2.7719759187962958e-12,5.696712336148628e-13,1.2079324669799072e-11,6.394947236642641e-11,0.6297623206955089,0.06505868781831632
group_TAC_TotEmiss,5,,,,37.42985172153773,3,3,LOCALLY_SOLVED,Solve_Succeeded,0.279537042,0.07108298540788667,3.281853537234949e6,29.120682479023472,37.4298515272039,443.79999449162364,1.6240976817373719e-16,1.5922526291542861e-16,8.833950918982795e-9,0.0,0.9999998780240263,0.27878445907480554,2.0853415356533695e-5,2.18931375198637e-6,9.397098495463164e-9,4.600090894421527e-9,3.1308978298785306e-8,2.0930588913615393e-9,8.395262078342321e-9,4.003197649859748e-9,2.9528381804400678e-8,1.9616135416337717e-9,1.026233075300444e-8,5.277142451772706e-9,3.3049344396471483e-8,2.3257779950285142e-9,1.666438107662842e-7,0.03872825168779543,1.1128437672108843e-6,5.1259621887457593e-8,2.07442293208711e-7,0.07178089011262784,3.823274690216888e-6,8.142087652142535e-8,8.692590436797276e-9,4.251027612407678e-9,3.003699269036688e-8,2.0608254611516454e-9,8.853600110393156e-9,-5.143588601237685e-9,3.136322853044281e-9,-8.521856009883082e-9,7.87296530692303e-9,-4.519786986979695e-9,5.352895800218555e-9,-8.202237122489265e-9,9.703653422586187e-9,-5.9233614546060044e-9,5.907167062381047e-10,-8.833950918982795e-9,1.0067336062713156e-6,5.46484760881835e-9,2.121606233770519e-8,-7.078462196056287e-9,0.9999983802150452,2.314577231093666e-9,1.6341743835027584e-8,-7.519546715681816e-9,8.163616316252896e-9,-4.764220711363196e-9,4.382090461634039e-9,-8.318330348319613e-9,1.0441220550514623e-9,7.004683861960053e-9,9.740571026288759e-8,3.109687495737144e-8,9.32806897593591e-10,6.095778239559163e-9,9.186607672480209e-8,2.914397261855889e-8,1.1402589725560488e-9,8.035648733381165e-9,1.0282018256680015e-7,3.4554415926137926e-8,1.8515978974031573e-8,0.05897256507005214,3.4621806091005283e-6,7.615715251850841e-7,2.304914368985677e-8,0.10930271903513786,1.1894632369563647e-5,1.2096815940326054e-6,9.658433818663637e-10,6.473155682529873e-9,9.344842170336362e-8,3.06179782799673e-8,2.0112565513858365e-13,3.950778513896051e-14,7.132255188545455e-13,0.0813312190684011,0.6176728337595866,8.956952131262814e-12
group_TAC_TotEmiss,6,,,,36.80167342460696,3,3,LOCALLY_SOLVED,Solve_Succeeded,0.250100708,0.08742202569253632,3.4598917861970123e6,34.352533199583775,36.80167370292107,443.7999898655346,8.120488408686859e-17,6.151885158096106e-17,9.609588740761754e-9,7.3841591544035345e-9,0.9999999876868775,0.29137109710130366,4.149640825960732e-6,4.338334506558162e-7,2.705151698966552e-9,7.799098068258096e-9,3.8116464306840336e-8,1.8954846152830154e-9,1.3460161398934716e-9,5.139522585182072e-9,3.111201616648396e-8,1.6037536563569933e-9,2.8910617082657556e-9,9.209037659575499e-9,3.993224634498452e-8,2.5387702886398017e-9,1.1230773160358633e-8,0.051349811119425215,1.7448821344031022e-7,1.1149777416730318e-8,1.649693110072143e-8,0.06414862697009743,6.941250323819351e-7,1.1579116943232436e-8,1.8022846511441282e-9,6.357767443021217e-9,3.3080744818220613e-8,2.03179488373606e-9,1.5858289502678778e-8,-6.52037756970402e-9,-2.1765039049848887e-9,-9.234335172160834e-9,1.072055773947985e-8,-3.2710635151782406e-9,5.430438862766343e-9,-8.410718786924387e-9,1.6655557124726407e-8,-8.27251048472064e-9,-6.112789606791947e-9,-9.609588740761754e-9,1.5241515361636584e-7,-3.822536845773037e-9,6.369155848059088e-10,-8.964563948932309e-9,0.9999997391909717,-7.871262076269408e-9,-5.447446772583672e-9,-9.570137466255764e-9,1.23216606089331e-8,-4.778202084186211e-9,1.5741511336696497e-9,-8.756556120809774e-9,3.005724109962834e-10,1.1875899331211195e-8,1.1858455562128101e-7,2.8161485712776226e-8,1.4955734887705233e-10,7.82609120925452e-9,9.679293918461675e-8,2.382719718016104e-8,3.2122907869619494e-10,1.4022852799808147e-8,1.2423365529550737e-7,3.771887285979133e-8,1.2478636844842922e-9,0.07819175784094294,5.428522195920761e-7,1.6565383590570755e-7,1.8329923445246024e-9,0.09768086379537566,2.159500100743798e-6,1.720325945851676e-7,2.0025385012712527e-10,9.681145879145944e-9,1.0291787276779744e-7,3.0186666844078606e-8,3.845544270815152e-14,5.793089199170168e-15,2.253754113143817e-14,0.10783484699144305,0.6062231564237943,1.3484079590346704e-12
group_TAC_TotEmiss,7,,,,36.17349512767619,3,3,LOCALLY_SOLVED,Solve_Succeeded,0.255842125,0.10309696803700637,3.61698606874956e6,39.58445777494764,36.17349540245698,443.7999898970877,1.5922526291542861e-16,1.5922526291542861e-16,9.597832885080438e-9,7.290413928862603e-9,0.9999999872194947,0.30395387133290613,4.207544087514764e-6,4.468525937035746e-7,2.7856952360459785e-9,7.646563192138952e-9,3.781145764644434e-8,1.9055177080778392e-9,1.3361607961741868e-9,4.886330258010085e-9,3.048077554862796e-8,1.5871258280405532e-9,3.004110981128584e-9,9.107044640275812e-9,3.975306236221315e-8,2.563669909096887e-9,1.1623262252920327e-8,0.06397074908603516,1.7450193975420248e-7,1.1393817506163381e-8,1.713351017042359e-8,0.05651545565722801,7.092500361552981e-7,1.2130541282971551e-8,1.8356946361257709e-9,6.143449889939558e-9,3.2593658911838847e-8,2.022989603294307e-9,1.5574148954084854e-8,-6.40065744614197e-9,-1.886117929329502e-9,-9.204276574130775e-9,1.0294716760790347e-8,-3.0506454608086282e-9,6.082876105796609e-9,-8.328898990498789e-9,1.6480927897067237e-8,-8.224524950153582e-9,-6.00201055974041e-9,-9.597832885080438e-9,1.513212198475524e-7,-3.390600235967055e-9,1.2086529691622385e-9,-8.909151912860606e-9,0.9999997396568606,-7.792504663703358e-9,-5.285581899020135e-9,-9.55505228333309e-9,1.198224945784739e-8,-4.5913037815446745e-9,2.041332826883465e-9,-8.695974218884789e-9,3.095216928939975e-10,1.1643630315302498e-8,1.1763564601116013e-7,2.8310548805727898e-8,1.484623106860207e-10,7.440548347424447e-9,9.482907948462031e-8,2.3580155159459643e-8,3.3379010901428693e-10,1.3867545247692716e-8,1.2367619401577423e-7,3.808881007801089e-8,1.2914735836578137e-9,0.097410004290099,5.42894923679741e-7,1.6927957437728452e-7,1.9037233522692872e-9,0.08605762565986994,2.2065556680387046e-6,1.802251847755773e-7,2.0396607068064113e-10,9.354798696044327e-9,1.014024943923875e-7,3.005584553465827e-8,3.7940862044212855e-14,5.549063405974087e-15,2.515731656162723e-14,0.13433881921431579,0.5947734100443574,1.2992805250122583e-12
group_TAC_TotEmiss,8,,,,35.54531683074542,3,3,LOCALLY_SOLVED,Solve_Succeeded,0.3950315,0.11829647686808505,3.759089800755455e6,44.81638226166555,35.54531710273333,443.7999899218703,1.6240976817373719e-16,1.5922526291542861e-16,9.588651250748719e-9,7.216313931905621e-9,0.9999999868610925,0.31653664876020476,4.254246452585393e-6,4.569987400063771e-7,2.843162211304901e-9,7.529770498472566e-9,3.7572695282494237e-8,1.912268137632092e-9,1.3225182468782716e-9,4.6936310187814e-9,2.999503927847879e-8,1.5731139692937698e-9,3.088055191596958e-9,9.030014414046569e-9,3.961547164934212e-8,2.582040694018965e-9,1.1921900509007542e-8,0.07659168680185,1.7445900502297466e-7,1.157609030302659e-8,1.7625652583440913e-8,0.04888228577942875,7.214611122376722e-7,1.2572527435344585e-8,1.8558492692113323e-9,5.979057016579414e-9,3.2215441001373106e-8,2.01467011156936e-9,1.5355799724998747e-8,-6.307106525033222e-9,-1.6576646900371709e-9,-9.180510244949725e-9,9.96996956817241e-9,-2.8855230374992193e-9,6.588679620533942e-9,-8.26390960263042e-9,1.6348048651807864e-8,-8.187219303792513e-9,-5.915748080743732e-9,-9.588651250748719e-9,1.5042791679944194e-7,-3.0307942558048774e-9,1.67159289353642e-9,-8.864324929471143e-9,0.9999997400860718,-7.730203281634746e-9,-5.1577971395633535e-9,-9.543153943252905e-9,1.1720910096061534e-8,-4.447277035032994e-9,2.4069138176233723e-9,-8.647693200895018e-9,3.159069123672111e-10,1.1465786895401407e-8,1.1689282976775982e-7,2.841084090196251e-8,1.4694647187536345e-10,7.1471199604171326e-9,9.331789997748955e-8,2.337197897236458e-8,3.431172435107729e-10,1.3750249221389095e-8,1.2324813402017543e-7,3.8361747453996046e-8,1.3246556121119486e-9,0.1166282503573625,5.427613489603655e-7,1.7198762735925215e-7,1.9584058426045454e-9,0.07443438970958469,2.2445456825172023e-6,1.8679183618226236e-7,2.062054743568146e-10,9.104473184336837e-9,1.0022581644871631e-7,2.993224165760191e-8,3.756096927506793e-14,5.371631222479797e-15,2.7120043699461373e-14,0.16084279031429125,0.5833236637759693,1.2632211261593261e-12
group_TAC_TotEmiss,9,,,,34.91713853381465,3,3,LOCALLY_SOLVED,Solve_Succeeded,0.270809333,0.13330639980273862,3.8918101288924324e6,50.101075931060834,34.91713880368634,443.79998994077243,1.5922526291542861e-16,1.5922526291542861e-16,9.580630407578036e-9,7.1601670134887395e-9,0.999999988423759,0.32924634280643256,4.260925848637147e-6,4.665911557349329e-7,2.382834578134184e-9,7.73781727167061e-9,3.818052512874794e-8,1.9578492983225633e-9,9.001865401756801e-10,4.6894957089973195e-9,3.0017223039156545e-8,1.5844299008642183e-9,2.6616041248497084e-9,9.277714172565672e-9,4.027900276281177e-8,2.6547595419190942e-9,1.5258399977773014e-8,6.190022692104484e-8,1.7686466280522637e-7,1.1754280782918221e-8,1.525840302894497e-8,0.13051198691875834,7.184365310954183e-7,1.2820745058945975e-8,1.4479905038923247e-9,6.035602961569145e-9,3.240328471483081e-8,2.04317205354116e-9,1.3534805367153122e-8,-6.2017482680224986e-9,-1.4249546216721237e-9,-9.157817258677087e-9,8.638838696361476e-9,-2.6751975261652883e-9,7.132337043532826e-9,-8.199710587880523e-9,1.4582300459148889e-8,-8.15195373877474e-9,-5.838048811537742e-9,-9.580630407578036e-9,0.2625472427555474,-3.1584082381070034e-9,3.4771609507270557e-9,-8.691735526538232e-9,0.7374526564636434,-7.682412186886252e-9,-5.061186823923764e-9,-9.534164366765351e-9,1.0327047227271722e-8,-4.2810590294720095e-9,2.784374987898941e-9,-8.600681353734486e-9,2.647593975704648e-10,1.1782585390952976e-8,1.187838559561047e-7,2.9088046717935223e-8,1.0002072668618664e-10,7.1408230114277374e-9,9.338691612182035e-8,2.354010138426838e-8,2.957337916499675e-10,1.4127428399134093e-8,1.2531245303985884e-7,3.944214176565511e-8,1.695377775308112e-9,9.425716372068192e-8,5.502456176162596e-7,1.7463502877478498e-7,1.6953781143272184e-9,0.1987341618990184,2.235135874519079e-6,1.9047964087576874e-7,1.608878337658138e-10,9.190577236934836e-9,1.0081021911280695e-7,3.0355699081182944e-8,3.721112782069013e-14,5.20671302529811e-15,2.7463182843462887e-14,0.1874590089693077,0.5718692012667579,1.22890828332102e-12
group_TAC_TotEmiss,10,,,,34.288960236883874,3,3,LOCALLY_SOLVED,Solve_Succeeded,0.473320666,0.1476843825240167,4.0113854525646768e6,55.28071405126854,34.28895719792595,443.80002189372607,6.151885158096106e-17,1.835686217964875e-20,8.314687595671432e-9,0.0,0.9999992905976454,0.34167199034234425,0.0001355545878774748,1.3281740939831888e-5,1.0590946387639835e-8,3.875071537024637e-9,2.940490272521343e-8,2.0416874182283072e-9,1.0190106850646907e-8,3.6813858652630115e-9,2.8816638490973198e-8,1.992633218936722e-9,1.077551764702154e-8,3.9872048494868076e-9,2.9695066585823938e-8,2.082155545006789e-9,1.159871841045888e-6,0.10182767198349761,7.708231375852502e-6,3.429613446612491e-7,1.31557604352169e-6,0.03360983737563903,2.509927371614487e-5,4.88637817602092e-7,1.0367098757741402e-8,3.7818410890354184e-9,2.907556425289211e-8,2.0264932551136263e-9,7.555777062024682e-9,-4.854062223932535e-9,4.719900940745635e-9,-8.25378372449569e-9,7.2517142957986695e-9,-4.662082889600541e-9,5.476424617987144e-9,-8.135263833735507e-9,7.695468302093158e-9,-4.9669363645891825e-9,4.271977857658954e-9,-8.314687595671432e-9,9.089424998450553e-6,8.328419019482092e-9,3.10480297675574e-8,-6.0222999639079945e-9,0.9999873742040909,6.397708302887051e-8,1.4770905460328177e-7,4.7451683815406726e-9,7.38609163392807e-9,-4.7526908407676125e-9,5.095959694904921e-9,-8.18913897035067e-9,1.1767718208488702e-9,5.900677113196608e-9,9.148191958955287e-8,3.0333641642249134e-8,1.1322340945163225e-9,5.605746658468677e-9,8.965176419413883e-8,2.96048363956313e-8,1.1972797385579486e-9,6.071425566264004e-9,9.238465160034112e-8,3.0934882382958e-8,1.288746490050986e-7,0.15505577324759867,2.398116428043e-5,5.0954256921099855e-6,1.4617511594685442e-7,0.05117861600381399,7.808662933911737e-5,7.259761861516795e-6,1.1518998619712664e-9,5.758712567394841e-9,9.045731100899765e-8,3.010789979025958e-8,1.0067032557723601e-12,2.0464042618684801e-13,4.307240514559779e-12,0.21385275100720263,0.5604236808402809,4.624421914486443e-11
group_TAC_TotEmiss,11,,,,33.660781939953104,3,3,LOCALLY_SOLVED,Solve_Succeeded,0.45835525,0.16199480203885866,4.1254857514035967e6,60.51217660614145,33.660782070458644,443.7999912811708,3.1845052583085723e-16,3.1845052583085723e-16,9.23468179058138e-9,3.4625397819403368e-9,0.9999999564350145,0.3542840540494547,8.356743016467534e-6,9.655690632003415e-7,6.873114719822548e-9,5.505088066536313e-9,3.346184990279254e-8,2.077699278623869e-9,5.262335292990256e-9,4.0821141310917015e-9,2.931729294110411e-8,1.8138556234467319e-9,7.784209450001383e-9,6.784204164584971e-9,3.6276833182488495e-8,2.550745390289854e-9,4.706315041173543e-8,0.11445439063051528,3.608271762990159e-7,2.13311218445704e-8,6.565086353931029e-8,0.025982519498506346,1.5366751662260572e-6,3.430669424099255e-8,5.7437390689853456e-9,4.6686288693153575e-9,3.04085952542564e-8,2.045361415292418e-9,1.0794518839990939e-8,-5.386909880820046e-9,1.641899052017892e-9,-8.76260124091074e-9,8.342217765123019e-9,-3.8479771672131505e-9,6.507434719969623e-9,-8.114323811324595e-9,1.2243382745839569e-8,-6.961857226449124e-9,-2.7001669212077136e-9,-9.23468179058138e-9,2.9108830050351765e-7,2.9996151059719124e-9,1.256436424941669e-8,-7.882837168302938e-9,0.9999994711527864,-4.660915419271656e-9,1.3443627028826021e-9,-8.930785452524035e-9,9.061127556592265e-9,-4.45080333470889e-9,4.2989214631842026e-9,-8.352569485580007e-9,7.636794133136161e-10,8.382747737680296e-9,1.041035330309101e-7,3.0868674996697474e-8,5.847039214433617e-10,6.215946517798727e-9,9.120935581676832e-8,2.694871211978001e-8,8.649121611112645e-10,1.033049270516348e-8,1.1286125878996417e-7,3.789678865573497e-8,5.229238934637268e-9,0.17428282209646648,1.1225734373747159e-6,3.16919524547903e-7,7.294540393256696e-9,0.03956429105454376,4.7807671838143986e-6,5.096994572947464e-7,6.381932298872604e-10,7.109048505548386e-9,9.460451856879766e-8,3.038822674148735e-8,7.566254361328671e-14,1.3009136704475513e-14,1.9379936902007778e-13,0.24035480474788232,0.5489744065396476,3.0049019339165096e-12
group_TAC_TotEmiss,12,,,,33.032603643022334,3,3,LOCALLY_SOLVED,Solve_Succeeded,0.288722167,0.17635442861649783,4.236257996752191e6,65.81924489134153,33.032603907883015,443.7999899847634,1.5922526291542861e-16,1.5922526291542861e-16,9.564439806943572e-9,7.027216164505368e-9,0.9999999878945958,0.36704855780074797,4.32161028524528e-6,4.835363421149003e-7,2.463128839098468e-9,7.526612214280556e-9,3.773566819437084e-8,1.966230755324619e-9,8.624330864695968e-10,4.35507093064699e-9,2.9161671909888203e-8,1.555884605124479e-9,2.788866129588462e-9,9.142090397841126e-9,4.00325116593758e-8,2.684419381913033e-9,1.594706699330894e-8,6.116953993651676e-8,1.7637685976682264e-7,1.2031207403148486e-8,1.5947068455183315e-8,0.14549664982343397,7.350693166527957e-7,1.3597796403444453e-8,1.4649993472769682e-9,5.744624124963207e-9,3.172277063356454e-8,2.0231986013112055e-9,1.3216335161059609e-8,-6.035307194201355e-9,-1.0142624863814648e-9,-9.114774242608705e-9,8.15297820038576e-9,-2.4090823444894845e-9,8.00911598573319e-9,-8.081441988262325e-9,1.4395304401727195e-8,-8.086589207783321e-9,-5.686648834669413e-9,-9.564439806943572e-9,0.3739751760409026,-2.5082908911616315e-9,4.6297455383955674e-9,-8.580881675332357e-9,0.6260247222998946,-7.570308866178039e-9,-4.832876508614807e-9,-9.512941220253193e-9,9.92966666439264e-9,-4.0331335698826575e-9,3.432371970566816e-9,-8.512010905921969e-9,2.736809821220519e-10,1.146097768992721e-8,1.1739985660470925e-7,2.921257122196577e-8,9.582589849662183e-11,6.631585280757917e-9,9.072520149742995e-8,2.3115999847563686e-8,3.0987401439871785e-10,1.3920910378530806e-8,1.2454559182916914e-7,3.988280224556506e-8,1.7718963325898817e-9,9.314452672151414e-8,5.487280081634481e-7,1.787493671324918e-7,1.7718964950203677e-9,0.22155171677659266,2.2868823184753643e-6,2.0202440370831755e-7,1.627777052529964e-10,8.747495826648521e-9,9.869306419331189e-8,3.005895064805219e-8,3.6610161764499755e-14,4.935554261760983e-15,3.0658157089513154e-14,0.2670185562944811,0.5375179613432797,1.172615072933132e-12
group_TAC_TotEmiss,13,,,,32.404425346091564,3,3,LOCALLY_SOLVED,Solve_Succeeded,0.292036125,0.19032276351218444,4.33906066187858e6,71.05863449815482,32.404425609678306,443.7999899958609,3.1845052583085723e-16,3.1845052583085723e-16,9.560378993237027e-9,6.993416334568655e-9,0.9999999877631306,0.3796492977576565,4.3361364918218636e-6,4.877446688213585e-7,2.481694302050893e-9,7.474340253715311e-9,3.762378076036167e-8,1.9679111346437026e-9,8.514814335806275e-10,4.273583136282762e-9,2.895156283085707e-8,1.5484720825597558e-9,2.819599979357294e-9,9.108823246785965e-9,3.9971336119829714e-8,2.6914415281238704e-9,1.6117527515312915e-8,6.097456671366311e-8,1.7621439651628469e-7,1.2096233085328108e-8,1.6117528553858864e-8,0.15049153801565823,7.391028374266742e-7,1.3795915789670568e-8,1.467537733245161e-9,5.672910164532219e-9,3.155350703060345e-8,2.017703343529008e-9,1.3138344703922554e-8,-5.993646150134594e-9,-9.106851323262251e-10,-9.103860094261701e-9,8.034812905553708e-9,-2.346030889938945e-9,8.225556910566734e-9,-8.05144493084988e-9,1.4350353813758076e-8,-8.07027107792993e-9,-5.64878739107597e-9,-9.560378993237027e-9,0.4111178199957348,-2.334360950525408e-9,4.9350419307862026e-9,-8.551547175799768e-9,0.5888820781281344,-7.541829764183646e-9,-4.7750328177990535e-9,-9.507569037420056e-9,9.832005936004345e-9,-3.9722700159948656e-9,3.594335507202069e-9,-8.48940851677392e-9,2.75743811338988e-10,1.138138174997559e-8,1.170517623655696e-7,2.923753685756358e-8,9.460904817562523e-11,6.507501593885116e-9,9.007152880711086e-8,2.30058709408878e-8,3.132888865952548e-10,1.3870253580333176e-8,1.243552679283591e-7,3.998713127498321e-8,1.790836390590323e-9,9.284763567762338e-8,5.482225669395523e-7,1.7971546298201755e-7,1.7908365059843177e-9,0.22915756925111597,2.2994310497718747e-6,2.049678917322484e-7,1.6305974813835114e-10,8.63829502326497e-9,9.816646631743292e-8,2.9977306818145255e-8,3.646709713972652e-14,4.8720179484366585e-15,3.1437212296033566e-14,0.2935384047841494,0.5260675480933202,1.1592980649404078e-12
group_TAC_TotEmiss,14,,,,31.77624704916079,3,3,LOCALLY_SOLVED,Solve_Succeeded,0.290151959,0.20414338477230579,4.437205874348328e6,76.29802408914802,31.776247311608525,443.79999000574855,1.6240976817373719e-16,1.5922526291542861e-16,9.556769124173546e-9,6.963196487846371e-9,0.9999999876465152,0.3922500382492777,4.348797547548014e-6,4.914718051853705e-7,2.4977257438613625e-9,7.4280760585180866e-9,3.752418361141821e-8,1.9692691257990737e-9,8.413257054019546e-10,4.201948426905729e-9,2.8766353108628886e-8,1.5418137744298906e-9,2.8465760198877578e-9,9.079462358273157e-9,3.9917112345006375e-8,2.6975498730203893e-9,1.6268340391238542e-8,6.079587763956365e-8,1.7605325729711184e-7,1.2152433211050168e-8,1.626834093939996e-8,0.1554864263914525,7.426406629426461e-7,1.3973201068561305e-8,1.4692741698213234e-9,5.609578880535434e-9,3.140353931610235e-8,2.012669021177742e-9,1.3069724265665407e-8,-5.956651138097868e-9,-8.184339712877037e-10,-9.094118807332476e-9,7.931086705207525e-9,-2.291259856804013e-9,8.416650903897867e-9,-8.024678351795063e-9,1.4311125760090528e-8,-8.055791092976574e-9,-5.615168287538827e-9,-9.556769124173546e-9,0.4482604637880369,-2.1758438965592415e-9,5.21219996667595e-9,-8.52492444701361e-9,0.5517394341432901,-7.516388303899373e-9,-4.723413137751836e-9,-9.50277655221272e-9,9.745937192021141e-9,-3.918650304847836e-9,3.738043299152414e-9,-8.469199563284998e-9,2.775250826512624e-10,1.1310933998197995e-8,1.1674190456885664e-7,2.9257712726157664e-8,9.348063393355048e-11,6.398421468242815e-9,8.949532078240095e-8,2.2906947505815516e-8,3.16286224431973e-10,1.3825544954643218e-8,1.241865717400198e-7,4.007788382773149e-8,1.807593376804282e-9,9.257554095115375e-8,5.477212449243479e-7,1.8055043627845963e-7,1.8075934377111062e-9,0.2367634220051663,2.310437618043787e-6,2.076018444471965e-7,1.632526855357025e-10,8.541858749906231e-9,9.769990009454063e-8,2.990251117178359e-8,3.6342377742732814e-14,4.81695626515196e-15,3.2124459173699155e-14,0.32005825306219343,0.5146171348628512,1.147716177184871e-12
group_TAC_TotEmiss,15,,,,31.14806875223002,3,3,LOCALLY_SOLVED,Solve_Succeeded,0.431973167,0.2178339727778902,4.531251101512746e6,81.53741366709801,31.148069013650062,443.7999900146392,1.0827317878249146e-16,1.230377031619221e-16,9.553529806561674e-9,6.935929985886448e-9,0.9999999875419664,0.404850779176832,4.35993993546604e-6,4.948051791184555e-7,2.511764094614748e-9,7.386706313640309e-9,3.743467238492524e-8,1.9703811764323037e-9,8.319117691846838e-10,4.138307609021918e-9,2.860142023128832e-8,1.5357895025399325e-9,2.870536374901545e-9,9.053264377454999e-9,3.986853966631163e-8,2.702926057999037e-9,1.640312089825947e-8,6.063037358108982e-8,1.758930538644842e-7,1.2201505749126396e-8,1.6403121073319334e-8,0.1604813149172538,7.457751698043135e-7,1.413327602956685e-8,1.4704463359828642e-9,5.553078096545136e-9,3.1269362002863676e-8,2.008037047366665e-9,1.300877108785413e-8,-5.923490252676563e-9,-7.3551853222897e-10,-9.085346431610619e-9,7.839105206439952e-9,-2.2431474730761012e-9,8.587025184249251e-9,-8.00058319176327e-9,1.4276566060593951e-8,-8.042818583100122e-9,-5.585030745862518e-9,-9.553529806561674e-9,0.4854031074470415,-2.030388296384515e-9,5.465631237036888e-9,-8.50058618681916e-9,0.5145967903112458,-7.493457060411599e-9,-4.676930661090136e-9,-9.498462346609795e-9,9.669347051540727e-9,-3.870938939549792e-9,3.866751838946249e-9,-8.45097398910303e-9,2.790848994016386e-10,1.1247939159406836e-8,1.1646342519754518e-7,2.9274234621279936e-8,9.243464102052038e-11,6.301513859192467e-9,8.89821962751192e-8,2.281744403773614e-8,3.1894848610017156e-10,1.3785652574761022e-8,1.2403545673963618e-7,4.015775857598569e-8,1.8225689886954964e-9,9.23235234075686e-8,5.472228342450617e-7,1.812795139870207e-7,1.822569008146592e-9,0.24436927498763647,2.3201894171689753e-6,2.0998010101070745e-7,1.633829262203182e-10,8.45582346519373e-9,9.728245956446475e-8,2.9833693275161875e-8,3.6232390928571793e-14,4.768653907490707e-15,3.273804050035304e-14,0.34657810116521415,0.5031667216483966,1.1375239253708593e-12
group_TAC_TotEmiss,16,,,,30.51989045529925,3,3,LOCALLY_SOLVED,Solve_Succeeded,0.969604584,0.23118737764800795,4.620979316075121e6,86.67896467218812,30.519890790095378,443.7999893107316,1.5922526291542861e-16,1.5922526291542861e-16,9.816987265047492e-9,8.882725611970464e-9,1.0000000016412172,0.4172168248969793,1.9531371001605037e-6,1.887720817959042e-7,-3.307277121586212e-9,1.1121994878057622e-8,4.093998157679539e-8,1.2654318835237683e-9,-4.4625099910784205e-9,2.1982198882950294e-9,2.1811877262433033e-8,7.55908101238996e-10,-3.3639538072406516e-9,1.243640071818156e-8,4.063312191772701e-8,2.319984489585746e-9,-1.5380501947589978e-9,0.16538309469412477,8.855517528088785e-8,5.94068145569351e-9,-1.5380463715056621e-9,1.2974026577165872e-7,2.54657871610384e-7,3.410608185824496e-9,-3.7436241456222984e-9,7.076257560829012e-9,3.131767649485665e-8,1.7089701260361645e-9,2.177561848239272e-8,-7.375652500826059e-9,-4.864566713727867e-9,-9.534449202857416e-9,5.924111240312073e-9,5.64903521287681e-9,1.1785498982912518e-8,-8.08465465608763e-9,2.0530306464977222e-8,-9.127770252955534e-9,-8.11551452624122e-9,-9.814142924344664e-9,0.035833713704789986,-6.14442460983443e-9,-3.966801647275585e-9,-9.404188863639417e-9,0.9641662458167507,-9.094432554544042e-9,-8.05201610270441e-9,-9.816987265047492e-9,1.383793077714458e-8,-2.5703728316989004e-9,1.5859386904176437e-9,-8.798616842290196e-9,-3.674752357318012e-10,1.693576492795138e-8,1.2736883157225229e-7,1.880070226949598e-8,-4.958344434531577e-10,3.3472893753583406e-9,6.78591737053472e-8,1.1230634646979368e-8,-3.737726452489611e-10,1.8937246548140105e-8,1.2641415707737288e-7,3.4468340988131084e-8,-1.7089446608433303e-10,0.25183334873878094,2.755049897627622e-7,8.826155305601784e-8,-1.7089404127840683e-10,1.9755904106138942e-7,7.922689338989724e-7,5.067189304653537e-8,-4.159582384024774e-10,1.0775210376716905e-8,9.743277131733176e-8,2.539041330110873e-8,1.6279361900672188e-14,8.345016153473634e-16,-4.7912316397147587e-14,0.3728897962576427,0.4917250632283005,2.0188474956147902e-13
group_TAC_TotEmiss,17,,,,29.891712158368478,3,3,LOCALLY_SOLVED,Solve_Succeeded,0.622042833,0.2446941328053646,4.709417897071259e6,91.91541564396442,29.891712418279482,443.79999003072066,1.5922526291542861e-16,1.5922526291542861e-16,9.547979748374656e-9,6.895892614895717e-9,0.9999999869564281,0.42981000318807194,3.870230085705347e-6,4.85689741350074e-7,2.6364354261754375e-9,7.241495889413335e-9,3.719162418962651e-8,1.9647903449736464e-9,8.944150866244373e-10,3.993896101627537e-9,2.8287916247154875e-8,1.5216881805538172e-9,3.012020831298935e-9,8.929348799920828e-9,3.969844908453456e-8,2.7012271413502887e-9,1.6699869216565773e-8,0.1703748457618513,1.7520330605065594e-7,1.2242566194511999e-8,1.6699890943768694e-8,2.7557856730489335e-7,6.280656681532674e-7,1.3544261075346844e-8,1.55513952548056e-9,5.4099244607044525e-9,3.099206532745071e-8,1.993754933852461e-9,1.319878962840178e-8,-5.873583208186177e-9,-5.998954124237581e-10,-9.070711673380512e-9,7.867833556965475e-9,-2.1827922865678235e-9,8.855588656591512e-9,-7.960975250522206e-9,1.4523099615660048e-8,-8.021458423846401e-9,-5.533860916168922e-9,-9.547979748374656e-9,0.058285847598371944,8.472489291605198e-10,5.90617771349314e-9,-8.457621104360978e-9,0.9417140479118882,-7.496626703824418e-9,-4.609899112063232e-9,-9.492203378046491e-9,9.747810783730863e-9,-3.80231428259319e-9,4.073744225971715e-9,-8.420760871724756e-9,2.929372695750485e-10,1.1026823286152123e-8,1.157072752566158e-7,2.919117083960846e-8,9.937945406938189e-11,6.081614518387386e-9,8.800685054670404e-8,2.260793868251385e-8,3.346689812554371e-10,1.359696294533399e-8,1.2350628604077415e-7,4.013251752863286e-8,1.8555410240628628e-9,0.25943442422827356,5.450769521575962e-7,1.8188955488989254e-7,1.8555434381965209e-9,4.1963100021426946e-7,1.9539820786990536e-6,2.0122902169086737e-7,1.7279328060895104e-10,8.237839519709053e-9,9.64197587965133e-8,2.9621501874379418e-8,3.604901728361373e-14,4.6919740445972625e-15,3.3005695766363275e-14,0.3994034329603858,0.48027490301103354,1.121330121454736e-12
group_TAC_TotEmiss,18,,,,29.263533861437708,3,3,LOCALLY_SOLVED,Solve_Succeeded,0.709312208,0.2581010710042202,4.794710136475066e6,97.15185242201962,29.26353412052617,443.7999900374177,1.6240976817373719e-16,6.151885158096106e-17,9.545516785696249e-9,6.874069139021029e-9,0.9999999869298541,0.44240363217284756,3.930486900549226e-6,4.897809828560565e-7,2.6328859174437e-9,7.220354116766602e-9,3.713687187425114e-8,1.966465808080574e-9,8.759629144333027e-10,3.951842132155292e-9,2.8170682677756552e-8,1.5175859455563461e-9,3.016349924877522e-9,8.920181329509643e-9,3.967464515388389e-8,2.7066039706322735e-9,1.6792794590211718e-8,0.17536690604846653,1.7505258710236963e-7,1.2280063216132154e-8,1.6792810073258403e-8,2.8441392029880397e-7,6.430278016783902e-7,1.3760561745587666e-8,1.5440713082140756e-9,5.374031784388823e-9,3.089851340190397e-8,1.9909232535339573e-9,1.3112625438662464e-8,-5.847620840437451e-9,-5.357691585522363e-10,-9.063928112579197e-9,7.77382520457318e-9,-2.1456578895008227e-9,8.985686563077435e-9,-7.942297513719907e-9,1.4455935681287707e-8,-8.011534950717646e-9,-5.510950752544819e-9,-9.545516785696249e-9,0.08073716354835589,1.0556931956973587e-9,6.107959714695675e-9,-8.4382885490751e-9,0.9192627320944371,-7.478523193001576e-9,-4.57280728641491e-9,-9.488768443656742e-9,9.661480764726946e-9,-3.765335562153952e-9,4.17269592712465e-9,-8.406594494509258e-9,2.9254287971596656e-10,1.0994630132349144e-8,1.155369347198924e-7,2.9216063434339952e-8,9.732921271481137e-11,6.017577792145559e-9,8.764212388635371e-8,2.254699119112285e-8,3.3514999165305783e-10,1.3583003388116956e-8,1.2343222936763874e-7,4.021240184939377e-8,1.8658660655790794e-9,0.2670359705738013,5.446080487629277e-7,1.8244665349682056e-7,1.8658677859175996e-9,4.3308483318226976e-7,2.0005309385549916e-6,2.04442631648731e-7,1.7156347869045278e-10,8.183184762592071e-9,9.612870836147899e-8,2.9579431195361646e-8,3.5968695906930145e-14,4.6567064330418884e-15,3.356526481167459e-14,0.42591700000863786,0.46882475365026205,1.113827631462258e-12
group_TAC_TotEmiss,19,,,,28.635355564506938,3,3,LOCALLY_SOLVED,Solve_Succeeded,0.517200667,0.27141888976671896,4.877192415455758e6,102.38828918153813,28.635355822843987,443.7999900435823,6.151885158096106e-17,1.230377031619221e-16,9.543260036947438e-9,6.854132836499055e-9,0.9999999868949567,0.45499726437267135,3.976180190958032e-6,4.93233538529136e-7,2.6321747425084095e-9,7.1990523131427805e-9,3.708393955056463e-8,1.967748490832298e-9,8.610789967122376e-10,3.912597145676491e-9,2.8062750354857383e-8,1.5136992971959562e-9,3.0228731463235814e-9,8.909764680213307e-9,3.965028178062904e-8,2.711187998722046e-9,1.687938149338637e-8,0.18035896985602892,1.749434422486331e-7,1.2314798506728826e-8,1.6879393138333892e-8,2.9100919622769866e-7,6.543998799381186e-7,1.3940632494460121e-8,1.5359982227269061e-9,5.340026808643249e-9,3.081147757121076e-8,1.988102895653055e-9,1.3042138898002716e-8,-5.824019793380519e-9,-4.771249206614474e-10,-9.057709298645363e-9,7.693438423083544e-9,-2.112632527879125e-9,9.103753690424346e-9,-7.92519835377416e-9,1.440307289358269e-8,-8.002472413703848e-9,-5.489983981266246e-9,-9.543260036947438e-9,0.10318846896213135,1.2522136146409687e-9,6.295763734114858e-9,-8.420312005517606e-9,0.896811426749084,-7.462091281378747e-9,-4.539046542784961e-9,-9.48564135489865e-9,9.588535911470925e-9,-3.731961264131446e-9,4.26287970837279e-9,-8.393602546615796e-9,2.92463860278712e-10,1.0962193295012871e-8,1.153722563795344e-7,2.923512043522271e-8,9.567544407913747e-11,5.957818380916476e-9,8.730633443733406e-8,2.248924670119706e-8,3.3587479403595337e-10,1.3567141672142991e-8,1.2335643220640143e-7,4.0280507409584674e-8,1.8754868325984848e-9,0.2746375222807713,5.442684869957474e-7,1.829627206713997e-7,1.875488126481543e-9,4.4312763971035935e-7,2.035910737585257e-6,2.0711796848912175e-7,1.7066646919187836e-10,8.131404458615856e-9,9.585793022154456e-8,2.953752873541681e-8,3.589600954352488e-14,4.624983962383184e-15,3.40597343917412e-14,0.4524305668947181,0.457374604321562,1.1070656091772235e-12
group_TAC_TotEmiss,20,,,,28.007177267576164,3,3,LOCALLY_SOLVED,Solve_Succeeded,0.486875458,0.28465590080264447,4.95712680426649e6,107.62472592812472,28.007177525219877,443.79999004928663,1.5922526291542861e-16,1.5922526291542861e-16,9.541178564226723e-9,6.835737397210527e-9,0.9999999868571312,0.46759089852986824,4.013057401600038e-6,4.962595301735193e-7,2.6328406246363002e-9,7.178372919008183e-9,3.703361365619032e-8,1.968783680690644e-9,8.484113050573264e-10,3.876103592983009e-9,2.796312455669037e-8,1.510043117510017e-9,3.0302321231601332e-9,8.899078483520664e-9,3.9626446528427265e-8,2.715221157622814e-9,1.6959942407801388e-8,0.18535103580376575,1.74856619385441e-7,1.2346903210527745e-8,1.6959951854107246e-8,2.962432049412872e-7,6.635969672589392e-7,1.4097192796844937e-8,1.5296182607004061e-9,5.308101858365762e-9,3.073056130661675e-8,1.985368304745168e-9,1.298178890695977e-8,-5.802360260608609e-9,-4.230794656802485e-10,-9.051967267600216e-9,7.622577213915586e-9,-2.082868357788528e-9,9.21184357032931e-9,-7.909426741258035e-9,1.4359085896644412e-8,-7.994133090057972e-9,-5.470663751587656e-9,-9.541178564226723e-9,0.1256397679652988,1.4382635446515747e-9,6.471415608692348e-9,-8.403510322940339e-9,0.8743601277803643,-7.447004582902131e-9,-4.508003025260103e-9,-9.482765842813205e-9,9.524686447398976e-9,-3.7015212812628647e-9,4.345743150734986e-9,-8.38160133642582e-9,2.92537847181811e-10,1.0930704217580644e-8,1.1521568693036985e-7,2.925050039883242e-8,9.426792278414735e-11,5.9022486529514e-9,8.699638750970334e-8,2.2434926317291678e-8,3.3669245812890355e-10,1.3550869508997377e-8,1.2328227808844036e-7,4.034042862753895e-8,1.8844380453112644e-9,0.2822390772466433,5.439983714213718e-7,1.8343970484212645e-7,1.8844390949008045e-9,4.5109760752423283e-7,2.064523898138922e-6,2.0944400726741045e-7,1.699575845222673e-10,8.082791466147865e-9,9.560619073169654e-8,2.949690052764249e-8,3.5829724299891086e-14,4.596189965125447e-15,3.4507090716744885e-14,0.47894413365750843,0.4459244550140518,1.1009162335973517e-12
group_TAC_TotEmiss,21,,,,27.378998970645394,3,3,LOCALLY_SOLVED,Solve_Succeeded,0.463206375,0.29781895398571456,5.034729281210355e6,112.86116266484089,27.37899922764495,443.7999900545878,3.1845052583085723e-16,3.1845052583085723e-16,9.539248925539508e-9,6.8186467948792735e-9,0.9999999868186747,0.4801845340147793,4.043989239183169e-6,4.989706983907971e-7,2.634225723434737e-9,7.158582927076987e-9,3.698603612098734e-8,1.9696465553099497e-9,8.372898465577165e-10,3.842153370772822e-9,2.7870859883995917e-8,1.5066096255073278e-9,3.0378428682542536e-9,8.888523844626728e-9,3.960352851299763e-8,2.718836267870646e-9,1.7034998756915735e-8,0.19034310319392223,1.7478343100621173e-7,1.237661807446265e-8,1.7035006427466088e-8,3.005626232831333e-7,6.713257364511108e-7,1.4236785561058919e-8,1.524316282754993e-9,5.2781951042455735e-9,3.065520826098992e-8,1.9827455771267924e-9,1.2928729687917081e-8,-5.782351988159355e-9,-3.7299223623160995e-10,-9.04663726429281e-9,7.55899571694507e-9,-2.0558060372784557e-9,9.311421680800187e-9,-7.894799848415245e-9,1.432125617545081e-8,-7.986415998946615e-9,-5.452766965988028e-9,-9.539248925539508e-9,0.1480910626428184,1.6149584524261734e-9,6.636331666260419e-9,-8.387744562455915e-9,0.8519088331173629,-7.4330496327790124e-9,-4.479262938347027e-9,-9.480103796409285e-9,9.467645555007566e-9,-3.6735574970666996e-9,4.422329227469664e-9,-8.370456413279736e-9,2.92691747048304e-10,1.0900569457139959e-8,1.1506766793196058e-7,2.9263320250319248e-8,9.303220517307957e-11,5.850551723676798e-9,8.670934186132062e-8,2.2383914436108865e-8,3.375380964726947e-10,1.3534797672499792e-8,1.232109775959926e-7,4.039413883693531e-8,1.8927776396573028e-9,0.289840634408927,5.437706742415476e-7,1.8388118282058792e-7,1.892778491940676e-9,4.5767490363568027e-7,2.0885689578479e-6,2.1151795690716104e-7,1.6936847586166583e-10,8.037251636010306e-9,9.537175903419086e-8,2.945793428874091e-8,3.5768914416418135e-14,4.569876047723781e-15,3.491776519038414e-14,0.5054577003201365,0.4344743057220326,1.0952867033312379e-12
group_TAC_TotEmiss,22,,,,26.750820673714625,3,3,LOCALLY_SOLVED,Solve_Succeeded,0.444177541,0.31091384708026093,5.110182651349233e6,118.09759939362917,26.75082093011249,443.79999005953334,1.8455655474288318e-16,1.8455655474288318e-16,9.53745238023434e-9,6.8026828786818305e-9,0.9999999867806664,0.4927781704615847,4.070639361069486e-6,5.014354271309467e-7,2.6359942936567417e-9,7.139757060805627e-9,3.694112693329517e-8,1.970382151782275e-9,8.273289300310231e-10,3.810511170394975e-9,2.778512143539429e-8,1.5033843285924032e-9,3.0454271061998202e-9,8.878276337194061e-9,3.9581654310087213e-8,2.722117853984061e-9,1.710508609747881e-8,0.19533517162166164,1.7471908560647814e-7,1.2404194199968273e-8,1.710509252934882e-8,3.042265581306415e-7,6.779959990265882e-7,1.4363320415238318e-8,1.5197574488812965e-9,5.250169122489918e-9,3.0584865398171725e-8,1.9802423770787335e-9,1.288126375292238e-8,-5.76377475740751e-9,-3.263628010208792e-10,-9.041668244382488e-9,7.501266917808771e-9,-2.0310361188395877e-9,9.403619334255715e-9,-7.881174416269096e-9,1.4288004470207772e-8,-7.97924188782614e-9,-5.436116101339984e-9,-9.53745238023434e-9,0.1705423542050317,1.783214274946738e-9,6.791672195243927e-9,-8.372901601103265e-9,0.8294575415572287,-7.420069895627853e-9,-4.452517040432176e-9,-9.477626636121812e-9,9.415997226607011e-9,-3.6477255313233826e-9,4.4934487860526885e-9,-8.36006205629807e-9,2.9288825485074895e-10,1.0871902797135841e-8,1.1492795045914051e-7,2.927424911219379e-8,9.192543667011363e-11,5.802369282192349e-9,8.644260002122668e-8,2.2335995739087132e-8,3.383807895777576e-10,1.3519193513454596e-8,1.231429245202713e-7,4.044289383062033e-8,1.9005651219420893e-9,0.29744219315116666,5.435704885534874e-7,1.842908852566715e-7,1.9005658365943124e-9,4.632540771534769e-7,2.109320885860496e-6,2.1339790331211214e-7,1.6886193876458844e-10,7.994575709246013e-9,9.515291457208981e-8,2.942074388802689e-8,3.571284870681673e-14,4.5456947268412154e-15,3.529873011994255e-14,0.5319712668984325,0.42302415644203223,1.0901050771924619e-12
group_TAC_TotEmiss,23,,,,26.12264237678385,3,3,LOCALLY_SOLVED,Solve_Succeeded,0.443188791,0.32394556717166934,5.183644158841962e6,123.33403611583199,26.12264263261719,443.79999006416307,1.5922526291542861e-16,1.5922526291542861e-16,9.535773521540583e-9,6.787705013153322e-9,0.9999999867436301,0.5053718076396644,4.094052420018465e-6,5.036997987545093e-7,2.6379612303907078e-9,7.121889882806236e-9,3.6898727606873776e-8,1.9710200717412485e-9,8.182831465694524e-10,3.780951076691969e-9,2.7705186907042282e-8,1.5003512198521408e-9,3.052846356494956e-9,8.868410434664156e-9,3.956083995791451e-8,2.725124819562458e-9,1.717070138739395e-8,0.20032724083127182,1.7466089317065817e-7,1.2429865075537481e-8,1.717070685145886e-8,3.0739893256179683e-7,6.838651090413671e-7,1.4479373944441893e-8,1.5157413849637228e-9,5.223868805978945e-9,3.0519026791229006e-8,1.9778584442624643e-9,1.2838274923386593e-8,-5.746453245941912e-9,-2.8278514870821284e-10,-9.037018543430758e-9,7.44839721347216e-9,-2.0082417296731707e-9,9.489345657367832e-9,-7.868433925952366e-9,1.4258319596546755e-8,-7.972546345005692e-9,-5.420565666626328e-9,-9.535773521540583e-9,0.19299364341674774,1.9438062206314124e-9,6.938412622167256e-9,-8.358886720017588e-9,0.8070062523395131,-7.4079433280687745e-9,-4.4275210726213635e-9,-9.475311753951304e-9,9.368777170801606e-9,-3.623753326453088e-9,4.5597571182055905e-9,-8.350332047618429e-9,2.931068033767452e-10,1.0844695957909495e-8,1.1479604144360728e-7,2.928372678015569e-8,9.092034961882802e-11,5.757357321326407e-9,8.61939148219093e-8,2.2290932409231805e-8,3.392051507216616e-10,1.3504170434602238e-8,1.2307816875795622e-7,4.0487568747785084e-8,1.907855709710438e-9,0.3050437530839821,5.433894454198252e-7,1.8467228112227113e-7,1.9078563168287614e-9,4.6808473821909976e-7,2.127580339239808e-6,2.1512212717456523e-7,1.6841570944041357e-10,7.954527500013393e-9,9.494808335049021e-8,2.9385325457613754e-8,3.566093341953847e-14,4.523367504847229e-15,3.565506060182671e-14,0.5584848334040954,0.41157400717173875,1.0853136315521183e-12
group_TAC_TotEmiss,24,,,,25.49446407985308,3,3,LOCALLY_SOLVED,Solve_Succeeded,0.426813792,0.33691845220641586,5.255250580332383e6,128.5704728324402,25.494464335154674,443.7999900685102,1.5922526291542861e-16,1.5922526291542861e-16,9.534199457469172e-9,6.773596881830173e-9,0.9999999867078136,0.5179654453926698,4.114933921408317e-6,5.057970333855358e-7,2.64001924154733e-9,7.104941545896361e-9,3.685865640674121e-8,1.9715810759522196e-9,8.099846487723964e-10,3.753267439390041e-9,2.763043411431025e-8,1.4974946901453646e-9,3.0600320964371404e-9,8.85895160313493e-9,3.95410525419421e-8,2.7279007907740778e-9,1.7232289588361365e-8,0.20531931065008371,1.746071766318187e-7,1.2453839814945134e-8,1.7232294283740562e-8,3.101902412147453e-7,6.891069633767644e-7,1.458676711929254e-8,1.51213953467414e-9,5.199142320927467e-9,3.045724234118513e-8,1.9755899808839576e-9,1.2798977537676878e-8,-5.73024378502531e-9,-2.4192220003666634e-10,-9.032653421764627e-9,7.399651394147576e-9,-1.987169215428995e-9,9.569349378686707e-9,-7.85648144813255e-9,1.4231507766800734e-8,-7.966275884706021e-9,-5.405994184366452e-9,-9.534199457469172e-9,0.2154449307947325,2.0974017469648683e-9,7.077385474756354e-9,-8.345619292992636e-9,0.7845549649501493,-7.396571206975614e-9,-4.404075769426604e-9,-9.473140684952992e-9,9.325284864642647e-9,-3.6014194461490954e-9,4.621796456238569e-9,-8.341194507903162e-9,2.933354712830365e-10,1.081888826306946e-8,1.1467137548763928e-7,2.9292061699861547e-8,8.999829430804402e-11,5.7152026917984715e-9,8.596135057785409e-8,2.224849253930256e-8,3.4000356627079326e-10,1.3489767213864555e-8,1.2301660790826427e-7,4.052881174864344e-8,1.914698843151262e-9,0.31264531394444567,5.432223272989914e-7,1.850284772506134e-7,1.9146993648600617e-9,4.7233514003154415e-7,2.143888330505489e-6,2.1671768291520346e-7,1.6801550385268215e-10,7.916875806866826e-9,9.475586506146483e-8,2.935162257313308e-8,3.56126779779883e-14,4.502666341372691e-15,3.599066382844366e-14,0.5849983998462416,0.4001238579095008,1.0808650358049094e-12
group_TAC_TotEmiss,25,,,,24.86628578292231,3,3,LOCALLY_SOLVED,Solve_Succeeded,0.429470959,0.34983630727857534,5.325121891488542e6,133.80690954421803,24.866286037721302,443.79999007260415,3.1845052583085723e-16,3.1845052583085723e-16,9.532719261930018e-9,6.760261962784747e-9,0.9999999866733191,0.530559083609275,4.133784138537506e-6,5.077522646519479e-7,2.6421042022004256e-9,7.088858259623612e-9,3.682073104275637e-8,1.9720804292810966e-9,8.023122975454641e-10,3.727276927621092e-9,2.7560326358818163e-8,1.4948002252576572e-9,3.0669529768980124e-9,8.849900534373715e-9,3.952223763791854e-8,2.7304794865241026e-9,1.7290243987802126e-8,0.21031138095575702,1.745568256038914e-7,1.2476303116844654e-8,1.7290248094931142e-8,3.126785892406826e-7,6.938449578687492e-7,1.4686854202929423e-8,1.5088649020622663e-9,5.175848627860322e-9,3.0399115443699654e-8,1.9734316668018626e-9,1.2762790675422223e-8,-5.7150263551956425e-9,-2.0348968382481425e-10,-9.02854348451996e-9,7.3544620362390946e-9,-1.9676108823071604e-9,9.64425747065379e-9,-7.845235097277028e-9,1.4207068145581711e-8,-7.960385426030729e-9,-5.392298874245431e-9,-9.532719261930018e-9,0.2378962167053938,2.2445821762566693e-9,7.209308993683298e-9,-8.333029900689267e-9,0.7621036790244762,-7.3858717247420065e-9,-4.382015036025141e-9,-9.471098026887333e-9,9.28498769245462e-9,-3.5805400228969894e-9,4.680022737727635e-9,-8.332588600735255e-9,2.935671335778249e-10,1.0794397804426865e-8,1.1455338546635313e-7,2.9299480663604863e-8,8.914581083838487e-11,5.675626230695754e-9,8.57432375607676e-8,2.2208460489542332e-8,3.407725529886679e-10,1.3475984904614521e-8,1.229580726513021e-7,4.056712379978666e-8,1.921138220866902e-9,0.3202468755462664,5.430656796565509e-7,1.853622177359777e-7,1.9211386772145708e-9,4.7612421543467586e-7,2.1586287578138864e-6,2.182046910149514e-7,1.676516557846962e-10,7.881405865150945e-9,9.457502582484334e-8,2.931955619248481e-8,3.5567671561195916e-14,4.483401662274993e-15,3.630866833915368e-14,0.6115119662322219,0.3886737086540818,1.0767198801567633e-12
group_TAC_TotEmiss,26,,,,24.238107485991538,3,3,LOCALLY_SOLVED,Solve_Succeeded,0.425978708,0.36270249221017303,5.393364028432025e6,139.04334625177293,24.238107740313936,443.7999900764691,1.5922526291542861e-16,1.5922526291542861e-16,9.531323582519427e-9,6.747617118966094e-9,0.999999986640169,0.543152722207382,4.1509702640409865e-6,5.095852080557124e-7,2.644177137695549e-9,7.073581834637538e-9,3.6784778971113795e-8,1.9725297513622436e-9,7.95174946975499e-10,3.702817401401125e-9,2.7494399596683234e-8,1.4922546084988295e-9,3.0735980733404487e-9,8.8412451445761e-9,3.950433329553747e-8,2.7328877743088924e-9,1.7344910797959672e-8,0.215303451658392,1.7450915390940913e-7,1.249741748834265e-8,1.7344914384884783e-8,3.14921278319529e-7,6.981696521369038e-7,1.4780682109304726e-8,1.505856018979265e-9,5.153859610820657e-9,3.034429807652725e-8,1.9713776332690205e-9,1.2729268469276924e-8,-5.7006992998858815e-9,-1.6724505799118062e-10,-9.024663583997849e-9,7.312377558618503e-9,-1.9493939029823923e-9,9.714601460766625e-9,-7.83462490225961e-9,1.4184624710234794e-8,-7.954836543238588e-9,-5.37939188003871e-9,-9.531323582519427e-9,0.26034750141810237,2.385858227103017e-9,7.334808124500726e-9,-8.321058244024538e-9,0.739652394294294,-7.375775922669284e-9,-4.361198252176115e-9,-9.469170736322598e-9,9.247466848941406e-9,-3.560960181065655e-9,4.734823924986211e-9,-8.324462255818585e-9,2.937974597439498e-10,1.0771135975470796e-8,1.1444153457679844e-7,2.9306156305953328e-8,8.835277188616651e-11,5.638381043042622e-9,8.553813207857003e-8,2.2170639897696894e-8,3.415108970378275e-10,1.3462805106513608e-8,1.2290237025278324e-7,4.0602904075446395e-8,1.927212310884407e-9,0.3278484377525514,5.429173677181617e-7,1.8567591696966218e-7,1.927212709431642e-9,4.795392192592828e-7,2.1720833622037003e-6,2.195987056239559e-7,1.673173354421405e-10,7.847922589204183e-9,9.440448290475142e-8,2.9289039122854014e-8,3.5525566548225485e-14,4.465413985897962e-15,3.661165510959155e-14,0.6380255325681021,0.37722355940452235,1.0728449627268619e-12
group_TAC_TotEmiss,27,,,,23.609929189060768,3,3,LOCALLY_SOLVED,Solve_Succeeded,0.400493625,0.3755199895094898,5.460071030480007e6,144.27978295560163,23.60992944292989,443.79999008012686,3.1845052583085723e-16,3.1845052583085723e-16,9.530004346287839e-9,6.735590901525438e-9,0.9999999866083417,0.5557463611241609,4.166772132446344e-6,5.113117763943866e-7,2.6462143551501144e-9,7.059054463058086e-9,3.675064013501786e-8,1.972938160790774e-9,7.885017581817319e-10,3.6797458596914087e-9,2.7432250408585672e-8,1.4898459375518945e-9,3.0799679259082235e-9,8.83296708550708e-9,3.948727570240581e-8,2.7351476069693425e-9,1.7396594662770515e-8,0.2202955226897017,1.7446365498306372e-7,1.2517325996608116e-8,1.7396597764000363e-8,3.1696166381314565e-7,7.021501304607994e-7,1.4869085462916525e-8,1.5030679103059448e-9,5.133060147097582e-9,3.029248413673403e-8,1.969421976404405e-9,1.2698058853434489e-8,-5.6871755546671785e-9,-1.3297940112575118e-10,-9.020992008869639e-9,7.273030219533743e-9,-1.932372603271674e-9,9.7808364971298e-9,-7.82459051030822e-9,1.4163886456098872e-8,-7.949596176834379e-9,-5.367197451599226e-9,-9.530004346287839e-9,0.2827987851376436,2.5216817843858493e-9,7.454430460955841e-9,-8.309651562435635e-9,0.7172011105556222,-7.366224910219497e-9,-4.341504973560494e-9,-9.467347637228418e-9,9.212384578899898e-9,-3.5425479625367797e-9,4.786533360717317e-9,-8.316770494449137e-9,2.940238172389015e-10,1.0749014750565723e-8,1.1433532486449998e-7,2.9312224103177212e-8,8.761130646463685e-11,5.603249377257373e-9,8.534477904893318e-8,2.213485392934243e-8,3.422186584342469e-10,1.3450199880203964e-8,1.228493021852625e-7,4.063647873211594e-8,1.932954962530056e-9,0.3354500004593185,5.427758155028648e-7,1.8597170052103484e-7,1.932955307111151e-9,4.8264616989729e-7,2.184467072544709e-6,2.209121268776169e-7,1.6700754558954935e-10,7.816250678534955e-9,9.424328398095029e-8,2.9259983649436866e-8,3.54860663177207e-14,4.448567852568165e-15,3.6901805214069286e-14,0.6645390988589882,0.36577341016005455,1.0692120360932277e-12
group_TAC_TotEmiss,28,,,,22.981750892129995,3,3,LOCALLY_SOLVED,Solve_Succeeded,0.384932333,0.38829145821082767,5.525326737726839e6,149.51621965611804,22.98175114556681,443.799990083596,2.2737367544323206e-16,1.5922526291542861e-16,9.528754534780612e-9,6.7241210990641064e-9,0.9999999865777918,0.5683400003102912,4.181408456597776e-6,5.129451091941373e-7,2.648201667465908e-9,7.045220860458218e-9,3.671816827478962e-8,1.973312982503894e-9,7.822362064082564e-10,3.657936111515638e-9,2.7373526700498675e-8,1.4875635452381866e-9,3.086069448676024e-9,8.825045141365515e-9,3.947100281052875e-8,2.7372772645188394e-9,1.7445564159700928e-8,0.22528759399648063,1.744199715103147e-7,1.253615501962986e-8,1.744556679208802e-8,3.1883339194254885e-7,7.058404118866229e-7,1.4952746307410402e-8,1.5004666640142288e-9,5.113347203676727e-9,3.024340402573551e-8,1.9675590058686445e-9,1.2668877372251371e-8,-5.674379896321919e-9,-1.0051134198775696e-10,-9.01750987313743e-9,7.2361150900680785e-9,-1.916422957007662e-9,9.843355528595271e-9,-7.815079463992154e-9,1.4144622483545697e-8,-7.94463566448109e-9,-5.355649799523823e-9,-9.528754534780612e-9,0.3052500680236778,2.6524551266605174e-9,7.568658765539497e-9,-8.29876340084256e-9,0.6947498276493641,-7.357167872810872e-9,-4.322831039760065e-9,-9.465619062845664e-9,9.179462978990154e-9,-3.5251899121445817e-9,4.8354397388991265e-9,-8.309474169385641e-9,2.942446297184341e-10,1.072794994660683e-8,1.1423430129934545e-7,2.9317792882914998e-8,8.691513404536179e-11,5.570039078898813e-9,8.516208306821808e-8,2.2100944100681624e-8,3.42896605408447e-10,1.343813691980658e-8,1.2279867541053387e-7,4.066811935856561e-8,1.9383960177445468e-9,0.34305156358555006,5.426399113654234e-7,1.8625144600592928e-7,1.9383963102320016e-9,4.854963013670631e-7,2.1959479480917153e-6,2.2215508799581166e-7,1.6671851822380315e-10,7.78623324196229e-9,9.409059030228823e-8,2.923230523004843e-8,3.544891574060742e-14,4.4327471995268355e-15,3.718100087199372e-14,0.691052665109238,0.3543232609200503,1.0657968716971122e-12
group_TAC_TotEmiss,29,,,,22.353572595199225,3,3,LOCALLY_SOLVED,Solve_Succeeded,0.374825334,0.401019277172348,5.589206156236119e6,154.7526563536735,22.353572848222644,443.79999008689316,5.736519431140235e-22,1.230377031619221e-16,9.527568007231913e-9,6.713152946699331e-9,0.9999999865484615,0.5809336397259349,4.195055252476017e-6,5.144962683017805e-7,2.650130928402735e-9,7.032029230354968e-9,3.668723051730265e-8,1.9736602290150942e-9,7.7633221095776e-10,3.6372765904517415e-9,2.7317919732877676e-8,1.4853978953825885e-9,3.0919129920459947e-9,8.817457146694622e-9,3.945545580557775e-8,2.7392922223348285e-9,1.749205670631874e-8,0.2302796655362354,1.7437782457251605e-7,1.2554016734505073e-8,1.7492058960069247e-8,3.205631644226617e-7,7.092840055644257e-7,1.503223384345463e-8,1.4980260431069718e-9,5.094628668537854e-9,3.0196819549095673e-8,1.9657833728220153e-9,1.2641489884461317e-8,-5.662246839804762e-9,-6.968234223672511e-11,-9.014200639039993e-9,7.201375625351016e-9,-1.9014384646391736e-9,9.902500242530934e-9,-7.806045860813483e-9,1.4126645790902477e-8,-7.939929986891012e-9,-5.344691412752168e-9,-9.527568007231913e-9,0.3277013502038159,2.7785383282981706e-9,7.677920985986987e-9,-8.288352627254572e-9,0.6722985454483114,-7.348560583491653e-9,-4.305085654316616e-9,-9.463976584698861e-9,9.148469676857215e-9,-3.508787723589004e-9,4.881794829423636e-9,-8.30253898262058e-9,2.9445899204474827e-10,1.0707862691676884e-8,1.1413805049827488e-7,2.932295197393854e-8,8.62591345508622e-11,5.538580262733333e-9,8.498908361339719e-8,2.2068768731398457e-8,3.435458880051104e-10,1.3426582473375903e-8,1.227503069506863e-7,4.069805587468887e-8,1.943561856257637e-9,0.3506531270665403,5.425087875589387e-7,1.865168200555039e-7,1.94356210667436e-9,4.88130273098144e-7,2.2066613506448794e-6,2.2333604567418302e-7,1.664473381229968e-10,7.757730018000822e-9,9.394566081940874e-8,2.9205924396212796e-8,3.541389416096541e-14,4.417851935397307e-15,3.745089769856529e-14,0.7175662313226189,0.34287311168398366,1.0625785385785414e-12
group_TAC_TotEmiss,30,,,,21.725394298268455,3,3,LOCALLY_SOLVED,Solve_Succeeded,0.357506375,0.41370558027589593,5.6517765679005375e6,159.98909304856903,21.725394550895512,443.7999900900327,1.0827317878249146e-16,1.230377031619221e-16,9.526439359715207e-9,6.70263676957187e-9,0.9999999865202869,0.5935272793388879,4.207853990782753e-6,5.159747147242046e-7,2.6519979143634947e-9,7.019431569461233e-9,3.66577063815147e-8,1.9739849312581463e-9,7.70751561048232e-10,3.6176683907939586e-9,2.726515751681946e-8,1.4833404713149723e-9,3.0975106416380872e-9,8.810181029916184e-9,3.9440579606825505e-8,2.7412057693538597e-9,1.7536283028792456e-8,0.2352717372746406,1.7433703933741189e-7,1.2571011266982197e-8,1.7536284927864958e-8,3.221725468282461e-7,7.125158720881784e-7,1.5108031244196778e-8,1.495725319031984e-9,5.076822129300061e-9,3.015251947052072e-8,1.9640901264132873e-9,1.2615700767428351e-8,-5.65071900435649e-9,-4.0352995643237835e-11,-9.011049739333978e-9,7.1685934445579265e-9,-1.8873270039260914e-9,9.958569575874045e-9,-7.79744929340792e-9,1.4109802404420298e-8,-7.935457172594922e-9,-5.334271724488793e-9,-9.526439359715207e-9,0.3501526317811733,2.9002552848587763e-9,7.782598512437318e-9,-8.278382637724253e-9,0.6498472638496388,-7.340364267079012e-9,-4.288189090790246e-9,-9.462412803335458e-9,9.119207842797568e-9,-3.4932556433813866e-9,4.925819522362758e-9,-8.295934707512229e-9,2.9466643492927706e-10,1.0688679889861424e-8,1.1404619763137906e-7,2.93277761215496e-8,8.563906233869241e-11,5.508722322345346e-9,8.482493449677162e-8,2.203820128810816e-8,3.441678490708985e-10,1.3415502931917826e-8,1.227040254434571e-7,4.072648571611448e-8,1.94847589208805e-9,0.358254690850021,5.423819001608369e-7,1.8676931025230693e-7,1.948476103096106e-9,4.905809235793748e-7,2.2167160464965543e-6,2.2446217848520927e-7,1.6619170211466485e-10,7.730615515070549e-9,9.380783835273112e-8,2.9180767592425977e-8,3.538080941045916e-14,4.403795133848529e-15,3.771297884242587e-14,0.7440797975024119,0.3314229624514102,1.059538839875499e-12
group_TAC_TotEmiss,31,,,,21.09721600133768,3,3,LOCALLY_SOLVED,Solve_Succeeded,0.353221917,0.4263522852597576,5.713098439546373e6,165.2255297410661,21.09721625358382,443.79999009302753,1.230377031619221e-16,1.230377031619221e-16,9.52536381150926e-9,6.692530339338382e-9,0.9999999864932027,0.6061209191222059,4.2199225635872935e-6,5.173886687755398e-7,2.653800929346322e-9,7.007383640091295e-9,3.662948674797702e-8,1.9742913808031073e-9,7.654620839394702e-10,3.5990235498941074e-9,2.7214999418314264e-8,1.481383671586824e-9,3.1028751558640575e-9,8.803195368112813e-9,3.942632310474895e-8,2.7430294705121204e-9,1.7578430768990708e-8,0.24026380918327656,1.742974851375252e-7,1.2587228624690397e-8,1.7578432314352812e-8,3.2367928679825926e-7,7.155651549741896e-7,1.5180555640647916e-8,1.4935477781251258e-9,5.05985371375694e-9,3.011031582637114e-8,1.962474735874246e-9,1.2591344371097253e-8,-5.639745816384381e-9,-1.2400036971830638e-11,-9.00804427317064e-9,7.137580723359301e-9,-1.8740083795144256e-9,1.0011826572457427e-8,-7.789253999220243e-9,1.4093963596671344e-8,-7.931197820502252e-9,-5.324346034080361e-9,-9.52536381150926e-9,0.37260391284115985,3.0178987155937625e-9,7.883032782083561e-9,-8.268820706208439e-9,0.6273959827681465,-7.332544701684662e-9,-4.2720709234103044e-9,-9.460921181872086e-9,9.09150882930495e-9,-3.478518423517801e-9,4.9677087008082125e-9,-8.289634563439862e-9,2.94866769927369e-10,1.0670334179229928e-8,1.1395840321592847e-7,2.9332329086217588e-8,8.50513426599411e-11,5.480331314611482e-9,8.46688870791999e-8,2.2009128835004236e-8,3.447639062071174e-10,1.3404865674171785e-8,1.2265967188144113e-7,4.0753580704751497e-8,1.9531589743323002e-9,0.3658562548927166,5.422588426500783e-7,1.8701025385254303e-7,1.9531591460392004e-9,4.928752776246221e-7,2.226202704364145e-6,2.2553968380391188e-7,1.659497531250139e-10,7.704777245948068e-9,9.367653812648798e-8,2.9156767504417367e-8,3.5349493361162477e-14,4.3905008501120716e-15,3.7968597282884904e-14,0.7705933636515025,0.31997281322194815,1.056661865360863e-12
group_TAC_TotEmiss,32,,,,20.46903770440691,3,3,LOCALLY_SOLVED,Solve_Succeeded,0.363064208,0.4389611174414029,5.773226170917801e6,170.4619664313965,20.46903795628601,443.7999900958892,1.230377031619221e-16,1.230377031619221e-16,9.524337111803116e-9,6.682792087473393e-9,0.9999999864671435,0.6187145590527362,4.2313620123692976e-6,5.187453774687913e-7,2.655539945882682e-9,6.995844838216491e-9,3.660247224450676e-8,1.97458331940126e-9,7.604363591894991e-10,3.5812635921820054e-9,2.7167231327984427e-8,1.4795207193050438e-9,3.1080193761346387e-9,8.796479727692327e-9,3.941263858726527e-8,2.744773533332869e-9,1.7618667626855895e-8,0.24525588123811629,1.7425899346654318e-7,1.2602750334922128e-8,1.76186689267644e-8,3.2509824348957467e-7,7.184569049396846e-7,1.5250172732042897e-8,1.4914797238860003e-9,5.043657069088138e-9,3.0070040413272686e-8,1.960933099057402e-9,1.2568278900881239e-8,-5.629282452970187e-9,1.4286099943033899e-11,-9.005172756333824e-9,7.108174518536019e-9,-1.8614123577682796e-9,1.0062503933271025e-8,-7.781428163240551e-9,1.4079020415158568e-8,-7.927134709247754e-9,-5.314874623793611e-9,-9.524337111803116e-9,0.3950551934560847,3.1317343412570645e-9,7.979530772123036e-9,-8.259637445771364e-9,0.6049447021316784,-7.3250715017300175e-9,-4.256668600275979e-9,-9.459495912232492e-9,9.065226759803774e-9,-3.464509664460793e-9,5.007635206640548e-9,-8.283614702518377e-9,2.950599939869646e-10,1.0652763730920566e-8,1.13874358094021e-7,2.9336666459675863e-8,8.44929287988332e-11,5.453287742640782e-9,8.452027524261821e-8,2.198145068681779e-8,3.4533548623718195e-10,1.339463958534968e-8,1.2261709782704747e-7,4.0779492495231195e-8,1.957629736317321e-9,0.37345781915804077,5.42139090784801e-7,1.8724086211884302e-7,1.957629880751599e-9,4.950359616773068e-7,2.2351992598123514e-6,2.2657399487606583e-7,1.6571996932066662e-10,7.680114173384211e-9,9.355123684129279e-8,2.913386318599568e-8,3.531979835154458e-14,4.377902406870118e-15,3.8219010560066014e-14,0.7971069297724587,0.3085226639952605,1.0539336297196937e-12
group_TAC_TotEmiss,33,,,,19.84085940747614,3,3,LOCALLY_SOLVED,Solve_Succeeded,0.3293335,0.45153362925783697,5.832208710789739e6,175.6984031197636,19.840859659000767,443.7999900986278,1.5922526291542861e-16,2.460754063238442e-16,9.523355464436706e-9,6.673387326409158e-9,0.999999986442046,0.6313081991112036,4.24225571651567e-6,5.200513073358311e-7,2.6572159653862807e-9,6.984777746877828e-9,3.6576573277413796e-8,1.9748640480441897e-9,7.556507533151642e-10,3.5643181897709193e-9,2.712166265053079e-8,1.4777455666169617e-9,3.1129558140712843e-9,8.79001458058314e-9,3.939948257330128e-8,2.74644704554955e-9,1.7657144288198077e-8,0.2502479534189513,1.7422157295456835e-7,1.2617650905523529e-8,1.765714530114413e-8,3.264419952629914e-7,7.21211667659733e-7,1.5317207146300415e-8,1.4895097436644809e-9,5.028172333559949e-9,3.00315428635174e-8,1.9594615164722177e-9,1.2546381656400056e-8,-5.619289027986379e-9,3.9803197457287775e-11,-9.002424922729954e-9,7.080232351576564e-9,-1.8494771681542992e-9,1.011080835512836e-8,-7.773943362039645e-9,1.4064879466646119e-8,-7.923252487190187e-9,-5.3058220529530265e-9,-9.523355464436706e-9,0.41750647368664245,3.2420044096711276e-9,8.07236992650147e-9,-8.250806359989828e-9,0.5824934218796514,-7.317917547203972e-9,-4.241926218409356e-9,-9.458131807671927e-9,9.040234334030337e-9,-3.4511705310829542e-9,5.045752949568958e-9,-8.277853799338071e-9,2.952462183762533e-10,1.063591156910942e-8,1.1379378352973178e-7,2.9340837285227954e-8,8.3961194812796e-11,5.427484516242082e-9,8.437850602387356e-8,2.195507698973771e-8,3.4588397934125367e-10,1.3384794929524329e-8,1.2257616800582618e-7,4.0804356105307596e-8,1.9619049209108967e-9,0.38105938361522124,5.420226714142126e-7,1.87462242024921e-7,1.961905033460458e-9,4.970821291504642e-7,2.243769632719169e-6,2.2756993474503469e-7,1.6550108262938672e-10,7.656535144284468e-9,9.343146668649855e-8,2.9111999673301523e-8,3.5291593926880007e-14,4.365940988298853e-15,3.84654100921428e-14,0.8236204958675601,0.29707251477105495,1.0513417874666073e-12
group_TAC_TotEmiss,34,,,,19.21268111054537,3,3,LOCALLY_SOLVED,Solve_Succeeded,0.328230625,0.46407121631284853,5.890090062941584e6,180.9348398063526,19.212681361726723,443.79999010125294,2.2737367544323206e-16,5.736519431140235e-22,9.522415462571819e-9,6.664279766163119e-9,0.9999999864178492,0.6439018392802645,4.25267863753676e-6,5.213123231083801e-7,2.658830706920739e-9,6.974148055986306e-9,3.6551707441542147e-8,1.975136575489438e-9,7.510847243156921e-10,3.5481241610180156e-9,2.7078122080199215e-8,1.4760528394918372e-9,3.1176965182573318e-9,8.783781552989434e-9,3.9386813997762716e-8,2.7480582518411824e-9,1.7693996510744302e-8,0.2552400257080422,1.7418511581797738e-7,1.2631999090277557e-8,1.7693997245233136e-8,3.277214169287943e-7,7.238480346509692e-7,1.5381951959464404e-8,1.4876282240186172e-9,5.013345425288947e-9,2.999468724391024e-8,1.958056705882376e-9,1.2525545663921103e-8,-5.609729844820894e-9,6.423899182030753e-11,-8.999791547489411e-9,7.053628805922039e-9,-1.8381481604149485e-9,1.0156924429014222e-8,-7.766774073273397e-9,1.4051459999545035e-8,-7.919537398216697e-9,-5.297156536349622e-9,-9.522415462571819e-9,0.43995775358624095,3.3489307235030332e-9,8.161801721529978e-9,-8.242303463329127e-9,0.5600421419587385,-7.311058496467944e-9,-4.227793622561908e-9,-9.456824211489595e-9,9.016419662269911e-9,-3.438448603776728e-9,5.082199709157681e-9,-8.272332689408663e-9,2.954256341023043e-10,1.0619725448888239e-8,1.1371642315146444e-7,2.93448862644145e-8,8.345385825729909e-11,5.402825427004706e-9,8.424304647173089e-8,2.1929927901021578e-8,3.4641072425081453e-10,1.337530372841573e-8,1.225367546597062e-7,4.0828294027354705e-8,1.965999612304922e-9,0.3886609482372462,5.419092492114851e-7,1.8767541505555227e-7,1.965999693914792e-9,4.990303394143005e-7,2.2519716633585702e-6,2.285318576834711e-7,1.6529202489095739e-10,7.633957806689989e-9,9.331680475883185e-8,2.9091128201681016e-8,3.5264764612989213e-14,4.354564419336109e-15,3.87089471191191e-14,0.8501340619388706,0.2856223655490644,1.0488753860089464e-12
group_TAC_TotEmiss,35,,,,18.5845028136146,3,3,LOCALLY_SOLVED,Solve_Succeeded,0.330464292,0.4765751304408303,5.94690969806328e6,186.17127649132988,18.584503064462783,443.79999010377276,2.1654635756498291e-16,1.5922526291542861e-16,9.521514036694948e-9,6.65544018622984e-9,0.9999999863944947,0.6564954795447815,4.262695726015042e-6,5.225338134845081e-7,2.660386269089389e-9,6.96392405855558e-9,3.6527799891017734e-8,1.9754036782146525e-9,7.467202467262674e-10,3.5326244569492617e-9,2.7036455798256255e-8,1.474437764627653e-9,3.122252894424314e-9,8.777763158066654e-9,3.937459513375026e-8,2.7496146978626483e-9,1.7729347291514542e-8,0.2602320980898914,1.7414961982456217e-7,1.2645859081388328e-8,1.7729347685142648e-8,3.2894601616532113e-7,7.263820326318977e-7,1.5444675255033057e-8,1.4858269367347575e-9,4.999127213343704e-9,2.9959350986431664e-8,1.956715772316829e-9,1.2505676720204478e-8,-5.600572854612442e-9,8.767247898649709e-11,-8.997264310720985e-9,7.028252721662808e-9,-1.8273768384863893e-9,1.0201017569651908e-8,-7.759897294678544e-9,1.4038691331128456e-8,-7.915977070498346e-9,-5.2888494587395025e-9,-9.521514036694948e-9,0.4624090332014491,3.452717241487871e-9,8.248055305957222e-9,-8.234106961302048e-9,0.5375908623224285,-7.304472397532104e-9,-4.214225551193057e-9,-9.455568923258787e-9,8.993683624716173e-9,-3.426297029688605e-9,5.117099243836789e-9,-8.267034087149608e-9,2.955984743432653e-10,1.060415708916418e-8,1.136420441053885e-7,2.934885464776055e-8,8.296891630291857e-11,5.379223604900013e-9,8.411341803901945e-8,2.190593250303941e-8,3.469169882693681e-10,1.336613935432877e-8,1.224987404161119e-7,4.085141836824506e-8,1.9699274768349485e-9,0.39626251300051646,5.417988172319711e-7,1.878813349234837e-7,1.9699275205714045e-9,5.008950700699208e-7,2.25985521263257e-6,2.2946374664620535e-7,1.6509188185941743e-10,7.61230734759155e-9,9.320686973556517e-8,2.907120576013574e-8,3.5239207837461875e-14,4.343726282075474e-15,3.8950757529965746e-14,0.8766476279882511,0.2741722163290504,1.0465246760253814e-12
group_TAC_TotEmiss,36,,,,17.95632451668383,3,3,LOCALLY_SOLVED,Solve_Succeeded,0.3119765,0.48904649015564966,6.002702883210755e6,191.40771317485053,17.95632476720778,443.7999901061949,3.1845052583085723e-16,3.1845052583085723e-16,9.520648408005353e-9,6.646837669429376e-9,0.9999999863719269,0.6690891198904558,4.272368410362486e-6,5.237208190917191e-7,2.661885022397122e-9,6.954076537741685e-9,3.650478114373197e-8,1.975668011765192e-9,7.425414034390112e-10,3.5177674288967763e-9,2.699652430256992e-8,1.4728961342145862e-9,3.1266357221448026e-9,8.77194290996744e-9,3.9362789938524174e-8,2.751123436208255e-9,1.7763308394696502e-8,0.26522417055033265,1.7411494809125834e-7,1.2659291554823506e-8,1.7763308591720472e-8,3.301243010362044e-7,7.288289493766582e-7,1.5505626781095406e-8,1.4840987828186304e-9,4.985472976258484e-9,2.9925422251310295e-8,1.9554362225730484e-9,1.2486691355776023e-8,-5.591789128647755e-9,1.1017515010994624e-10,-8.994835670941282e-9,7.004005012691015e-9,-1.8171199399381467e-9,1.0243236747474085e-8,-7.753292194248637e-9,1.4026511129859078e-8,-7.912560321891803e-9,-5.280874932301548e-9,-9.520648408005353e-9,0.4848603125749575,3.5535523459366137e-9,8.331340149525331e-9,-8.226196975328693e-9,0.5151395829280706,-7.298139345233075e-9,-4.2011810048786844e-9,-9.454362134320901e-9,8.971937872119071e-9,-3.41467372228128e-9,5.150563269230015e-9,-8.261942327647062e-9,2.95765002488569e-10,1.0589162000652111e-8,1.1357043022494388e-7,2.9352781889082847e-8,8.250460038211232e-11,5.35660040309282e-9,8.39891867191064e-8,2.1883028279759564e-8,3.474039691272002e-10,1.3357276703814058e-8,1.224620131420752e-7,4.0873833909379776e-8,1.973700932744055e-9,0.40386407788346107,5.416909496172481e-7,1.880809031002349e-7,1.9737009546356072e-9,5.026892765778567e-7,2.267467842505158e-6,2.3036931217627455e-7,1.6489986475762552e-10,7.5915156683936e-9,9.310131367074313e-8,2.9052195306799572e-8,3.521483223253708e-14,4.333385044615202e-15,3.9191985912922975e-14,0.9031611940174117,0.26272206711078877,1.0442809413802196e-12
group_TAC_TotEmiss,37,,,,17.328146219753055,3,3,LOCALLY_SOLVED,Solve_Succeeded,0.308948083,0.5014862887356342,6.057500936727995e6,196.6441498570561,17.328146469960604,443.7999901085263,1.230377031619221e-16,2.460754063238442e-16,9.519816052489475e-9,6.63844299525629e-9,0.9999999863500927,0.681682760305049,4.281748436494505e-6,5.248781149955053e-7,2.6633294023952296e-9,6.944578199793994e-9,3.648258814500969e-8,1.9759321372474898e-9,7.385340308110113e-10,3.5035060284293146e-9,2.6958201698483115e-8,1.471424250567738e-9,3.130855061281273e-9,8.766304899528004e-9,3.935136545889403e-8,2.752591107514016e-9,1.7795982209973836e-8,0.27021624307687925,1.740811856503898e-7,1.267235474975579e-8,1.7795982141468263e-8,3.312639169919606e-7,7.312014752095442e-7,1.5565041996815322e-8,1.482437546430737e-9,4.972341699542635e-9,2.989279972768347e-8,1.954215936070721e-9,1.2468514869797361e-8,-5.5833525110183205e-9,1.3181185223864822e-10,-8.992498772795714e-9,6.980796819173688e-9,-1.8073388314912446e-9,1.028371639927128e-8,-7.74693985090347e-9,1.4014863719491834e-8,-7.909277017745061e-9,-5.2732094666076535e-9,-9.519816052489475e-9,0.5073115917441883,3.6516107814189338e-9,8.411848806639249e-9,-8.218555313355934e-9,0.49268830373826994,-7.292041217222738e-9,-4.188622598388231e-9,-9.453200376945305e-9,8.951103088368044e-9,-3.4035408144479467e-9,5.182692842445887e-9,-8.257043174403094e-9,2.959254891550254e-10,1.0574698622413582e-8,1.1350138534003013e-7,2.9356706039105557e-8,8.205933675677899e-11,5.334884179653729e-9,8.386996083972522e-8,2.186116029414925e-8,3.4787278458680794e-10,1.3348691551554009e-8,1.2242647031655919e-7,4.08956393116368e-8,1.977331356663759e-9,0.4114656428670662,5.415859109123237e-7,1.8827498485351458e-7,1.977331349052028e-9,5.044246008741219e-7,2.274849033985248e-6,2.3125205252411332e-7,1.6471528293674847e-10,7.571520315212648e-9,9.299982137501523e-8,2.9034065335907847e-8,3.519155638890703e-14,4.3235035031154384e-15,3.9433810833008084e-14,0.9296747600279117,0.251271917894075,1.04213637443964e-12
group_TAC_TotEmiss,38,,,,16.699967922822285,3,3,LOCALLY_SOLVED,Solve_Succeeded,0.317295791,0.513895400091668,6.111331413269376e6,201.88058653808156,16.69996817272021,443.79999011077325,1.5922526291542861e-16,1.5922526291542861e-16,9.519014668582683e-9,6.6302281685811785e-9,0.9999999863289414,0.6942764007764665,4.290887081359563e-6,5.260103264285241e-7,2.664721899539061e-9,6.935403690797627e-9,3.646116184249395e-8,1.976198636450047e-9,7.346854709156062e-10,3.4897973469488852e-9,2.6921372954305024e-8,1.4700189235412582e-9,3.134920317765205e-9,8.760833963682901e-9,3.93402897839612e-8,2.7540241353895875e-9,1.782746260910401e-8,0.2752083156576433,1.740482854426181e-7,1.2685105415974081e-8,1.7827462272904933e-8,3.32371967320249e-7,7.335123061884605e-7,1.562314802701676e-8,1.4808377534560174e-9,4.95969575212976e-9,2.986139021260843e-8,1.9530532051266745e-9,1.2451080089125034e-8,-5.575239240741655e-9,1.5264167117386578e-10,-8.990247357867424e-9,6.958548087326621e-9,-1.7979988594586768e-9,1.032257837362569e-8,-7.74082301028582e-9,1.4003699033747962e-8,-7.90611793441895e-9,-5.265831658018399e-9,-9.519014668582683e-9,0.5297628707448655,3.747055097988026e-9,8.489758527074787e-9,-8.211165290956358e-9,0.47023702471731843,-7.286161433372485e-9,-4.176516178288981e-9,-9.452080479420853e-9,8.931107700631223e-9,-3.3928640960624605e-9,5.213579767935416e-9,-8.25232363983744e-9,2.960802110598955e-10,1.0560728347350932e-8,1.1343472573220337e-7,2.9360665455829268e-8,8.163171899062287e-11,5.314009596490348e-9,8.375538252450451e-8,2.184028114975583e-8,3.483244797516893e-10,1.3340360808335329e-8,1.223920126612126e-7,4.091693001150244e-8,1.9808291787893332e-9,0.4190672079332296,5.414835547103671e-7,1.8846442332304348e-7,1.9808291414338807e-9,5.061118593285611e-7,2.2820382859196544e-6,2.321153421156775e-7,1.6453752816177968e-10,7.55226398619759e-9,9.290210288367065e-8,2.9016790476167737e-8,3.5169307699257314e-14,4.314048174255257e-15,3.967747179452124e-14,0.9561883260212043,0.2398217686787122,1.0400839600240152e-12
group_TAC_TotEmiss,39,,,,16.071789625891515,3,3,LOCALLY_SOLVED,Solve_Succeeded,0.307336584,0.5262745824650119,6.16421822039309e6,207.11702321805384,16.071789875485525,443.7999901129415,1.230377031619221e-16,1.230377031619221e-16,9.518242182993457e-9,6.6221647229761675e-9,0.9999999863084253,0.7068700412933505,4.299832119333326e-6,5.271219791673958e-7,2.666064878275793e-9,6.926529589505819e-9,3.64404482625481e-8,1.976470162672248e-9,7.309844823924481e-10,3.476602604833868e-9,2.6885934534276284e-8,1.468677513012345e-9,3.138840028807613e-9,8.75551561978932e-9,3.93295329244494e-8,2.7554287880608004e-9,1.785783501090254e-8,0.2802003882814482,1.7401624023810778e-7,1.2697599384625525e-8,1.7857834387655044e-8,3.334551367678416e-7,7.35773231421431e-7,1.568016606922177e-8,1.4792945685317057e-9,4.947500899873629e-9,2.983110935078688e-8,1.951946796733047e-9,1.2434326683402276e-8,-5.567428019711294e-9,1.7271773226915047e-10,-8.988075786595012e-9,6.937187149314177e-9,-1.789069288463682e-9,1.0359931763935115e-8,-7.734926139474029e-9,1.3992971842758287e-8,-7.903074781688652e-9,-5.258722243166576e-9,-9.518242182993457e-9,0.5522141496105039,3.8400331595182124e-9,8.565229995461645e-9,-8.204011872160676e-9,0.44778574583171127,-7.280484992460483e-9,-4.164830848259474e-9,-9.450999572942885e-9,8.911887436537517e-9,-3.38261304697666e-9,5.243306369844668e-9,-8.247772034174805e-9,2.9622943091953245e-10,1.0547215511292952e-8,1.1337028348348294e-7,2.936469955970197e-8,8.122049804360531e-11,5.293917602815208e-9,8.364512966219287e-8,2.1820351621897697e-8,3.4876000320084574e-10,1.333226242104283e-8,1.2235854687606477e-7,4.093779913690331e-8,1.9842038901002816e-9,0.4266687730649326,5.413838585185574e-7,1.8865004800015061e-7,1.9842038208505595e-9,5.077612309873953e-7,2.28907227553334e-6,2.3296246731415197e-7,1.6436606317018947e-10,7.533694552080299e-9,9.28078957580036e-8,2.9000352408605267e-8,3.5148022464444934e-14,4.304989237371626e-15,3.9924295825969855e-14,0.982701891998624,0.2283716194645122,1.0381174712904445e-12
group_TAC_TotEmiss,40,,,,15.443611328960744,3,3,LOCALLY_SOLVED,Solve_Succeeded,0.215738833,0.5471033833276229,6.423173815910569e6,213.28854566631006,15.443611646443983,443.79998950134404,3.1845052583085723e-16,3.1845052583085723e-16,9.750202232259243e-9,8.423384497923948e-9,0.9999999947869316,0.7217127739259758,3.6758693581774583e-6,3.250173842776936e-7,6.696680471100304e-10,1.0427019958301754e-8,4.241958403545786e-8,1.6004060541581266e-9,2.0851325033534046e-10,8.960889903457648e-9,3.9445529015908735e-8,1.5746806158797977e-9,6.248103861836378e-10,1.1234941543356929e-8,4.316614165158358e-8,2.0546551502465177e-9,7.000562393697513e-9,0.28608394074412163,1.5515552102074095e-7,6.567534146273059e-9,7.000562076280181e-9,3.2276673206626474e-7,4.5443233772770843e-7,5.461550378836397e-9,7.000544231276031e-9,6.637266416091191e-8,1.6634449717843858e-7,6.827416603858945e-9,1.807263936314471e-8,-7.907477155105594e-9,-5.415655644031787e-9,-9.560365510887326e-9,1.5055068598264115e-8,-6.233272514392694e-9,-1.962233747841979e-9,-9.229051773644449e-9,1.7760018305027252e-8,-8.864509260400349e-9,-7.46563403136427e-9,-9.750202232259243e-9,0.5591367654810143,-7.163299740062421e-9,-4.501693937898765e-9,-9.464999387345884e-9,0.4255459307563212,-8.746350837623118e-9,-7.258211152899518e-9,-9.739879801950589e-9,0.01531722265669141,-5.709273616270415e-9,-1.4887236756177376e-9,-9.177112354370977e-9,7.440756079000335e-11,1.587750766377767e-8,1.3197203922142444e-7,2.377746137606359e-8,2.316813892614893e-11,1.3644991443901418e-8,1.2271942360504937e-7,2.339525486449985e-8,6.942337624262638e-11,1.7107751895566235e-8,1.3429466291603777e-7,3.052630508937683e-8,7.7784026596639e-10,0.43562781886036706,4.827060653978607e-7,9.757479303034258e-8,7.778402306977976e-10,4.914857056463577e-7,1.4137894951528704e-6,8.114303419985503e-8,7.778382479195586e-10,1.0106746588138861e-7,5.17516213444031e-7,1.0143590382876144e-7,4.8587897105171104e-14,1.108055054963833e-14,-2.5265680266707767e-14,1.0000000053034455,0.2170291057603279,0.01093673160913164
group_TAC_TotEmiss,41,,,,14.815433032029972,3,3,LOCALLY_SOLVED,Solve_Succeeded,0.225795208,0.5702274062865671,6.64121289960791e6,221.21535330728167,14.815433335411951,443.7999896339236,7.105427357601002e-18,5.736519431140235e-22,9.697555717571656e-9,8.049253441169945e-9,0.9999999925375879,0.7407766677875544,3.987218401811322e-6,4.104139460496735e-7,1.4525079052800567e-9,9.471455019431012e-9,4.123305682304806e-8,1.7532000871209878e-9,7.39875250246213e-10,7.513850047006021e-9,3.662437845947302e-8,1.6447087516571197e-9,1.474382024962599e-9,1.050365364474913e-8,4.222844416163879e-8,2.2809807218756552e-9,9.801774297316876e-9,0.29364080154474753,1.6155954958469089e-7,8.206857170547261e-9,9.801773862721612e-9,3.251933378043943e-7,5.249344159576978e-7,7.2255963925695044e-9,9.801768223425624e-9,6.287484204002524e-8,1.674758692260562e-7,8.292413451434402e-9,1.6503145602659815e-8,-7.39318148877171e-9,-4.247298602498551e-9,-9.445114364510538e-9,1.2929953674053688e-8,-5.08609849549211e-9,6.60136167380926e-10,-8.958580095787756e-9,1.662243862006602e-8,-8.637817520125854e-9,-6.95211391818064e-9,-9.697555717571656e-9,0.5369106720880873,-6.029298762491502e-9,-2.639596741026556e-9,-9.28183920585565e-9,0.40370172269032123,-8.445380411829908e-9,-6.613191084660882e-9,-9.679236263118931e-9,0.05938751495688423,-3.400427010605764e-9,2.559196449598938e-9,-8.783296853160241e-9,1.6138976725333957e-10,1.4422442870497224e-8,1.2828062122726062e-7,2.6047544151511817e-8,8.220836113846807e-11,1.144154438975917e-8,1.1394251076280493e-7,2.443567288176292e-8,1.6382022499584427e-10,1.5994199868140725e-8,1.3137738183620957e-7,3.388885643929545e-8,1.089086033035208e-9,0.4471348568976838,5.026297098190382e-7,1.2193044939098786e-7,1.0890859847468451e-9,4.951807643839641e-7,1.633129294090615e-6,1.073517178324612e-7,1.0890853581584021e-9,9.574123674276571e-8,5.210360375921747e-7,1.2320157127845395e-7,4.364011355787042e-14,8.410897767385726e-15,-2.3101673630820534e-15,1.0000000026758713,0.20588860803895753,0.04240293384954833
group_TAC_TotEmiss,42,,,,14.1872547350992,3,3,LOCALLY_SOLVED,Solve_Succeeded,0.272485584,0.590908935334357,6.782240865783242e6,229.14213890907132,14.18725508363481,443.7999891850989,2.1654635756498291e-16,1.230377031619221e-16,9.876320879372352e-9,9.247258062597554e-9,1.0000000034188956,0.7598411007654089,2.073710278804291e-6,1.3394174872222194e-7,-4.370722411080771e-9,1.3785918204075835e-8,4.144615859361062e-8,8.857197203485425e-10,-4.556375313790412e-9,1.1231095094688955e-8,3.865202589463528e-8,9.558341458269709e-10,-4.436230384659279e-9,1.4285316962417431e-8,4.175451202109843e-8,1.583082138257027e-9,-3.302819242557243e-9,0.30119805322748566,8.215966128257533e-8,3.316616273995152e-9,-3.302819293201755e-9,1.6677951762060482e-7,2.257307119371109e-7,1.9640917788045437e-9,-3.3028196294801077e-9,3.408039233581168e-8,8.413011505521238e-8,3.401370816052941e-9,2.512472451221736e-8,-8.63476799055192e-9,-7.21215896810625e-9,-9.742784225306117e-9,1.8940384418283318e-8,-5.660211643946634e-9,-2.7432391935694837e-9,-9.367473551398933e-9,2.2711288760564975e-8,-9.406539292061427e-9,-8.707006139360802e-9,-9.87364921610184e-9,0.5146836110482615,-8.39851054916017e-9,-6.9888245556082085e-9,-9.706341900109033e-9,0.38185845240998867,-9.397942725487182e-9,-8.690705459304215e-9,-9.876320879372352e-9,0.10345789904178804,-6.969790905523021e-9,-4.537546548314283e-9,-9.469588781869e-9,-4.856358234534189e-10,2.0992193628933662e-8,1.289436045134552e-7,1.3159264416606915e-8,-5.0626392375449e-10,1.7101894803276366e-8,1.2025074722775418e-7,1.4200964452286423e-8,-4.929144871843642e-10,2.1752641738226547e-8,1.2990292628786176e-7,2.3520077482675825e-8,-3.6697991583969357e-10,0.45864249014185315,2.5560783510134535e-7,4.9275441785070814e-8,-3.669799214668615e-10,2.539597200131937e-7,7.02273326026567e-7,2.9180792142238936e-8,-3.6697995883112295e-10,5.189514287498597e-8,2.6173813572732736e-7,5.053465212421512e-8,2.291740475609856e-14,3.883354943787464e-15,-7.44081310300201e-14,1.0000000069082158,0.1947481219881056,0.0738690162226638
group_TAC_TotEmiss,43,,,,13.559076438168429,3,3,LOCALLY_SOLVED,Solve_Succeeded,0.24135825,0.6106847594377627,6.895484781733601e6,237.05694600697154,13.559076734239518,443.7999897008974,4.547473508864641e-16,1.230377031619221e-16,9.671427081404017e-9,7.855282777449398e-9,0.9999999915262168,0.7788756843202969,4.159035533689749e-6,4.516182259925449e-7,1.743163456120955e-9,9.055307793991207e-9,4.0590420846947407e-8,1.8101455318308646e-9,8.788437819525889e-10,6.838226420991017e-9,3.5146347027390416e-8,1.6503138943483562e-9,1.8104231740175855e-9,1.0200178174361581e-8,4.1782338429321315e-8,2.373442415397731e-9,1.1106952259421647e-8,0.25859548230419305,1.642808263321673e-7,8.965170571283875e-9,1.1106951217935078e-8,3.3588844789094097e-7,5.655253524985683e-7,8.214217839953356e-9,8.099169115064075e-9,0.050147684074900216,1.6742334637393864e-7,8.959911606304956e-9,1.5781400079689104e-8,-7.1310177394029314e-9,-3.6420672592877423e-9,-9.384676620276032e-9,1.19024834305295e-8,-4.503916901350243e-9,2.066188896293578e-9,-8.80686351578837e-9,1.6113267791704377e-8,-8.527063872432758e-9,-6.6999560904318965e-9,-9.671427081404017e-9,0.6399851237874032,-5.321538693256982e-9,-1.5563791887533615e-9,-9.175648073507113e-9,0.3600146730360738,-8.289522097066986e-9,-6.281424872790418e-9,-9.648126135845564e-9,1.1229947395854454e-7,-1.1816243641986475e-9,3.4047982260156458e-9,-8.698662060951699e-9,1.9368482845788383e-10,1.3788764140850248e-8,1.2628130930161414e-7,2.6893590758629985e-8,9.764930910584316e-11,1.041275386832723e-8,1.0934419075188127e-7,2.4518949287461287e-8,2.011581304463983e-10,1.5532089492777863e-8,1.2998949733566628e-7,3.526257302876628e-8,1.2341058066024048e-9,0.3937703935086576,5.110959041445204e-7,1.3319681991621754e-7,1.2341056908816749e-9,5.114665001975693e-7,1.7594122077733233e-6,1.2203980790787843e-7,8.999076794515635e-10,0.07636124620496171,5.208726331633646e-7,1.3311868672224505e-7,4.1790545188876153e-14,7.443736274580176e-15,6.8393564641772305e-15,1.0000000007065826,0.18360825419766208,0.10531034108320911
group_TAC_TotEmiss,44,,,,12.930898141237659,3,3,LOCALLY_SOLVED,Solve_Succeeded,0.315362959,0.6756744373720177,9.528532195863577e6,228.0178767461762,12.930898440339679,443.7999896728385,2.1654635756498291e-16,1.230377031619221e-16,9.682334781895519e-9,7.935698645266907e-9,0.9999999919240697,0.7571365881746479,4.786868278401283e-6,4.1534072020140276e-7,1.0571203603067635e-8,3.733603323781403e-7,3.6598320557261897e-7,7.063919454130533e-9,8.368609944142997e-10,7.119786627615705e-9,3.565008636414158e-8,1.6593837374045682e-9,1.6827683727551903e-9,1.0322825203283068e-8,4.181582197487618e-8,2.350524143203492e-9,1.0571205847728088e-8,0.30012550576841013,1.6146489860677208e-7,8.7289845168886e-9,1.0571205135089107e-8,3.259379727840547e-7,5.268250431673243e-7,7.874777408334994e-9,1.0549146218870822e-9,8.072160544396227e-9,3.6666638243128873e-8,2.03219732003857e-9,0.15320636031227255,-5.7291052442681736e-9,-1.5854509007633326e-9,-9.238387566248812e-9,1.2355585586636259e-8,-4.746109518328315e-9,1.468951129083514e-9,-8.871426484704712e-9,1.6351513052920438e-8,-8.573174776954943e-9,-6.805248701485522e-9,-9.682334781895519e-9,0.517838004094031,-5.631385938366504e-9,-2.0242078336871994e-9,-9.221740411702478e-9,0.3289555462834524,-8.355397221810025e-9,-6.421397763244365e-9,-9.661228213556133e-9,1.3318150074806963e-8,-5.9389325092273985e-9,-1.2099981250509655e-9,-9.096492394787186e-9,1.174578178118626e-9,5.685259606667138e-7,1.1386144173370366e-6,1.0494966046136791e-7,9.298455493492216e-11,1.084149327386937e-8,1.1091137979955158e-7,2.4653701241439295e-8,1.8697426363946553e-10,1.571884746863558e-8,1.300936683662814e-7,3.492207298473759e-8,1.174578427525343e-9,0.45700929287462455,5.023352401099575e-7,1.2968776996520204e-7,1.1745783483432335e-9,4.963146403757196e-7,1.6390112454094531e-6,1.1699669292383417e-7,1.172127357652313e-10,1.2291699010785163e-8,1.140739856452898e-7,3.019264589771589e-8,0.21878072747557162,7.824375191990883e-15,3.4983996645759903e-15,1.0000000016077804,0.1677680634257582,1.7427313563706213e-12
group_TAC_TotEmiss,45,,,,12.302719844306887,3,3,LOCALLY_SOLVED,Solve_Succeeded,0.270115625,0.6952673704043764,9.8872718732317e6,232.03953772131354,12.302720138433186,443.79998971816065,3.2481953634747437e-16,4.921508126476884e-16,9.664751913443188e-9,7.803684077833533e-9,0.9999999912387787,0.7668086521043593,4.9290005106023074e-6,4.4361445477171213e-7,1.143791790373189e-8,3.7508200418826214e-7,3.808187668064614e-7,7.628613244655105e-9,9.169108941093064e-10,6.669103803000694e-9,3.464736136776056e-8,1.6565027806406073e-9,1.9031958084369967e-9,1.012304563957604e-8,4.151415505241766e-8,2.4069279842074957e-9,1.1437919726361646e-8,0.3039594751008216,1.6295684970055626e-7,9.20849147673873e-9,1.1437918883710078e-8,3.2645662836482267e-7,5.462406435040954e-7,8.524123426763778e-9,1.1861864543880973e-9,7.70070232982429e-9,3.5913927029450905e-8,2.0447857417324367e-9,0.18844619372415233,-5.241784859226641e-9,-7.233203841960063e-10,-9.164083471555476e-9,1.169409369595865e-8,-4.356410937979004e-9,2.428663895435109e-9,-8.766166267604567e-9,1.6050143928736174e-8,-8.498995455276145e-9,-6.636103533798699e-9,-9.664751913443188e-9,0.5065616126644246,-5.120737881622038e-9,-1.2614609854519957e-9,-9.147035326081238e-9,0.3049921017272644,-8.249613630344856e-9,-6.1964453591200445e-9,-9.6401496276516e-9,1.2800866716711358e-8,-5.648233630338412e-9,-5.43381702500245e-10,-9.018838147085257e-9,1.2708797670813208e-9,5.711475972866719e-7,1.1847694967312128e-6,1.1333939677773296e-7,1.0187898823436734e-10,1.015522624547833e-8,1.0779179092192173e-7,2.4610898455231874e-8,2.11466200937444e-10,1.5414637678445336e-8,1.2915514905196603e-7,3.576007290822565e-8,1.270879969595738e-9,0.46284738253988755,5.069768657350638e-7,1.3681187336868968e-7,1.270879875967786e-9,4.971044113737073e-7,1.6994153353460742e-6,1.2664411948334756e-7,1.3179849493201076e-10,1.1726069456777896e-8,1.1173221742495835e-7,3.037967387716763e-8,0.2691032492367159,7.225546432758836e-15,9.245142171069705e-15,1.0000000000981761,0.15554672058275984,1.6284919750213778e-12
group_TAC_TotEmiss,46,,,,11.674541547376116,3,3,LOCALLY_SOLVED,Solve_Succeeded,0.3023715,0.7138041310725477,1.0212710135863319e7,236.0611986102683,11.674541837295097,443.7999897560275,1.0827317878249146e-16,1.230377031619221e-16,9.650177546471605e-9,7.692056609913262e-9,0.9999999906858508,0.7764807237359509,5.041841923144531e-6,4.6700909454206455e-7,1.213956813825536e-8,3.7597969867729715e-7,3.925851763502294e-7,8.10841027938131e-9,9.61735237670414e-10,6.304506728596673e-9,3.3812038829228696e-8,1.6488705186752284e-9,2.0724243258409096e-9,9.96603742106536e-9,4.126845015622242e-8,2.4498930521938102e-9,1.213956974545716e-8,0.3077934483891425,1.6407848151601638e-7,9.588757603877554e-9,1.2139568496773319e-8,3.267877422480694e-7,5.617406717040462e-7,9.078853338991953e-9,1.2766027846371465e-9,7.399975676732018e-9,3.528730108725656e-8,2.049631063670939e-9,0.22368603197475773,-4.794191702799573e-9,5.275158933505694e-11,-9.097749163268495e-9,1.1158850785599068e-8,-4.03859526330929e-9,3.2376432622007856e-9,-8.675169874461996e-9,1.5815846018109063e-8,-8.437923940716644e-9,-6.496524984030384e-9,-9.650177546471605e-9,0.49528521110927115,-4.649304031758761e-9,-5.827660629682595e-10,-9.080673791488349e-9,0.2810286629889674,-8.16042637772919e-9,-6.007270885913892e-9,-9.622443693916542e-9,1.2383192293197736e-8,-5.4065272929629734e-9,1.9376138021313813e-11,-8.951857117439578e-9,1.3488409042505951e-9,5.725145411677025e-7,1.2213761042007136e-6,1.2046780986509371e-7,1.068594708522682e-10,9.600044336726754e-9,1.0519300969093371e-7,2.4497504848889104e-8,2.3026936953787878e-10,1.5175556982076803e-8,1.2839073381935862e-7,3.639841106116517e-8,1.3488410828285728e-9,0.4686854782289216,5.104663869387176e-7,1.4246154154332367e-7,1.3488409440859237e-9,4.976086075141057e-7,1.7476376453014765e-6,1.3488582103645187e-7,1.4184475384857178e-10,1.1268144780478301e-8,1.0978271449368704e-7,3.04516615173968e-8,0.3194257685868902,6.784656328791766e-15,1.3682224125444907e-14,0.9999999985456034,0.1433253779488661,1.5434480792347335e-12
group_TAC_TotEmiss,47,,,,11.046363250445346,3,3,LOCALLY_SOLVED,Solve_Succeeded,0.3488085,0.7315229826478626,1.0512359491992142e7,240.08285943883365,11.046363536713669,443.7999897884889,2.2737367544323206e-16,2.460754063238442e-16,9.63776923455421e-9,7.595198269427017e-9,0.9999999902251018,0.7861528006877267,5.134630911706613e-6,4.869444332837799e-7,1.2725442279618159e-8,3.763435021345543e-7,4.0221489452699957e-7,8.5256734578057e-9,9.858960885990466e-10,6.001041636357291e-9,3.310181622217577e-8,1.63909093620235e-9,2.207711527546962e-9,9.837830831530777e-9,4.106245660464123e-8,2.484035991905657e-9,1.2725443459477096e-8,0.31162742434614665,1.6495898479874837e-7,9.90069284423085e-9,1.2725442261696494e-8,3.2702137475478675e-7,5.74573525559409e-7,9.563888625235409e-9,1.3413920373084637e-9,7.14885257688163e-9,3.475301509633658e-8,2.0501321820529047e-9,0.2589258735015171,-4.377051407675401e-9,7.628292940452446e-10,-9.037508171052919e-9,1.0713244426655458e-8,-3.774027933092064e-9,3.932534905244738e-9,-8.59515308003317e-9,1.5626380721864267e-8,-8.386228657631564e-9,-6.378139179264276e-9,-9.63776923455421e-9,0.48400880270505864,-4.2078037780399684e-9,3.17728491177445e-11,-9.020681708738357e-9,0.25706522818685257,-8.083383566188086e-9,-5.844211307900175e-9,-9.607196911493085e-9,1.2035017704618544e-8,-5.2010755610076694e-9,5.046102667604418e-10,-8.89298020392666e-9,1.4139380310686837e-9,5.730685146139805e-7,1.2513352274173318e-6,1.266671485159704e-7,1.0954400984433847e-10,9.137949764453148e-9,1.0298342824676904e-7,2.435220819500634e-8,2.4530128083855123e-10,1.498033331164914e-8,1.2774986499221715e-7,3.690567759402689e-8,1.413938162164121e-9,0.47452357798163247,5.132057304849948e-7,1.4709600797142975e-7,1.4139380290773877e-9,4.979643661038799e-7,1.7875620795181608e-6,1.4209205957492605e-7,1.4904355970094034e-10,1.08857527875243e-8,1.0812049141082489e-7,3.045910670478601e-8,0.3697482862274556,6.444245227138555e-15,1.7284769181005624e-14,0.9999999969294914,0.13110403546368113,1.4771207460854694e-12
group_TAC_TotEmiss,48,,,,10.418184953514574,3,3,LOCALLY_SOLVED,Solve_Succeeded,0.255378083,0.7485822146476176,1.0791211490491211e7,244.1045103737743,10.418185296367293,443.7999892358023,1.230377031619221e-16,1.230377031619221e-16,9.85253418247095e-9,9.096481055753342e-9,1.0000000026833924,0.7958255493477627,2.4585989929698233e-6,1.6261189835149456e-7,-2.5346091537660648e-9,1.808698571347438e-7,1.5536625862762627e-7,2.2426613025382333e-9,-4.28952755623349e-9,7.889894809831767e-9,3.3483901391756956e-8,1.0101219734775028e-9,-3.962400147184353e-9,1.3554371313752395e-8,4.1330051045678336e-8,1.92384870729726e-9,-2.5346090589447874e-9,0.31546201537402546,8.421296711558808e-8,4.3948848206180255e-9,-2.534609209831048e-9,1.6820321013195737e-7,2.542887348567273e-7,2.602507721584655e-9,-4.107745491314359e-9,1.0693022842523614e-8,3.6651152760231576e-8,1.691432269566575e-9,0.2941665070842297,-7.799508919782459e-9,-5.8352945556440546e-9,-9.630335961980114e-9,1.4154884065643935e-8,-1.7934032535744272e-9,1.953646810828668e-9,-8.983832014127977e-9,2.1380419185348323e-8,-9.294603853638746e-9,-8.468456019518594e-9,-9.849771921954724e-9,0.47273076312954315,-7.747104316218778e-9,-5.997017506934679e-9,-9.607429566299276e-9,0.23310270131679173,-9.27744630215276e-9,-8.435473389761054e-9,-9.85253418247095e-9,1.7799192001620276e-8,-6.123497203649595e-9,-3.2099050926486207e-9,-9.3307271808338e-9,-2.816232393073404e-10,2.754154642733599e-7,4.833616935081705e-7,3.3319539351996603e-8,-4.76614172914832e-10,1.201415800588019e-8,1.0417213766324384e-7,1.5007526463094325e-8,-4.4026668302048347e-10,2.0639610864122968e-8,1.2858238103099925e-7,2.8582895079845003e-8,-2.816232287716429e-10,0.4803626143195388,2.619958976929406e-7,6.529543162061066e-8,-2.816232455367831e-10,2.5612761542820785e-7,7.911205084431514e-7,3.866582900640058e-8,-4.5641616570159525e-10,1.6282557510206413e-8,1.140258085873871e-7,2.5129850862131967e-8,0.4200706219937141,2.1650133719550547e-15,-5.863406326556373e-14,1.0000000046422317,0.11888270869408372,5.18514205476792e-13
group_TAC_TotEmiss,49,,,,9.790006656583802,3,3,LOCALLY_SOLVED,Solve_Succeeded,0.236435042,0.7650930277530948,1.105277041366317e7,248.1261809707064,9.790006936711288,443.7999898420165,1.0827317878249146e-16,1.230377031619221e-16,9.617484476868733e-9,7.432271140773129e-9,0.9999999894897199,0.8054969651261732,5.280855590763391e-6,5.197633365966893e-7,1.3661617707057315e-8,3.7606212510140644e-7,4.1717074974943944e-7,9.227636266895292e-9,1.00062688192574e-9,5.5199161179012966e-9,3.1950647644806494e-8,1.6176695746429021e-9,2.4130419751104183e-9,9.63762225376424e-9,4.073173641592272e-8,2.5356804371028416e-9,1.3661618377393628e-8,0.3192953813828698,1.6626726626595458e-7,1.0389557811350399e-8,1.3661616649607289e-8,3.2741485334077355e-7,5.950732846113962e-7,1.0386874861467975e-8,1.4250726976341906e-9,6.747723507434281e-9,3.388034078292359e-8,2.0446325978769965e-9,0.3294055630887987,-3.6109469933434573e-9,2.0349756961396794e-9,-8.930645290779967e-9,1.0006586627583552e-8,-3.3581662653562117e-9,5.072713078372135e-9,-8.459663457665953e-9,1.5334345755044816e-8,-8.302321324041303e-9,-6.1854996771218975e-9,-9.617484476868733e-9,0.4614559726453228,-3.3913802525061496e-9,1.117720838429866e-9,-8.914915200793119e-9,0.20913836601977914,-7.955148419585663e-9,-5.573531364089861e-9,-9.581917673822867e-9,1.1479782084722036e-8,-4.867845817041901e-9,1.3071074798402067e-9,-8.793140442857172e-9,1.5179575230063676e-9,5.726400541316871e-7,1.2978645547760334e-6,1.3709631025101574e-7,1.1118076465841553e-10,8.405326815895155e-9,9.940201489495352e-8,2.4033947966123114e-8,2.681157750122686e-10,1.4675470250050093e-8,1.2672095773842621e-7,3.767296649409936e-8,1.5179575974881803e-9,0.4861997852875517,5.172759394940809e-7,1.5435914462577733e-7,1.5179574055119205e-9,4.985635266779962e-7,1.8513391076798988e-6,1.5431928365609562e-7,1.583414108482433e-10,1.027494261359311e-8,1.0540550465798448e-7,3.037739859702966e-8,0.47039331810885726,5.948715133085663e-15,2.2989400451924733e-14,0.9999999934327737,0.10666135079677462,1.3793164720249708e-12
group_TAC_TotEmiss,50,,,,9.16182835965303,3,3,LOCALLY_SOLVED,Solve_Succeeded,0.239701167,0.7811360076768107,1.1299579058649465e7,252.147841690365,9.161828637121962,443.7999898646123,2.460754063238442e-16,2.460754063238442e-16,9.608989682454864e-9,7.361735055752586e-9,0.9999999891875041,0.815169050904767,5.340771571487845e-6,5.337162155811506e-7,1.4046194275762069e-8,3.7558270488389894e-7,4.2314410794542634e-7,9.53082343903237e-9,9.986325004674797e-10,5.324307820488405e-9,3.147463530262089e-8,1.6070825617999777e-9,2.493645661703123e-9,9.556686979999445e-9,4.0595166118632874e-8,2.5560545573899355e-9,1.4046194856721255e-8,0.323129361554848,1.6677314357933342e-7,1.058802441217135e-8,1.4046192486735779e-8,3.276623963274876e-7,6.036400939457984e-7,1.0746008204728232e-8,1.452511492445745e-9,6.583091400597951e-9,3.3515863921544047e-8,2.040333540029519e-9,0.3646454102078395,-3.254127809246555e-9,2.61385398389189e-9,-8.882461456565072e-9,9.719263026692612e-9,-3.191604603230412e-9,5.549037905651535e-9,-8.401335041382138e-9,1.5217814956698824e-8,-8.267409712552804e-9,-6.105159591434198e-9,-9.608989682454864e-9,0.45017955327457726,-3.008567288189286e-9,1.6056258572997567e-9,-8.86751026615433e-9,0.18517493720097083,-7.90056808451698e-9,-5.45859819458292e-9,-9.571195280506794e-9,1.125218145930934e-8,-4.7299539991123105e-9,1.6455448498895238e-9,-8.75004488918665e-9,1.5606882528624517e-9,5.719100278913917e-7,1.316448335830215e-6,1.4160080537990948e-7,1.1095916671860882e-10,8.1074687266528e-9,9.792108760815386e-8,2.3876655203885382e-8,2.770717401892358e-10,1.4552227901362792e-8,1.2629607236908003e-7,3.797566770979332e-8,1.5606883174134723e-9,0.4920378914585186,5.188497800245927e-7,1.5730779126654576e-7,1.5606880540817526e-9,4.98940467135038e-7,1.8779914033869277e-6,1.596549790416766e-7,1.6139016582730493e-10,1.0024252814546881e-8,1.0427157664480367e-7,3.031352688043857e-8,0.520715832937585,5.761382342960842e-15,2.5393732619787815e-14,0.9999999915142387,0.09444000856879524,1.3418953965423054e-12
group_TAC_TotEmiss,51,,,,8.533650062722261,3,3,LOCALLY_SOLVED,Solve_Succeeded,0.410014208,0.7967712400304174,1.1533531306299109e7,256.1695023859952,8.533650337724938,443.79998988511744,3.1845052583085723e-16,3.1845052583085723e-16,9.60131768394323e-9,7.296301012370774e-9,0.9999999889169294,0.8248411382559543,5.3948957633479524e-6,5.465392029725762e-7,1.439005414605203e-8,3.749436898136733e-7,4.2840113650735467e-7,9.81128484957018e-9,9.931261426777144e-10,5.150744214406598e-9,3.104881801954354e-8,1.5969149601629781e-9,2.563885234713209e-9,9.484720358072111e-9,4.0472515210197395e-8,2.5740234525598904e-9,1.439005434866003e-8,0.32696334239269054,1.672130086431435e-7,1.0765468331834317e-8,1.439005178198527e-8,3.2800628709038653e-7,6.115184987890321e-7,1.108101406906913e-8,1.4736898336111225e-9,6.436015215867039e-9,3.318745054830009e-8,2.035643236114876e-9,0.3998852584957602,-2.910957092180843e-9,3.1626962333313618e-9,-8.837028248616016e-9,9.464340385378379e-9,-3.045658141393631e-9,5.977371129671797e-9,-8.347920862970331e-9,1.5115033658685706e-8,-8.235998521328393e-9,-6.032772805766107e-9,-9.60131768394323e-9,0.4389031321062066,-2.6388083875300647e-9,2.064684925486748e-9,-8.8229849890454e-9,0.16121150913010085,-7.850806881727815e-9,-5.353957310568983e-9,-9.56143880838588e-9,1.104897482972297e-8,-4.606597216006968e-9,1.9518716702272207e-9,-8.710496123543262e-9,1.5988949051168917e-9,5.709369822162754e-7,1.332803535800659e-6,1.457676606221855e-7,1.1034734918641266e-10,7.84317869011914e-9,9.659632272746877e-8,2.3725593693849957e-8,2.848761371903565e-10,1.4442642363427987e-8,1.2591449176505853e-7,3.8242634152318364e-8,1.5988949276288916e-9,0.49787599864341514,5.202182491120019e-7,1.5994410093010982e-7,1.5988946424428073e-9,4.994641189785432e-7,1.902501996232544e-6,1.646322090261699e-7,1.6374331484568018e-10,9.800295896888446e-9,1.0324984615026693e-7,3.0243842365135295e-8,0.57103834731946,5.601544418595098e-15,2.7641849109302015e-14,0.9999999894537749,0.08221866638906995,1.309752696849232e-12
group_TAC_TotEmiss,52,,,,7.905471765791489,3,3,LOCALLY_SOLVED,Solve_Succeeded,0.247079125,0.8120435238806554,1.1756039683923522e7,260.19116306112574,7.905472038467712,443.79998990390254,1.1368683772161603e-16,1.3829109342927351e-22,9.594321946995355e-9,7.234576135115329e-9,0.999999988671688,0.834513226687808,5.445057746007096e-6,5.585460563007331e-7,1.4701026744335513e-8,3.7417640935674394e-7,4.3309898580639035e-7,1.0074873338820908e-8,9.852687639869135e-10,4.995057542332118e-9,3.06643987551364e-8,1.5873024853264651e-9,2.6258848601752814e-9,9.419727591392082e-9,4.0360932809257215e-8,2.5902507695456054e-9,1.4701026408182928e-8,0.3307973236112526,1.6760414740572005e-7,1.0927313591337291e-8,1.4701023801497645e-8,3.285099692814406e-7,6.189908592114095e-7,1.1399133898289169e-8,1.4901453637443322e-9,6.303129327663871e-9,3.2888693804919285e-8,2.0308712024323445e-9,0.4351251077684138,-2.5790995683787035e-9,3.686273513072668e-9,-8.793909235409339e-9,9.235711388428092e-9,-2.9166250066118537e-9,6.365694168088968e-9,-8.298649319936439e-9,1.5022935041878223e-8,-8.207458497114191e-9,-5.966911576300304e-9,-9.594321946995355e-9,0.42762670986053763,-2.2797193391248376e-9,2.499455932260185e-9,-8.780898045906398e-9,0.1372480812470993,-7.805027028109767e-9,-5.257811979267351e-9,-9.552479009630302e-9,1.086546201056547e-8,-4.495298190168009e-9,2.2314172453747022e-9,-8.673932815452785e-9,1.6334474160372786e-9,5.697686233386782e-7,1.3474190669532142e-6,1.4968383246248203e-7,1.0947430710965703e-10,7.60611034855118e-9,9.540035168264655e-8,2.3582779781993194e-8,2.917649844639201e-10,1.434367610507431e-8,1.2556734651768908e-7,3.848372571896327e-8,1.6334473786869915e-9,0.5037141064080437,5.214351252622401e-7,1.6234865907129688e-7,1.6334470890552934e-9,5.002310895876482e-7,1.925749339768829e-6,1.6935856077458192e-7,1.6557170708270352e-10,9.597946930760895e-9,1.0232038072641553e-7,3.0172943578994824e-8,0.621360861441223,5.46313938780138e-15,2.982877002598714e-14,0.9999999872256259,0.06999732424409935,1.2817562898360177e-12
group_TAC_TotEmiss,53,,,,7.2772934688607185,3,3,LOCALLY_SOLVED,Solve_Succeeded,0.240723666,0.826985343144558,1.196812841862652e7,264.21282371887264,7.277293739294835,443.79998992127406,3.2481953634747437e-16,3.6911310948576635e-16,9.587883507801918e-9,7.175089147972605e-9,0.9999999884466161,0.8441853156933226,5.493130444342636e-6,5.70059522853162e-7,1.4985443517123223e-8,3.7330384755986715e-7,4.373765320197656e-7,1.0327756322430496e-8,9.75820721470419e-10,4.853898743664507e-9,3.0314195526683494e-8,1.5783590612887233e-9,2.6812384273306803e-9,9.360037350978954e-9,4.025799643556199e-8,2.6053354486622837e-9,1.4985443288898084e-8,0.3346313048938339,1.6796159018110965e-7,1.107859723743113e-8,1.4985439123833642e-8,3.292697072323876e-7,6.263683734365489e-7,1.170839842385164e-8,1.5029648025990207e-9,6.1816956129484795e-9,3.261431153451565e-8,2.0262858938960523e-9,0.47036495788284677,-2.256311392102e-9,4.188963840583646e-9,-8.752709420704657e-9,9.028460544623245e-9,-2.8015849926036e-9,6.720554992543297e-9,-8.25286448651212e-9,1.493896866892196e-8,-8.181284115219209e-9,-5.906423357805781e-9,-9.587883507801918e-9,0.41635028735032253,-1.928975215921943e-9,2.9140192189122878e-9,-8.7408633843929e-9,0.11328465286337179,-7.762529997392117e-9,-5.168669907195381e-9,-9.544175355618924e-9,1.0697812555228825e-8,-4.394066346626508e-9,2.4885586706153624e-9,-8.639880280263796e-9,1.6650492796803576e-9,5.68439949693434e-7,1.3607269885059372e-6,1.534409510761102e-7,1.0842452460782428e-10,7.3911639960345904e-9,9.431083052745973e-8,2.3449906053432454e-8,2.9791538081451993e-10,1.425278414808159e-8,1.252471000217484e-7,3.870784095155393e-8,1.6650492543220087e-9,0.5095522142701562,5.22547169452341e-7,1.6459630181326247e-7,1.6650487915370705e-9,5.013879632856811e-7,1.9487016062470407e-6,1.7395334801151005e-7,1.669960891776689e-10,9.413036501535186e-9,1.014667469962709e-7,3.010481899502705e-8,0.6716833754877899,5.3417132568291925e-15,3.2065436340363634e-14,0.9999999847981765,0.05777598212040346,1.2570726975614121e-12
group_TAC_TotEmiss,54,,,,6.649115171929947,3,3,LOCALLY_SOLVED,Solve_Succeeded,0.248470542,0.8416175440440924,1.2170454797582919e7,268.23448436290425,6.649115440132777,443.7999899375117,2.2737367544323206e-16,2.460754063238442e-16,9.581897034202259e-9,7.11588922873087e-9,0.9999999882369639,0.8538574046140447,5.541534310065272e-6,5.814969445306127e-7,1.5248965551154898e-8,3.7234502058706923e-7,4.4138200942207576e-7,1.057806275993366e-8,9.652639564739388e-10,4.724339697374865e-9,2.9991899063484344e-8,1.5702349586091242e-9,2.731196750989365e-9,9.304011334397957e-9,4.0161330167593056e-8,2.619949241914426e-9,1.5248965181901267e-8,0.3384652857950438,1.6830135292194848e-7,1.1225104411662444e-8,1.5248959551122626e-8,3.3045375403094636e-7,6.340839358976895e-7,1.2019948306034671e-8,1.512923682680337e-9,6.069241443242856e-9,3.2359521920566454e-8,2.022198141075031e-9,0.5056048087015762,-1.9400130999946096e-9,4.6754585571157975e-9,-8.71301454402835e-9,8.83827400829339e-9,-2.6981453868213093e-9,7.047692305197938e-9,-8.209955967433555e-9,1.4860652521081924e-8,-8.157035730526023e-9,-5.850296794881493e-9,-9.581897034202259e-9,0.40507386574592574,-1.5838493822163537e-9,3.312576366431584e-9,-8.702499615050595e-9,0.08932122292990984,-7.722670276011114e-9,-5.085160076230721e-9,-9.536398717453274e-9,1.0542542832063413e-8,-4.3012099629106315e-9,2.727169979390696e-9,-8.60789786757055e-9,1.6943295056838768e-9,5.669799177121282e-7,1.3731884737575687e-6,1.5715978957615723e-7,1.0725155071932648e-10,7.193880902820818e-9,9.330813041972904e-8,2.3329205099335553e-8,3.034663056654849e-10,1.4167471804651435e-8,1.249463605214006e-7,3.8924960165585756e-8,1.6943294646556957e-9,0.515390321551544,5.236042090905063e-7,1.6677297983041346e-7,1.6943288390136242e-9,5.03190943638032e-7,1.9727055783483667e-6,1.7858208911822934e-7,1.6810263140892627e-10,9.241799470392532e-9,1.0067406819731783e-7,3.0044086667400455e-8,0.7220058896714001,5.2338335615796445e-15,3.4517289376636505e-14,0.9999999821301979,0.04555464000143528,1.2350618198020294e-12
group_TAC_TotEmiss,55,,,,6.020936874999176,3,3,LOCALLY_SOLVED,Solve_Succeeded,0.600028958,0.8288619415170031,7.638961531458601e6,332.2235142910435,6.020929560553846,443.8000627332237,1.5922526291542861e-16,1.5922526291542861e-16,8.234455465906762e-9,0.0,0.9999984368581951,0.9999791469740726,0.03791292004054432,4.8576691824946645e-5,1.0786197358835284e-8,3.803013174773163e-9,2.9235838493807945e-8,2.03805495441286e-9,1.0497384526945996e-8,3.6655520759764456e-9,2.8818789792369134e-8,2.0018868359285504e-9,1.0800047041390774e-8,3.816947161104008e-9,2.9261907885470288e-8,2.045538821164698e-9,3.0810818134578383e-6,0.3963359642487971,3.869893644573996e-5,9.289243265717716e-7,3.0810735710726174e-6,4.108842598821277e-5,0.00914546971653983,1.1908285313358798e-6,3.08111609265889e-6,1.039577181079758e-5,3.706355966250749e-5,9.249777936918919e-7,7.424035296815866e-9,-4.843994382533078e-9,4.841313322488832e-9,-8.228888315204901e-9,7.212188209129789e-9,-4.707938908027698e-9,5.382949839600012e-9,-8.1439767154015e-9,7.434180267735489e-9,-4.855665981147803e-9,4.789154773827395e-9,-8.234455465906762e-9,0.23481366345324373,4.7128488620818594e-7,8.727892848499446e-7,6.726786889788762e-8,0.0887044719347854,1.515433251364275e-7,3.41134572047463e-7,2.2805059616512034e-8,0.6764699734496444,1.0833201867757545e-6,1.8219277342422661e-6,1.339989775821236e-7,1.19846637320392e-9,5.790951879768226e-9,9.095594198073581e-8,3.027967360841963e-8,1.1663760585495546e-9,5.581636115691407e-9,8.965845713181505e-8,2.9742318705224175e-8,1.2000052268211967e-9,5.812169540772013e-9,9.103704675479642e-8,3.039086248587551e-8,3.4234242371753747e-7,0.6035115819243047,0.00012039669116452426,1.3801161423352033e-5,3.4234150789695733e-7,6.256646684568763e-5,0.028452572451457245,1.7692309608418787e-5,3.423462325176543e-7,1.582992525735086e-5,0.00011530885228335659,1.3742527220565252e-5,2.7700616228210295e-12,5.685017901822489e-13,1.2107251982314049e-11,0.9999989491030717,0.04988047194815157,0.48305901716422806
group_TAC_TotEmiss,56,,,,5.392758578068405,3,3,LOCALLY_SOLVED,Solve_Succeeded,0.523415584,0.8464550483694712,7.677830117478395e6,340.224371071017,5.3927573829180915,443.8000039487227,1.5922526291542861e-16,1.5922526291542861e-16,8.4743046201236e-9,0.0,0.9999996889132081,0.9999955708943515,0.13197845638909628,9.140628154724466e-6,1.0314653496457646e-8,4.0692932684164856e-9,3.0010250746824075e-8,2.066510200841231e-9,9.759355975947225e-9,3.787602132211702e-9,2.915701952514596e-8,1.997592454895006e-9,1.07358738844531e-8,4.331313616933326e-9,3.071824313746131e-8,2.15595909819728e-9,5.897268136856721e-7,0.396386494647261,4.923557900382953e-6,1.6688019025761964e-7,5.897228631575494e-7,6.553056282649103e-6,0.03209290747459163,2.3727268054808721e-7,5.897277694071572e-7,1.4648749718700778e-6,4.8040710970498716e-6,1.6633385026684235e-7,7.83943653860746e-9,-4.9443685822077374e-9,4.249698024159777e-9,-8.335446331452247e-9,7.3929808127944195e-9,-4.660111088017711e-9,5.3386938302083505e-9,-8.169247559021542e-9,8.177207624596154e-9,-5.222600728786427e-9,3.2153654543816477e-9,-8.4743046201236e-9,0.2347101102203105,8.858138214589138e-8,1.6596884348297208e-7,5.503608883271928e-9,0.04428247064198739,2.289942308914444e-8,6.169356646991974e-8,-3.3121753416056833e-9,0.7210050846553636,1.9585184427741765e-7,3.4652328556236896e-7,1.8493877730598585e-8,1.146072610717516e-9,6.196423840543285e-9,9.33652245456749e-8,3.0702437269641136e-8,1.0843728862163577e-9,5.767485064958728e-9,9.071072741156518e-8,2.96785164727258e-8,1.192874876050344e-9,6.595409371239383e-9,9.556786753876851e-8,3.203139231607387e-8,6.552520152063022e-8,0.6035885259401474,1.5317735690080293e-5,2.4793628266846343e-6,6.552476257306101e-8,9.97851752130659e-6,0.0998446010320628,3.5251941110001525e-6,6.552530771190633e-8,2.230605070802164e-6,1.4945998968599597e-5,2.4712457753930863e-6,5.678686837163483e-13,1.1521280417201196e-13,2.3295031325751903e-12,0.9999997925603933,0.03864164514573226,0.5148061794872155
group_TAC_TotEmiss,57,,,,4.764580281137634,3,3,LOCALLY_SOLVED,Solve_Succeeded,0.66382425,0.8639175630698325,7.7124902579501355e6,348.2266353743817,4.764580546067618,443.7999899733731,2.1654635756498291e-16,3.6911310948576635e-16,9.573859953346129e-9,7.0290549119397985e-9,0.9999999883356738,0.9999998475288033,0.22606192836763492,7.398266602576423e-7,2.945954181945102e-9,7.122215827862601e-9,4.107966268832631e-8,2.118223452247103e-9,1.8299806323313073e-9,5.176850388691902e-9,3.4772743286648275e-8,1.852783095342441e-9,3.1894411102255075e-9,8.326241691545867e-9,4.290734964655429e-8,2.718831915648555e-9,1.858176437805549e-8,0.3963960865921224,0.0001843603777085366,1.4624426290908588e-8,1.6408599005470178e-8,1.6994174531298056e-7,0.05480323257115341,1.4663651539572954e-8,1.8581768890765605e-8,6.907575260237126e-8,3.227683458363763e-7,1.4051220503253345e-8,1.2827838960005418e-8,-6.566653294164122e-9,-2.0472420042686294e-9,-9.21676627234282e-9,9.5222159888643e-9,-4.116574456652345e-9,4.082916603463282e-9,-8.55474614624574e-9,1.3611599809575798e-8,-8.141705275305274e-9,-5.757695388513912e-9,-9.573859953346129e-9,0.2345085691078728,-2.8973933134440357e-9,3.2742321633961876e-9,-8.834083542610765e-9,3.160300519226109e-7,-7.758679441379133e-9,-5.07852850368362e-9,-9.537262244395313e-9,0.7654909988610853,3.553512572195702e-9,1.4377547007847894e-8,-7.775790792559787e-9,3.2732824243834457e-10,1.0845192283336234e-8,1.2780339503034848e-7,3.147074843338552e-8,2.0333118137014517e-10,7.882931273689942e-9,1.0818186800290573e-7,2.7527063130801973e-8,3.5438234558061185e-10,1.2678595303035752e-8,1.3348953223372443e-7,4.039407417534995e-8,2.0646404864506093e-9,0.6036031318561864,0.0005735656195376692,2.1727719060778473e-7,1.8231776672744637e-9,2.587749303629477e-7,0.17049894577692168,2.1785996573079814e-7,2.064640987862844e-9,1.051835323717926e-7,1.004168187046504e-6,2.0876099033404967e-7,4.8620847674626864e-14,8.341418173826615e-15,5.435412709569179e-14,0.9999999943516097,0.02740204707018042,0.5465610101201861
group_TAC_TotEmiss,58,,,,4.136401984206863,3,3,LOCALLY_SOLVED,Solve_Succeeded,0.606430167,0.8813219676740933,7.746231315499046e6,356.2147511082517,4.1364022698174585,443.7999897664616,2.1654635756498291e-16,2.460754063238442e-16,9.644260633465343e-9,7.577747618625957e-9,0.9999999917603088,0.9999997845486016,0.3199851190222473,5.843512171656525e-7,1.775002870794226e-9,8.074492249953116e-9,4.146326755825191e-8,1.9783565398875283e-9,7.558603110586387e-10,5.714253512200352e-9,3.4598760971233654e-8,1.7323350796773878e-9,1.8941887616416002e-9,9.298869096339642e-9,4.274212800510797e-8,2.6250996899169776e-9,1.2166062801341394e-8,0.3963959738125434,2.045806391047176e-7,1.1415724143099115e-8,1.1418223952530729e-8,2.692467302574607e-7,0.03232494010935205,1.1592190117833604e-8,1.2166065487434675e-8,5.697413836804234e-8,0.045508954077719106,1.093803421033026e-8,1.4437993695425201e-8,-6.855836797571113e-9,-2.950493135749318e-9,-9.316602611584468e-9,1.0371099770257227e-8,-3.907098518455551e-9,3.7592647340827975e-9,-8.623456482265935e-9,1.4965822881631956e-8,-8.415315855590863e-9,-6.436659367807928e-9,-9.644260633465343e-9,0.23468949076878676,-4.311992743867371e-9,-1.400173268859609e-10,-9.04721318204387e-9,5.970245222996516e-7,-8.170034122328803e-9,-5.999006078709633e-9,-9.623870694363619e-9,0.7653098195527455,1.0626527861279238e-9,1.4104817242036507e-8,-8.146681468149933e-9,1.972225411993584e-10,1.2295249562428608e-8,1.2899683240345034e-7,2.9392725735471848e-8,8.398447900651538e-11,8.701249666305084e-9,1.0764058968828245e-7,2.57375497552069e-8,2.1046541796017772e-10,1.4159641578517184e-8,1.329755093492248e-7,3.900148110733795e-8,1.3517847557045987e-9,0.6036029601236458,6.36473099436899e-7,1.6960504441175827e-7,1.2686915502811915e-9,4.099893392556788e-7,0.10056648034020638,1.7222682460781353e-7,1.3517850541594078e-9,8.675607433315539e-8,0.1415834126862372,1.625079368391924e-7,4.018506364804274e-14,6.562074635383583e-15,2.83700838096077e-14,0.9999999974187356,0.016163176849295472,0.5782876350838432
group_TAC_TotEmiss,59,,,,3.5082236872760917,3,3,LOCALLY_SOLVED,Solve_Succeeded,0.514453792,0.8983147724483127,7.7669930886059115e6,364.2028888859998,3.5082239691941557,443.79998977168077,2.2737367544323206e-16,2.7658218685854703e-22,9.642691986479344e-9,7.479778309810038e-9,0.9999999915470362,0.9999997632471057,0.41390802644165026,6.038905972308963e-7,1.80942044446717e-9,8.064731652969179e-9,4.119487686149527e-8,2.0011877763042234e-9,7.790875906101007e-10,5.693136433685035e-9,3.436210857612214e-8,1.7486723939974665e-9,1.9282140395719445e-9,9.284959834730163e-9,4.2471607015782846e-8,2.656992048988904e-9,1.229814814208804e-8,0.39639593457706507,2.008975879419314e-7,1.1641661226677654e-8,1.16339985120884e-8,3.000327617869188e-7,0.009847003189537304,1.2311436921279778e-8,1.2298150716261329e-8,5.6939027838071236e-8,0.09083300793015031,1.1151716627685143e-8,1.442111501591924e-8,-6.842867213947715e-9,-2.920364606521599e-9,-9.313090654519513e-9,1.0339314328716369e-8,-3.887314635353552e-9,3.813049638866858e-9,-8.615344254786884e-9,1.4943389387721303e-8,-8.409144306197206e-9,-6.422407846978783e-9,-9.642691986479344e-9,0.2346896075432034,-4.2664508626450585e-9,-7.357231981553673e-11,-9.041577319071005e-9,6.841310340573376e-7,-8.158739218454924e-9,-5.976723256185802e-9,-9.621643011981735e-9,0.765309614894514,1.1826042921430268e-9,1.4499766851451454e-8,-8.131489319062279e-9,2.010467160519077e-10,1.228038683520307e-8,1.2816183912465194e-7,2.9731932676519884e-8,8.65652878455667e-11,8.669094114929487e-9,1.0690433779237997e-7,2.598027556796236e-8,2.1424600439688266e-10,1.413846156652093e-8,1.321338884935466e-7,3.947531044212085e-8,1.366460904676448e-9,0.6036029003787128,6.250147180415643e-7,1.7296182393921083e-7,1.2926665013431552e-9,4.5686806908462634e-7,0.03063512103411605,1.8291277711615668e-7,1.3664611906957027e-9,8.670261057160848e-8,0.28259158022713426,1.6568264703989354e-7,4.020227384290891e-14,6.538483386510265e-15,4.401940228538499e-14,0.9999999973562956,0.004924302016783124,0.6100143284852049
group_TAC_TotEmiss,60,,,,2.8800453903453205,3,3,LOCALLY_SOLVED,Solve_Succeeded,0.710767375,1.3573338799275134,1.9023406567447204e7,414.05001818401325,2.8800457657769387,443.79998898109926,3.2481953634747437e-16,1.5922526291542861e-16,9.951459500353916e-9,9.960856126155644e-9,1.0000000094342612,1.000000009292482,1.0000000059839085,8.613128878948553e-9,-8.361394220185721e-9,1.5397852182748142e-8,4.3603521012725036e-8,3.938122011765938e-10,-8.293329370812266e-9,0.004428776260549945,2.335734343766903e-7,8.396277508200477e-10,-8.374999858500836e-9,1.4542939118672574e-8,5.432747593694559e-8,5.49554153018962e-10,-8.293329364381548e-9,6.55450899615914e-8,0.24324268486125786,1.0358082183771489e-9,-8.377720002578731e-9,1.36182897187012e-8,5.755223531442446e-8,4.4610155469222733e-10,-8.318275777983402e-9,0.39196753563105496,1.8312963024459816e-7,1.0157646270240345e-9,3.106948270788705e-8,-9.368131499762363e-9,-8.824907533657908e-9,-9.897567659947359e-9,0.38193884067120093,-6.040307903162891e-9,-6.403296117246493e-9,-9.7477378386434e-9,2.394355927398818e-8,-9.742127176829192e-9,-9.45660283037201e-9,-9.949493648105136e-9,0.6180610415291118,-9.337095143306197e-9,-8.756058630882196e-9,-9.892848509036785e-9,2.2794498819626014e-8,-9.752800232508311e-9,-9.476373027013601e-9,-9.951459500353916e-9,1.050031279483704e-7,-8.524581657619626e-9,-7.849911735191177e-9,-9.826935974550632e-9,-9.290438022428574e-10,2.3446729460093763e-8,1.3565539870625564e-7,5.850924131766536e-9,-9.214810412013625e-10,0.006743818396746508,7.26672906949703e-7,1.2474469440754992e-8,-9.305555398334257e-10,2.2144930021615058e-8,1.6901881402605293e-7,8.164804559138862e-9,-9.214810404868382e-10,9.980729607787781e-8,0.7567550195683576,1.5389150673031923e-8,-9.308577780643032e-10,2.073694116256774e-8,1.7905139875598717e-7,6.627794526855948e-9,-9.242528642203777e-10,0.5968596565291064,5.697366274276386e-7,1.509136017292851e-8,-2.5038560821909823e-14,0.14100242645699443,-2.4918074886154463e-11,0.6115655194413515,-8.327092129578782e-10,0.8231319493098219
group_TAC_TotEmiss,61,,,,2.2518670934145493,3,3,LOCALLY_SOLVED,Solve_Succeeded,0.024502125,1.9993467388538557,3.361677493773175e7,501.5932034562634,2.2518674659170537,443.7999891285941,1.6240976817373719e-16,1.5922526291542861e-16,9.854007316004283e-9,9.883141623370956e-9,1.000000008461948,1.0000000081994407,0.999999999964545,0.4722087801732521,-5.519311352854445e-9,7.970469641579182e-9,3.936864229426555e-8,3.1135339149184043e-9,-4.527776442951378e-9,0.35996944201236153,0.24324304355916262,0.029778918963468147,-5.548523848561496e-9,8.135125750758504e-9,4.2923614772347495e-8,3.6123988686047227e-9,-5.582166513383463e-9,7.634722881053562e-9,4.141721759780394e-8,3.4481182318195774e-9,-5.550017815769317e-9,7.87066655019122e-9,4.328188854085113e-8,3.3783151114080325e-9,-5.626504644534053e-9,6.858212337590599e-9,3.908751674348579e-8,3.197261789100539e-9,2.555350062354871e-8,-8.194287594232908e-9,-6.5198547293361795e-9,-9.690056929239681e-9,0.9999999296761409,0.09189522387818806,7.5567131559069e-9,-8.982944139095071e-9,2.3789122863159235e-8,-9.242179457116716e-9,-8.380868688602626e-9,-9.848306053125329e-9,2.1937908406204432e-8,-8.199234465575492e-9,-6.490652627085897e-9,-9.687294927876014e-9,2.3702997953661034e-8,-9.273463268608226e-9,-8.440240243455398e-9,-9.854007316004283e-9,1.975150035003094e-8,-6.52987837631269e-9,-4.05028220177535e-9,-9.500375959354153e-9,-6.132568169838269e-10,1.213685149967739e-8,1.2248022047104834e-7,4.6258218164502004e-8,-5.030862714390418e-10,0.5481352867006415,0.7567561355173946,0.4424296531715267,-6.16502649840166e-10,1.2387577847745905e-8,1.3354013484730328e-7,5.3669926047841585e-8,-6.202407237092734e-10,1.1625600750695198e-8,1.2885356585983443e-7,5.122918515846229e-8,-6.166686461965906e-10,1.198487861051845e-8,1.346547643493146e-7,5.0192110226633623e-8,-6.251671827260056e-10,1.044318696860387e-8,1.2160560764640018e-7,4.7502175152350863e-8,3.170790856350072e-14,0.9999738882990669,-3.2448508941105187e-11,1.73136556468343e-12,-1.3281198769878638e-9,3.373078185444922e-12
group_TAC_ISI,1,,,501.5917758178728,,3,3,LOCALLY_SOLVED,Solve_Succeeded,1.089172458,0.1937234957459033,7.5199957926947335e6,401.4698045769559,3.053093485748246,443.7999932847396,2.1654635756498291e-16,3.0075882995136514e-16,8.95404752722867e-9,0.0,0.9999999192292568,0.999999728048451,0.8520856741063314,4.129323345819365e-7,1.112871042704205e-8,5.400578226282457e-9,3.419343130568937e-8,1.6923210198575936e-9,1.0351420465019613e-8,5.084258909415435e-9,3.2585051524404566e-8,1.7053544188748678e-9,1.1084721034817897e-8,6.041429994574412e-9,3.343306253300941e-8,2.076053857283295e-9,2.1246960265769634e-7,5.3940084036688834e-8,1.772047939351266e-7,1.0824235535758689e-8,1.1783493711719985e-8,5.8382480424444185e-9,3.564299052329499e-8,1.7721836989696044e-9,2.1246762912308746e-7,0.39639621709163064,0.20726375750545273,1.1040380537009634e-8,1.023627440329941e-8,-5.676624949213075e-9,1.3921030127681154e-9,-8.76102795872126e-9,9.49300367935016e-9,-5.258492304006195e-9,2.595906274401009e-9,-8.567797941965587e-9,1.0194164035723215e-8,-6.1386164823774975e-9,-3.6001783218098283e-10,-8.886851092209081e-9,0.9685105105904384,6.135955313596039e-10,1.4825819792308624e-8,-7.074626707508694e-9,1.0863780961776518e-8,-6.203694140724514e-9,-2.0428889993537208e-10,-8.95404752722867e-9,0.031488846423175815,1.0553612596844561e-8,3.2423814107947685e-8,-6.4331322648100845e-9,1.2365233807824495e-9,8.223607753657379e-9,1.0637956406214469e-7,2.514305515216996e-8,1.1501578294466231e-9,7.741939702973502e-9,1.0137571585370309e-7,2.5336694223283747e-8,1.2316356705353214e-9,9.199450219011039e-9,1.0401397232491814e-7,3.084422873678038e-8,2.3607733628632916e-8,8.21360370558671e-8,5.51303803353727e-7,1.608172136741291e-7,1.3092770790799976e-9,8.890059519176728e-9,1.1088930385025106e-7,2.632958638469126e-8,2.360751434700971e-8,0.6036033305713466,0.6448205789058528,1.6402851083557168e-7,3.243198643052858e-14,7.720147649394434e-15,-2.3146848048495427e-13,0.6915169262468355,-6.163565293377658e-12,0.9999999448541227
group_TAC_ISI,2,,,493.4494222033607,,3,3,LOCALLY_SOLVED,Solve_Succeeded,1.083495291,0.1937234957459032,7.519995792694733e6,401.4698045769557,3.0530934857482444,443.7999932847396,2.1654635756498291e-16,1.5922526291542861e-16,8.95404752847778e-9,0.0,0.9999999192292568,0.9999997280484482,0.8520856741063415,4.1293233410922826e-7,1.1128710419374241e-8,5.400578229097226e-9,3.4193431303864886e-8,1.69232101935517e-9,1.035142045459018e-8,5.084258910029946e-9,3.2585051517374914e-8,1.7053544180421546e-9,1.1084721030574331e-8,6.041430000002505e-9,3.3433062539227427e-8,2.076053857212991e-9,2.1246960147470638e-7,5.394008396402037e-8,1.7720479365333988e-7,1.082423552036842e-8,1.178349370737674e-8,5.838248047903215e-9,3.564299052983872e-8,1.772183698864286e-9,2.1246762815729044e-7,0.3963962170916296,0.20726375750545548,1.1040380524158512e-8,1.0236274409791583e-8,-5.676624948812869e-9,1.3921030118569309e-9,-8.761027958932599e-9,9.493003682223917e-9,-5.25849230135846e-9,2.5959062804780165e-9,-8.567797941273787e-9,1.0194164045436493e-8,-6.1386164850891e-9,-3.6001784105993156e-10,-8.8868510935222e-9,0.96851051059044,6.135955276581071e-10,1.4825819780401522e-8,-7.0746267089427974e-9,1.0863780972313827e-8,-6.203694143554889e-9,-2.0428890983474462e-10,-8.95404752847778e-9,0.0314888464231767,1.0553612625952989e-8,3.24238141407245e-8,-6.433132262218372e-9,1.2365233799304707e-9,8.223607757943504e-9,1.0637956405646851e-7,2.5143055144705378e-8,1.1501578282877973e-9,7.741939703909237e-9,1.0137571583183304e-7,2.5336694210912007e-8,1.2316356700638141e-9,9.199450227276542e-9,1.0401397234426309e-7,3.0844228735735863e-8,2.3607733497189586e-8,8.213603694521285e-8,5.513038024770574e-7,1.6081721344547367e-7,1.3092770785974148e-9,8.890059527488988e-9,1.1088930387060935e-7,2.6329586383126533e-8,2.3607514239698925e-8,0.6036033305713452,0.6448205789058614,1.6402851064464074e-7,3.243198642778148e-14,7.7201476442353e-15,-2.314684803523681e-13,0.6915169262468353,-6.163565287308008e-12,0.9999999448541224
group_TAC_ISI,3,,,485.30706858884867,,3,3,LOCALLY_SOLVED,Solve_Succeeded,1.102193334,0.19372349574590308,7.519995792694731e6,401.46980457695537,3.053093485748243,443.7999932847395,2.1654635756498291e-16,3.0075882995136514e-16,8.954047530266033e-9,0.0,0.9999999192292571,0.9999997280484484,0.8520856741063351,4.129323341641219e-7,1.1128710402287214e-8,5.4005782314495775e-9,3.419343131116455e-8,1.6923210197751295e-9,1.0351420434383423e-8,5.084258909537341e-9,3.25850515167775e-8,1.705354418023262e-9,1.1084721018197373e-8,6.0414300056423635e-9,3.3433062555680896e-8,2.0760538584837874e-9,2.1246959980013657e-7,5.394008392961554e-8,1.7720479365570924e-7,1.0824235521320576e-8,1.1783493694254538e-8,5.838248053651613e-9,3.5642990548908485e-8,1.7721836998802459e-9,2.1246762654712303e-7,0.3963962170916297,0.20726375750545392,1.1040380524260235e-8,1.0236274414371343e-8,-5.676624948710212e-9,1.392103009891811e-9,-8.761027959345329e-9,9.493003682351616e-9,-5.25849229828055e-9,2.595906287808677e-9,-8.567797940505964e-9,1.0194164054439992e-8,-6.13861648913728e-9,-3.600178537941977e-10,-8.88685109542461e-9,0.9685105105904421,6.135955241201215e-10,1.4825819764924303e-8,-7.074626711874142e-9,1.086378098198165e-8,-6.203694147750367e-9,-2.0428892384390867e-10,-8.954047530266033e-9,0.0314888464231787,1.055361266330049e-8,3.242381418611606e-8,-6.4331322603904775e-9,1.236523378031912e-9,8.223607761525493e-9,1.0637956407917859e-7,2.5143055150944775e-8,1.150157826042602e-9,7.741939703159133e-9,1.0137571582997442e-7,2.5336694210631318e-8,1.2316356686885966e-9,9.199450235864508e-9,1.0401397239545168e-7,3.084422875461626e-8,2.360773331112628e-8,8.213603689282367e-8,5.513038024844287e-7,1.6081721345961996e-7,1.3092770771393924e-9,8.89005953624223e-9,1.108893039299375e-7,2.632958639822079e-8,2.3607514060791438e-8,0.6036033305713452,0.6448205789058565,1.6402851064615203e-7,3.2431986431806786e-14,7.720147639622171e-15,-2.314684801327631e-13,0.6915169262468355,-6.163565278530623e-12,0.9999999448541219
group_TAC_ISI,4,,,477.16471497433656,,3,3,LOCALLY_SOLVED,Solve_Succeeded,1.110844084,0.19372349574590295,7.519995792694727e6,401.4698045769553,3.053093485748242,443.79999328473957,1.6240976817373719e-16,1.5037941497568257e-16,8.954047531825343e-9,0.0,0.9999999192292569,0.9999997280484426,0.8520856741063623,4.129323331109103e-7,1.112871039833377e-8,5.400578236864455e-9,3.4193431293182305e-8,1.6923210184922307e-9,1.0351420425999517e-8,5.084258911770528e-9,3.258505149298703e-8,1.705354416276231e-9,1.1084721018591468e-8,6.0414300147022105e-9,3.343306255052362e-8,2.0760538576375167e-9,2.1246959813255956e-7,5.3940082844356513e-8,1.77204792347524e-7,1.0824235487461512e-8,1.1783493695361744e-8,5.838248062864269e-9,3.5642990541464594e-8,1.7721836991132805e-9,2.1246762549900589e-7,0.3963962170916284,0.2072637575054619,1.1040380496257e-8,1.0236274428015047e-8,-5.676624947573865e-9,1.3921030095227614e-9,-8.761027959460736e-9,9.493003690515458e-9,-5.2584922940226535e-9,2.59590629706915e-9,-8.567797939348784e-9,1.0194164072173252e-8,-6.138616492323773e-9,-3.600178649839916e-10,-8.886851097048664e-9,0.9685105105904485,6.135954892534484e-10,1.4825819750167414e-8,-7.074626713319547e-9,1.0863781001569989e-8,-6.2036941510876935e-9,-2.0428893651019924e-10,-8.954047531825343e-9,0.031488846423175135,1.0553612707691893e-8,3.242381423046854e-8,-6.4331322554284e-9,1.2365233775926405e-9,8.223607769770875e-9,1.0637956402323382e-7,2.5143055131884568e-8,1.1501578251110569e-9,7.74193970655967e-9,1.0137571575595964e-7,2.5336694184675426e-8,1.2316356687323846e-9,9.199450249660187e-9,1.0401397237940678e-7,3.08442287420431e-8,2.3607733125839946e-8,8.213603524027016e-8,5.51303798414519e-7,1.6081721295657101e-7,1.3092770772624154e-9,8.890059550270593e-9,1.108893039067787e-7,2.632958638682588e-8,2.3607513944333977e-8,0.6036033305713433,0.6448205789058813,1.6402851023010398e-7,3.2431986425752045e-14,7.720147633525775e-15,-2.3146847997020074e-13,0.6915169262468354,-6.163565271007057e-12,0.9999999448541215
group_TAC_ISI,5,,,469.02236135982446,,3,3,LOCALLY_SOLVED,Solve_Succeeded,1.121974,0.1937234957459029,7.519995792694729e6,401.4698045769548,3.053093485748238,443.7999932847395,3.2481953634747437e-16,3.6911310948576635e-16,8.954047535170608e-9,0.0,0.9999999192292581,0.9999997280484482,0.8520856741063207,4.129323342389498e-7,1.112871035579887e-8,5.4005782392046505e-9,3.419343132971433e-8,1.6923210207261194e-9,1.0351420379458407e-8,5.084258909493323e-9,3.258505151407113e-8,1.7053544177858707e-9,1.108472098453525e-8,6.041430022355656e-9,3.343306259930229e-8,2.076053861696612e-9,2.1246959539074502e-7,5.39400839749498e-8,1.7720479366444543e-7,1.0824235523904539e-8,1.178349365851074e-8,5.83824807070954e-9,3.5642990599304954e-8,1.7721837024359449e-9,2.1246762205503332e-7,0.39639621709162937,0.2072637575054503,1.1040380520716034e-8,1.0236274426616715e-8,-5.676624948466078e-9,1.3921030040705958e-9,-8.761027960521113e-9,9.493003682548506e-9,-5.258492289947247e-9,2.5959063071991237e-9,-8.56779793848473e-9,1.019416407873298e-8,-6.1386165002000724e-9,-3.600178887726503e-10,-8.886851100642044e-9,0.9685105105904456,6.135955169222578e-10,1.4825819723215028e-8,-7.0746267198468974e-9,1.0863781008015635e-8,-6.203694159198934e-9,-2.04288962325239e-10,-8.954047535170608e-9,0.0314888464231862,1.0553612759743532e-8,3.242381429676711e-8,-6.433132255874511e-9,1.2365233728665403e-9,8.223607773334354e-9,1.0637956413688899e-7,2.514305516507377e-8,1.1501578199398225e-9,7.741939703092107e-9,1.013757158215546e-7,2.5336694207104362e-8,1.2316356649483607e-9,9.199450261314294e-9,1.0401397253116267e-7,3.0844228802349664e-8,2.3607732821193882e-8,8.213603696185538e-8,5.513038025116078e-7,1.6081721349801028e-7,1.3092770731678594e-9,8.890059562216801e-9,1.1088930408672651e-7,2.6329586436191175e-8,2.360751356167036e-8,0.6036033305713449,0.6448205789058453,1.6402851059349533e-7,3.2431986439289195e-14,7.720147626935226e-15,-2.3146847955669303e-13,0.6915169262468348,-6.1635652544367854e-12,0.9999999448541209
group_TAC_ISI,6,,,460.8800077453124,,3,3,LOCALLY_SOLVED,Solve_Succeeded,1.331334333,0.19372349574590206,7.519995792694706e6,401.4698045769543,3.0530934857482332,443.7999932847397,1.5922526291542861e-16,1.5922526291542861e-16,8.954047537797473e-9,0.0,0.9999999192292588,0.9999997280484547,0.8520856741062757,4.1293233427265083e-7,1.112871033586469e-8,5.4005782319402826e-9,3.419343133369394e-8,1.6923210222698274e-9,1.0351420352278903e-8,5.084258897430805e-9,3.258505150338261e-8,1.70535441846059e-9,1.1084720972551103e-8,6.041430021096726e-9,3.343306262109715e-8,2.076053865023814e-9,2.1246959093521367e-7,5.3940075501603726e-8,1.772047925108545e-7,1.08242354993024e-8,1.178349364705523e-8,5.838248069234415e-9,3.564299062508361e-8,1.7721837051725402e-9,2.1246762078627026e-7,0.3963962170916406,0.2072637575054404,1.1040380538954217e-8,1.0236274444949519e-8,-5.676624947072533e-9,1.3921030066413028e-9,-8.761027960477877e-9,9.49300369130784e-9,-5.258492283027635e-9,2.5959063275594677e-9,-8.567797936091271e-9,1.0194164104520581e-8,-6.138616506281614e-9,-3.6001790706201996e-10,-8.886851103414627e-9,0.9685105105904777,6.135953234368432e-10,1.4825819693782319e-8,-7.074626724003722e-9,1.0863781036797174e-8,-6.203694165693957e-9,-2.0428898271802937e-10,-8.954047537797473e-9,0.03148884642316127,1.0553612885779795e-8,3.2423814508299376e-8,-6.4331322454721345e-9,1.236523370651632e-9,8.223607762272703e-9,1.0637956414927002e-7,2.5143055188008862e-8,1.1501578169198777e-9,7.741939684724182e-9,1.0137571578830144e-7,2.5336694217128762e-8,1.231635663616789e-9,9.199450259397287e-9,1.0401397259896889e-7,3.0844228851782375e-8,2.3607732326134845e-8,8.213602405926023e-8,5.513037989226584e-7,1.6081721313249277e-7,1.309277071895025e-9,8.890059559970587e-9,1.1088930416692675e-7,2.6329586476849167e-8,2.3607513420696683e-8,0.6036033305713618,0.6448205789058145,1.6402851086446262e-7,3.2431986421053646e-14,7.720147611716903e-15,-2.3146847927070276e-13,0.6915169262468354,-6.163565241525448e-12,0.9999999448541196
group_TAC_ISI,7,,,452.7376541308003,,3,3,LOCALLY_SOLVED,Solve_Succeeded,1.147753458,0.1937234957459026,7.519995792694726e6,401.46980457695366,3.05309348574823,443.79999328473957,2.460754063238442e-16,2.460754063238442e-16,8.954047543333379e-9,0.0,0.99999991922926,0.99999972804845,0.8520856741062816,4.1293233473340917e-7,1.1128710275821109e-8,5.400578251167154e-9,3.419343136383065e-8,1.6923210228838504e-9,1.035142028570692e-8,5.08425890856798e-9,3.258505151256728e-8,1.705354417971642e-9,1.1084720925839251e-8,6.041430049056798e-9,3.34330626743155e-8,2.0760538677499394e-9,2.1246958797549045e-7,5.39400840355651e-8,1.772047937502531e-7,1.0824235539832539e-8,1.17834935961615e-8,5.838248098028535e-9,3.564299068644444e-8,1.7721837072913067e-9,2.1246761449290276e-7,0.39639621709163,0.20726375750544046,1.104038052413251e-8,1.0236274445397076e-8,-5.676624948198061e-9,1.3921029942681422e-9,-8.761027962501852e-9,9.493003681472996e-9,-5.25849227627692e-9,2.5959063391961515e-9,-8.567797935171084e-9,1.0194164117498617e-8,-6.138616518678597e-9,-3.600179470019747e-10,-8.88685110933549e-9,0.9685105105904525,6.135955048687327e-10,1.4825819654669401e-8,-7.074626733646676e-9,1.086378104955217e-8,-6.203694178312081e-9,-2.0428902631379592e-10,-8.954047543333379e-9,0.03148884642319808,1.0553612920912106e-8,3.242381448443621e-8,-6.433132248982019e-9,1.2365233639801229e-9,8.223607791549985e-9,1.0637956424302865e-7,2.5143055197131486e-8,1.1501578095229906e-9,7.741939701683061e-9,1.0137571581687599e-7,2.5336694209864396e-8,1.231635658426583e-9,9.199450301972852e-9,1.0401397276453707e-7,3.084422889228481e-8,2.360773199727671e-8,8.213603705415596e-8,5.513038027785652e-7,1.6081721373465484e-7,1.3092770662401662e-9,8.890059603816181e-9,1.1088930435782712e-7,2.6329586508327982e-8,2.360751272143363e-8,0.6036033305713457,0.6448205789058146,1.6402851064425444e-7,3.2431986439962705e-14,7.720147606966096e-15,-2.314684785913705e-13,0.6915169262468346,-6.163565214316295e-12,0.9999999448541191
group_TAC_ISI,8,,,444.5953005162882,,3,3,LOCALLY_SOLVED,Solve_Succeeded,1.127366042,0.19372349574590308,7.519995792694727e6,401.46980457695395,3.0530934857482475,443.79999328473934,2.1654635756498291e-16,1.5922526291542861e-16,8.95404754491564e-9,0.0,0.999999919229254,0.9999997280483697,0.8520856741067244,4.129323230183145e-7,1.1128710350075058e-8,5.400578293717402e-9,3.4193431243323014e-8,1.6923210014236419e-9,1.0351420347738596e-8,5.084258944713219e-9,3.258505139442077e-8,1.7053543959009613e-9,1.1084721007153569e-8,6.041430100903033e-9,3.343306259308135e-8,2.0760538421081904e-9,2.1246958846336473e-7,5.3940083960997586e-8,1.7720478995405477e-7,1.082423522837186e-8,1.1783493683060665e-8,5.838248148726284e-9,3.564299057538325e-8,1.7721836853427937e-9,2.1246761510885122e-7,0.3963962170915981,0.20726375750555243,1.1040380185899797e-8,1.0236274507935231e-8,-5.676624942197866e-9,1.3921029970295724e-9,-8.761027961970779e-9,9.493003732792413e-9,-5.2584922652625035e-9,2.595906356262047e-9,-8.567797932602466e-9,1.0194164186813965e-8,-6.138616519273849e-9,-3.600179575572992e-10,-8.886851110644442e-9,0.9685105105904596,6.135954853663099e-10,1.4825819613799878e-8,-7.0746267246251095e-9,1.0863781123829016e-8,-6.203694179250905e-9,-2.0428904067045828e-10,-8.95404754491564e-9,0.031488846423183274,1.0553612932750607e-8,3.2423814377922483e-8,-6.433132226104684e-9,1.2365233722305615e-9,8.223607856342409e-9,1.0637956386811603e-7,2.5143054878294104e-8,1.1501578164153993e-9,7.741939756722401e-9,1.0137571544930904e-7,2.5336693881957133e-8,1.2316356674615072e-9,9.199450380920528e-9,1.0401397251180863e-7,3.0844228511321684e-8,2.3607732051484958e-8,8.213603694060997e-8,5.513037909681703e-7,1.6081720910723902e-7,1.3092770758956291e-9,8.890059681015023e-9,1.1088930401230342e-7,2.632958618223579e-8,2.360751278987235e-8,0.6036033305712972,0.644820578906163,1.6402850561908267e-7,3.2431986447846884e-14,7.720147594824087e-15,-2.314684785162764e-13,0.6915169262468355,-6.163565208180869e-12,0.9999999448541185
group_TAC_ISI,9,,,436.45294690177616,,3,3,LOCALLY_SOLVED,Solve_Succeeded,1.140422125,0.19372349574590192,7.519995792694719e6,401.46980457695145,3.0530934857482124,443.79999328473923,3.1845052583085723e-16,3.1845052583085723e-16,8.95404755887999e-9,0.0,0.9999999192292635,0.999999728048451,0.8520856741062187,4.1293233522127897e-7,1.1128710126226306e-8,5.400578273639707e-9,3.419343142853943e-8,1.6923210264112968e-9,1.0351420109520097e-8,5.0842589064380915e-9,3.258505150924813e-8,1.7053544177286023e-9,1.108472081696278e-8,6.0414300998596795e-9,3.343306281770561e-8,2.0760538785813464e-9,2.124695738280159e-7,5.3940084047658e-8,1.772047939945274e-7,1.0824235552459775e-8,1.178349348050238e-8,5.838248149856373e-9,3.564299085255558e-8,1.77218371594033e-9,2.1246760028894123e-7,0.39639621709163014,0.20726375750542456,1.1040380522061761e-8,1.023627448292875e-8,-5.676624947566288e-9,1.3921029760799605e-9,-8.761027966220442e-9,9.493003680900506e-9,-5.258492250013605e-9,2.595906400988625e-9,-8.567797928750448e-9,1.0194164193274747e-8,-6.138616553854265e-9,-3.60018057803193e-10,-8.886851125879997e-9,0.9685105105904646,6.135954798837001e-10,1.4825819521608724e-8,-7.074626759091391e-9,1.0863781130723219e-8,-6.203694214728221e-9,-2.042891481487208e-10,-8.95404755887999e-9,0.03148884642322119,1.0553613231441468e-8,3.242381485038213e-8,-6.433132234659401e-9,1.236523347358478e-9,8.223607825769553e-9,1.0637956444434487e-7,2.514305524953926e-8,1.150157789946677e-9,7.741939698439821e-9,1.0137571580654971e-7,2.5336694206253514e-8,1.2316356463291972e-9,9.199450379331785e-9,1.0401397321063965e-7,3.084422905320857e-8,2.360773042533509e-8,8.213603707257015e-8,5.513038035385294e-7,1.608172139222595e-7,1.309277053389153e-9,8.890059682735842e-9,1.1088930487461735e-7,2.6329586636827757e-8,2.3607511143215684e-8,0.603603330571346,0.6448205789057652,1.64028510613489e-7,3.2431986485085454e-14,7.720147557590697e-15,-2.3146847676625624e-13,0.691516926246833,-6.16356513793228e-12,0.9999999448541156
group_TAC_ISI,10,,,428.31059328726406,,3,3,LOCALLY_SOLVED,Solve_Succeeded,1.143441125,0.19372349574590136,7.519995792694713e6,401.4698045769495,3.0530934857481986,443.7999932847391,2.460754063238442e-16,0.0,8.954047573520535e-9,0.0,0.9999999192292663,0.9999997280484498,0.8520856741061744,4.129323352981618e-7,1.1128709989399729e-8,5.400578296540763e-9,3.419343147983127e-8,1.6923210290569e-9,1.0351419947061138e-8,5.08425890590351e-9,3.258505149701046e-8,1.7053544167978488e-9,1.1084720718547475e-8,6.041430149709979e-9,3.3433062944888796e-8,2.076053887969826e-9,2.1246956047596903e-7,5.394008404430159e-8,1.7720479374914648e-7,1.0824235554583889e-8,1.178349337618383e-8,5.838248200716079e-9,3.564299099930105e-8,1.7721837233984236e-9,2.124675870031285e-7,0.39639621709162953,0.2072637575054137,1.1040380508532425e-8,1.023627452175603e-8,-5.676624946581093e-9,1.392102959319781e-9,-8.761027969644935e-9,9.493003683300071e-9,-5.258492224714769e-9,2.5959064600272576e-9,-8.567797922548852e-9,1.0194164268181842e-8,-6.1386165868314e-9,-3.6001816219349996e-10,-8.88685114144733e-9,0.9685105105904779,6.135954556967008e-10,1.4825819396523016e-8,-7.0746267828129825e-9,1.0863781211157512e-8,-6.203694248874976e-9,-2.0428926306775058e-10,-8.954047573520535e-9,0.03148884642324094,1.0553613526459019e-8,3.242381519217335e-8,-6.433132220101212e-9,1.2365233321555249e-9,8.223607860641617e-9,1.0637956460391948e-7,2.514305528884537e-8,1.1501577718956817e-9,7.7419396976258e-9,1.0137571576847696e-7,2.5336694192425182e-8,1.2316356353941633e-9,9.199450455240196e-9,1.0401397360632068e-7,3.0844229192694554e-8,2.3607728941774325e-8,8.213603706745924e-8,5.513038027751223e-7,1.6081721395381776e-7,1.3092770417982029e-9,8.890059760181303e-9,1.1088930533115881e-7,2.6329586747633716e-8,2.3607509667014267e-8,0.6036033305713451,0.6448205789057314,1.6402851041248174e-7,3.243198650476649e-14,7.720147521396897e-15,-2.314684750451701e-13,0.6915169262468326,-6.163565066058398e-12,0.9999999448541123
group_TAC_ISI,11,,,420.16823967275195,,3,3,LOCALLY_SOLVED,Solve_Succeeded,1.137048708,0.19372346152114706,7.519995275855453e6,401.46978539395593,3.053092815092935,443.799990493883,4.3309271512996583e-16,3.6911310948576635e-16,9.433600333515107e-9,0.0,0.9999999770700304,0.9999999077131904,0.8520846449226623,1.8266978655912896e-7,9.286836653155134e-9,7.588894848418133e-9,4.110718690361178e-8,1.0520033965587896e-9,8.450613657780018e-9,7.307347036016947e-9,3.800404717191346e-8,1.1559177923229957e-9,8.733678230090851e-9,9.141488181026716e-9,3.7466297001231525e-8,1.7601077637598227e-9,5.784343385478797e-8,2.9197183630810902e-8,9.12612372674739e-8,4.797390788170486e-9,9.75557835690839e-9,8.192613233022395e-9,4.341713709887679e-8,1.1058641777852902e-9,5.784320017633418e-8,0.3963963127633527,0.20726358291783534,5.066402486976476e-9,1.4742124495363466e-8,-6.849167442459058e-9,-2.386595729558834e-9,-9.23316652384695e-9,1.3335940624559003e-8,-6.169068128786761e-9,-8.082199713324359e-10,-9.010035163411805e-9,1.3807089471817126e-8,-7.542170871463834e-9,-4.407393261265737e-9,-9.366236650120543e-9,0.9685106745576183,-5.545976202597725e-9,-1.4675121355365825e-10,-8.751239381963358e-9,1.5549731588485895e-8,-7.623513488107043e-9,-4.331507595478268e-9,-9.433600333515107e-9,0.031489076284925095,-2.5384510339190476e-9,5.399973736749208e-9,-8.404962676398738e-9,1.0318707392394588e-9,1.1555817155545794e-8,1.2788902592234775e-7,1.562976474887344e-8,9.389570730866683e-10,1.1127096623025807e-8,1.1823481342373073e-7,1.7173635771655934e-8,9.704086922323164e-10,1.391999336656341e-8,1.1656181289272028e-7,2.6150172490145933e-8,6.4270482060875496e-9,4.4459347801462055e-8,2.839238492765854e-7,7.127552028139008e-8,1.0839531507675983e-9,1.2475115604829558e-8,1.3507553764094996e-7,1.642998206995288e-8,6.427022241814906e-9,0.6036034762532871,0.6448200357443764,7.527226552079335e-8,1.2243159426664683e-14,3.612541417106282e-15,-3.189664612591375e-13,0.6915167542404749,-8.772181695893307e-12,0.999999986366304
group_TAC_ISI,12,,,412.0258860582399,,3,3,LOCALLY_SOLVED,Solve_Succeeded,1.196518042,0.19372349574589726,7.519995792694664e6,401.46980457693627,3.053093485748104,443.79999328473815,2.1654635756498291e-16,2.460754063238442e-16,8.954047669937355e-9,0.0,0.9999999192292853,0.9999997280484364,0.8520856741059122,4.1293233475064486e-7,1.1128709097864013e-8,5.400578448469895e-9,3.419343179791383e-8,1.6923210453947544e-9,1.0351418885059618e-8,5.084258902903919e-9,3.258505139720826e-8,1.7053544094940183e-9,1.1084720080226567e-8,6.041430479833603e-9,3.343306376699519e-8,2.076053948554261e-9,2.1246947219988303e-7,5.394008249710616e-8,1.7720479059088135e-7,1.0824235525571728e-8,1.1783492700293381e-8,5.8382485374834145e-9,3.564299194671615e-8,1.7721837714676482e-9,2.124674999687036e-7,0.39639621709162426,0.20726375750535106,1.1040380400142376e-8,1.023627478617346e-8,-5.676624939192627e-9,1.3921028505562315e-9,-8.761027991934172e-9,9.493003706242188e-9,-5.2584920566755555e-9,2.595906852083325e-9,-8.567797881186632e-9,1.0194164770449197e-8,-6.13861680379435e-9,-3.600188497252805e-10,-8.886851243939395e-9,0.9685105105905684,6.135952494614773e-10,1.4825818567020598e-8,-7.07462693729956e-9,1.0863781751071342e-8,-6.203694473581014e-9,-2.0429002024331087e-10,-8.954047669937355e-9,0.03148884642336636,1.0553615486166069e-8,3.242381746361591e-8,-6.433132120679602e-9,1.236523233096001e-9,8.22360809198825e-9,1.0637956559350967e-7,2.5143055531579206e-8,1.1501576538955126e-9,7.741939693058242e-9,1.0137571545798124e-7,2.5336694083911126e-8,1.231635564469618e-9,9.199450957928443e-9,1.0401397616398502e-7,3.084423009280615e-8,2.3607719133320327e-8,8.213603471150257e-8,5.513037929494085e-7,1.6081721352277993e-7,1.3092769666992642e-9,8.89006027298611e-9,1.1088930827867244e-7,2.6329587461805055e-8,2.360749999652261e-8,0.603603330571337,0.6448205789055365,1.640285088021153e-7,3.243198663050511e-14,7.720147271880456e-15,-2.314684637669832e-13,0.6915169262468266,-6.163564592798045e-12,0.9999999448540904
group_TAC_ISI,13,,,403.8835324437278,,3,3,LOCALLY_SOLVED,Solve_Succeeded,1.195306459,0.19372349574587489,7.519995792694417e6,401.4698045768622,3.0530934857475613,443.79999328473355,3.1845052583085723e-16,3.6911310948576635e-16,8.954048212246595e-9,0.0,0.999999919229398,0.9999997280484214,0.8520856741040936,4.1293234288811304e-7,1.1128703974417901e-8,5.400579273038627e-9,3.419343382006387e-8,1.6923211535870536e-9,1.035141281995529e-8,5.084258862877557e-9,3.258505105933446e-8,1.705354385537387e-9,1.1084716378362133e-8,6.0414322987711585e-9,3.3433068576327266e-8,2.076054308596104e-9,2.12468977912221e-7,5.3940082079271714e-8,1.7720478462028282e-7,1.082423572721901e-8,1.1783488773645896e-8,5.838250393495771e-9,3.5642997504816747e-8,1.7721840581479158e-9,2.1246700660086155e-7,0.39639621709161105,0.2072637575049022,1.1040380067493415e-8,1.0236276177777618e-8,-5.676624907900287e-9,1.3921022246375866e-9,-8.761028119793362e-9,9.493003755634832e-9,-5.258491127096859e-9,2.5959090275216254e-9,-8.567797653504968e-9,1.0194167497307642e-8,-6.138618027377623e-9,-3.6002271618164726e-10,-8.886851820770523e-9,0.9685105105910371,6.135943450053626e-10,1.482581391109429e-8,-7.074627818478281e-9,1.0863784677094146e-8,-6.203695740432923e-9,-2.042942748298219e-10,-8.954048212246595e-9,0.03148884642412158,1.0553626382115321e-8,3.2423830162872854e-8,-6.4331315963043326e-9,1.2365226638242107e-9,8.223609347581546e-9,1.0637957188464313e-7,2.514305713900765e-8,1.1501569799950316e-9,7.741939632109007e-9,1.0137571440681829e-7,2.533669372798403e-8,1.2316351531513478e-9,9.199453727674265e-9,1.0401399112635148e-7,3.0844235441999256e-8,2.360766421246899e-8,8.213603407525466e-8,5.513037743742132e-7,1.6081721651868244e-7,1.309276530405099e-9,8.890063099186743e-9,1.1088932557054098e-7,2.6329591721054746e-8,2.3607445177873498e-8,0.6036033305713169,0.64482057890414,1.6402850385990215e-7,3.243198762492967e-14,7.720145808046007e-15,-2.3146840011495625e-13,0.6915169262467944,-6.1635619295716155e-12,0.9999999448539684
group_TAC_ISI,14,,,395.7411788292157,,3,3,LOCALLY_SOLVED,Solve_Succeeded,1.138900375,0.19621647747385956,7.573532186929954e6,395.74117791736717,3.0835012975449727,443.7999916108129,2.2737367544323206e-16,2.460754063238442e-16,9.193003650663788e-9,0.0,0.9999999535118774,0.9999997362953537,0.7847293158523726,4.337747003302017e-7,8.867715701718464e-9,5.753859727228899e-9,3.5130662362895083e-8,1.7352891080415495e-9,7.65668415131978e-9,4.947632372578172e-9,3.218487712768099e-8,1.6729415459885302e-9,9.283932899728202e-9,6.839017368433138e-9,3.564493191078068e-8,2.2309516494216222e-9,1.054820722950638e-7,5.999090080384925e-8,0.042485906680141926,1.1594853066540928e-8,9.874475592202093e-9,6.6390751676146704e-9,3.818108432945245e-8,1.893127157326764e-9,4.8909631578430816e-8,0.3963962153259588,0.1483940466811591,1.1421535091318258e-8,1.1276876561659563e-8,-5.698350414601384e-9,9.69111901271997e-10,-8.837009447061046e-9,9.700552431427258e-9,-4.753515292092607e-9,3.750430818417681e-9,-8.450694110126687e-9,1.1827849816985894e-8,-6.7465626525861855e-9,-2.173007871861721e-9,-9.141410205253119e-9,0.9999995827997735,3.503425295921697e-10,1.9407530783672325e-8,-7.476464509916542e-9,1.2617971827890087e-8,-6.828009121554906e-9,-2.166865243401873e-9,-9.193003650663788e-9,1.140949507745524e-7,4.4236007045749405e-9,1.866453890004844e-8,-7.541779985174156e-9,9.853017446353843e-10,8.76155913009855e-9,1.092953940178958e-7,2.5781438176617307e-8,8.507426834799753e-10,7.533894749153126e-9,1.0013072884167417e-7,2.4855131540401017e-8,1.0315480999697999e-9,1.0413958265568643e-8,1.1089534372242875e-7,3.314556736283554e-8,1.1720230255007085e-8,9.134978076949774e-8,0.1321783763382193,1.722663884171795e-7,1.097163954689121e-9,1.010950082341325e-8,1.187855956916298e-7,2.8126460623140488e-8,5.434403508714533e-9,0.60360332788271,0.4616703674524949,1.6969137849958557e-7,3.303795493215274e-14,6.996098230205771e-15,-1.9486338510645743e-13,0.7437400754741956,-4.649176986141367e-12,0.936308045327964
group_TAC_ISI,15,,,387.59882521470365,,3,3,LOCALLY_SOLVED,Solve_Succeeded,0.996221542,0.199391086492076,7.637971053902941e6,387.59882274673544,3.1267537305057265,443.7999919046583,2.436146522606058e-16,2.460754063238442e-16,9.140426814464937e-9,0.0,0.9999999466770381,0.9999997854051265,0.6889930220447215,4.342405183987318e-7,9.503532771746169e-9,5.4867901385433515e-9,3.493066641447533e-8,1.7238454184843957e-9,8.341373969377378e-9,4.808126566228098e-9,3.2266414405503225e-8,1.6774129759728298e-9,9.866761505679235e-9,6.4895346712038075e-9,3.522839591393047e-8,2.1992694126504613e-9,1.251687234053603e-7,5.5057530260548994e-8,0.14857087944650296,1.133264741350859e-8,1.0505267309274992e-8,6.276315108635462e-9,3.770344276113066e-8,1.8684227175743944e-9,5.7049689999932725e-8,0.3963962406587607,0.019021867656672124,1.1756563264221143e-8,1.1198171267744286e-8,-5.670219783532723e-9,1.1741176580724704e-9,-8.807621648337489e-9,9.785749471805844e-9,-4.84895758255428e-9,3.6204901781345267e-9,-8.4591701256235e-9,1.1645070534380983e-8,-6.602475045545372e-9,-1.7470107159526465e-9,-9.084896116771896e-9,0.9999995345117515,5.939554102943675e-10,2.1199857132014074e-8,-7.332601548718139e-9,1.243716608695957e-8,-6.684189587361757e-9,-1.7151778105895794e-9,-9.140426814464937e-9,1.2217096370393156e-7,4.429436073385192e-9,1.8669389810667263e-8,-7.499892985596645e-9,1.055948085749574e-9,8.354884983691013e-9,1.0867318440058991e-7,2.5611417646053874e-8,9.268193299308195e-10,7.321465453120059e-9,1.0038440037267667e-7,2.4921564214453466e-8,1.096306833964359e-9,9.881791431151255e-9,1.0959945395445032e-7,3.2674859845092565e-8,1.3907635933928918e-8,8.383760289674507e-8,0.4622205138335647,1.6837076157212758e-7,1.1672519232527764e-9,9.557116188149453e-9,1.1729959970129536e-7,2.7759423232533857e-8,6.338854444436968e-9,0.6036033664576583,0.0591791438207577,1.7466893992557125e-7,3.278664931281251e-14,7.0866112527101206e-15,-2.0508769986708595e-13,0.8179995267326879,-5.0545983014321345e-12,0.845747586914357
group_TAC_ISI,16,,,379.45647160019155,,3,3,LOCALLY_SOLVED,Solve_Succeeded,0.978377542,0.20236504174949968,7.69553600185601e6,379.4564689894038,3.1706603328753737,443.79999193620574,2.2737367544323206e-16,2.460754063238442e-16,9.1317918816932e-9,0.0,0.9999999535718337,0.9999997802434198,0.593256952039253,4.284446266737516e-7,8.909140142217089e-9,5.637033968505069e-9,3.533000163400186e-8,1.7472585709197614e-9,7.817052242944966e-9,4.9350271179918214e-9,3.258991321980413e-8,1.6987588889188833e-9,9.291572891169583e-9,6.638125113241447e-9,3.557495811553551e-8,2.229229435856768e-9,1.0125551059848004e-7,0.3963962364102875,2.0190376083209e-7,1.1655994264365953e-8,9.857754284523673e-9,6.44847035722098e-9,3.816529308834424e-8,1.8950577339286268e-9,1.0125570893396288e-7,5.42735702526574e-8,0.1443053879025865,1.0872639104393254e-8,1.0501107689099876e-8,-5.6328247107452865e-9,1.2651876728651076e-9,-8.798039384015213e-9,9.181981032107234e-9,-4.812573025330287e-9,3.7073078496431475e-9,-8.449206029747926e-9,1.0968519717231424e-8,-6.5703633299172304e-9,-1.6715247433490403e-9,-9.0757790810951e-9,0.08470696145261268,6.019043790850677e-9,1.4168954176503891e-8,-7.2927888796599986e-9,1.166589412835385e-8,-6.649790293371476e-9,-1.631812421593714e-9,-9.1317918816932e-9,0.9152926849275641,4.8894934455274445e-9,4.0172140897355964e-8,-6.090927758685606e-9,9.899044602463427e-10,8.58366536113272e-9,1.0991556063911687e-7,2.5959270196522167e-8,8.68561360327218e-10,7.51470038421482e-9,1.0139084112827949e-7,2.5238703492509117e-8,1.0323969879077311e-9,1.0108054149708566e-8,1.106776474705549e-7,3.311998018987197e-8,1.1250612288719998e-8,0.6036033599883923,6.281450336998355e-7,1.731747719277227e-7,1.095306031613741e-9,9.819261680313767e-9,1.1873646738595984e-7,2.815514347551102e-8,1.1250634325995871e-8,8.264384561200104e-8,0.4489500956969358,1.6153635240812832e-7,3.270865639600555e-14,7.056473474326274e-15,-2.0675801920276568e-13,0.8929131275600465,-5.1154713412314386e-12,0.7545330000071833
group_TAC_ISI,17,,,371.31411798567945,,3,3,LOCALLY_SOLVED,Solve_Succeeded,0.877999,0.20483326189315185,7.737764338801065e6,371.31411368017655,3.2138385140422487,443.7999921801555,6.496390726949487e-16,0.0,9.092453396750218e-9,0.0,0.9999999496113969,0.999999766955515,0.4975209547802517,4.256747054117289e-7,9.226501995520852e-9,5.5933529205861655e-9,3.505730501670108e-8,1.733749251951429e-9,8.188081397142954e-9,4.962131490493925e-9,3.253442029674629e-8,1.6966957352219488e-9,9.564337138405316e-9,6.535448247923641e-9,3.513654482517647e-8,2.197715558956427e-9,1.1473747995836413e-7,0.3963962299910778,1.9833633585967834e-7,1.1517781210359725e-8,1.0146978891400706e-8,6.348706664264185e-9,3.765808630428815e-8,1.8704274111078194e-9,1.147375748335853e-7,5.5402244310512154e-8,0.12101825788833845,1.089151097537953e-8,1.0330013483156842e-8,-5.606536508858291e-9,1.3927582468218992e-9,-8.77851613152249e-9,9.133460578778277e-9,-4.8670561178953796e-9,3.5965856949778806e-9,-8.457218806001868e-9,1.0722797651415813e-8,-6.462329971860569e-9,-1.3626310336455127e-9,-9.033533375543884e-9,0.1886077913181755,6.5291351566265465e-9,1.4879283398104284e-8,-7.179268282734061e-9,1.1404374352998644e-8,-6.5397906735079705e-9,-1.301773233177655e-9,-9.092453396750218e-9,0.8113918204792929,4.800758594762523e-9,4.039734671497444e-8,-6.037832577209003e-9,1.0251668883912054e-9,8.517151038165296e-9,1.0906717116307001e-7,2.575856031470694e-8,9.097868219047724e-10,7.555972951433931e-9,1.0121819647876622e-7,2.5208050923297523e-8,1.062704126489479e-9,9.951705286610999e-9,1.0931369501166011e-7,3.26517740187812e-8,1.2748608884262677e-8,0.6036033502136868,6.170463782301102e-7,1.7112132083963018e-7,1.1274420990445223e-9,9.667348784220465e-9,1.17158490724452e-7,2.7789207250744743e-8,1.2748619425953915e-8,8.436250838191624e-8,0.3765012467637196,1.61816734491353e-7,3.2550545086032054e-14,7.125552032675324e-15,-2.1346088718640915e-13,0.9670983151627913,-5.383266236368356e-12,0.6640468041517283
group_TAC_ISI,18,,,363.1717643711674,,3,3,LOCALLY_SOLVED,Solve_Succeeded,0.753809208,0.2156631229512565,7.765656318853795e6,363.1717680240938,3.5893101790268376,443.7999897752714,2.2737367544323206e-16,6.914554671463676e-23,9.641360488635833e-9,7.477212327666074e-9,0.9999999914859523,0.9999997655722827,0.4017843190085064,6.012133389811231e-7,1.8388637578278127e-9,8.05539440082944e-9,4.1199040132451584e-8,1.9971696447647883e-9,8.070141584357964e-10,5.693827533916625e-9,3.4382339716852826e-8,1.7464318952277425e-9,1.9596284842679836e-9,9.278451439234494e-9,4.2476116314496147e-8,2.6514441836990447e-9,1.2413697357246921e-8,0.3963959402311861,2.0122609936786188e-7,1.1611604593142773e-8,1.1729681183258156e-8,2.9530584518206436e-7,0.012748494253683747,1.2213277082538754e-8,1.241370012742493e-8,5.693676837025387e-8,0.08498250656705902,1.112209217131816e-8,1.4404343785578447e-8,-6.837915378456279e-9,-2.9052825210352333e-9,-9.311449356699152e-9,1.0339684314718378e-8,-3.896372829798251e-9,3.806445940015163e-9,-8.61527733431021e-9,1.4932007672100533e-8,-8.40387785496965e-9,-6.409900316599922e-9,-9.641360488635833e-9,0.23468959049366,-4.2474922163204146e-9,-4.2470854511835334e-11,-9.038049229125369e-9,6.70232303555312e-7,-8.151510014906104e-9,-5.960196714627322e-9,-9.620116831620627e-9,0.7653096453477473,1.1852804285630972e-9,1.4535409075865994e-8,-8.126718113732791e-9,2.0431819531420135e-10,1.2266168746717556e-8,1.2817479152318272e-7,2.967223472221971e-8,8.966823982619957e-11,8.670146472100314e-9,1.0696727911909768e-7,2.5946988157669314e-8,2.177364982519981e-10,1.412855105519798e-8,1.3214791742287685e-7,3.9392885014957226e-8,1.3792997063607682e-9,0.6036029089883969,6.260367535889036e-7,1.7251526824097833e-7,1.3032979092509059e-9,4.4967026425450707e-7,0.039661982122571646,1.8145440236914718e-7,1.3793000141583246e-9,8.669917001834113e-8,0.26439002043085025,1.6524251225958407e-7,4.014826945086835e-14,6.544713225268217e-15,4.0487295870312145e-14,0.9999999972820605,0.006375033051499488,0.6059189992437982
group_TAC_ISI,19,,,355.0294107566553,,3,3,LOCALLY_SOLVED,Solve_Succeeded,0.619074375,0.23188048270270917,7.74186979043357e6,355.029414366619,4.229615918878609,443.7999897977685,1.5922526291542861e-16,1.5922526291542861e-16,9.633234641885077e-9,7.389271516862964e-9,0.9999999911004064,0.9999997824008217,0.30604815435940697,6.034457756067785e-7,2.0058022714334298e-9,7.955361659697064e-9,4.1242879444705623e-8,1.997897639650561e-9,9.670701151323498e-10,5.6665587297501326e-9,3.451778988132083e-8,1.7533348014797317e-9,2.1361076160830518e-9,9.184221518070769e-9,4.249312340719436e-8,2.651916687969656e-9,1.3145948790898556e-8,0.3963959785107212,2.0548902225634848e-7,1.1729105453337558e-8,1.2311487842076185e-8,2.63859988673527e-7,0.03566037858834185,1.2113501082790803e-8,1.3145951738915635e-8,5.6919195144564914e-8,0.038783442439927276,1.123235984460348e-8,1.423488190753125e-8,-6.810325440857969e-9,-2.8149899148751732e-9,-9.301456083127952e-9,1.029387824174009e-8,-3.957981610265327e-9,3.762631012692459e-9,-8.614872395400272e-9,1.4781213522109352e-8,-8.372317578926342e-9,-6.33390037937333e-9,-9.633234641885077e-9,0.23468947082166483,-4.127438086533147e-9,1.5395954163911533e-10,-9.017384051987379e-9,5.799939465994831e-7,-8.107212548377613e-9,-5.859174073300322e-9,-9.610686242324319e-9,0.7653098524055231,1.2156149089681007e-9,1.4725312838950385e-8,-8.10099406297222e-9,2.2286691904815878e-10,1.2113846163629624e-8,1.283111804946397e-7,2.9683050646236906e-8,1.0745223501470549e-10,8.62862352030134e-9,1.0738867963077588e-7,2.604954562198458e-8,2.3734529067589457e-10,1.3985064584335034e-8,1.3220082837793797e-7,3.939990507840631e-8,1.4606609767665055e-9,0.6036029672776891,6.39299180353084e-7,1.742609953067294e-7,1.36794309356402e-9,4.0178680093468877e-7,0.11094340005261907,1.7997201608717763e-7,1.460661304323959e-9,8.667241078831477e-8,0.12065959870199594,1.6688077483410884e-7,3.99015016067842e-14,6.5887896390473325e-15,3.164801617153909e-14,0.9999999968934977,0.017830882080779004,0.5735798036381705
group_TAC_ISI,20,,,346.88705714214325,,3,3,LOCALLY_SOLVED,Solve_Succeeded,0.493529792,0.24774320587966114,7.707058531813772e6,346.88706074259295,4.869733907908674,443.79998980514506,2.2737367544323206e-16,1.5922526291542861e-16,9.630940153584889e-9,7.3697972199704485e-9,0.99999999069766,0.9999997266892554,0.2103123730623343,5.921510397203172e-7,2.113565966402125e-9,8.059112138689769e-9,4.0747911582105834e-8,1.9769889383063622e-9,1.061886777662032e-9,5.751353654074409e-9,3.418688779017111e-8,1.7376723378221062e-9,2.246060744418757e-9,9.298086420529052e-9,4.20345209001314e-8,2.6229122794416566e-9,1.3395522219141376e-8,0.39639588397855813,1.936723271557298e-7,1.138318479763442e-8,1.3395452586166897e-8,3.35964170417151e-7,0.05115656498690085,1.2143539824060416e-8,1.3395525214077286e-8,5.694362047728951e-8,1.8833110046356598e-7,1.0899540342633151e-8,1.4394157711190449e-8,-6.7983990938290835e-9,-2.7946813197999354e-9,-9.298641325520094e-9,1.0421826176348737e-8,-3.959399748648822e-9,3.737307898085655e-9,-8.61435055899212e-9,1.494719501545522e-8,-8.362750378764019e-9,-6.313372682474381e-9,-9.630940153584889e-9,0.23468976274178358,-4.114615089668795e-9,1.8333380631609507e-10,-9.011714869362923e-9,0.007264193150817183,-8.034343246793658e-9,-5.707663833272995e-9,-9.596961218113135e-9,0.7580459443663096,1.1534438930105435e-9,9.901076721441155e-9,-8.094362969636636e-9,2.3484066293356935e-10,1.2271829847550331e-8,1.2677128047766255e-7,2.9372407083408807e-8,1.1798741974022575e-10,8.757743064158758e-9,1.0635920645831011e-7,2.581684616192843e-8,2.4956230493541735e-10,1.4158449776714692e-8,1.30774065022631e-7,3.8968982437418895e-8,1.4883913576823745e-9,0.6036028233309864,6.025361289289369e-7,1.6912160270771136e-7,1.4883836206852101e-9,5.11581804953389e-7,0.15915375773702484,1.8041830595746904e-7,1.4883916904530313e-9,8.670960390859995e-8,5.859189792199829e-7,1.619360279476925e-7,3.983045153168696e-14,6.596892538887905e-15,2.9198011085673686e-14,0.999999996855511,0.02928352705927127,0.5412450903173027
group_TAC_ISI,21,,,338.74470352763115,,3,3,LOCALLY_SOLVED,Solve_Succeeded,0.605932,0.2635371326245042,7.670899469893981e6,338.7447071152617,5.5088700493895075,443.7999898093425,1.230377031619221e-16,1.230377031619221e-16,9.62942718139791e-9,7.343557556153864e-9,0.9999999906683646,0.9999997468222362,0.11457618640303778,5.962233155805952e-7,2.1415216714163864e-9,8.013520358991763e-9,4.087953469027759e-8,1.9820221534924765e-9,1.0950514079369776e-9,5.74029299399313e-9,3.433831402152181e-8,1.7450667533697403e-9,2.2749184813026503e-9,9.248447741596675e-9,4.21404284422944e-8,2.6290272702612973e-9,1.3562596477463247e-8,0.3963959139246902,1.971984464780814e-7,1.1486839173671282e-8,1.3562588485950815e-8,3.140581851124137e-7,0.02786937690059768,1.2169708648947594e-8,1.356259910584972e-8,5.701743865427469e-8,1.9197110840784963e-7,1.1008140908720606e-8,1.4319815282456741e-8,-6.799329257473331e-9,-2.7870494046840372e-9,-9.29772138439839e-9,1.0403299727163232e-8,-3.994210820205397e-9,3.687042565649884e-9,-8.619054543882585e-9,1.4870684412005638e-8,-8.3572625760499e-9,-6.299248147415873e-9,-9.62942718139791e-9,0.2346896701526419,-4.10540677857379e-9,2.043115024959716e-10,-9.009698739014421e-9,0.052518147458494056,-8.025322755858078e-9,-5.687386360436635e-9,-9.594967631655256e-9,0.7127920821309008,1.0972722737403081e-9,9.85737879349465e-9,-8.098578487540865e-9,2.379468523795984e-10,1.2202406001192003e-8,1.271807745919747e-7,2.944718628045965e-8,1.2167237865966413e-10,8.74090069539863e-9,1.0683031028917894e-7,2.5926706050064713e-8,2.5276872014473886e-10,1.408286360652221e-8,1.3110355515380478e-7,3.905983372959641e-8,1.5069551641625826e-9,0.6036028689307783,6.135062779318087e-7,1.7066161058025903e-7,1.5069542762167566e-9,4.782249636939027e-7,0.08670472813519277,1.8080709992722137e-7,1.5069554562055238e-9,8.682200885991827e-8,5.972434483799765e-7,1.635495220724204e-7,3.9810192967884904e-14,6.629782018110555e-15,2.770578483602305e-14,0.9999999968470924,0.04071941707561536,0.5089338359395424
group_TAC_ISI,22,,,330.60234991311904,,3,3,LOCALLY_SOLVED,Solve_Succeeded,0.596551292,0.2791974986498194,7.630529200030037e6,330.6023534904449,6.148006190637167,443.799989811794,2.460754063238442e-16,3.6911310948576635e-16,9.628545602954691e-9,7.322464783830722e-9,0.9999999906717051,0.999999763991264,0.018840010486231448,6.020118915405837e-7,2.157302510815695e-9,7.973827377864293e-9,4.102060435065666e-8,1.987060805275668e-9,1.1174294200368658e-9,5.732116399070706e-9,3.44953622752115e-8,1.7523549783776169e-9,2.2907562050519945e-9,9.203803003934969e-9,4.225525642693973e-8,2.6350787164961598e-9,1.367802512782417e-8,0.3963959258254052,2.008061670353017e-7,1.1585690324768462e-8,1.3678021928554773e-8,3.090130070475902e-7,0.004582191227019782,1.2312846832421726e-8,1.3678027548870207e-8,5.710051753755328e-8,1.9572462871984922e-7,1.1113510913539359e-8,1.4255591223339375e-8,-6.803293654893438e-9,-2.7879670237797114e-9,-9.29773101365938e-9,1.0389352573984612e-8,-4.027900186217053e-9,3.6328336174244054e-9,-8.624572869163597e-9,1.480233357770316e-8,-8.354268566713241e-9,-6.291026277539993e-9,-9.628545602954691e-9,0.23468963077568963,-4.1081568597799126e-9,2.0700492660923824e-10,-9.009599199111767e-9,0.09777204888478842,-8.01972363958528e-9,-5.677050470344027e-9,-9.593732410082126e-9,0.6675382197866577,1.0272634400787042e-9,9.783055809759355e-9,-8.10624527409714e-9,2.3970027897952156e-10,1.2141964416293356e-8,1.276196579798207e-7,2.9522046249809917e-8,1.241588244485406e-10,8.728449971312212e-9,1.0731890485621352e-7,2.6034988250181733e-8,2.545284672279993e-10,1.4014881846900977e-8,1.3146079777270135e-7,3.914974093080008e-8,1.5197805697582405e-9,0.6036028870523217,6.247302974431607e-7,1.7213025625370283e-7,1.5197802142838631e-9,4.705425334588306e-7,0.014255706039617096,1.8293372436740848e-7,1.5197808387633556e-9,8.694851534127432e-8,6.089210671284196e-7,1.6511501928687047e-7,3.9812581195593674e-14,6.6635838224593214e-15,2.689497294712646e-14,0.9999999968815045,0.05215530704840074,0.476622581458192
group_TAC_ISI,23,,,322.459996298607,,3,3,LOCALLY_SOLVED,Solve_Succeeded,0.686449625,0.2949038020298284,7.587492290380823e6,322.459999884186,6.792061392435706,443.79998982206183,2.1654635756498291e-16,1.3829109342927351e-22,9.62672002621356e-9,7.339358246537275e-9,0.9999999892054716,0.9842701888394206,4.260503847472393e-6,5.163020822126153e-7,2.400405034137145e-9,8.390366963072529e-9,3.952156445359008e-8,1.891991815882985e-9,1.3172723499625046e-9,6.024814463516754e-9,3.338827300258544e-8,1.6725618431857877e-9,2.539651363815339e-9,9.664511897127456e-9,4.091886167326081e-8,2.5052780385619236e-9,1.3994382118127449e-8,0.3901607768490361,1.6746335643248813e-7,1.0188708613071104e-8,1.3994379883565187e-8,3.097304268117322e-7,5.918442121251312e-7,9.940486836530067e-9,1.3994384142636875e-8,5.731069560625524e-8,1.6351778881068493e-7,9.780072868871154e-9,1.4892546350748656e-8,-6.7789242046109914e-9,-2.7734572357740908e-9,-9.294644007306826e-9,1.0825080496324742e-8,-3.971271147752337e-9,3.6324816019089624e-9,-8.618382531303903e-9,1.547064029316712e-8,-8.34486461376094e-9,-6.276719027869697e-9,-9.62672002621356e-9,0.2530283476976814,-4.135549227306607e-9,1.8857190373234699e-10,-9.002481549291224e-9,0.12469902704996794,-8.01758812155489e-9,-5.697420361451971e-9,-9.593034969059739e-9,0.6222725196690274,8.909462649160729e-10,9.6303805455815e-9,-8.08838353098598e-9,2.6671167045968267e-10,1.2776240602860444e-8,1.22955978300058e-7,2.8109592693118624e-8,1.4636359444027822e-10,9.174149296718693e-9,1.0387462711915468e-7,2.4849490241617413e-8,2.821834848683709e-10,1.4716415843353174e-8,1.2730312520570027e-7,3.722127371577715e-8,1.554931346458605e-9,0.5941084556564868,5.20997108901074e-7,1.5137509939419924e-7,1.554931098173909e-9,4.716349680996831e-7,1.8412931043892968e-6,1.4768723299987526e-7,1.5549315714040968e-9,8.726855921861595e-8,5.087220096332418e-7,1.453039397660857e-7,3.9724150747979404e-14,6.632519500998778e-15,2.4814676743650912e-14,0.9999999969456771,0.06359725796507877,0.4443028419363026
group_TAC_ISI,24,,,314.3176426840949,,3,3,LOCALLY_SOLVED,Solve_Succeeded,0.700807792,0.31059249262324284,7.546008764108319e6,314.3176462611286,7.433595871588774,443.7999898226977,1.1368683772161603e-16,5.736519431140235e-22,9.626523281097149e-9,7.321866727488995e-9,0.999999989336449,0.9646877544463888,4.506925477468415e-6,5.245428287515218e-7,2.3689829227741595e-9,8.442585571572282e-9,3.960646552181453e-8,1.8957244915876992e-9,1.3013330704951399e-9,6.08445579337762e-9,3.350782307706885e-8,1.678854917599896e-9,2.508832446198609e-9,9.710095905171348e-9,4.0978044980972724e-8,2.5091411535865383e-9,1.4052261271655883e-8,0.18617464985412396,1.6864337446721188e-7,1.0233875231980552e-8,1.4052255059879812e-8,3.662827838466083e-7,6.477043364474186e-7,1.0198478259769333e-8,1.011347305051983e-8,0.19622372093795548,1.6700897134882073e-7,1.0004116382725238e-8,1.469938148310093e-8,-6.785049498084462e-9,-2.7871600286138046e-9,-9.295926617769855e-9,1.0724878803943042e-8,-4.002290665230301e-9,3.5580577877164896e-9,-8.626241578959486e-9,1.5273842971453105e-8,-8.344164858321504e-9,-6.275064046297745e-9,-9.626523281097149e-9,0.8529875434807086,-4.169048930888359e-9,1.6092135307702233e-10,-9.005151861907154e-9,0.14701224845509156,-8.013708701246938e-9,-5.690334458121501e-9,-9.592339302926628e-9,1.0737239249047094e-7,1.5417409266586834e-9,6.224213949280071e-9,-8.416865539341926e-9,2.6322032475268426e-10,1.2855755302166885e-8,1.232201149567563e-7,2.816504958930296e-8,1.4459256338834884e-10,9.26496677627956e-9,1.042465606842142e-7,2.494298734719845e-8,2.787591606887342e-10,1.4785827855601826e-8,1.2748725105191512e-7,3.7278668567571426e-8,1.5613623635173197e-9,0.2834932168233251,5.246682761202146e-7,1.5204614630371106e-7,1.5613616733199786e-9,5.577487844936991e-7,2.015080157836413e-6,1.5152024843085866e-7,1.1237192278355361e-9,0.2987952114282504,5.195834664185532e-7,1.486325862576321e-7,3.975747935139014e-14,6.6745971348538814e-15,2.475907773927212e-14,0.9999999970610559,0.07497711471391628,0.4120700312441049
group_TAC_ISI,25,,,306.1752890695828,,3,3,LOCALLY_SOLVED,Solve_Succeeded,0.313352292,0.38362315173141043,1.2714588312126266e7,306.17525749259664,4.008380580029935,443.80001074259394,2.2737367544323206e-16,1.5922526291542861e-16,8.398253428077238e-9,0.0,0.9999994975925197,0.9450907241961,6.272564682143945e-5,8.366468821696594e-6,9.297330085455683e-7,6.891948301027411e-6,7.561392276862604e-6,2.0908548768515943e-7,1.0170115939171963e-8,3.7842557475181585e-9,2.908237555768418e-8,1.9917199096340917e-9,1.0860361682696486e-8,4.159855960241545e-9,3.012519311207141e-8,2.1036668972589822e-9,9.297328744337027e-7,0.3746219678649962,3.6698463863542875e-6,1.549650481118385e-7,1.0936570642356623e-8,4.170539833166536e-9,3.029753235873338e-8,2.091130216675807e-9,9.297319785706929e-7,1.5323697905560558e-6,3.742575527202075e-6,1.5630215790631782e-7,0.46390749079678745,1.0761396947580374e-7,2.21445491172131e-7,1.0936130075706034e-8,7.3863045380091446e-9,-4.705223251974931e-9,5.2425176358781305e-9,-8.175370932386102e-9,7.918665919486452e-9,-5.084526653791933e-9,3.771306327147733e-9,-8.387778634192112e-9,0.2987241663658512,1.116832590254847e-7,2.0725906655941128e-7,9.629411416405179e-9,7.977286643400944e-9,-5.093724613025492e-9,3.777296671798666e-9,-8.398253428077238e-9,0.23736468251994627,1.816675947044172e-7,3.571718337891104e-7,2.1457198815679336e-8,1.033036676161742e-7,1.049455764020083e-5,2.3524331528016984e-5,3.106412959893797e-6,1.1300128821302177e-9,5.762389433720832e-9,9.047850173501742e-8,2.9591267228849356e-8,1.2067068536329426e-9,6.334326121276899e-9,9.372282301533326e-8,3.125447961641916e-8,1.0330365271485583e-7,0.5704470874307896,1.1417299868657782e-5,2.3023378576616005e-6,1.215174515817402e-9,6.350594745958135e-9,9.425898956050383e-8,3.106822036204056e-8,1.0330355317452139e-7,2.333381271983085e-6,1.16435683068509e-5,2.3222034888938645e-6,0.6625039828930789,1.1598471522638414e-13,2.2624093312849307e-12,0.9999997213686166,7.021171560823276e-11,0.16948651190193376
group_TAC_ISI,26,,,298.03293545507074,,3,3,LOCALLY_SOLVED,Solve_Succeeded,0.268185917,0.3924844626127093,1.2905699180998724e7,298.0328946469069,4.114547515188523,443.80001315397027,1.5922526291542861e-16,1.5922526291542861e-16,8.377332623117549e-9,0.0,0.9999994248460605,0.9255080890912019,6.433123229165723e-5,8.4044030040231e-6,1.078676978751632e-6,7.294625587549528e-6,7.914310337319533e-6,2.1076910495051248e-7,1.0281975911184191e-8,3.787413813494084e-9,2.90927999143869e-8,1.9926610526690128e-9,1.089138190355665e-8,4.118278780076342e-9,2.999932069344511e-8,2.092466045164899e-9,1.0786770507004303e-6,0.3668590521642324,3.660036903904613e-6,1.5492485430531537e-7,1.0963919264984327e-8,4.126920081011765e-9,3.01646455905577e-8,2.0795389034487543e-9,1.0786738897347157e-6,1.5626001564156209e-6,3.789395850427358e-6,1.5698846371971989e-7,0.5252932100071834,1.1038265380038475e-7,2.3055593635178755e-7,1.191812046799785e-8,7.3905392617937445e-9,-4.723181076641357e-9,5.1941560187261094e-9,-8.180821939631793e-9,7.855846969254483e-9,-5.055282223168624e-9,3.896237331494883e-9,-8.367785244779198e-9,0.3215561066320087,1.1440747329015883e-7,2.146067406256077e-7,1.0459032405845273e-8,7.911093747192309e-9,-5.062394416401932e-9,3.9104824473201316e-9,-8.377332623117549e-9,0.15314645375472583,1.6828040109466882e-7,3.4406932327719097e-7,2.0947951467043612e-8,1.1985299763907016e-7,1.1107725326495874e-5,2.462229882721632e-5,3.1314267021218993e-6,1.142441767909354e-9,5.7671983069114455e-9,9.051093306698144e-8,2.9605249925368185e-8,1.2101535448396272e-9,6.271015415116248e-9,9.333121993516253e-8,3.108806695673563e-8,1.1985300563338111e-7,0.5586262839773538,1.138678147881435e-5,2.3017406925361144e-6,1.2182132516649246e-9,6.284173759722462e-9,9.384556405951281e-8,3.089600656552435e-8,1.1985265441496837e-7,2.3794138745419683e-6,1.1789231534662887e-5,2.3324000324072666e-6,0.7501652421853051,1.1638354225470654e-13,2.2440648548341223e-12,0.9999997185115671,6.943427338856463e-11,0.1093548628727489
group_TAC_ISI,27,,,289.89058184055864,,3,3,LOCALLY_SOLVED,Solve_Succeeded,0.369587583,0.39874434541368986,1.3014804709226325e7,289.8905817744799,4.220692404176651,443.7999905854065,4.3309271512996583e-16,3.6911310948576635e-16,9.433789582693432e-9,0.0,0.9999999655553247,0.9059407258322998,4.117313378365435e-6,5.115828162558729e-7,5.321243893766597e-8,4.3055439233256324e-7,5.48042544140169e-7,9.507326936149651e-9,6.8233957786233035e-9,6.449885970520371e-9,3.476761214937813e-8,1.7465081455690636e-9,7.92878417628408e-9,8.305237366227068e-9,3.7648813489628135e-8,2.2733782465349794e-9,5.321243307317385e-8,0.35911113591429944,1.673751477897061e-7,1.0079930907286258e-8,8.40137603964973e-9,8.096550329332849e-9,4.030265575611166e-8,1.913239816866326e-9,5.321239218352327e-8,6.119751519382489e-8,1.7178432427289298e-7,1.009331237109488e-8,0.58670724761547,-3.1885493902406174e-9,4.2124954132283615e-9,-8.67085781725408e-9,1.1291631505915537e-8,-5.573307783761618e-9,8.740829680793324e-10,-8.840099719755795e-9,1.3155958790630382e-8,-7.568823517279146e-9,-4.324718282759651e-9,-9.403376599649402e-9,0.34435077085958365,-2.970558831607179e-9,2.778495125054823e-9,-8.658966597642847e-9,1.3978562926701754e-8,-7.630361595825887e-9,-4.3679963811813585e-9,-9.433789582693432e-9,0.06894170555320643,-1.9516619325195578e-9,7.354284953926943e-9,-8.141565285507053e-9,5.912493215296215e-9,6.556169155973121e-7,1.7050212484360811e-6,1.4125171447993765e-7,7.581550865137001e-10,9.821417273292383e-9,1.0816590446473195e-7,2.5948121019883226e-8,8.809760195871196e-10,1.2646611444027582e-8,1.1712964196773195e-7,3.3775905377091124e-8,5.9124925636859805e-9,0.5468283205967741,5.207226820124189e-7,1.4975897347968155e-7,9.334862266277476e-10,1.2328838001484113e-8,1.2538604013012517e-7,2.8425277279156834e-8,5.912488020391472e-9,9.31871254087788e-8,5.344401199601115e-7,1.4995778379912392e-7,0.8378206030443038,8.720064324156851e-15,-1.1428574251340265e-13,0.9999999946342253,-1.8174027435695366e-12,0.049224676501739395
group_TAC_ISI,28,,,281.74822822604654,,3,3,LOCALLY_SOLVED,Solve_Succeeded,0.263516208,0.3993803651095371,1.2769702105170475e7,281.74823228065156,4.538283518309448,443.79998974750083,2.2737367544323206e-16,1.5922526291542861e-16,9.642487568137573e-9,8.299412390596276e-9,0.9999999936010172,0.886358119449865,5.096839968176607e-6,4.952913329228053e-7,8.07068258087302e-9,3.3337729586606897e-7,3.6667541117632486e-7,8.70962061229105e-9,-1.5130120866674867e-9,2.6125734874017354e-9,2.4028068815624956e-8,1.1565229570685222e-9,7.444566402184364e-10,9.92012038205272e-9,4.1387040407612085e-8,2.562221902631401e-9,8.070681894231895e-9,0.3513484763793797,1.648908227612102e-7,1.0133199020478404e-8,8.070646664274001e-9,3.4441266330554085e-7,6.089307670054563e-7,1.0247766377378837e-8,-5.990757220117494e-10,4.994861839712761e-9,2.9612442769537558e-8,1.7278772752867444e-9,0.6240196371116477,-1.8637410143591351e-10,5.788873710262972e-9,-8.681574157404288e-9,5.724865274310089e-9,3.7172306594956487e-10,1.3577766262866472e-8,-7.513373669985478e-9,1.593614847723747e-8,-8.374798183130466e-9,-6.395046614216197e-9,-9.642487568137573e-9,0.36718197752466575,4.112758022604201e-10,4.358350582600493e-9,-8.649890262715166e-9,0.008798322698817671,-8.087923885583263e-9,-5.907632402758901e-9,-9.616327049018854e-9,9.22222789640546e-9,-2.3739308501905383e-9,6.038939013037095e-9,-8.266457814216338e-9,8.967425089858907e-10,5.076427005233323e-7,1.1407679458818992e-6,1.2940007766832416e-7,-1.6811245407416515e-10,3.978236901270824e-9,7.475399187083319e-8,1.7182626790732327e-8,8.271740446871512e-11,1.5105637854489368e-8,1.2875968126812646e-7,3.806729683909509e-8,8.967424326924323e-10,0.5350079072140556,5.129936708126539e-7,1.505503854471077e-7,8.967385182526664e-10,5.244465554879827e-7,1.894451275128086e-6,1.5225252903534273e-7,-6.656396911241657e-11,7.60581234683534e-9,9.212759972745015e-8,2.567131951854591e-8,0.8911019744863581,3.2503117975448004e-15,2.8153956011316124e-14,0.9999998657564053,0.004487957216860556,8.019603103074972e-13
group_TAC_ISI,29,,,273.6058746115345,,3,3,LOCALLY_SOLVED,Solve_Succeeded,0.245445083,0.42219771330704275,1.2425714384978868e7,273.60587856452037,5.810109736815023,443.7999897918389,2.2737367544323206e-16,1.5922526291542861e-16,9.628362307013542e-9,8.09140711505652e-9,0.9999999922709311,0.8667757401616325,5.098333036750096e-6,4.98263207602656e-7,9.836384058210979e-9,3.464704090323881e-7,3.825729068509518e-7,8.808840918892875e-9,-7.21472970706403e-10,3.521895249085843e-9,2.6525590529059122e-8,1.2996993458621644e-9,1.3172297035745052e-9,9.811515954990472e-9,4.112555977486509e-8,2.5416704998679676e-9,9.836383555841935e-9,0.34358609576225024,1.6512740400571623e-7,1.0145052966674934e-8,9.836377688636682e-9,3.2760350557267104e-7,5.908851577555699e-7,1.0139809339100443e-8,5.782209366661274e-11,5.555900301163831e-9,3.0979472307014894e-8,1.8231113369734147e-9,0.5526719332350362,-1.2211049809209805e-9,4.911559130004231e-9,-8.729755963986203e-9,7.0800530537909645e-9,-7.855692172468443e-10,1.0920091111094966e-8,-7.817249367468151e-9,1.5718258780734013e-8,-8.324791418789887e-9,-6.268367576032934e-9,-9.628362307013542e-9,0.3900126417775342,-7.643366407002517e-10,3.591586727506934e-9,-8.702505168289953e-9,0.05731535098594214,-8.00716734584841e-9,-5.7219166135986075e-9,-9.598130031711982e-9,9.959968748760889e-9,-3.201940621892143e-9,4.56726449805933e-9,-8.42628516148407e-9,1.0929315620234418e-9,5.27579941026591e-7,1.190226821314072e-6,1.3087420793783696e-7,-8.016366341182253e-11,5.3628859474716255e-9,8.252405942373948e-8,1.9309818852809295e-8,1.4635885595272276e-10,1.4940262931462767e-8,1.2794618596624691e-7,3.7761961712324085e-8,1.092931506204659e-9,0.5231879185470629,5.137297013511171e-7,1.5072650121917042e-7,1.0929308542929641e-9,4.988507925765674e-7,1.8383093796839946e-6,1.5064859589520654e-7,6.42467707406808e-12,8.460120913135833e-9,9.638058051071298e-8,2.7086225577890727e-8,0.789217528117069,3.936649309615964e-15,1.5940757537184914e-14,0.9999999589295169,0.029231608162228258,9.603342560537466e-13
group_TAC_ISI,30,,,265.4635209970224,,3,3,LOCALLY_SOLVED,Solve_Succeeded,0.239970417,0.44344034919980674,1.203207607651422e7,265.4635248928996,7.081935302142491,443.79998980266197,3.1845052583085723e-16,3.1845052583085723e-16,9.626057538773702e-9,7.974510836337166e-9,0.9999999916870382,0.8471933554004304,5.122171730690455e-6,5.005721679392395e-7,1.0631361543078536e-8,3.5398851446396417e-7,3.899544017934746e-7,8.851827174330226e-9,-3.067673853040966e-10,4.067937370925899e-9,2.8008721684960148e-8,1.383733918279357e-9,1.5626429171554124e-9,9.781521503811644e-9,4.104828078666412e-8,2.5350246383175107e-9,1.063136142260162e-8,0.3358237039934053,1.6531474456245973e-7,1.0162272670763622e-8,1.0631358103707628e-8,3.253057537681409e-7,5.878400938881349e-7,1.0114135447661906e-8,3.8090490977578815e-10,5.901985662796786e-9,3.182118570210062e-8,1.8819157571147086e-9,0.48132439482414574,-1.9651900746927764e-9,4.073120472248874e-9,-8.78690979654236e-9,7.886939249482037e-9,-1.4507687178513775e-9,9.334620585192122e-9,-7.999560293134045e-9,1.564119339602718e-8,-8.320439223150377e-9,-6.251148671742297e-9,-9.626057538773702e-9,0.4128432324163183,-1.5925124406321437e-9,2.8777734337577432e-9,-8.762703241935016e-9,0.10583229324870078,-7.996792426471472e-9,-5.691022859185802e-9,-9.59471028767539e-9,1.0413228064206507e-8,-3.668005534583506e-9,3.6578486792529703e-9,-8.530600376681762e-9,1.1812623936753924e-9,5.390279652064909e-7,1.2131914722463651e-6,1.3151286087576334e-7,-3.40852650337885e-11,6.194359178455347e-9,8.713824524209821e-8,2.0558332500150444e-8,1.7362699079504576e-10,1.489458956262228e-8,1.2770576244739947e-7,3.766322319786015e-8,1.1812623802890684e-9,0.511367912899049,5.143125386387635e-7,1.5098233682277381e-7,1.1812620115230692e-9,4.95351943237851e-7,1.8288358476519747e-6,1.5026715522240543e-7,4.232276775286533e-11,8.987114531986017e-9,9.899924440653526e-8,2.795989124856138e-8,0.6873332818540328,4.386199943201233e-15,1.5503762800463618e-14,0.9999999761502699,0.0539752440945082,1.0594100432656519e-12
group_TAC_ISI,31,,,257.3211673825103,,3,3,LOCALLY_SOLVED,Solve_Succeeded,0.2490975,0.4634121492014805,1.1598367985343564e7,257.32117121026437,8.353760818796456,443.799989810488,1.5922526291542861e-16,1.5922526291542861e-16,9.625139754711287e-9,7.83506888071507e-9,0.9999999910702612,0.8276109684725498,5.156169027938067e-6,5.031661703651551e-7,1.1481250771543466e-8,3.617777067576135e-7,3.974369187332375e-7,8.89374992105971e-9,1.353348030733928e-10,4.650695820316917e-9,2.9580499083225822e-8,1.471969033603466e-9,1.817096540093761e-9,9.756220553800661e-9,4.098023992882216e-8,2.5289965855633127e-9,1.1481250885115753e-8,0.32806130877810585,1.6550458862789008e-7,1.0181708543012137e-8,1.1481248750585931e-8,3.2529754175513385e-7,5.87109878708912e-7,1.0100163176437054e-8,7.212140210651762e-10,6.263170990572903e-9,3.269384316831041e-8,1.94285917319562e-9,0.4099768678896088,-2.7085043573828827e-9,3.1598281707894402e-9,-8.85190421890834e-9,8.743126513464834e-9,-2.1729032510893936e-9,7.654262222566823e-9,-8.1874884698725e-9,1.5570141180057233e-8,-8.322367811275992e-9,-6.247604129117875e-9,-9.625139754711287e-9,0.43567382260098775,-2.4095918049069337e-9,2.0970116382073717e-9,-8.830742811650777e-9,0.15434922414345933,-7.995355631036482e-9,-5.678125752631759e-9,-9.592906887076053e-9,1.0881386664368337e-8,-4.1483190592936655e-9,2.7035640921726366e-9,-8.639726642442366e-9,1.2756945301714957e-9,5.508887807445479e-7,1.2364704138367386e-6,1.3213571311288713e-7,1.503720034148808e-11,7.081741362755306e-9,9.202821937003588e-8,2.1869254213537208e-8,2.0189961556597338e-10,1.4856063116014643e-8,1.274940797785578e-7,3.7573663556940645e-8,1.2756945427906387e-9,0.49954790200302485,5.149031646201023e-7,1.5127109835332316e-7,1.2756943056206586e-9,4.953394385816812e-7,1.8265640670943927e-6,1.5005956719277909e-7,8.0134891229464e-11,9.53710128109965e-9,1.0171417874585457e-7,2.8865336287477776e-8,0.5854490531363551,4.923167176850871e-15,1.6772349194278254e-14,0.9999999857951262,0.07871887886678192,1.1731996422865261e-12
group_TAC_ISI,32,,,249.1788137679982,,3,3,LOCALLY_SOLVED,Solve_Succeeded,0.326366958,0.48192658794060417,1.1118708872182785e7,249.1788174987585,9.625586335002016,443.79998981825025,1.5922526291542861e-16,2.460754063238442e-16,9.624794878833124e-9,7.636531279207672e-9,0.9999999902796274,0.8080285794278663,5.2007161913502685e-6,5.061714131145245e-7,1.2583797657784418e-8,3.708197437311135e-7,4.0634512914685894e-7,8.942334914805991e-9,6.685591366310357e-10,5.3134450990624435e-9,3.135640414565425e-8,1.570643616550602e-9,2.1347449574227515e-9,9.72702966294546e-9,4.090064904967219e-8,2.5220188558638817e-9,1.2583798204529807e-8,0.32029891036276026,1.657055559447014e-7,1.020386490173261e-8,1.2583796567846035e-8,3.2637594434646056e-7,5.873645355456084e-7,1.0090384158897372e-8,1.1360437960434559e-9,6.664387222703886e-9,3.3655404446878604e-8,2.0099354825576548e-9,0.33862933922368676,-3.4829239971618493e-9,2.1390288308420117e-9,-8.926871234568404e-9,9.71030059470135e-9,-3.015497630027032e-9,5.7493819798866295e-9,-8.39389978461217e-9,1.5488093463023324e-8,-8.328015899028677e-9,-6.250741691272167e-9,-9.624794878833124e-9,0.458504417691344,-3.251037233444034e-9,1.21726697197926e-9,-8.90890689150753e-9,0.2028661504497846,-7.998428675222452e-9,-5.672446658065935e-9,-9.59162753270834e-9,1.1393373314963922e-8,-4.6832176066791165e-9,1.6310245461410368e-9,-8.760942888288805e-9,1.3981997397538237e-9,5.646573370451046e-7,1.264184846234672e-6,1.3285754730568896e-7,7.428434851455949e-11,8.090927764481448e-9,9.755325734203542e-8,2.3335276588751795e-8,2.371938841580834e-10,1.4811613350394223e-8,1.2724646371009124e-7,3.746999442997766e-8,1.3981998005033114e-9,0.48772788623420316,5.155283962724043e-7,1.5160027854002735e-7,1.3981996186495587e-9,4.969815516184741e-7,1.8273563328085593e-6,1.4991427893218951e-7,1.2622708844927282e-10,1.0148044180026374e-8,1.0470570272362229e-7,2.986189859799944e-8,0.48356482924674504,5.639939764825416e-15,1.9198981530904614e-14,0.9999999922488109,0.10346251355447084,1.3188339305929536e-12
group_TAC_ISI,33,,,241.03646015348613,,3,3,LOCALLY_SOLVED,Solve_Succeeded,0.250315833,0.4985748738280307,1.0580210732318949e7,241.03646456150335,10.897410281883527,443.7999892396736,2.2737367544323206e-16,1.5922526291542861e-16,9.851335667151759e-9,9.022815407527165e-9,1.000000002427821,0.7884468851831139,2.488338220059005e-6,1.6554833697641455e-7,-2.2409097041528443e-9,1.8447475177032386e-7,1.5884111126649432e-7,2.2710213088902253e-9,-4.029565346517445e-9,9.034532228149806e-9,3.574118655005965e-8,1.079089542981599e-9,-3.776292507011179e-9,1.352060522966453e-8,4.1289590384055925e-8,1.931364781391203e-9,-2.2409095743660626e-9,0.3125371347828521,8.436571221764303e-8,4.43091626497166e-9,-2.2409097208274526e-9,1.6882615318469866e-7,2.557590303013608e-7,2.6234311213202662e-9,-3.9107349380727125e-9,1.1049014065192835e-8,3.721522215682922e-8,1.7279145282124617e-9,0.26728269371864977,-7.919919022973484e-9,-6.000450638153465e-9,-9.642478887678493e-9,1.574136202151236e-8,-3.578695864717271e-9,2.0509692837534983e-10,-9.111566732377626e-9,2.125219327514654e-8,-9.292351711471964e-9,-8.460593107664253e-9,-9.848774867434371e-9,0.4813333539045217,-7.874047603796352e-9,-6.153126993627473e-9,-9.621372468389364e-9,0.2513839201804055,-9.273812835921118e-9,-8.424671883680505e-9,-9.851335667151759e-9,1.8118823909408998e-8,-6.590737570781905e-9,-3.810096071620697e-9,-9.386829800865625e-9,-2.4898996712809375e-10,2.809047356502658e-7,4.941723461624266e-7,3.3740888017797626e-8,-4.477294829463826e-10,1.3757128620137206e-8,1.1119480260018557e-7,1.6032187495726612e-8,-4.1958805633457523e-10,2.0588194326989172e-8,1.2845650341706284e-7,2.8694562466383583e-8,-2.489899527073402e-10,0.4759088188738885,2.6247110467711155e-7,6.583075593672179e-8,-2.48989968980828e-10,2.57076187803973e-7,7.956947609375667e-7,3.8976690945329664e-8,-4.3452610423030117e-10,1.6824635053816364e-8,1.1578069115457975e-7,2.5671872990585142e-8,0.3816805563771104,2.681720720272771e-15,-5.6039780414402715e-14,1.0000000052785634,0.12820613223321442,6.188965853159883e-13
group_TAC_ISI,34,,,232.89410653897406,,3,3,LOCALLY_SOLVED,Solve_Succeeded,0.2713465,0.4592752858866325,6.838883008579698e6,232.89410990600615,13.889120330693698,443.7999898372437,2.2737367544323206e-16,1.5922526291542861e-16,9.624659764542687e-9,6.892012335632241e-9,0.9999999879251201,0.7688639727892014,4.4214626605716875e-6,5.266978219018085e-7,2.924566837540289e-9,8.498529143679925e-9,3.9873235995563286e-8,1.905339237923351e-9,1.9991899818026775e-9,6.643452384351459e-9,3.502282583782716e-8,1.7594890095955894e-9,3.021818797615447e-9,9.639278458764241e-9,4.08204580455405e-8,2.4954398225982833e-9,1.6008923558429337e-8,0.26249751242007907,1.681882311536895e-7,1.0220020191057456e-8,1.600892140212676e-8,3.394170454231108e-7,6.216900615800397e-7,1.0057685592715593e-8,1.1614118319642496e-8,0.04227704497769612,1.722859377411664e-7,1.0248075697626142e-8,1.4843524509811194e-8,-6.976923554717364e-9,-3.1638527033590965e-9,-9.330042260810358e-9,1.1585633827568538e-8,-4.785434564507584e-9,1.86486893843572e-9,-8.799269820685506e-9,1.52125145656739e-8,-8.345852326907127e-9,-6.265947902787272e-9,-9.624659764542687e-9,0.6285085411927289,-4.787011299643398e-9,-6.028051232461823e-10,-9.074036019802792e-9,0.37149123621208885,-8.010260762151563e-9,-5.666037568474854e-9,-9.589054034399255e-9,1.1157025277973315e-7,-1.059064844072355e-9,4.008905698721956e-9,-8.621044800568403e-9,3.2495187083780973e-10,1.2940942105148977e-8,1.240500675417524e-7,2.8307897249146924e-8,2.2213222020029744e-10,1.0116166130716996e-8,1.0895990260657336e-7,2.614097957113447e-8,3.3575764417949395e-10,1.4677992198572822e-8,1.2699698058612598e-7,3.707510593574592e-8,1.7787692842699255e-9,0.3997121211851204,5.232522747003672e-7,1.5184029998142504e-7,1.7787690446807505e-9,5.168395918942824e-7,1.9341468582490118e-6,1.494284716632031e-7,1.2904575910713878e-9,0.06437640939785547,5.360006951947398e-7,1.5225712465044548e-7,4.0670412055176245e-14,7.711421832810641e-15,2.6402559336323908e-14,0.9999999995987316,0.18946134562943043,0.08878201270053009
group_TAC_ISI,35,,,224.75175292446195,,3,3,LOCALLY_SOLVED,Solve_Succeeded,0.37140175,0.47228756455936355,6.709123719227894e6,224.7516789466284,14.535302121871261,443.80003408249115,1.5922526291542861e-16,1.5922526291542861e-16,8.279762125630237e-9,0.0,0.9999989133599276,0.7492274223138533,0.000225742597859284,2.4576005498020042e-5,1.0773290159556362e-8,3.8622356740412674e-9,2.9381223930840417e-8,2.043470655717039e-9,1.0448153431799674e-8,3.7070952537620793e-9,2.8909483657139185e-8,2.0035711430888327e-9,1.0847659049677813e-8,3.911352273867381e-9,2.94974909066322e-8,2.063249205457319e-9,2.026249978455103e-6,0.2969604229005466,1.1787856343854474e-5,4.6204185333558934e-7,2.026252527163388e-6,2.438079337876101e-5,2.9822362423826054e-5,6.029374404030451e-7,2.0262273373720683e-6,5.9609993383947945e-6,1.2872218580297989e-5,4.7431128182102994e-7,7.5136339236451e-9,-4.874247978327944e-9,4.690367459412119e-9,-8.25435911975055e-9,7.272372750729018e-9,-4.719581294243017e-9,5.29945084743865e-9,-8.15925871865233e-9,7.568723407390792e-9,-4.922031341723521e-9,4.4944013882674134e-9,-8.279762125630237e-9,0.5271280348309156,2.2892970483665937e-7,4.40345695976023e-7,3.0715831004485785e-8,0.39385220412473976,8.613736399272474e-8,1.9900066269160877e-7,9.702402886734758e-9,0.07901186227293598,3.909601881267352e-7,7.445067009761877e-7,5.4638331436287645e-8,1.1970322399507064e-9,5.881131594562839e-9,9.140825222928128e-8,3.036013545636743e-8,1.16090593686663e-9,5.6448950455013475e-9,8.994061582221078e-8,2.9767342697319795e-8,1.205295449964201e-9,5.955922780661694e-9,9.17699717095224e-8,3.065398819536588e-8,2.251388864950114e-7,0.45218973487128683,3.667333084754725e-5,6.864621820985898e-6,2.2513916968482078e-7,3.712529900856791e-5,9.27806830963477e-5,8.9579276859881e-6,2.2513637081911858e-7,9.076976265282983e-6,4.0046902249815966e-5,7.046910472769586e-6,1.5530619858762873e-12,3.1936968221239314e-13,6.710219469606591e-12,0.9999995516397466,0.2009198191294367,0.056441749329732
group_TAC_ISI,36,,,216.60939930994988,,3,3,LOCALLY_SOLVED,Solve_Succeeded,0.364213958,0.48378335103754017,6.532418924844583e6,216.60940167629212,15.180444000435193,443.7999900731638,1.5922526291542861e-16,1.5922526291542861e-16,9.555008865794541e-9,4.843690076117884e-9,0.9999999797549052,0.729699020713282,5.174282954586609e-6,6.393340859063897e-7,5.091432862968666e-9,7.87999413965985e-9,3.901924596174544e-8,2.019201009837171e-9,4.22423658911443e-9,6.713035186506532e-9,3.5765456872316883e-8,1.9265239125275355e-9,5.223641833413488e-9,8.851607631732393e-9,3.9834013808190894e-8,2.5238143642278642e-9,2.801743909670481e-8,0.28924958193912365,1.9926948754561424e-7,1.2013503750865384e-8,2.801743766351554e-8,3.951857648481557e-7,7.358532321816566e-7,1.3062667235106297e-8,2.8017401155783237e-8,7.571210277380442e-8,2.1065058556836274e-7,1.2225679479819645e-8,1.380843917446876e-8,-6.9559887326216336e-9,-2.898774161229037e-9,-9.290491261510396e-9,1.1673881755012185e-8,-5.568171004247107e-9,5.056937145350694e-10,-8.916747957112042e-9,1.4147673480378146e-8,-8.09270845828702e-9,-5.619779005330544e-9,-9.555008865794541e-9,0.5498259264690045,-4.586834004350019e-9,1.667233207545892e-10,-8.99645461045584e-9,0.4163940131463462,-7.563629858914144e-9,-4.660968665368659e-9,-9.491535100922876e-9,0.03377989096334983,-2.5934934742606413e-9,5.178413638601974e-9,-8.504856657044843e-9,5.657147625520738e-10,1.1999081985391134e-8,1.2139320965876357e-7,2.999955786043797e-8,4.693596210127143e-10,1.022212176127131e-8,1.1127031026943029e-7,2.8622640986123382e-8,5.804046481570539e-10,1.347858434831978e-8,1.239280429588161e-7,3.7496670554242545e-8,3.1130487885227554e-9,0.4404482270436656,6.199495168085774e-7,1.7848634144142851e-7,3.1130486292795034e-9,6.017601419278735e-7,2.2893211667873757e-6,1.9407391320729355e-7,3.1130445728648033e-9,1.1528888376920219e-7,6.55357377323795e-7,1.8163866655732042e-7,4.968100397716407e-14,1.1020787161818615e-14,6.350116258265147e-14,1.0000000004439518,0.21236192230739256,0.02411918761824298
group_TAC_ISI,37,,,208.4670456954378,,3,3,LOCALLY_SOLVED,Solve_Succeeded,0.421286917,0.4918687152808591,6.177702717825358e6,208.4670497061007,15.909836088911424,443.79998980241254,4.547473508864641e-16,1.5922526291542861e-16,9.621785872883676e-9,8.209466811161268e-9,0.9999999927299799,0.7101169993200194,3.8274356083124e-6,4.022597259248391e-7,7.599709697482136e-10,7.745220946944808e-9,3.7643511828451906e-8,1.8502906678819601e-9,-1.2748420934011586e-9,2.591018685228155e-9,2.4096584748426424e-8,1.176503975642258e-9,1.0898990902966956e-9,9.721387463981677e-9,4.117840945333528e-8,2.593739991593901e-9,9.265121129049848e-9,0.2814874779171123,1.6813847068685968e-7,1.051514351357954e-8,9.265120957205266e-9,3.2570032501854777e-7,6.274395258672546e-7,1.080959990345039e-8,-3.5485877256482885e-10,4.838428296782533e-9,2.934707284944813e-8,1.7348149062361984e-9,1.3824375694928303e-8,-5.694854113189014e-9,-6.576062683485435e-10,-9.101917419841912e-9,5.6493157508498946e-9,1.2581043642233254e-10,1.3610551623446136e-8,-7.466451157704032e-9,1.553039238449481e-8,-8.290560099913803e-9,-6.199210579790829e-9,-9.621785872883676e-9,0.5580022698790286,1.5885490787244173e-9,5.520229271725381e-9,-8.536580652697231e-9,0.44199765809265024,-7.958920984112989e-9,-5.633189665611461e-9,-9.590608976816176e-9,8.920426778980007e-9,-2.381770753764383e-9,6.326801592122617e-9,-8.207261192453672e-9,8.444121886091257e-11,1.1793859169211412e-8,1.1711314791073922e-7,2.7490032779960548e-8,-1.4164912148901757e-10,3.945414816142873e-9,7.496715255065998e-8,1.7479487638113548e-8,1.2109989892185506e-10,1.4803021820153919e-8,1.2811060718815416e-7,3.853556558939509e-8,1.0294579032277605e-9,0.4286286595556029,5.230974643591188e-7,1.5622498934461027e-7,1.029457884133918e-9,4.959527676418796e-7,1.952034080475903e-6,1.6059976999412006e-7,-3.942875250720319e-11,7.3676067246461315e-9,9.130200442050527e-8,2.5774392892652086e-8,3.590112564537817e-14,3.2938246370994566e-15,6.041386201813847e-15,0.9895374669118542,0.2254196027437012,8.093032002232592e-13
group_TAC_ISI,38,,,200.3246920809257,,3,3,LOCALLY_SOLVED,Solve_Succeeded,0.261062917,0.5151586239291659,6.095436425189466e6,200.32469608889613,16.88661671054093,443.799989803024,3.1845052583085723e-16,3.1845052583085723e-16,9.621657923151249e-9,8.203955559077531e-9,0.9999999926966723,0.6905346205456613,3.821553686128047e-6,4.0229375147363243e-7,7.753916114922032e-10,7.749750324569774e-9,3.7660060348496844e-8,1.850978707123135e-9,-1.2508150202099725e-9,2.62275975684769e-9,2.4185546247169445e-8,1.1817016294419891e-9,1.1039270653454362e-9,9.718724681948916e-9,4.1173481440072916e-8,2.5932164561965626e-9,9.306466512864421e-9,0.2737250950612401,1.6823860931041985e-7,1.0519480549001563e-8,9.306466378434912e-9,3.2418276848909675e-7,6.25805633070299e-7,1.0799566277785696e-8,-3.3547617695156565e-10,4.861245573490648e-9,2.940519996041325e-8,1.7389248093388895e-9,1.3835459539123097e-8,-5.705245879087549e-9,-6.762084198619478e-10,-9.103529679227527e-9,5.699051548145157e-9,9.112422840568817e-11,1.351411994042757e-8,-7.479015370334585e-9,1.5530557084966417e-8,-8.290339377013259e-9,-6.198268264972327e-9,-9.621657923151249e-9,0.5230918433010805,1.5073725399144866e-9,5.4653522443067245e-9,-8.541097832554141e-9,0.47690808436940874,-7.958438792972543e-9,-5.631597555540836e-9,-9.590429293047997e-9,8.954492341567584e-9,-2.412681425898641e-9,6.265218856551086e-9,-8.214717800416365e-9,8.615462349913366e-11,1.1800756176049428e-8,1.1716463219532349e-7,2.7500255077258e-8,-1.389794466899969e-10,3.993747811563528e-9,7.524392165786047e-8,1.7556709923138123e-8,1.2265856281615952e-10,1.4798967129331305e-8,1.2809527559133795e-7,3.852778734920606e-8,1.0340518347627129e-9,0.41680866747961565,5.234090067435283e-7,1.5628942529945178e-7,1.034051819826101e-9,4.936419429265791e-7,1.9469508584409298e-6,1.604506989842446e-7,-3.7275130772396175e-11,7.402351214178942e-9,9.148284432128565e-8,2.5835454310177786e-8,3.5926623690085675e-14,3.316148595463845e-15,6.0240859282138726e-15,0.9483104182275912,0.24322391703475657,8.14673320211526e-13
group_TAC_ISI,39,,,192.18233846641363,,3,3,LOCALLY_SOLVED,Solve_Succeeded,0.260350375,0.5383756204995448,6.010871193602073e6,192.1823424715696,17.863397332210802,443.7999898036132,1.5922526291542861e-16,1.5922526291542861e-16,9.621544440603072e-9,8.198194612653454e-9,0.9999999926621689,0.6709522418271636,3.815406106128839e-6,4.0233034216992106e-7,7.91423036034258e-10,7.75465274042615e-9,3.7677737485514085e-8,1.8517170135334139e-9,-1.2256329109494966e-9,2.6562674869810837e-9,2.4279420252609097e-8,1.1871833386261546e-9,1.1184354369447924e-9,9.71599179983474e-9,4.116845059835006e-8,2.5926766008562237e-9,9.349059181939743e-9,0.26596271228860346,1.6834296945196549e-7,1.0524033321826406e-8,9.349059170437133e-9,3.22604317220291e-7,6.240972512560252e-7,1.078903525614218e-8,-3.152365196755375e-10,4.885330086226529e-9,2.9466548271217088e-8,1.743262889735822e-9,1.3847667617996599e-8,-5.716314344718896e-9,-6.96177349992728e-10,-9.105269777055912e-9,5.751695818984523e-9,5.4530885357268475e-11,1.3412303443134455e-8,-7.492270018218284e-9,1.553116272244525e-8,-8.29019484648088e-9,-6.197477668647269e-9,-9.621544440603072e-9,0.4881814164502765,1.421672087010458e-9,5.406623736030069e-9,-8.545959670745081e-9,0.5118185109050518,-7.958064049663685e-9,-5.630201745188362e-9,-9.590266217175253e-9,8.99063958551283e-9,-2.445217865069049e-9,6.200151193481444e-9,-8.222609806272969e-9,8.793589289269531e-11,1.1808221218376185e-8,1.1721962773271047e-7,2.751122420106786e-8,-1.3618143454994403e-10,4.044770946084833e-9,7.553597411922829e-8,1.7638152459588577e-8,1.2427060410497688e-10,1.4794805695202902e-8,1.2807962408375573e-7,3.8519766641292464e-8,1.0387843535488602e-9,0.40498867553037354,5.237336827394481e-7,1.5635706649570658e-7,1.0387843522707919e-9,4.912383921308977e-7,1.941635892796522e-6,1.602942380912552e-7,-3.50262799639486e-11,7.439025358572215e-9,9.167370573267537e-8,2.589990579036078e-8,3.595420444350845e-14,3.3397760512141436e-15,6.027736313474501e-15,0.9070833695142322,0.2610282313275773,8.203461194812623e-13
group_TAC_ISI,40,,,184.03998485190155,,3,3,LOCALLY_SOLVED,Solve_Succeeded,0.418926291,0.5615166038081031,5.923909241821876e6,184.0399888540934,18.84017795393978,443.79998980418844,1.1368683772161603e-16,1.230377031619221e-16,9.621443144864312e-9,8.19212730779596e-9,0.999999992626086,0.6513698631875298,3.808885901525018e-6,4.0236824606237007e-7,8.082279902842516e-10,7.75993621158938e-9,3.7696627939902255e-8,1.8525085087534275e-9,-1.1990677131557838e-9,2.6918039347259005e-9,2.4378944988191555e-8,1.192991640111803e-9,1.1335789614824858e-9,9.713146966671483e-9,4.116324501299166e-8,2.592113847468704e-9,9.393343656566227e-9,0.2582003296325599,1.684521473267303e-7,1.0528824218566082e-8,9.393343928941004e-9,3.209407389497585e-7,6.222869995599728e-7,1.0777848700424167e-8,-2.939543297196446e-10,4.910840714001147e-9,2.9531526751903802e-8,1.7478578359020944e-9,1.3861106954566597e-8,-5.728129773329828e-9,-7.176314451451102e-10,-9.107147477552274e-9,5.8076898045109775e-9,1.5691619370213236e-11,1.3304304207128777e-8,-7.506306737204823e-9,1.553224318794353e-8,-8.290119790085475e-9,-6.196819518507668e-9,-9.621443144864312e-9,0.45327098922367104,1.331087262529663e-9,5.343744772415706e-9,-8.551189863755198e-9,0.5467289377994837,-7.95778595514053e-9,-5.628974084935387e-9,-9.590116852594662e-9,9.02914387743564e-9,-2.4796218197571075e-9,6.1311455442167805e-9,-8.230988059675432e-9,8.980311003158346e-11,1.1816266504011103e-8,1.1727839803525143e-7,2.7522983558622347e-8,-1.3322974590619814e-10,4.0988832642417126e-9,7.584560662992927e-8,1.7724447224518216e-8,1.2595321794249838e-10,1.4790473790158851e-8,1.2806342892930734e-7,3.851140573382074e-8,1.0437048507295805e-9,0.39316868375867076,5.240733472387163e-7,1.564282455329818e-7,1.0437048809934444e-9,4.887052161280414e-7,1.9360039986310256e-6,1.601280378348733e-7,-3.266159219107161e-11,7.477871087229019e-9,9.187586100592291e-8,2.596817356197397e-8,3.5984050048789764e-14,3.364916382135839e-15,6.05095706202673e-15,0.8658563207680844,0.27883254562271176,8.263691354153627e-13
group_TAC_ISI,41,,,175.89763123738945,,3,3,LOCALLY_SOLVED,Solve_Succeeded,0.274798167,0.5845777758498656,5.834430817637706e6,175.89763523643688,19.81695857574599,443.79998980475744,1.1368683772161603e-16,1.230377031619221e-16,9.62135222684877e-9,8.185690988213213e-9,0.9999999925880099,0.6317874846532506,3.8018697913628835e-6,4.024059835928259e-7,8.259827661407367e-10,7.765614082078188e-9,3.7716836107849906e-8,1.8533569743645145e-9,-1.1708671009516424e-9,2.729665212214659e-9,2.448495440485184e-8,1.199174508505201e-9,1.1495228578521677e-9,9.710144799659065e-9,4.1157788725291247e-8,2.5915211332284293e-9,9.439786004430558e-9,0.25043794713128775,1.6856681379512776e-7,1.053388022433466e-8,9.439786489739503e-9,3.191643714200185e-7,6.203433559097798e-7,1.0765821681314168e-8,-2.714263966423559e-10,4.937958260910609e-9,2.9600601846206283e-8,1.752742382533834e-9,1.3875920840067652e-8,-5.740776308859059e-9,-7.407183703958571e-10,-9.109175350545795e-9,5.867539691473273e-9,-2.577342145495084e-11,1.3189217607597801e-8,-7.521229975527665e-9,1.5533855199005715e-8,-8.29010978701113e-9,-6.1962793167333685e-9,-9.62135222684877e-9,0.41836056150358497,1.2351812591570059e-9,5.276339698301113e-9,-8.55681925112061e-9,0.5816393651670204,-7.957597189795155e-9,-5.6278930495931246e-9,-9.58997888376178e-9,9.070328069290921e-9,-2.516165102033803e-9,6.057682660711652e-9,-8.239911630107897e-9,9.177586290452627e-11,1.1824912352255423e-8,1.1734126789108857e-7,2.753558933341564e-8,-1.3009634455018244e-10,4.156535664054141e-9,7.617541370398349e-8,1.7816306983505844e-8,1.2772476198357413e-10,1.478590230857176e-8,1.2804645381201717e-7,3.850259969367952e-8,1.048865111603395e-9,0.3813486922226427,5.244300873626196e-7,1.5650336333297207e-7,1.048865165526611e-9,4.860002928441191e-7,1.9299571072748703e-6,1.5994935069381046e-7,-3.0158488515817314e-11,7.519163715477519e-9,9.209076129930842e-8,2.6040743969074102e-8,3.601639124507358e-14,3.391808388338158e-15,6.092979851078434e-15,0.8246292719849007,0.29663685992073546,8.327963401735119e-13
group_TAC_ISI,42,,,167.75527762287737,,3,3,LOCALLY_SOLVED,Solve_Succeeded,0.250285458,0.6075545396991715,5.742292339999759e6,167.75528218551582,20.793737570258287,443.79998923162026,1.1368683772161603e-16,1.230377031619221e-16,9.851090761670678e-9,9.339311186820602e-9,1.000000003668579,0.6122055881979858,1.917840286745264e-6,1.3676353738108947e-7,-4.688910575881229e-9,1.210606595575475e-8,4.0148136185702716e-8,1.0890986944973295e-9,-6.11452723356422e-9,-1.3123632481452586e-9,1.2443509958596311e-8,2.8479787609363103e-10,-4.716923981118572e-9,1.3419958115180703e-8,4.152085759335611e-8,2.029404145663201e-9,-3.653394290289059e-9,0.24267590430123928,8.496501085302957e-8,4.70509978838772e-9,-3.6533942090895304e-9,1.6246630090412696e-7,2.62221903764409e-7,2.789876491042187e-9,-5.185307832318033e-9,4.135208895761754e-9,2.5912631976028984e-8,1.185801320072876e-9,2.240301521247974e-8,-7.254253200434526e-9,-4.998736650795139e-9,-9.560750308470836e-9,-1.4399446910118247e-11,1.2971010747687196e-8,1.765796535078548e-8,-7.638036963691114e-9,2.138381783314665e-8,-9.268896420889851e-9,-8.431647868317117e-9,-9.847249345836694e-9,0.3834493411680513,-5.960891276019416e-9,-4.154320800245497e-9,-9.442545273394423e-9,0.6165506399890133,-9.256139246558529e-9,-8.408430323534191e-9,-9.851090761670678e-9,9.864034368442225e-9,3.378030025774792e-9,5.414805676088577e-9,-8.515746115706873e-9,-5.209900639868031e-10,1.8434236796262915e-8,1.2490531257774176e-7,1.6180894889674608e-8,-6.793919148404686e-10,-1.9983713096757347e-9,3.871314209341074e-8,4.231282730533945e-9,-5.241026645687299e-10,2.0434936220843347e-8,1.2917600140155232e-7,3.015114730699613e-8,-4.059326989210064e-10,0.3695292179132507,2.6433558932053636e-7,6.990433971318898e-8,-4.059326898988366e-10,2.473918672858297e-7,8.158014783781611e-7,4.1449593581198205e-8,-5.761453147020035e-10,6.296795364000853e-9,8.06170772587568e-8,1.7617619612511296e-8,1.6265774979584867e-14,-3.739962892968354e-17,-7.272698878788461e-14,0.7834022435379842,0.3144411530082878,-7.201704867559229e-14
group_TAC_ISI,43,,,159.6129240083653,,3,3,LOCALLY_SOLVED,Solve_Succeeded,0.253406041,0.6304416410778053,5.647324055895189e6,159.6129280004402,21.77051981966215,443.7999898059043,1.1368683772161603e-16,1.147303886228047e-21,9.62119588519247e-9,8.171418850666732e-9,0.9999999925039514,0.5926227280363567,3.785718384860522e-6,4.024729054836882e-7,8.651626804869335e-10,7.778222856502205e-9,3.776172298045491e-8,1.8552437835782295e-9,-1.1083702914268431e-9,2.8137680765743163e-9,2.4720391558000733e-8,1.2128914019863472e-9,1.1845719196115831e-9,9.703450469414658e-9,4.1145773014927295e-8,2.590212572385793e-9,9.541236818401839e-9,0.23491318278504345,1.6881605677199368e-7,1.0544926084697844e-8,9.541237780961172e-9,3.15135154896959e-7,6.158947781741609e-7,1.0738294029038815e-8,-2.2168224296138053e-10,4.9978698887184974e-9,2.9753261060796795e-8,1.7635358207158199e-9,1.3910473212948676e-8,-5.768980500564864e-9,-7.925453563276395e-10,-9.113747224183795e-9,6.001265676563124e-9,-1.1838708737365363e-10,1.293346571578092e-8,-7.554234360906785e-9,1.553905006189966e-8,-8.290276259342237e-9,-6.1955119885468585e-9,-9.62119588519247e-9,0.34853970399260215,1.0252554838509461e-9,5.126035925945155e-9,-8.569436688796688e-9,0.6514602218958293,-7.957472239883453e-9,-5.626108941937161e-9,-9.589729883473716e-9,9.162334840445276e-9,-2.596954669946969e-9,5.8948948686794004e-9,-8.25968045328913e-9,9.612918672077036e-11,1.184411207694654e-8,1.1748091593919306e-7,2.7563621927447975e-8,-1.2315225460298251e-10,4.284601389329073e-9,7.690788484711337e-8,1.802010082951144e-8,1.3161910217906477e-10,1.4775708669335957e-8,1.2800907160199601e-7,3.8483158218303206e-8,1.0601374242668705e-9,0.35770871014995254,5.252055099573135e-7,1.5666747325836792e-7,1.0601375312179074e-9,4.79864894956733e-7,1.9161170876529447e-6,1.595403684314338e-7,-2.463136032904227e-11,7.610392785094076e-9,9.256570107803444e-8,2.6201103622063604e-8,3.6089758746433366e-14,3.4520007004666735e-15,6.232846177313315e-15,0.7421751742869942,0.3322454885280194,8.471222465062861e-13
group_TAC_ISI,44,,,151.4705703938532,,3,3,LOCALLY_SOLVED,Solve_Succeeded,0.258135959,0.6532325820749516,5.549325168385192e6,151.47057438201324,22.747300441808488,443.7999898064966,1.5922526291542861e-16,1.5922526291542861e-16,9.621128155931083e-9,8.16340547745446e-9,0.9999999924567817,0.5730403500459302,3.776153740847807e-6,4.024961457762024e-7,8.870903602843746e-10,7.785191485072179e-9,3.7786714409678597e-8,1.8562934947032626e-9,-1.0733459184086104e-9,2.8608634572666107e-9,2.485223272517412e-8,1.2205635610678992e-9,1.204139333161778e-9,9.69961743951328e-9,4.1138993755154896e-8,2.5894758274382943e-9,9.597484790448728e-9,0.22715080106870408,1.6895287723259622e-7,1.055100675917596e-8,9.597486078885016e-9,3.12790325722006e-7,6.132807294911033e-7,1.0722144185155537e-8,-1.9388511610462825e-10,5.031178244230118e-9,2.983818797574806e-8,1.7695386883801145e-9,1.393077253058034e-8,-5.784799509399673e-9,-8.217652233884973e-10,-9.116333426420062e-9,6.076676490093889e-9,-1.7064264841708405e-10,1.2790161698925457e-8,-7.572619070283095e-9,1.554293106043836e-8,-8.290452225103885e-9,-6.1952708133875994e-9,-9.621128155931083e-9,0.31362927380757016,9.099141339680086e-10,5.041928392738868e-9,-8.576527871807762e-9,0.6863706516413597,-7.957534538064654e-9,-5.625384264153486e-9,-9.589615926084618e-9,9.214172131570371e-9,-2.6419804915892496e-9,5.804046967089898e-9,-8.270701097162025e-9,9.85655955871527e-11,1.1854723397723546e-8,1.1755866705233339e-7,2.7579217635591327e-8,-1.192606576009567e-10,4.356314809928702e-9,7.731805736720836e-8,1.8134087193008785e-8,1.3379325924019752e-10,1.4769872010167947e-8,1.2798798057159297e-7,3.847221229336894e-8,1.0663871989387471e-9,0.345888719809163,5.256311736125215e-7,1.5675781470775709e-7,1.0663873420983347e-9,4.762943596221455e-7,1.907984491750099e-6,1.5930042789373937e-7,-2.1542790678292017e-11,7.661112326441316e-9,9.282991814677172e-8,2.6290289084504555e-8,3.613155734531611e-14,3.486015950707131e-15,6.331513628150682e-15,0.7009481253597534,0.35004980283878384,8.551803962271585e-13
group_TAC_ISI,45,,,143.32821677934112,,3,3,LOCALLY_SOLVED,Solve_Succeeded,0.252784375,0.6759198633027637,5.448059211974878e6,143.32822133769804,23.724079445812418,443.79998923226793,2.1654635756498291e-16,1.5922526291542861e-16,9.850967185866835e-9,9.330547276170138e-9,1.0000000036169487,0.5534584505875336,1.9056451462432063e-6,1.3737915780415216e-7,-4.648754336593026e-9,1.211427779397432e-8,4.021684184193081e-8,1.08867516817686e-9,-6.037277870001091e-9,-1.087514199880792e-9,1.3058947373000189e-8,3.1142367316077945e-10,-4.6793146760300565e-9,1.3402469351964421e-8,4.1497059302461867e-8,2.0244803323552897e-9,-3.602227762358188e-9,0.21938875459153567,8.518368724766292e-8,4.7082876044606795e-9,-3.602227580458501e-9,1.5833732484711342e-7,2.5789918914385263e-7,2.7698260229033194e-9,-5.118287518336622e-9,4.561935096476481e-9,2.6735000089961054e-8,1.2294551910943966e-9,2.2562798474883453e-8,-7.312406580071717e-9,-5.073990963339501e-9,-9.566272396730726e-9,3.75265418044774e-10,1.2748499571939946e-8,1.6977000094620823e-8,-7.716880021883274e-9,2.1458982164372247e-8,-9.269095076965577e-9,-8.431216635443505e-9,-9.847150441775918e-9,0.2787180620289058,-6.086694160532654e-9,-4.257800211241532e-9,-9.451380690813334e-9,0.7212819174420777,-9.256160641416689e-9,-8.407638113319498e-9,-9.850967185866835e-9,1.0513463374654973e-8,2.646954790006167e-9,4.854700409911041e-9,-8.569395334320153e-9,-5.165282596214472e-10,1.8446741186279082e-8,1.2511906350822918e-7,1.617460249862763e-8,-6.708086522223432e-10,-1.655987531636661e-9,4.062783627155613e-8,4.626866001245865e-9,-5.199238528922283e-10,2.0408305604127646e-8,1.291019622743258e-7,3.007799350927859e-8,-4.002475291509096e-10,0.33406923994620213,2.6501591588161797e-7,6.995170155198722e-8,-4.0024750893983333e-10,2.411045628353773e-7,8.023530328919859e-7,4.1151700911706454e-8,-5.686986131485133e-10,6.946582987816461e-9,8.317555583543436e-8,1.8266191410545316e-8,1.6398094227780012e-14,3.255807645489171e-17,-7.244743750881784e-14,0.6597210956636148,0.3678540961012807,-5.012912890702369e-14
group_TAC_ISI,46,,,135.18586316482904,,3,3,LOCALLY_SOLVED,Solve_Succeeded,0.314629833,0.6984947490053394,5.343246684486183e6,135.18586714401252,24.700861686566103,443.7999898077613,1.5922526291542861e-16,1.5922526291542861e-16,9.621008474793712e-9,8.145031243535263e-9,0.9999999923480433,0.533875595065312,3.7523509202920063e-6,4.024960084717974e-7,9.373353669955186e-10,7.800520570290987e-9,3.784274687229285e-8,1.8586385069664893e-9,-9.932987229135557e-10,2.967922182784699e-9,2.5152062568384375e-8,1.2379860519662093e-9,1.2489334178551669e-9,9.690449492808247e-9,4.112309447167263e-8,2.587761979491264e-9,9.725085540774072e-9,0.21162603904808694,1.6925926910481256e-7,1.0564615764588503e-8,9.725087620933275e-9,3.070866684005256e-7,6.068446074094506e-7,1.0682508410122433e-8,-1.3048274666123587e-10,5.106135356604657e-9,3.002956469826477e-8,1.7830586391178991e-9,1.3979606239470793e-8,-5.820745196696089e-9,-8.884371772609923e-10,-9.122249804122465e-9,6.24982574672152e-9,-2.9073322436806253e-10,1.2464002675494233e-8,-7.614145989432777e-9,1.55545851651273e-8,-8.29099884648472e-9,-6.195051161216165e-9,-9.621008474793712e-9,0.24380840905901438,6.541952948261092e-10,4.851781852969628e-9,-8.592621822170536e-9,0.7561915153801159,-7.957924064394952e-9,-5.624238558950098e-9,-9.589403138203153e-9,9.33305100782404e-9,-2.7438434997409487e-9,5.5984438142508875e-9,-8.295590599488505e-9,1.0414837411061314e-10,1.1878065413852185e-8,1.177329902693555e-7,2.761405781778784e-8,-1.1036652476817279e-10,4.51933605105852e-9,7.825086132386248e-8,1.8392935629212255e-8,1.3877037976168514e-10,1.4755911727685283e-8,1.2793851613409263e-7,3.8446749409584485e-8,1.0805650600860074e-9,0.32224874127776876,5.265843927705279e-7,1.5696000564531485e-7,1.0805652912148078e-9,4.676092450644367e-7,1.8879610008294015e-6,1.5871155352181898e-7,-1.4498082962359536e-11,7.77525156573891e-9,9.342531239460149e-8,2.6491156924037357e-8,3.6228030113412067e-14,3.564288034802377e-15,6.591657461944435e-15,0.6184940273075418,0.3856584314793758,8.736185696092651e-13
group_TAC_ISI,47,,,127.04350955031695,,3,3,LOCALLY_SOLVED,Solve_Succeeded,0.27867775,0.7209465371003045,5.234554207408546e6,127.0435135242783,25.677642309204273,443.79998980845534,1.5922526291542861e-16,1.5922526291542861e-16,9.62095429366512e-9,8.134342004518914e-9,0.9999999922840309,0.5142932183224548,3.736961914639318e-6,4.0245294067582856e-7,9.666461586883827e-10,7.808855951929664e-9,3.7874224976798366e-8,1.8599470689830784e-9,-9.468992338709798e-10,3.029365079512147e-9,2.5324296908780684e-8,1.2479775693330548e-9,1.2750745794033992e-9,9.684766659695288e-9,4.111346781150643e-8,2.586737586650854e-9,9.798684467843307e-9,0.20386365907635443,1.6943417175850373e-7,1.0572350780617952e-8,9.798687112705337e-9,3.0349382659149823e-7,6.027333635517998e-7,1.065727896596857e-8,-9.376533179004055e-11,5.148622822467671e-9,3.013828473094541e-8,1.7907332304542179e-9,1.4009576699713523e-8,-5.8413489324425815e-9,-9.267750430226618e-10,-9.125658617800783e-9,6.350536519121899e-9,-3.6059336184501743e-10,1.2276433735359173e-8,-7.63782075860345e-9,1.5563333490526837e-8,-8.291377259545353e-9,-6.195066039137811e-9,-9.62095429366512e-9,0.20889797348742967,5.115769873639696e-10,4.743588614270091e-9,-8.601811608799115e-9,0.7911019503616307,-7.958266985855867e-9,-5.623813744920656e-9,-9.589302249431616e-9,9.402159839151158e-9,-2.8020551909694983e-9,5.480995970284703e-9,-8.309768570565324e-9,1.074051287431536e-10,1.189075792680199e-8,1.1783092215003934e-7,2.7633499310605735e-8,-1.0521102598566438e-10,4.6128968256207696e-9,7.878670149398432e-8,1.8541381030091096e-8,1.416749532670443e-10,1.4747258322717825e-8,1.2790856652468664e-7,3.843152985881269e-8,1.0887427186492559e-9,0.31042875359353966,5.271285343597893e-7,1.5707492588346668e-7,1.088743012522815e-9,4.6213832685523603e-7,1.8751704643833767e-6,1.5833671606581872e-7,-1.0418370198893391e-11,7.83994838875759e-9,9.376355249627459e-8,2.6605179423891233e-8,3.628417134368557e-14,3.6098769085119125e-15,6.756633226833834e-15,0.5772669781603931,0.40346274581178326,8.842906408881631e-13
group_TAC_ISI,48,,,118.90115593580487,,3,3,LOCALLY_SOLVED,Solve_Succeeded,0.265741709,0.7432625746648335,5.121581476675634e6,118.9011599039084,26.65442293201528,443.7999898092104,2.2737367544323206e-16,1.5922526291542861e-16,9.620901828823294e-9,8.122351585722501e-9,0.9999999922111434,0.4947108423589914,3.7179408722317483e-6,4.023569038926355e-7,9.997160908067382e-10,7.817538805751184e-9,3.790829290454598e-8,1.8613519916620473e-9,-8.949616867081206e-10,3.097361369571463e-9,2.5515130608696903e-8,1.2590329284596588e-9,1.3046072995062241e-9,9.677964600860742e-9,4.1102175482076566e-8,2.5855511735437357e-9,9.88088856169785e-9,0.19610128016882403,1.696293201597269e-7,1.0580923276689965e-8,9.880892070979463e-9,2.9914724267351727e-7,5.976998330424577e-7,1.0626454746848871e-8,-5.264829937739024e-11,5.195137188381874e-9,3.025762029143523e-8,1.7991502419407363e-9,1.404481942041833e-8,-5.8641312415199355e-9,-9.692323522128487e-10,-9.129437429713002e-9,6.463471953314023e-9,-4.388245170400895e-10,1.206835586711234e-8,-7.663903809136452e-9,1.557520198764428e-8,-8.291832939256914e-9,-6.195157794203507e-9,-9.620901828823294e-9,0.17398753466263966,3.572163874394972e-10,4.624786574049929e-9,-8.611925561058379e-9,0.8260123885202825,-7.958727065942988e-9,-5.623490666015031e-9,-9.589203745236315e-9,9.47973454048963e-9,-2.8663370726813968e-9,5.35141259293434e-9,-8.32537285698223e-9,1.1107956564519308e-10,1.1903979545121121e-8,1.1793691125858747e-7,2.7654372447550415e-8,-9.944018741201334e-11,4.716436630938365e-9,7.938040633816813e-8,1.8705632079972074e-8,1.4495636661180263e-10,1.4736900642219768e-8,1.2787343483312706e-7,3.8413903149792636e-8,1.0978765068553163e-9,0.2986087675298002,5.277356627191503e-7,1.5720228868225089e-7,1.0978768967754955e-9,4.555196649801286e-7,1.8595105916876458e-6,1.5787875623889749e-7,-5.849811041932247e-12,7.910777082308763e-9,9.413481868446513e-8,2.673023216597665e-8,3.6346896338614676e-14,3.660974458978632e-15,6.947953166517923e-15,0.5360399289130259,0.4212670601545476,8.96193951469363e-13
group_TAC_ISI,49,,,110.75880232129279,,3,3,LOCALLY_SOLVED,Solve_Succeeded,0.286585916,0.7654273942190319,5.003840798204046e6,110.75880628274632,27.63120355495858,443.79998981004996,1.230377031619221e-16,6.151885158096106e-17,9.620848367197159e-9,8.108739637219397e-9,0.9999999921263796,0.4751284675710068,3.6934473774790597e-6,4.021711022053198e-7,1.0376900045667715e-9,7.826331503667858e-9,3.794505436523357e-8,1.862848443611511e-9,-8.360460169062916e-10,3.17316656194914e-9,2.5728314770140697e-8,1.2713628706225885e-9,1.3386016164861178e-9,9.66950903609108e-9,4.108847852505469e-8,2.5841360570386987e-9,9.973974418323676e-9,0.18833890283914997,1.6985254412757816e-7,1.0590616653132432e-8,9.973979033140247e-9,2.9369134994908464e-7,5.912858305781763e-7,1.0587228780993005e-8,-5.923779836527944e-12,5.246294561628661e-9,3.038942100870196e-8,1.808435192363881e-9,1.4087456680869528e-8,-5.889531314874359e-9,-1.0166107132177309e-9,-9.133656921736479e-9,6.591795817157425e-9,-5.27354654196079e-10,1.1835457471184609e-8,-7.69287063756622e-9,1.5591924731761385e-8,-8.292371914661722e-9,-6.195314970837943e-9,-9.620848367197159e-9,0.13907709104233523,1.8926587667315825e-10,4.493540611508592e-9,-8.623124011060576e-9,0.8609228313754914,-7.959328098135233e-9,-5.623277509768343e-9,-9.589106682216682e-9,9.56818094829472e-9,-2.9379453589291863e-9,5.207270937884359e-9,-8.342677996559354e-9,1.152988893963079e-10,1.1917368426039692e-8,1.1805128024739328e-7,2.7676605447942446e-8,-9.289400187847681e-11,4.831867264786191e-9,8.004364595154881e-8,1.888881979210703e-8,1.487335129429019e-10,1.4724025123138692e-8,1.278308220779479e-7,3.839287856171781e-8,1.1082193798137413e-9,0.2867887838687057,5.284301372857987e-7,1.5734630456082467e-7,1.1082198925711382e-9,4.4721182833156073e-7,1.839555917354326e-6,1.5729597046046747e-7,-6.581977596142158e-13,7.988675809752735e-9,9.454486536040608e-8,2.68681800008348e-8,3.641755826493981e-14,3.718852058591105e-15,7.168242097237572e-15,0.49481287954553654,0.43907137451002765,9.096030638220412e-13
group_TAC_ISI,50,,,102.6164487067807,,3,3,LOCALLY_SOLVED,Solve_Succeeded,0.270207875,0.7874217937005434,4.8807267255262155e6,102.61645266057224,28.60798417789601,443.7999898110124,1.5922526291542861e-16,1.8455655474288318e-16,9.620788581749394e-9,8.09305622051282e-9,0.9999999920246667,0.4555460947124945,3.6599815640766854e-6,4.01820919003627e-7,1.0824287565616244e-9,7.8346251758765e-9,3.798425397796049e-8,1.8644071204300758e-9,-7.67967631764584e-10,3.2583484363907567e-9,2.59687529562693e-8,1.2852403096499718e-9,1.378815974986236e-9,9.65838621203441e-9,4.107100496447676e-8,2.5823702173120698e-9,1.0081302944149045e-8,0.18057652804988916,1.7011838860130622e-7,1.0601944349682011e-8,1.00813095069153e-8,2.864648023986854e-7,5.826230119402425e-7,1.0534194086191944e-8,4.8296418217725276e-11,5.302740420452361e-9,3.053592393170718e-8,1.8187357986582932e-9,1.41414328855929e-8,-5.918147462208267e-9,-1.0699763291184735e-9,-9.138410069789244e-9,6.740375505450606e-9,-6.28871656725013e-10,1.1571898806589918e-8,-7.725356224397647e-9,1.5616966103814382e-8,-8.29299767868475e-9,-6.195507590432305e-9,-9.620788581749394e-9,0.10416663974727479,5.401804549292396e-12,4.347527141921499e-9,-8.63561005708671e-9,0.8958332817691765,-7.960110119624981e-9,-5.623191195531598e-9,-9.589010130680315e-9,9.671456567036241e-9,-3.0185961884280476e-9,5.045319269634037e-9,-8.362048631755928e-9,1.2026986184018046e-10,1.1929997426902852e-8,1.1817323459809927e-7,2.769976293210398e-8,-8.532973686273152e-11,4.9615760281404716e-9,8.079167586394891e-8,1.9094998886228145e-8,1.5320177499847062e-10,1.4707088095597853e-8,1.277764598894832e-7,3.8366643228636464e-8,1.1201447715721157e-9,0.27496880407596763,5.292572089818415e-7,1.5751460176670413e-7,1.120145500768366e-9,4.3620776728890744e-7,1.8126049260363099e-6,1.5650802642342314e-7,5.366268690858362e-12,8.074627458416095e-9,9.500065223197788e-8,2.7021217580066066e-8,3.649795939137748e-14,3.78526217780565e-15,7.419446166138531e-15,0.45358583003132863,0.45687568888143254,9.248943144864772e-13
group_TAC_ISI,51,,,94.47409509226861,,3,3,LOCALLY_SOLVED,Solve_Succeeded,0.284092166,0.8092211483860744,4.751464158487207e6,94.47409963643929,29.584763217503404,443.79998923410375,1.6240976817373719e-16,1.230377031619221e-16,9.85075550832625e-9,9.301509313711816e-9,1.00000000343211,0.4359641854199432,1.833312420785381e-6,1.3876936308369864e-7,-4.509844734103451e-9,1.2051852632786723e-8,4.031965575999458e-8,1.0850452276820833e-9,-5.7690960394593105e-9,-2.652019591883961e-10,1.527543549381616e-8,4.042307188220755e-10,-4.550720975334227e-9,1.329406323505236e-8,4.1349776581803126e-8,2.005420726724049e-9,-3.4365007361334376e-9,0.17281447113952467,8.586644385859511e-8,4.7193346071187626e-9,-3.436499586044719e-9,1.380320705276476e-7,2.3612764510336549e-7,2.678246719381321e-9,-4.906726678821142e-9,5.873817081805053e-9,2.9139114198493304e-8,1.3552307897588048e-9,2.3409604543379866e-8,-7.48667116067699e-9,-5.30555351002362e-9,-9.58346893380932e-9,1.8598157911692326e-9,1.1691315883944279e-8,1.4795527657700229e-8,-7.949460508992398e-9,2.1945399403125936e-8,-9.270365627972148e-9,-8.431185961952106e-9,-9.84696919625427e-9,0.06925545114761353,-6.443282239519392e-9,-4.569711257716505e-9,-9.478319159952906e-9,0.9307445220006039,-9.257201645132042e-9,-8.407132622228424e-9,-9.85075550832625e-9,1.2635060430109781e-8,4.1342068096186183e-10,3.131740162433872e-9,-8.732160127975839e-9,-5.010938593448277e-10,1.835168469083433e-8,1.2543892903109423e-7,1.612067195413381e-8,-6.410106710510343e-10,-4.038302560368759e-10,4.752357709187249e-8,6.005713536785121e-9,-5.05635663926025e-10,2.0243232653375185e-8,1.286437493656097e-7,2.9794822225614434e-8,-3.8183341512593735e-10,0.2631493083260944,2.671400475600736e-7,7.011582844862159e-8,-3.8183328733830204e-10,2.101851983034634e-7,7.346193403215813e-7,3.979109411652248e-8,-5.451918532023488e-10,8.944221465475877e-9,9.065502195086804e-8,2.0134857447845098e-8,1.683184189445976e-14,2.6290795326773776e-16,-7.124858600739068e-14,0.412358795785243,0.47467998280021756,2.3358864239234354e-14
group_TAC_ISI,52,,,86.33174147775654,,3,3,LOCALLY_SOLVED,Solve_Succeeded,0.318079792,0.8307919793375095,4.614993525604288e6,86.33174541154153,30.56154542062691,443.7999898137506,1.5922526291542861e-16,1.5922526291542861e-16,9.620563609951188e-9,8.052104632484844e-9,0.9999999917081056,0.4163813656777257,3.5156757288175673e-6,3.9944702497871957e-7,1.213441239458624e-9,7.837756926499779e-9,3.80573720084869e-8,1.8668925143211553e-9,-5.8287657348547e-10,3.464299434560376e-9,2.6561059091730506e-8,1.319232816020787e-9,1.4984183667733259e-9,9.613211326119655e-9,4.1004895090153533e-8,2.5760702158649224e-9,1.0368929491690644e-8,0.16505179949005686,1.7098814238907835e-7,1.0636646476524162e-8,1.0368951883859302e-8,2.5766064817260256e-7,5.460813053878393e-7,1.0306103315220022e-8,1.9914387100249572e-10,5.431177858270375e-9,3.088201223664599e-8,1.8428639069291454e-9,1.4340144062110464e-8,-5.98935427383589e-9,-1.2016204026250117e-9,-9.150091309032812e-9,7.148104132488249e-9,-8.914418835328653e-10,1.0911674627777015e-8,-7.805211213479871e-9,1.5746627631577255e-8,-8.294386720147402e-9,-6.195353855625676e-9,-9.620563609951188e-9,0.034345674243471576,-4.2340607855454133e-10,3.998362209463121e-9,-8.665556638791027e-9,0.9656542446313855,-7.962682181449667e-9,-5.623623012416771e-9,-9.588816576287296e-9,9.96947479949633e-9,-3.2197239238119736e-9,4.645501523707444e-9,-8.409425128266966e-9,1.348268043842915e-10,1.1934766228988302e-8,1.1840071291529256e-7,2.773668878420002e-8,-6.476406372060775e-11,5.275183229898755e-9,8.263440606316155e-8,1.9600030409451693e-8,1.664909296414806e-10,1.4638299064773114e-8,1.2757078472492207e-7,3.827304320713599e-8,1.1521032768545156e-9,0.25132887649622293,5.319631096549104e-7,1.5803017622264467e-7,1.1521057648732556e-9,3.923468960810085e-7,1.6989196167621666e-6,1.5311924925469742e-7,2.2127096778055073e-11,8.270202647820799e-9,9.607737140289865e-8,2.737969233151873e-8,3.6699265061222874e-14,3.956085073863624e-15,7.978961887043817e-15,0.3711317303818773,0.49248431769510914,9.637858544039032e-13
group_TAC_ISI,53,,,78.18938786324445,,3,3,LOCALLY_SOLVED,Solve_Succeeded,0.245258167,0.8520678417901846,4.469212315952966e6,78.1893917915302,31.538339738454987,443.7999898100337,8.120488408686859e-17,1.230377031619221e-16,9.622745264110983e-9,8.040848170770845e-9,0.9999999908503792,0.3967987850106714,4.467038255083229e-6,4.162937004103784e-7,1.5129308779708553e-9,7.704553052697184e-9,3.747465882310273e-8,1.8401588953427352e-9,-3.1436741082207273e-10,3.5208969824518302e-9,2.6585211547784235e-8,1.3223242079206456e-9,1.7825572812678693e-9,9.448026988456599e-9,4.0349919158776595e-8,2.5312758453734017e-9,8.187924028930284e-9,0.15709719443595946,1.6864792502996925e-7,1.0615763011452542e-8,1.2292159896788077e-8,0.00019239938794300985,7.818600223413765e-7,1.1484520618166752e-8,4.658199364460661e-10,5.427566995804893e-9,3.0704124232716924e-8,1.8322924959870818e-9,1.5616464595736544e-8,-6.053188220158337e-9,-1.3306778799504832e-9,-9.161412954424986e-9,7.970457278241771e-9,-1.0577554675310375e-9,1.0474032348321e-8,-7.854557773726505e-9,1.701413647734428e-8,-8.305488071824843e-9,-6.218388431060183e-9,-9.622745264110983e-9,1.4583101016677614e-7,-2.177830920847124e-9,2.259400459915825e-9,-8.825957648103647e-9,0.9999997669358983,-7.942773642906328e-9,-5.6220761481509594e-9,-9.58866081557426e-9,1.0896829338539825e-8,-3.353861763152879e-9,4.3638689621690906e-9,-8.44199273953692e-9,1.6810343088565052e-10,1.1731933057516166e-8,1.165878274496529e-7,2.7339503587949205e-8,-3.4929712313563624e-11,5.36136585964256e-9,8.270954703755093e-8,1.96459596605353e-8,1.980619201408743e-10,1.4386768368786186e-8,1.255330818273049e-7,3.760752684554767e-8,9.097693365478091e-10,0.23921618243657464,5.246824334265709e-7,1.5771990759872346e-7,1.3657955440875636e-9,0.00029297179527685587,2.4324534028398376e-6,1.70627163469906e-7,5.175777071622954e-11,8.264704289066542e-9,9.552394205734151e-8,2.722263136895093e-8,3.6891809238775874e-14,4.052716091011446e-15,1.064080522156313e-14,0.3299043433696269,0.5102888702764761,9.864434502764188e-13
group_TAC_ISI,54,,,70.04703424873237,,3,3,LOCALLY_SOLVED,Solve_Succeeded,0.224963542,0.8731913846914062,4.317935126827027e6,70.0470381599863,32.515962813611836,443.7999898126881,1.5922526291542861e-16,1.5922526291542861e-16,9.622428206121056e-9,8.005985558416249e-9,0.9999999905249919,0.3772164766663748,4.1282685521180664e-6,4.117090140349893e-7,1.633769070422818e-9,7.687959676555018e-9,3.751988639475127e-8,1.8410019279688866e-9,-1.5253670185824238e-10,3.6703319294986014e-9,2.703439338948379e-8,1.3476925977256662e-9,1.89388751095328e-9,9.395813071531188e-9,4.029480634898036e-8,2.5253526739011416e-9,8.462034313219626e-9,0.137455444360015,1.6992505254797678e-7,1.066064011713119e-8,1.2522825237880744e-8,0.012071793083543423,6.977563914942754e-7,1.1120918584000553e-8,5.991076068984188e-10,5.5107715292827856e-9,3.095351428085027e-8,1.8491198132387513e-9,1.5815409339278138e-8,-6.1069222916673785e-9,-1.4285237761018733e-9,-9.17007821392676e-9,8.333200240327017e-9,-1.2726991328503947e-9,9.963033972012373e-9,-7.91451641972443e-9,1.715487705532139e-8,-8.306128473276812e-9,-6.216975417667684e-9,-9.622428206121056e-9,1.5159548798637447e-7,-2.372830073432777e-9,2.0757526468160656e-9,-8.841888898608098e-9,0.9999997587306102,-7.941153838980356e-9,-5.622908808499997e-9,-9.588555178422141e-9,1.1163088300515226e-8,-3.5074423804212974e-9,4.063768514423816e-9,-8.477026798243466e-9,1.8152989671364636e-10,1.170666587111787e-8,1.1672853545033726e-7,2.7352028644109166e-8,-1.694852242869359e-11,5.5889145290092345e-9,8.410700165617177e-8,2.0022861451924177e-8,2.1043194566147547e-10,1.4307260813467947e-8,1.2536161975238332e-7,3.751952544081696e-8,9.402260348021804e-10,0.20930715391184104,5.286557190381498e-7,1.5838665316880621e-7,1.3914250264311932e-9,0.01838204855903203,2.170797662426634e-6,1.6522507610515105e-7,6.656751187760205e-11,8.391402101407878e-9,9.629982220708971e-8,2.7472637225261448e-8,3.7048962010966746e-14,4.1946410929098204e-15,1.0944724352144556e-14,0.2886566730397298,0.5281079132490315,1.0179311679285815e-12
group_TAC_ISI,55,,,61.904680634220284,,3,3,LOCALLY_SOLVED,Solve_Succeeded,0.21638075,0.8939375956925596,4.1547605351790506e6,61.9046845258837,33.493585910899455,443.7999898144031,1.6240976817373719e-16,1.5922526291542861e-16,9.622450906537769e-9,7.965885546187504e-9,0.9999999903130653,0.3576341029925341,4.098165991693833e-6,4.120514006063114e-7,1.7261840295291747e-9,7.71728962253283e-9,3.761981302370671e-8,1.8452527986733496e-9,-2.3433613176418207e-12,3.8602355632551435e-9,2.7558014556755453e-8,1.3777165484396584e-9,1.975378378728102e-9,9.386354341045265e-9,4.0278183987982135e-8,2.523290064272525e-9,8.671510491379133e-9,0.11781369623448087,1.7049657688044264e-7,1.068422286756094e-8,1.2796864895584743e-8,0.023951158795938454,6.892565069948717e-7,1.107385560765142e-8,7.135196755162485e-10,5.632857395599472e-9,3.125893545598605e-8,1.870640757391253e-9,1.5874518864949415e-8,-6.1665622658601544e-9,-1.5431540173426142e-9,-9.18044422716386e-9,8.656140718464779e-9,-1.506581464293413e-9,9.387614364300776e-9,-7.98189805620398e-9,1.7141492362535934e-8,-8.308095540306471e-9,-6.218860101953117e-9,-9.622450906537769e-9,1.5236446900797975e-7,-2.605204715615809e-9,1.846927446736377e-9,-8.861921460467024e-9,0.9999997561660624,-7.942690326837083e-9,-5.623627548490181e-9,-9.58842512303562e-9,1.1353588387259468e-8,-3.674112142918004e-9,3.726297851631947e-9,-8.516692403536787e-9,1.9179822550324157e-10,1.1751327379765902e-8,1.1703941829597641e-7,2.741518443743262e-8,-2.6037347973797995e-13,5.878085971320333e-9,8.573604528768362e-8,2.0468931576817778e-8,2.194864865253446e-10,1.4292857746591656e-8,1.2530990574038883e-7,3.748888095490609e-8,9.635011657087924e-10,0.17939812835705046,5.304337947391548e-7,1.5873702546090537e-7,1.421873877287193e-9,0.03647108271199719,2.1443535773173784e-6,1.6452585474224965e-7,7.92799639462498e-11,8.577305579662833e-9,9.725002141862325e-8,2.7792376966955755e-8,3.7241156697054334e-14,4.3610409261035196e-15,1.1687960711601599e-14,0.2474090024465102,0.5459269562091269,1.054284370553937e-12
group_TAC_ISI,56,,,53.7623270197082,,3,3,LOCALLY_SOLVED,Solve_Succeeded,0.208945125,0.914218488846201,3.9769143323856834e6,53.76233088523158,34.47120901386661,443.79998981646554,1.5922526291542861e-16,1.5922526291542861e-16,9.622523427034064e-9,7.912379225499811e-9,0.9999999900496904,0.3380517257489363,4.0848958034090176e-6,4.12880839947137e-7,1.841704777681135e-9,7.756948325036942e-9,3.7747377837334584e-8,1.850751493759607e-9,1.8597597100374782e-10,4.099321171654528e-9,2.8212771557430264e-8,1.415161868649737e-9,2.0770664567851023e-9,9.378036695815147e-9,4.026028741918485e-8,2.5210306146336226e-9,8.93593318281641e-9,0.09817194792904543,1.711304717622728e-7,1.0711015648175021e-8,1.3156742501222544e-8,0.035830523247388446,6.846341689766467e-7,1.1042767027418602e-8,8.56237343748376e-10,5.785217221199404e-9,3.1635660283000845e-8,1.8972272200435652e-9,1.5934014103175545e-8,-6.240531964280975e-9,-1.6863719918948607e-9,-9.193434169810225e-9,9.052629547509996e-9,-1.8029109128673369e-9,8.670039068510649e-9,-8.064587612116508e-9,1.711068070627722e-8,-8.310755543334461e-9,-6.2216669296358315e-9,-9.622523427034064e-9,1.52839927911856e-7,-2.8850279463655405e-9,1.563249536589536e-9,-8.886867421727925e-9,0.9999997534746506,-7.944993968108651e-9,-5.6246858687054065e-9,-9.588273020957245e-9,1.157816495421897e-8,-3.8793719788220106e-9,3.3099840466876403e-9,-8.565314382287924e-9,2.046338641867927e-10,1.181171676766989e-8,1.174362866050409e-7,2.7496879335857017e-8,2.0663996778194197e-11,6.242148147746666e-9,8.77730670675608e-8,2.1025262048510373e-8,2.3078516186501126e-10,1.4280192241354884e-8,1.2525422752635286e-7,3.745531198884238e-8,9.928814647573784e-10,0.1494891025283192,5.324059121492931e-7,1.5913508963002883e-7,1.4618602779136153e-9,0.05456011494488695,2.1299729701495673e-6,1.6406396726450493e-7,9.513748263870842e-11,8.809308041371819e-9,9.84220542137804e-8,2.8187375840647255e-8,3.748888713172274e-14,4.5792083134717635e-15,1.2682982911570419e-14,0.2061613312012365,0.5637459992583198,1.101171954748099e-12
group_TAC_ISI,57,,,45.61997340519611,,3,3,LOCALLY_SOLVED,Solve_Succeeded,0.197290917,0.9338893936547291,3.7798350139666786e6,45.61997723322766,35.44883212469331,443.7999898191729,1.6240976817373719e-16,6.914554671463676e-23,9.622652112330417e-9,7.835636816077135e-9,0.9999999896900424,0.318469346963134,4.078954390267862e-6,4.1413739953908836e-7,1.9979388807962927e-9,7.809356695157476e-9,3.7914048228710205e-8,1.8579465049407387e-9,4.3681682679310084e-10,4.4117438202819734e-9,2.9064671303510808e-8,1.4636741529887593e-9,2.214871483509961e-9,9.368352675595513e-9,4.0237071687286495e-8,2.51816012413371e-9,9.298713954538408e-9,0.07853019920306466,1.7190758331971232e-7,1.0744222147011437e-8,1.3660382404732253e-8,0.04770988747773231,6.814278452074122e-7,1.1015655036404321e-8,1.0466904763462302e-9,5.981259305006823e-9,3.21170915743355e-8,1.9312000248337285e-9,1.6002862011043642e-8,-6.336514903155016e-9,-1.8733964529931703e-9,-9.210442385343994e-9,9.564897968661375e-9,-2.19603343585272e-9,7.737197410857306e-9,-8.170016028909686e-9,1.7062497892170837e-8,-8.314449022573923e-9,-6.2257373954402285e-9,-9.622652112330417e-9,1.5320147770239612e-7,-3.233017883048282e-9,1.1980089624969745e-9,-8.919154761899692e-9,0.9999997501601139,-7.94831823860121e-9,-5.626294819920468e-9,-9.588085029664192e-9,1.1858844155199703e-8,-4.143022277649951e-9,2.7748882433284624e-9,-8.627283989150669e-9,2.2199320897736576e-10,1.1891520422171614e-8,1.1795481671154283e-7,2.7603776644833833e-8,4.853520297701119e-11,6.717882635429368e-9,9.042342183314472e-8,2.1746015987261568e-8,2.4609683150110663e-10,1.4265446119656805e-8,1.2518200080489127e-7,3.741266470141511e-8,1.033190439393156e-9,0.11958007605921209,5.348235925502161e-7,1.5962844332702706e-7,1.517820267192472e-9,0.07264914684109239,2.1199977406452823e-6,1.6366116054086418e-7,1.1629894181624777e-10,9.107826668987664e-9,9.99198404534882e-8,2.8692114654672536e-8,3.78254451581377e-14,4.883078205167733e-15,1.405844020355687e-14,0.16491365895652702,0.5815650424536295,1.1651565631411957e-12
group_TAC_ISI,58,,,37.47761979068403,,3,3,LOCALLY_SOLVED,Solve_Succeeded,0.185674583,0.9527051006876135,3.555791050880981e6,37.477623558737065,36.426455249038234,443.7999898230735,8.120488408686859e-17,6.151885158096106e-17,9.62287116426688e-9,7.71286619002669e-9,0.9999999891455013,0.2988869671057705,4.07827345502908e-6,4.159700479472387e-7,2.2297174103246745e-9,7.881216335185533e-9,3.814394342020773e-8,1.867838522820008e-9,7.975563646910031e-10,4.8422721272067664e-9,3.023378957109343e-8,1.5298460145022608e-9,2.4201809128220833e-9,9.35468100001068e-9,4.020240623308843e-8,2.5140714464448843e-9,9.84855128844674e-9,0.05888844971716218,1.72940737318937e-7,1.0788685591458807e-8,1.4436202015771483e-8,0.059589251998957087,6.78892252012471e-7,1.0987583305887756e-8,1.3230931675512659e-9,6.246780822227289e-9,3.276500824596644e-8,1.976881085242577e-9,1.6088863334980727e-8,-6.469219231099995e-9,-2.133905880998558e-9,-9.234207752804047e-9,1.0264631384016547e-8,-2.7487895537456e-9,6.455748352114227e-9,-8.31152124886085e-9,1.698744020544437e-8,-8.31994290379553e-9,-6.231966416535727e-9,-9.62287116426688e-9,1.5348738981280722e-7,-3.687085026424201e-9,6.998377129478773e-10,-8.96349194021543e-9,0.9999997455817652,-7.95336295894952e-9,-5.628872220615418e-9,-9.587831674099763e-9,1.2229521094337817e-8,-4.501255258173766e-9,2.0469399638052477e-9,-8.710680024735468e-9,2.477463789249637e-10,1.20009430558507e-8,1.186700461962018e-7,2.7750743767611544e-8,8.861737385455586e-11,7.37345983006485e-9,9.406067866562397e-8,2.2729140786890726e-8,2.6890899031356474e-10,1.42446278863799e-8,1.2507415272516399e-7,3.7351918632895424e-8,1.0942834764940819e-9,0.08967104843295151,5.380378494366929e-7,1.6028904307310224e-7,1.604022446196831e-9,0.09073817918023011,2.1121092284832426e-6,1.6324409483033237e-7,1.470103519501406e-10,9.51214352475519e-9,1.0193558120967334e-7,2.9370804695032566e-8,3.832052695685196e-14,5.345341450137867e-15,1.6101752135142238e-14,0.12366598505451093,0.599384085908251,1.2599531811881258e-12
group_TAC_ISI,59,,,29.33526617617195,,3,3,LOCALLY_SOLVED,Solve_Succeeded,0.178364208,0.9701867224537787,3.289682969144028e6,29.33526982707661,37.40407840220658,443.79998982957756,1.5922526291542861e-16,1.5922526291542861e-16,9.623278174797343e-9,7.473073987217397e-9,0.9999999881693532,0.27930458616942166,4.083428813626202e-6,4.1878477124057424e-7,2.6302756817204483e-9,7.987518253085588e-9,3.849226557597441e-8,1.882703177763924e-9,1.3867329541789489e-9,5.484169129843275e-9,3.196908164615555e-8,1.6271749610115317e-9,2.7774102354860114e-9,9.33059791946513e-9,4.0139928240580833e-8,2.507245792533915e-9,1.0833200587776801e-8,0.039246698714650745,1.7448191096020436e-7,1.0855473996984294e-8,1.5852642225420542e-8,0.07146861753879342,6.766509144605692e-7,1.095360642557455e-8,1.7848561522090077e-9,6.63741478617575e-9,3.371094168801855e-8,2.043455250171074e-9,1.6203271243065296e-8,-6.672929079423519e-9,-2.5379798774424753e-9,-9.271233567070362e-9,1.1296196307973442e-8,-3.5945769124738593e-9,4.543411859715724e-9,-8.516905011078492e-9,1.6856929333053547e-8,-8.329235971157721e-9,-6.242745049856237e-9,-9.623278174797343e-9,1.5365523851218796e-7,-4.328355790117059e-9,-4.8130242854364123e-11,-9.030701847055085e-9,0.9999997382172098,-7.961988984732068e-9,-5.63349232714626e-9,-9.587436417624658e-9,1.2757043724667138e-8,-5.033014669788306e-9,9.625742476065686e-10,-8.833133177279868e-9,2.9225285352449414e-10,1.2162811885380328e-8,1.1975371512525367e-7,2.7971590069635434e-8,1.540814393532165e-10,8.35089390226135e-9,9.945936512137281e-8,2.4175170849314183e-8,3.0860113727622335e-10,1.4207955922821905e-8,1.2487977674847367e-7,3.725050891764673e-8,1.203688954197422e-9,0.0597620184973091,5.428326118761913e-7,1.612813279551952e-7,1.761404691713393e-9,0.10882721307043543,2.1051361783217706e-6,1.6273929546567902e-7,1.9831735024544525e-10,1.0106972515313075e-8,1.0487848525161325e-7,3.0359906573970236e-8,3.915568732358487e-14,6.161693747781258e-15,1.956631909974523e-14,0.08241830797833548,0.6172031299142221,1.4215196315330815e-12
group_TAC_ISI,60,,,21.192912561659863,,3,3,LOCALLY_SOLVED,Solve_Succeeded,0.176925458,0.9797387624842615,2.496640095823447e6,21.192915573889294,38.712717739735716,443.7999898511402,1.5922526291542861e-16,1.5922526291542861e-16,9.62473628266668e-9,6.1657631479183506e-9,0.9999999842506435,0.2597222022583109,4.108870962976204e-6,4.252258870738303e-7,4.072134066310672e-9,8.22365203507935e-9,3.9347620718166374e-8,1.918316616635024e-9,3.232479593317782e-9,6.917306406187399e-9,3.583019545760383e-8,1.8399235363850115e-9,4.080680588100264e-9,9.233819461892369e-9,3.9889412455028084e-8,2.48400031247673e-9,3.666515136121479e-9,8.277093915493935e-9,3.7630274659280115e-8,2.3217115572543263e-9,2.179525035392493e-8,0.08758219498809,6.733906670308208e-7,1.0888634827264639e-8,1.4749895829134214e-8,0.015370733011572118,1.7754449804759158e-7,1.0877609395475136e-8,1.6371258994852327e-8,-7.207361087686662e-9,-3.6224286700219893e-9,-9.371603601137782e-9,1.3515576350496505e-8,-5.584354110564112e-9,1.4531158857962396e-10,-8.97209292148026e-9,1.6401962558321967e-8,-8.359465120484575e-9,-6.278826164132483e-9,-9.62473628266668e-9,1.4953075829396953e-8,-7.194042044066412e-9,-3.6690712396656054e-9,-9.346782232046424e-9,0.9999997138210107,-7.990106087948513e-9,-5.649275037317289e-9,-9.586222136713422e-9,1.518578083506176e-7,-3.0500030997851557e-9,1.8998380949665023e-9,-8.822930502051671e-9,4.524593407011856e-10,1.2522379235234466e-8,1.2241482001207314e-7,2.8500704018577497e-8,3.5916439925753125e-10,1.053317111851263e-8,1.1147171920143412e-7,2.7336006826291595e-8,4.5340895423336253e-10,1.4060588726063381e-8,1.241003943045318e-7,3.690514749965427e-8,4.0739057068016413e-10,1.2603756644047584e-8,1.1707196560664923e-7,3.449400027920714e-8,2.4216944837694354e-9,0.1333637969136825,2.0949931863181086e-6,1.6177400314793178e-7,1.6388773143482455e-9,0.02340543435853027,5.523606605925071e-7,1.6161019673277344e-7,4.1911361287693933e-14,9.070243668454211e-15,3.099543465273052e-14,1.2434942723858789e-12,0.6413734847416157,0.03227878899443283
group_TAC_ISI,61,,,13.05055894714778,,3,3,LOCALLY_SOLVED,Solve_Succeeded,0.153220791,0.9852482594961999,2.1073597612579716e6,13.050563783329977,39.386340883996695,443.7999892608343,3.1845052583085723e-16,3.1845052583085723e-16,9.865513504521223e-9,9.899230670439361e-9,1.000000007659283,0.2400731761112859,3.1345276468971023e-6,2.007319612240152e-7,-9.004428792693545e-9,-5.845117929278648e-9,-9.94832175339581e-10,-4.473217726514687e-10,-9.072773047780667e-9,-5.9327749669069e-9,-1.2259593093897525e-9,-4.694524995735545e-10,-8.344263062065262e-9,-2.6931317743751316e-9,8.929298439199442e-9,3.144536314199974e-10,-9.004567255660146e-9,-5.838883002860339e-9,-8.900395359343738e-10,-4.373050749522566e-10,-7.824494511146507e-9,0.0949254786783252,7.305801988867192e-7,1.6330587692318038e-8,-9.005699771629224e-9,-5.840496389215549e-9,-8.957626615195071e-10,-4.378272391530841e-10,-7.562308219281951e-9,2.3281345269718007e-8,1.9731500442869565e-8,-6.321087101377042e-9,-7.93503913484332e-9,2.7005140288706277e-9,3.0556850242279354e-8,1.8366620871348824e-10,9.377213078084298e-8,-2.8766615630099384e-9,-4.740550244339339e-9,-9.641577874017953e-9,-7.563138308276136e-9,1.3977811629079866e-8,3.459993340844536e-8,-4.718254177543066e-9,1.0000000025800273,0.0006020973202088001,-4.059947487498323e-9,-9.655831609364015e-9,-7.56991523352517e-9,1.373990300104281e-8,3.470570111110093e-8,-4.643233629860725e-9,-1.0004920880770602e-9,-8.900520483219762e-9,-3.095033434389807e-9,-6.645923479393248e-9,-1.0080858941978515e-9,-9.033998245062783e-9,-3.814095629212563e-9,-6.974722850807096e-9,-9.271403402294733e-10,-4.100905201889406e-9,2.778003958862048e-8,4.671882523954247e-9,-1.000507472851127e-9,-8.891026390719153e-9,-2.7690118895736067e-9,-6.497103970719239e-9,-8.693882790162784e-10,0.14454561526017703,2.272916174314237e-6,2.4262587428586797e-7,-1.0006333079588021e-9,-8.893483138123678e-9,-2.7868171691717996e-9,-6.504861838845819e-9,1.0562166957931634e-14,-5.272203167340821e-14,-6.465226521752195e-13,-1.1797760805611414e-11,0.6532917512822726,-3.321918061332034e-11
group_TotEmiss_ISI,1,,3.363746459034643e7,,,3,3,LOCALLY_SOLVED,Solve_Succeeded,0.378242666,0.6041635108414929,1.3023197739188464e7,280.4087046513814,4.383622350005936,443.7999902365332,1.1368683772161603e-16,0.0,9.503475622685111e-9,0.0,0.9999999857604236,0.8831362465048916,6.847841433066816e-6,3.87494631010703e-7,1.9175501897544485e-8,1.1413352151333564e-6,5.174413622958237e-7,9.870474098426998e-9,5.053963121193996e-10,2.8047260034834164e-9,2.4975044086169377e-8,1.1761590982986199e-9,3.7154722478297247e-9,8.758133282186481e-9,4.181413921247352e-8,2.0535513786786408e-9,1.9175498866046525e-8,0.35007085723297515,9.964112564274017e-7,1.0965932800357147e-8,3.70958073999991e-9,8.739640487080703e-9,4.176749625416116e-8,2.0507365591359e-9,1.5296856763977274e-9,4.497438264962036e-9,3.000109275101979e-8,1.44933704939123e-9,0.7002761201929972,1.2012485977702436e-8,2.0349757741608962e-8,-7.598005712436942e-9,5.92271934883728e-9,-1.1155231452189207e-9,1.3362914864010203e-8,-7.420115082689208e-9,1.490904571536658e-8,-7.705516168918815e-9,-4.724786552253035e-9,-9.482745468973856e-9,0.29972376828066655,1.2886156006523532e-8,2.2124407328431504e-8,-7.529575755761341e-9,1.4889204555412021e-8,-7.797757320903734e-9,-4.9363107448843695e-9,-9.503475622685111e-9,8.442306021220182e-9,-2.5445502270524257e-9,8.42273176314625e-9,-8.0924798118972e-9,2.1306113219493864e-9,1.737942259407611e-6,1.6098175715870069e-6,1.4664704374805823e-7,5.615514579104437e-11,4.270832778031566e-9,7.77001371569714e-8,1.747436374615092e-8,4.128302497588581e-10,1.3336248406965778e-8,1.3008843310547313e-7,3.050990619751123e-8,2.13061098511628e-9,0.5330624416956667,3.099946131107471e-6,1.6292243017673473e-7,4.121756377777677e-10,1.3308088923509255e-8,1.2994332167961245e-7,3.046808602144765e-8,1.69965075155303e-10,6.8483719034649196e-9,9.333673300317268e-8,2.1533007590955416e-8,0.9999999494377754,3.709168408460755e-12,-1.0195252301123828e-10,0.9491523437124417,-4.971582496329037e-10,9.161446415921751e-10
group_TotEmiss_ISI,2,,3.3111959767029714e7,,,3,3,LOCALLY_SOLVED,Solve_Succeeded,0.3718445,0.6041635108335234,1.3023197739154132e7,280.4087046479944,4.383622349966909,443.7999902324969,2.2737367544323206e-16,0.0,9.503475622850603e-9,0.0,0.9999999857640616,0.8831362464836446,6.847842751875614e-6,3.874946319163287e-7,1.9175501904437898e-8,1.141335339380471e-6,5.174413980431174e-7,9.87047413855205e-9,5.053963022798476e-10,2.804725996063196e-9,2.4975044191762864e-8,1.1761590972627478e-9,3.715472303781231e-9,8.758133215979168e-9,4.181413939972375e-8,2.0535513855996845e-9,1.9175498842865596e-8,0.35007085722442877,9.964115407836895e-7,1.0965932817442574e-8,3.7095807227534765e-9,8.739640467448104e-9,4.176749650324264e-8,2.050736556746672e-9,1.52968565690377e-9,4.4974382416026225e-9,3.00010928565472e-8,1.4493370460528016e-9,0.7002761201925961,1.2012486040515918e-8,2.034975783561661e-8,-7.598005710918076e-9,5.922719328547407e-9,-1.1155231560215184e-9,1.3362914872568748e-8,-7.420115085378892e-9,1.4909045597326356e-8,-7.705516163419965e-9,-4.7247865422190775e-9,-9.48274546845595e-9,0.2997237682847059,1.2886156016439749e-8,2.212440739522847e-8,-7.529575755966875e-9,1.4889204503751045e-8,-7.797757321878355e-9,-4.9363107451672834e-9,-9.503475622850603e-9,8.442305974065261e-9,-2.5445502439406703e-9,8.422731749688482e-9,-8.092479814940104e-9,2.1306113227153213e-9,1.7379424486020811e-6,1.6098176828008095e-6,1.4664704434420187e-7,5.615514469776083e-11,4.270832766732594e-9,7.770013748548445e-8,1.7474363730760822e-8,4.1283025597569216e-10,1.3336248306150097e-8,1.300884336880294e-7,3.0509906300338166e-8,2.130610982540621e-9,0.5330624416826529,3.099947015771478e-6,1.629224304305754e-7,4.1217563586149725e-10,1.3308088893614158e-8,1.2994332245453264e-7,3.046808598595055e-8,1.699650729893077e-10,6.848371867894903e-9,9.333673333148016e-8,2.1533007541355906e-8,0.9999999494377753,3.70916803995134e-12,-1.0195251690514215e-10,0.9491523436975774,-4.97158201506116e-10,9.161445381980739e-10
group_TotEmiss_ISI,3,,3.2586454943712994e7,,,3,2,LOCALLY_SOLVED,Solve_Succeeded,0.367130417,0.6041635108376945,1.3023197739169886e7,280.4087046497667,4.383622349987366,443.799990234515,2.2737367544323206e-16,2.460754063238442e-16,9.503475622589866e-9,0.0,0.9999999857604236,0.8831362464961681,6.84784136736818e-6,3.8749463094967576e-7,1.917550189306131e-8,1.141335176357027e-6,5.174413578864721e-7,9.870474086847407e-9,5.053963134586996e-10,2.8047260036147644e-9,2.4975044080467086e-8,1.1761590983359727e-9,3.7154723291458583e-9,8.75813324918605e-9,4.181413917241464e-8,2.0535513898614687e-9,1.9175498872649548e-8,0.350070857229556,9.964112449436373e-7,1.0965932797587045e-8,3.709580751323756e-9,8.739640507757421e-9,4.1767496296386045e-8,2.050736561925075e-9,1.5296856648764326e-9,4.49743824233275e-9,3.0001092678797376e-8,1.4493370460475e-9,0.7002761201931158,1.2012485952236333e-8,2.03497577226774e-8,-7.598005713242012e-9,5.922719351638877e-9,-1.1155231451619633e-9,1.3362914862314564e-8,-7.420115082673184e-9,1.4909045675596353e-8,-7.705516161874222e-9,-4.7247865411551686e-9,-9.482745468210214e-9,0.2997237682805479,1.2886156000973834e-8,2.212440731938637e-8,-7.529575755960233e-9,1.4889204592760015e-8,-7.797757320197881e-9,-4.936310743721803e-9,-9.503475622589866e-9,8.442305990849866e-9,-2.544550242205518e-9,8.422731731739619e-9,-8.09247981437677e-9,2.130611321451256e-9,1.7379422003618365e-6,1.609817557869024e-6,1.466470435760186e-7,5.6155145939855497e-11,4.270832778231574e-9,7.770013713923092e-8,1.7474363746705876e-8,4.128302587939841e-10,1.3336248356715122e-8,1.3008843298084554e-7,3.05099063636561e-8,2.130610985849949e-9,0.5330624416904602,3.099946095380204e-6,1.6292243013557893e-7,4.121756390359727e-10,1.3308088954994257e-8,1.299433218109788e-7,3.046808606288682e-8,1.699650738751591e-10,6.848371869006688e-9,9.333673277848071e-8,2.153300754127714e-8,0.9999999494377754,3.709167644661864e-12,-1.0195250625428541e-10,0.9491523437051684,-4.971581595050076e-10,9.161444271877444e-10
group_TotEmiss_ISI,4,,3.2060950120396275e7,,,3,2,LOCALLY_SOLVED,Solve_Succeeded,0.376493667,0.6041635108376815,1.3023197739167806e7,280.4087046497618,4.3836223499872595,443.79999023451506,3.410605131648481e-16,1.5922526291542861e-16,9.503475622283826e-9,0.0,0.9999999857604231,0.8831362464964101,6.847840148974885e-6,3.874946209223709e-7,1.9175501631153103e-8,1.1413329060480616e-6,5.174411974032088e-7,9.870473490531428e-9,5.053963739949721e-10,2.8047259853142135e-9,2.4975043985057208e-8,1.1761590986099225e-9,3.7154724302284512e-9,8.758133201321275e-9,4.181413893530054e-8,2.0535513900831953e-9,1.9175499273436014e-8,0.35007085723192294,9.96411109999136e-7,1.0965932763817944e-8,3.709580855612403e-9,8.73964046729501e-9,4.176749608010445e-8,2.050736563086651e-9,1.5296857296112372e-9,4.4974382036618975e-9,3.000109250995457e-8,1.4493370443244454e-9,0.7002761201999617,1.2012484665041702e-8,2.03497569186044e-8,-7.598005750353766e-9,5.922719470425811e-9,-1.115523154517347e-9,1.3362914843220723e-8,-7.420115081274965e-9,1.4909045961924307e-8,-7.705516161525291e-9,-4.724786539852073e-9,-9.482745467925006e-9,0.29972376827370045,1.288615589529099e-8,2.212440726022955e-8,-7.529575755328952e-9,1.4889204889711985e-8,-7.797757319578545e-9,-4.936310741961876e-9,-9.503475622283826e-9,8.442306129385779e-9,-2.544550256883953e-9,8.422731704404149e-9,-8.092479814797875e-9,2.1306112923503437e-9,1.7379387433004576e-6,1.6098170585877605e-6,1.4664703471646692e-7,5.6155152666107987e-11,4.270832750364825e-9,7.770013684240018e-8,1.7474363750775992e-8,4.1283027002538325e-10,1.3336248283830124e-8,1.300884322431572e-7,3.0509906366950326e-8,2.1306110303817784e-9,0.5330624416940646,3.0999456755528664e-6,1.6292242963386657e-7,4.1217565062360017e-10,1.3308088893381037e-8,1.299433211381027e-7,3.046808608014452e-8,1.699650810679152e-10,6.848371810121526e-9,9.333673225319198e-8,2.1533007515677474e-8,0.9999999494377775,3.709167230083528e-12,-1.0195249502429756e-10,0.9491523437051553,-4.971581160272766e-10,9.161443109574397e-10
group_TotEmiss_ISI,5,,3.1535445297079556e7,,,3,3,LOCALLY_SOLVED,Solve_Succeeded,0.363449334,0.6041635108376119,1.302319773916181e7,280.40870464973204,4.383622349986936,443.7999902345149,1.5922526291542861e-16,1.5922526291542861e-16,9.503475621736988e-9,0.0,0.999999985760421,0.8831362464967051,6.847838503290609e-6,3.8749455816935826e-7,1.917549992996359e-8,1.1413190822571274e-6,5.174405352123958e-7,9.870469746229337e-9,5.053967188573825e-10,2.804725807674736e-9,2.497504404698234e-8,1.176159093374477e-9,3.7154729642908093e-9,8.758132653632903e-9,4.1814138780666504e-8,2.053551364138153e-9,1.917550182399445e-8,0.3500708572458688,9.964113733106525e-7,1.096593263509057e-8,3.7095813919522944e-9,8.739639926730636e-9,4.1767495942557235e-8,2.0507365379524536e-9,1.5296861222582386e-9,4.49743792555107e-9,3.000109248630304e-8,1.4493370317584994e-9,0.7002761202413404,1.2012476433896358e-8,2.0349752161560167e-8,-7.598005988065876e-9,5.9227201376960784e-9,-1.115523289261221e-9,1.336291478339007e-8,-7.420115088356084e-9,1.4909047429162487e-8,-7.70551616866877e-9,-4.7247865365125975e-9,-9.482745467427212e-9,0.2997237682323119,1.288615524299011e-8,2.212440733860167e-8,-7.52957575080083e-9,1.488920636379865e-8,-7.797757325682064e-9,-4.9363107378830085e-9,-9.503475621736988e-9,8.442306967965785e-9,-2.5445503710680586e-9,8.422731632163425e-9,-8.09247982115866e-9,2.1306111033292873e-9,1.7379176934369894e-6,1.6098149984385642e-6,1.4664697908683584e-7,5.615519098415359e-11,4.270832479868349e-9,7.770013703505617e-8,1.747436367299223e-8,4.128303293656453e-10,1.3336247449850105e-8,1.3008843176207353e-7,3.050990598148112e-8,2.1306113137771604e-9,0.5330624417153003,3.099946494744251e-6,1.629224277213456e-7,4.1217571021692143e-10,1.3308088070248925e-8,1.2994332071017803e-7,3.046808570672216e-8,1.699651246953598e-10,6.848371386634585e-9,9.333673217960944e-8,2.153300732898342e-8,0.9999999494377909,3.709166805620924e-12,-1.0195248320049545e-10,0.9491523437050745,-4.971580757951778e-10,9.161441931199068e-10
group_TotEmiss_ISI,6,,3.1009940473762836e7,,,3,3,LOCALLY_SOLVED,Solve_Succeeded,0.386230708,0.6041634567095797,1.302321870125737e7,280.40869197500894,4.383621262654172,443.7999893860351,2.2737367544323206e-16,1.5922526291542861e-16,9.793284254483834e-9,0.0,1.0000000012063721,0.8831371645140683,2.7164495275853317e-6,9.926950021782935e-8,-7.85035538872314e-10,4.0895981886146925e-7,1.8101330991396403e-7,2.8118399520034634e-9,-5.095656911641993e-9,-8.071898561920951e-10,1.3745963858157692e-8,3.270120595613353e-10,-2.8972834384206336e-9,1.2474702367264425e-8,4.6300702932251684e-8,1.3139886940826038e-9,-7.850358597434645e-10,0.350071958956898,3.4778485911078265e-7,3.2134164588659703e-9,-3.0668340735521427e-9,1.0512573825156228e-8,4.196263938007431e-8,1.21348908323808e-9,-4.063930989654346e-9,3.2599694395484064e-9,2.4684575274907394e-8,7.310041188214856e-10,0.7002787786275328,-2.01418350662327e-9,1.006224183496201e-9,-9.126916278505933e-9,4.22002959974282e-10,8.03224759711666e-9,2.3039298256854328e-8,-7.0386262714307535e-9,2.0727744458757203e-8,-8.93921080456108e-9,-7.692790984087731e-9,-9.781951432127753e-9,0.29972119564267835,-1.6967003601462568e-9,1.6494797687919881e-9,-9.101824484846412e-9,1.7770587783393696e-8,-9.003476699854091e-9,-7.820406361411758e-9,-9.793284254483834e-9,6.564466676263556e-9,3.985352073295923e-9,1.146707078890003e-8,-8.286938587861103e-9,-8.722617098581262e-11,6.227342696299645e-7,5.631525197323324e-7,4.177590785833717e-8,-5.661841012935545e-10,-1.2291300082925087e-9,4.276522089204615e-8,4.858464884911267e-9,-3.21920382046737e-10,1.8995569513789015e-8,1.44046631344783e-7,1.9522117740655822e-8,-8.722620663816268e-11,0.5330641193207311,1.081997339455768e-6,4.7742187388865846e-8,-3.4075934150579346e-10,1.600778287012426e-8,1.3055043362689782e-7,1.8028980665251474e-8,-4.515478877393716e-10,4.964044373857801e-9,7.679645641082299e-8,1.0860632622490641e-8,0.9999999880292475,1.3811424525528497e-13,-1.8428578395441076e-10,0.9491522550037239,-7.485504095679337e-9,-6.5231247445917854e-12
group_TotEmiss_ISI,7,,3.0484435650446117e7,,,3,3,LOCALLY_SOLVED,Solve_Succeeded,0.37025975,0.6041634567133779,1.3023218701273572e7,280.40869197662346,4.3836212626727455,443.7999893880533,2.460754063238442e-16,5.736519431140235e-22,9.793284254479444e-9,0.0,1.0000000012063721,0.8831371645228052,2.716449527342584e-6,9.926950022458156e-8,-7.850355389032396e-10,4.089598188169792e-7,1.8101330991487009e-7,2.8118399519007606e-9,-5.095656911621216e-9,-8.071898561153115e-10,1.3745963858375111e-8,3.2701205956317674e-10,-2.897283438248505e-9,1.2474702369666566e-8,4.630070293715707e-8,1.313988694195571e-9,-7.850358597742581e-10,0.3500719589603613,3.477848590257734e-7,3.2134164588302142e-9,-3.066834072739496e-9,1.0512573833945267e-8,4.196263939997872e-8,1.213489083678819e-9,-4.063930989623901e-9,3.25996943971757e-9,2.4684575275306863e-8,7.310041188350476e-10,0.700278778627533,-2.014183506951336e-9,1.0062241832342717e-9,-9.12691627852342e-9,4.220029601083009e-10,8.032247597165667e-9,2.3039298256424482e-8,-7.038626271475309e-9,2.0727744462346714e-8,-8.939210804555892e-9,-7.692790984085569e-9,-9.78195143212746e-9,0.2997211956426782,-1.6967003604658198e-9,1.649479768307779e-9,-9.101824484859666e-9,1.7770587796797757e-8,-9.003476699810438e-9,-7.820406361345931e-9,-9.793284254479444e-9,6.564466676602529e-9,3.985352073132382e-9,1.1467070788486296e-8,-8.286938587867148e-9,-8.72261709892488e-11,6.227342695622185e-7,5.631525197351512e-7,4.1775907856811304e-8,-5.661841012912461e-10,-1.229130008175588e-9,4.2765220892722556e-8,4.858464884938626e-9,-3.2192038202761153e-10,1.8995569517446818e-8,1.4404663136004417e-7,1.9522117742334198e-8,-8.72262066415842e-11,0.5330641193260048,1.0819973391912947e-6,4.774218738833461e-8,-3.407593414154994e-10,1.6007782883507566e-8,1.3055043368882267e-7,1.802898067179959e-8,-4.515478877359888e-10,4.964044374115392e-9,7.679645641206577e-8,1.0860632622692134e-8,0.9999999880292475,1.3811423865126838e-13,-1.8428577486922007e-10,0.9491522550109968,-7.485504063414141e-9,-6.523124436897127e-12
group_TotEmiss_ISI,8,,2.9958930827129398e7,,,3,2,LOCALLY_SOLVED,Solve_Succeeded,0.362495917,0.6041635108414872,1.3023197739179572e7,280.4087046513791,4.383622350005913,443.7999902365332,2.2737367544323206e-16,1.5922526291542861e-16,9.50347562224509e-9,0.0,0.9999999857604234,0.883136246504994,6.8478409145720775e-6,3.874946267187978e-7,1.9175501780944597e-8,1.1413342253466958e-6,5.174412937250678e-7,9.870473836116493e-9,5.053963385324148e-10,2.8047259954901125e-9,2.4975044048213087e-8,1.1761590984433504e-9,3.7154723756989677e-9,8.758133238959996e-9,4.181413911985035e-8,2.0535513915582193e-9,1.9175499040335423e-8,0.35007085723400594,9.964111993317025e-7,1.0965932783706725e-8,3.7095808191323982e-9,8.739640544947574e-9,4.1767496375967186e-8,2.0507365697546277e-9,1.5296856544458195e-9,4.497438160890182e-9,3.0001092435804104e-8,1.4493370357034778e-9,0.7002761201959804,1.2012485398092447e-8,2.034975737846308e-8,-7.598005729480551e-9,5.922719401153763e-9,-1.1155231507497791e-9,1.3362914851712954e-8,-7.420115082621464e-9,1.4909045810745923e-8,-7.705516161516839e-9,-4.724786540260825e-9,-9.482745468070505e-9,0.29972376827768255,1.2886155945949314e-8,2.212440728372277e-8,-7.529575756338068e-9,1.4889204799382011e-8,-7.797757318225474e-9,-4.936310739943338e-9,-9.50347562224509e-9,8.44230595185078e-9,-2.5445502927053535e-9,8.422731632341294e-9,-8.092479821932222e-9,2.1306113089938433e-9,1.7379407522324688e-6,1.6098173582557664e-6,1.4664703985087357e-7,5.615514872582384e-11,4.270832765859944e-9,7.770013703888513e-8,1.7474363748301203e-8,4.128302639665518e-10,1.3336248341143632e-8,1.3008843281731217e-7,3.050990638886497e-8,2.1306110044817132e-9,0.5330624416972363,3.0999459534764072e-6,1.6292242992935703e-7,4.1217564657026633e-10,1.3308089011624718e-8,1.2994332205856454e-7,3.046808617921161e-8,1.6996507271620206e-10,6.8483717449918695e-9,9.333673202250163e-8,2.1533007387594528e-8,0.9999999494377763,3.709165320712301e-12,-1.0195244231065566e-10,0.9491523437124355,-4.971578864244233e-10,9.161437749047252e-10
group_TotEmiss_ISI,9,,2.9433426003812674e7,,,3,2,LOCALLY_SOLVED,Solve_Succeeded,0.370605125,0.6041635108337039,1.302319773914479e7,280.4087046480712,4.383622349967798,443.7999902324969,1.2390881971262908e-21,2.294607772456094e-21,9.50347562219984e-9,0.0,0.9999999857622425,0.8831362464857575,6.847840973489629e-6,3.8749462729607453e-7,1.917550179589374e-8,1.1413343564579442e-6,5.174413026852617e-7,9.870473870755078e-9,5.053963350618628e-10,2.804725996695261e-9,2.497504405310143e-8,1.1761590984540008e-9,3.7154723713184736e-9,8.75813324537774e-9,4.1814139140590516e-8,2.053551392083049e-9,1.9175499016672826e-8,0.3500708572262494,9.964112046592986e-7,1.0965932785381178e-8,3.7095808199093036e-9,8.739640562825839e-9,4.176749642863045e-8,2.050736571764748e-9,1.5296856407768538e-9,4.497438146022448e-9,3.000109239579111e-8,1.4493370332641222e-9,0.7002761201955855,1.2012485470043627e-8,2.0349757422372604e-8,-7.59800572747093e-9,5.9227193944634e-9,-1.1155231503300935e-9,1.3362914851898886e-8,-7.4201150827780516e-9,1.490904579938929e-8,-7.705516161442217e-9,-4.724786540223322e-9,-9.482745468076342e-9,0.2997237682798966,1.288615594920865e-8,2.212440728243722e-8,-7.529575756547045e-9,1.4889204805393005e-8,-7.797757317766445e-9,-4.936310739211027e-9,-9.50347562219984e-9,8.442305918187391e-9,-2.544550303495823e-9,8.422731610253123e-9,-8.092479823844928e-9,2.130611310654859e-9,1.7379409518791424e-6,1.6098173861319252e-6,1.46647040365504e-7,5.615514834020695e-11,4.270832767695056e-9,7.770013705409332e-8,1.7474363748459436e-8,4.128302634798302e-10,1.3336248350916106e-8,1.3008843288183713e-7,3.0509906396662435e-8,2.1306110018525354e-9,0.5330624416854253,3.0999459700511505e-6,1.629224299542346e-7,4.121756466565891e-10,1.3308089038848438e-8,1.299433222224058e-7,3.046808620907625e-8,1.6996507119742812e-10,6.848371722352365e-9,9.333673189801676e-8,2.153300735135267e-8,0.999999949437776,3.7091647667109195e-12,-1.0195242704265898e-10,0.9491523436977314,-4.971578205373844e-10,9.161436193848313e-10
group_TotEmiss_ISI,10,,2.8907921180495955e7,,,3,2,LOCALLY_SOLVED,Solve_Succeeded,0.362127792,0.6041635108376896,1.3023197739159953e7,280.4087046497646,4.3836223499873554,443.799990234515,3.2481953634747437e-16,2.460754063238442e-16,9.503475622132458e-9,0.0,0.9999999857604234,0.8831362464962508,6.847840948111508e-6,3.874946271412181e-7,1.9175501791663766e-8,1.1413343222763038e-6,5.174413002143023e-7,9.870473861848728e-9,5.053963359850985e-10,2.804725996514272e-9,2.4975044051551184e-8,1.1761590984793795e-9,3.715472374260699e-9,8.758133248148805e-9,4.181413914519951e-8,2.0535513926094537e-9,1.9175499022308947e-8,0.35007085723044307,9.96411200978728e-7,1.0965932784653337e-8,3.7095808283045354e-9,8.739640577735245e-9,4.1767496467063164e-8,2.050736573862843e-9,1.5296856316841754e-9,4.497438128057379e-9,3.000109234358236e-8,1.4493370306613604e-9,0.7002761201956885,1.2012485447836225e-8,2.034975740775557e-8,-7.598005728177739e-9,5.922719396388672e-9,-1.1155231506576635e-9,1.3362914850726176e-8,-7.420115082846511e-9,1.4909045808752904e-8,-7.705516161348375e-9,-4.724786540092944e-9,-9.482745468062243e-9,0.2997237682779745,1.2886155944716107e-8,2.21244072771309e-8,-7.529575756711884e-9,1.488920483310731e-8,-7.797757317263284e-9,-4.936310738343945e-9,-9.503475622132458e-9,8.44230589425332e-9,-2.544550315542218e-9,8.422731585912586e-9,-8.092479825818987e-9,2.1306113101848622e-9,1.7379408998298267e-6,1.6098173784444957e-6,1.4664704023318107e-7,5.615514844278871e-11,4.270832767419461e-9,7.770013704927033e-8,1.7474363748836492e-8,4.1283026380674425e-10,1.3336248355135682e-8,1.300884328961762e-7,3.050990640448331e-8,2.130611002478771e-9,0.5330624416918112,3.099945958600487e-6,1.6292242994342098e-7,4.121756475893927e-10,1.3308089061551397e-8,1.2994332234197424e-7,3.046808624024795e-8,1.6996507018713056e-10,6.848371694996464e-9,9.333673173558955e-8,2.1533007312683067e-8,0.999999949437776,3.709164175985509e-12,-1.0195241077569415e-10,0.9491523437051632,-4.971577506908781e-10,9.161434535649712e-10
group_TotEmiss_ISI,11,,2.8382416357179236e7,,,3,3,LOCALLY_SOLVED,Solve_Succeeded,0.373593375,0.6041635108414928,1.3023197739175051e7,280.4087046513811,4.383622350005973,443.7999902365332,1.230377031619221e-16,1.230377031619221e-16,9.503475622157356e-9,0.0,0.9999999857604236,0.8831362465049019,6.847841380069969e-6,3.8749463109053544e-7,1.91755018948022e-8,1.141335209832891e-6,5.17441361035792e-7,9.870474096939278e-9,5.053963123606995e-10,2.804726004262999e-9,2.4975044084836306e-8,1.1761590984478205e-9,3.715472336938285e-9,8.758133273250373e-9,4.1814139241116545e-8,2.0535513933992917e-9,1.9175498863578288e-8,0.35007085723298453,9.964112448937147e-7,1.0965932797276533e-8,3.70958079742673e-9,8.739640617061289e-9,4.1767496603230394e-8,2.050736576510571e-9,1.529685592808034e-9,4.497438120324571e-9,3.000109233726271e-8,1.4493370279154725e-9,0.7002761201930141,1.2012485951935868e-8,2.034975771923737e-8,-7.598005713731704e-9,5.922719350257426e-9,-1.1155231467419898e-9,1.3362914856653365e-8,-7.420115083422102e-9,1.4909045704724016e-8,-7.70551616131195e-9,-4.724786540436777e-9,-9.482745468154247e-9,0.2997237682806496,1.288615598234044e-8,2.2124407291577458e-8,-7.529575757205736e-9,1.4889204750814745e-8,-7.79775731675843e-9,-4.936310737827118e-9,-9.503475622157356e-9,8.442305805108926e-9,-2.544550325415566e-9,8.422731564070286e-9,-8.092479828261135e-9,2.1306113216446882e-9,1.7379422513364478e-6,1.6098175676669085e-6,1.4664704372595496e-7,5.6155145817855475e-11,4.270832779218658e-9,7.770013715282404e-8,1.7474363748367613e-8,4.128302596598093e-10,1.3336248393358525e-8,1.3008843319458478e-7,3.0509906416218044e-8,2.1306109848420313e-9,0.5330624416956811,3.0999460952248896e-6,1.6292243013096562e-7,4.121756441585254e-10,1.3308089121434238e-8,1.2994332276560562e-7,3.0468086279585624e-8,1.6996506586755928e-10,6.848371683221505e-9,9.333673171592841e-8,2.153300727188702e-8,0.9999999494377753,3.709163545126119e-12,-1.019523933341166e-10,0.9491523437124412,-4.971576698280655e-10,9.161432764190052e-10
group_TotEmiss_ISI,12,,2.7856911533862516e7,,,3,3,LOCALLY_SOLVED,Solve_Succeeded,0.364283166,0.6041635108377974,1.3023197739164121e7,280.40870464981583,4.383622349987464,443.7999902345151,3.2481953634747437e-16,2.460754063238442e-16,9.50347562136992e-9,0.0,0.9999999857604265,0.8831362464972572,6.847836430945593e-6,3.8749471278995656e-7,1.917550419854378e-8,1.1413592551956596e-6,5.174416843846223e-7,9.870478969215112e-9,5.0539589931667e-10,2.8047263163192723e-9,2.4975043192420528e-8,1.1761591141015314e-9,3.7154717500974067e-9,8.758134292743349e-9,4.1814137788731174e-8,2.0535514604860713e-9,1.9175495445577606e-8,0.3500708572059012,9.964097213081177e-7,1.0965932878124463e-8,3.7095802162637696e-9,8.739641645977353e-9,4.176749518513489e-8,2.050736644950824e-9,1.529685114221041e-9,4.497438573303877e-9,3.000109121539927e-8,1.4493370531381609e-9,0.7002761201218821,1.2012496807078515e-8,2.034976358928013e-8,-7.598005395778078e-9,5.92271856362085e-9,-1.1155228749739949e-9,1.3362914862938056e-8,-7.420115054540347e-9,1.4909044155032558e-8,-7.705516140710127e-9,-4.724786539423455e-9,-9.482745467273558e-9,0.2997237683517929,1.288615684258317e-8,2.212440664791376e-8,-7.52957576348302e-9,1.4889203221080927e-8,-7.797757297713723e-9,-4.936310736954207e-9,-9.50347562136992e-9,8.442304795844546e-9,-2.544550119394985e-9,8.42273159364544e-9,-8.092479810711911e-9,2.1306115776159744e-9,1.7379788658661183e-6,1.609818573641047e-6,1.466471161140531e-7,5.6155099924074415e-11,4.270833254395255e-9,7.77001343764194e-8,1.7474363980937036e-8,4.1283019445526724e-10,1.3336249945768283e-8,1.300884286760525e-7,3.050990741293591e-8,2.1306106050641777e-9,0.5330624416544405,3.0999413551808106e-6,1.6292243133213484e-7,4.121755795848631e-10,1.3308090688192787e-8,1.2994331835375294e-7,3.046808729641224e-8,1.6996501269122673e-10,6.848372372985449e-9,9.333672822568661e-8,2.1533007646624105e-8,0.9999999494377573,3.709162828056449e-12,-1.0195237535535434e-10,0.9491523437052951,-4.971576061448066e-10,9.161430729137922e-10
group_TotEmiss_ISI,13,,2.7331406710545797e7,,,3,3,LOCALLY_SOLVED,Solve_Succeeded,0.383089792,0.604163510841099,1.3023197739169413e7,280.4087046512141,4.383622350004021,443.7999902365331,1.5922526291542861e-16,3.6911310948576635e-16,9.503475622142805e-9,0.0,0.9999999857640609,0.8831362465011379,6.84784258822005e-6,3.8749461348677717e-7,1.9175501400158778e-8,1.1413311462176586e-6,5.174412238156652e-7,9.870473041980591e-9,5.053964011558816e-10,2.8047259412655444e-9,2.4975044249270955e-8,1.1761590954941108e-9,3.7154724682241944e-9,8.758133075963942e-9,4.181413951865031e-8,2.053551381555421e-9,1.917549958738978e-8,0.35007085723555775,9.964116754203539e-7,1.0965932781927715e-8,3.7095809413037818e-9,8.739640448459078e-9,4.17674969583191e-8,2.050736568343764e-9,1.5296856693797352e-9,4.4974379827676535e-9,3.000109241203715e-8,1.4493370162365375e-9,0.7002761202051206,1.201248359438511e-8,2.034975643590353e-8,-7.598005782280198e-9,5.922719520401424e-9,-1.115523201969107e-9,1.3362914849758709e-8,-7.420115089338985e-9,1.490904605747247e-8,-7.705516165191291e-9,-4.7247865404333674e-9,-9.482745468292056e-9,0.29972376827217867,1.288615579710404e-8,2.21244074010418e-8,-7.529575756381892e-9,1.4889205145780509e-8,-7.797757319296603e-9,-4.936310735931007e-9,-9.503475622142805e-9,8.442305955044501e-9,-2.5445503980077586e-9,8.422731493157033e-9,-8.092479836891535e-9,2.1306112666843077e-9,1.7379360635587078e-6,1.6098171407598472e-6,1.4664702805228305e-7,5.615515568398683e-11,4.270832683290715e-9,7.77001376643985e-8,1.747436370448393e-8,4.1283027424713256e-10,1.3336248092945093e-8,1.3008843405802317e-7,3.0509906240251965e-8,2.13061106526553e-9,0.5330624416995994,3.0999474346411003e-6,1.6292242990292603e-7,4.1217566014486447e-10,1.3308088864699051e-8,1.2994332387032606e-7,3.0468086158250206e-8,1.6996507437552603e-10,6.848371473759836e-9,9.333673194856e-8,2.1533007098371413e-8,0.999999949437779,3.7091621519532646e-12,-1.0195235461793329e-10,0.9491523437120982,-4.971575058454158e-10,9.161428858026298e-10
group_TotEmiss_ISI,14,,2.6805901887229078e7,,,3,3,LOCALLY_SOLVED,Solve_Succeeded,0.368979125,0.6041635108374845,1.3023197739150733e7,280.4087046496775,4.383622349986362,443.7999902345149,2.2737367544323206e-16,3.6911310948576635e-16,9.503475621851257e-9,0.0,0.9999999857622418,0.8831362464943946,6.847841399282579e-6,3.874946111520544e-7,1.917550134772976e-8,1.1413306768649588e-6,5.174411588536905e-7,9.870472906068816e-9,5.053964195672309e-10,2.804725944339221e-9,2.497504414735638e-8,1.1761590964151205e-9,3.7154725050926724e-9,8.758133096588458e-9,4.181413930945096e-8,2.0535513853109675e-9,1.917549967539086e-8,0.3500708572333541,9.964114519408097e-7,1.0965932762664079e-8,3.709580984977106e-9,8.739640484244752e-9,4.176749679190868e-8,2.0507365740572793e-9,1.5296856788927829e-9,4.497437965020833e-9,3.0001092211907455e-8,1.4493370141825337e-9,0.7002761202065672,1.201248331419961e-8,2.0349756214984088e-8,-7.598005790271467e-9,5.922719557579818e-9,-1.1155231951752808e-9,1.336291483786526e-8,-7.42011508710186e-9,1.4909046167753568e-8,-7.705516163890199e-9,-4.724786539369176e-9,-9.482745468052989e-9,0.29972376826891267,1.2886155767114586e-8,2.2124407329747575e-8,-7.52957575639764e-9,1.4889205278899112e-8,-7.797757317561619e-9,-4.936310733981265e-9,-9.503475621851257e-9,8.442305972139955e-9,-2.54455040734606e-9,8.422731457824718e-9,-8.092479837922719e-9,2.130611260858862e-9,1.737935348862551e-6,1.6098169386559259e-6,1.4664702603302236e-7,5.61551577296923e-11,4.270832687971087e-9,7.770013734733094e-8,1.7474363718167503e-8,4.1283027834363014e-10,1.333624812435061e-8,1.3008843340718073e-7,3.050990629604865e-8,2.130611075043428e-9,0.5330624416962438,3.099946739371407e-6,1.6292242961672345e-7,4.1217566499745605e-10,1.3308088919190874e-8,1.2994332335260475e-7,3.046808624313672e-8,1.6996507543253136e-10,6.8483714467362675e-9,9.333673132593428e-8,2.1533007067854784e-8,0.9999999494377795,3.709161368333741e-12,-1.019523332457726e-10,0.949152343704982,-4.971574176106206e-10,9.161426658218797e-10
group_TotEmiss_ISI,15,,2.6280397063912358e7,,,3,3,LOCALLY_SOLVED,Solve_Succeeded,0.365130667,0.6041635108414798,1.3023197739165744e7,280.4087046513764,4.383622350005854,443.7999902365332,3.410605131648481e-16,1.230377031619221e-16,9.503475621488819e-9,0.0,0.9999999857604233,0.8831362465052683,6.847839554090778e-6,3.874946221241347e-7,1.917550166682276e-8,1.141333224957176e-6,5.17441198665673e-7,9.87047356750917e-9,5.053963697543423e-10,2.8047259938352943e-9,2.497504393827139e-8,1.176159099420812e-9,3.7154724425998732e-9,8.75813326751663e-9,4.181413894142816e-8,2.0535513983381737e-9,1.9175499215748525e-8,0.35007085723511533,9.964109643879966e-7,1.0965932757282221e-8,3.7095809299202186e-9,8.73964067124951e-9,4.1767496470393876e-8,2.0507365891835924e-9,1.52968560963521e-9,4.4974380156519996e-9,3.000109188231984e-8,1.4493370157082597e-9,0.7002761201990213,1.2012484808660635e-8,2.034975696729233e-8,-7.598005746864768e-9,5.922719464067711e-9,-1.1155231489145129e-9,1.3362914830788307e-8,-7.4201150810261285e-9,1.4909046012205585e-8,-7.705516159736745e-9,-4.72478653826585e-9,-9.482745467729823e-9,0.29972376827464076,1.2886155873147762e-8,2.2124407178796305e-8,-7.529575757391663e-9,1.4889205148453424e-8,-7.797757313209876e-9,-4.936310732043764e-9,-9.503475621488819e-9,8.442305822264632e-9,-2.5445503861750004e-9,8.422731430314711e-9,-8.092479836519395e-9,2.130611296313639e-9,1.7379392289120636e-6,1.6098170625154266e-6,1.466470358601362e-7,5.6155152194926904e-11,4.270832763340108e-9,7.770013669684431e-8,1.747436376282349e-8,4.128302713999858e-10,1.3336248384627597e-8,1.300884322622209e-7,3.050990648959572e-8,2.130611023972057e-9,0.5330624416989257,3.099945222540434e-6,1.629224295367644e-7,4.1217565888002415e-10,1.3308089203948118e-8,1.2994332235233647e-7,3.0468086467870506e-8,1.6996506773724551e-10,6.848371523833727e-9,9.333673030055061e-8,2.1533007090522713e-8,0.9999999494377769,3.70916051730024e-12,-1.0195231023904553e-10,0.949152343712429,-4.97157323015842e-10,9.16142426580009e-10
group_TotEmiss_ISI,16,,2.575489224059564e7,,,3,3,LOCALLY_SOLVED,Solve_Succeeded,0.372520416,0.604163456705782,1.3023218701236974e7,280.4086919733942,4.383621262635631,443.79998938401707,2.1654635756498291e-16,1.5922526291542861e-16,9.793284254423647e-9,0.0,1.0000000012063721,0.8831371645053322,2.716449524269072e-6,9.926950031048906e-8,-7.850355392959952e-10,4.0895981826075015e-7,1.8101330992736488e-7,2.8118399505983345e-9,-5.095656911357698e-9,-8.071898551389362e-10,1.3745963861143687e-8,3.2701205958663827e-10,-2.8972834360618934e-9,1.2474702400201394e-8,4.630070299954141e-8,1.313988695631658e-9,-7.850358601673305e-10,0.3500719589534354,3.4778485794707696e-7,3.213416458376845e-9,-3.0668340624103432e-9,1.0512573945671693e-8,4.196263965303222e-8,1.2134890892816557e-9,-4.063930989237782e-9,3.259969441868735e-9,2.4684575280395615e-8,7.310041190075403e-10,0.7002787786275346,-2.014183511117259e-9,1.006224179907369e-9,-9.126916278745635e-9,4.220029618102362e-10,8.032247597788192e-9,2.303929825096133e-8,-7.038626272042127e-9,2.0727744507958985e-8,-8.93921080449e-9,-7.69279098405822e-9,-9.781951432123745e-9,0.2997211956426762,-1.6967003645285825e-9,1.6494797621523826e-9,-9.10182448502823e-9,1.7770587967177247e-8,-9.003476699255565e-9,-7.820406360509223e-9,-9.793284254423647e-9,6.564466680906645e-9,3.985352071051705e-9,1.1467070783226313e-8,-8.286938587944199e-9,-8.722617103288831e-11,6.227342687152332e-7,5.631525197740239e-7,4.177590783746097e-8,-5.661841012619664e-10,-1.2291300066888348e-9,4.276522090133591e-8,4.858464885287197e-9,-3.219203817846547e-10,1.8995569563943034e-8,1.440466315541288e-7,1.9522117763670345e-8,-8.722620668525891e-11,0.5330641193154585,1.0819973358353504e-6,4.774218738159883e-8,-3.407593402678157e-10,1.6007783053636443e-8,1.305504344761002e-7,1.8028980755041737e-8,-4.5154788769308666e-10,4.964044377391028e-9,7.679645642789744e-8,1.0860632625254884e-8,0.9999999880292475,1.381141546639493e-13,-1.842856593761515e-10,0.9491522549964502,-7.485503653251157e-9,-6.5231205254489915e-12
group_TotEmiss_ISI,17,,2.522938741727892e7,,,3,2,LOCALLY_SOLVED,Solve_Succeeded,0.414865333,0.6041635108376945,1.3023197739144938e7,280.40870464976615,4.383622349987439,443.7999902345152,1.1368683772161603e-16,1.230377031619221e-16,9.503475621635859e-9,0.0,0.9999999857604236,0.8831362464961697,6.847841352670882e-6,3.874946310616192e-7,1.9175501892367407e-8,1.141335209335578e-6,5.174413611000478e-7,9.87047409788713e-9,5.053963122864177e-10,2.8047260048707774e-9,2.49750440861631e-8,1.1761590986001911e-9,3.7154723485058477e-9,8.758133301967596e-9,4.181413931485787e-8,2.053551397718191e-9,1.917549886002488e-8,0.35007085722952375,9.964112382145136e-7,1.0965932795696377e-8,3.7095808541940367e-9,8.739640746367982e-9,4.176749695655149e-8,2.0507365938479878e-9,1.5296855076909224e-9,4.497437973460379e-9,3.000109192147246e-8,1.4493370061472371e-9,0.7002761201930154,1.2012485928639893e-8,2.0349757699710904e-8,-7.598005714964238e-9,5.922719351034339e-9,-1.1155231485593552e-9,1.3362914849408108e-8,-7.4201150842306345e-9,1.4909045746019285e-8,-7.705516160593844e-9,-4.7247865395156205e-9,-9.482745468075731e-9,0.2997237682806484,1.2886155958171679e-8,2.2124407255990976e-8,-7.529575758669294e-9,1.4889204944258086e-8,-7.79775731265029e-9,-4.936310730802889e-9,-9.503475621635859e-9,8.442305585150398e-9,-2.5445504253276293e-9,8.42273136237567e-9,-8.092479844887844e-9,2.1306113213741555e-9,1.737942250579176e-6,1.6098175678668153e-6,1.4664704374003736e-7,5.615514580960195e-11,4.270832780144138e-9,7.770013715695185e-8,1.747436375063141e-8,4.1283026094509405e-10,1.3336248437087021e-8,1.3008843342400222e-7,3.0509906480384555e-8,2.1306109844472077e-9,0.5330624416904112,3.099946074445153e-6,1.62922430107489e-7,4.1217565046600396e-10,1.3308089318333065e-8,1.2994332386482683e-7,3.04680865371701e-8,1.6996505641010242e-10,6.848371459587397e-9,9.333673042235872e-8,2.1533006948473233e-8,0.999999949437775,3.709158617183351e-12,-1.0195225760525884e-10,0.9491523437051678,-4.971570904900719e-10,9.161418931137631e-10
group_TotEmiss_ISI,18,,2.47038825939622e7,,,3,3,LOCALLY_SOLVED,Solve_Succeeded,0.403782292,0.6041635108414761,1.3023197739157386e7,280.40870465137266,4.383622350006013,443.7999902365331,1.5922526291542861e-16,1.5922526291542861e-16,9.503475621615457e-9,0.0,0.999999985760423,0.883136246504704,6.8478422823119205e-6,3.8749461497748e-7,1.9175501442225845e-8,1.1413315021247706e-6,5.174412328702055e-7,9.870473134482811e-9,5.053963941432159e-10,2.8047259484665288e-9,2.4975044223172225e-8,1.1761590960313362e-9,3.7154724699409284e-9,8.758133125090506e-9,4.181413953841868e-8,2.053551387229566e-9,1.917549952056973e-8,0.35007085723661546,9.964115921377979e-7,1.0965932779625123e-8,3.709580985577968e-9,8.739640592223267e-9,4.17674972419882e-8,2.0507365862763425e-9,1.5296855821594887e-9,4.497437855651707e-9,3.00010919897112e-8,1.4493369965854596e-9,0.7002761202040632,1.2012483779610204e-8,2.0349756523093622e-8,-7.598005777394457e-9,5.922719508021663e-9,-1.1155231974258862e-9,1.3362914842361118e-8,-7.420115089266325e-9,1.4909046072912605e-8,-7.705516163981013e-9,-4.724786539440302e-9,-9.482745468177597e-9,0.2997237682695984,1.288615578922001e-8,2.212440734859814e-8,-7.529575757856161e-9,1.4889205304468156e-8,-7.79775731494155e-9,-4.9363107292139266e-9,-9.503475621615457e-9,8.442305733640182e-9,-2.54455048627697e-9,8.422731305647743e-9,-8.092479851867382e-9,2.1306112713584266e-9,1.7379366055081734e-6,1.609817168929528e-6,1.4664702942660177e-7,5.615515490480175e-11,4.2708326942558505e-9,7.770013758320246e-8,1.7474363712465562e-8,4.128302744378807e-10,1.3336248167751453e-8,1.3008843411952475e-7,3.0509906324553554e-8,2.13061105784108e-9,0.5330624417012099,3.0999471755398152e-6,1.629224298687161e-7,4.121756650642185e-10,1.3308089083612703e-8,1.2994332475285217e-7,3.046808642467709e-8,1.6996506468438755e-10,6.848371280196917e-9,9.333673063465704e-8,2.1533006806412543e-8,0.9999999494377786,3.7091575442387695e-12,-1.0195222776672393e-10,0.9491523437124185,-4.971569611232253e-10,9.161415923404085e-10
group_TotEmiss_ISI,19,,2.417837777064548e7,,,3,3,LOCALLY_SOLVED,Solve_Succeeded,0.407712417,0.604163510833896,1.3023197739122197e7,280.4087046481513,4.383622349968885,443.7999902324968,3.410605131648481e-16,1.5922526291542861e-16,9.503475621395649e-9,0.0,0.9999999857604236,0.8831362464874342,6.847841343290521e-6,3.8749463104507327e-7,1.917550189103044e-8,1.141335207641763e-6,5.174413611902649e-7,9.870474098000179e-9,5.053963122634913e-10,2.8047260051053394e-9,2.497504408714556e-8,1.1761590986677834e-9,3.7154723538050156e-9,8.758133314973522e-9,4.181413934942144e-8,2.0535513996867395e-9,1.9175498858647487e-8,0.3500708572260627,9.964112358617735e-7,1.0965932795070835e-8,3.709580880412257e-9,8.739640805924819e-9,4.176749712081066e-8,2.050736601845141e-9,1.5296854686325451e-9,4.497437905984343e-9,3.0001091731116446e-8,1.4493369961517512e-9,0.7002761201930204,1.2012485917011945e-8,2.0349757690376267e-8,-7.598005715560336e-9,5.922719351414088e-9,-1.115523149449361e-9,1.3362914846090737e-8,-7.420115084613811e-9,1.4909045764931922e-8,-7.70551616027152e-9,-4.724786539099252e-9,-9.48274546804076e-9,0.2997237682806433,1.2886155946984758e-8,2.2124407239844874e-8,-7.529575759344663e-9,1.4889205033578546e-8,-7.797757310757934e-9,-4.936310727560973e-9,-9.503475621395649e-9,8.442305484212555e-9,-2.54455047123188e-9,8.422731269791333e-9,-8.092479852527198e-9,2.1306113212256038e-9,1.7379422479999573e-6,1.6098175681474905e-6,1.4664704374171692e-7,5.615514580705457e-11,4.270832780501312e-9,7.770013716000838e-8,1.7474363751635638e-8,4.1283026153389047e-10,1.33362484568915e-8,1.3008843353153335e-7,3.050990650963156e-8,2.1306109842941644e-9,0.5330624416851409,3.099946067125517e-6,1.6292243009819524e-7,4.1217565337913954e-10,1.3308089409021885e-8,1.2994332437585536e-7,3.0468086655984943e-8,1.6996505207028271e-10,6.848371356839795e-9,9.333672983014003e-8,2.1533006799968872e-8,0.999999949437775,3.7091563555003636e-12,-1.0195219531124029e-10,0.9491523436978944,-4.971568226915503e-10,9.16141258244526e-10
group_TotEmiss_ISI,20,,2.365287294732876e7,,,3,3,LOCALLY_SOLVED,Solve_Succeeded,0.40807275,0.6041635108376864,1.3023197739134535e7,280.4087046497628,4.3836223499874025,443.79999023451506,1.5922526291542861e-16,1.5922526291542861e-16,9.503475621108306e-9,0.0,0.9999999857604234,0.8831362464963081,6.847840651515459e-6,3.874946249289658e-7,1.9175501730237327e-8,1.1413338302786307e-6,5.174412665491003e-7,9.87047373467303e-9,5.053963488361077e-10,2.8047259934955795e-9,2.497504403540664e-8,1.1761590988042295e-9,3.7154724170123463e-9,8.758133289700173e-9,4.1814139233192936e-8,2.0535514005038633e-9,1.917549910263149e-8,0.3500708572309581,9.964111627739814e-7,1.0965932774960398e-8,3.7095809552733023e-9,8.739640806751048e-9,4.176749707739015e-8,2.0507366060308957e-9,1.5296854895580476e-9,4.497437850289315e-9,3.000109154781029e-8,1.4493369903746401e-9,0.7002761201971711,1.2012485125801599e-8,2.0349757198524772e-8,-7.598005738504357e-9,5.9227194232949324e-9,-1.1155231562568379e-9,1.3362914833427543e-8,-7.42011508408532e-9,1.4909045945407012e-8,-7.705516159991224e-9,-4.724786538152788e-9,-9.48274546786212e-9,0.2997237682764915,1.28861558774048e-8,2.212440720023266e-8,-7.529575759273042e-9,1.4889205253177151e-8,-7.79775730957868e-9,-4.936310725023372e-9,-9.503475621108306e-9,8.442305520802355e-9,-2.5445505020153528e-9,8.422731210382725e-9,-8.09247985641842e-9,2.1306113033597015e-9,1.7379401506515514e-6,1.6098172737083117e-6,1.4664703834371354e-7,5.615514987067861e-11,4.270832762822814e-9,7.770013699904286e-8,1.7474363753662836e-8,4.128302685569272e-10,1.3336248418407082e-8,1.3008843316993355e-7,3.0509906521771676e-8,2.130611011403498e-9,0.5330624416925953,3.0999458397412746e-6,1.629224297994116e-7,4.121756616970335e-10,1.3308089410280007e-8,1.299433242407693e-7,3.04680867181733e-8,1.6996505439533855e-10,6.848371272031459e-9,9.333672925985422e-8,2.1533006714137508e-8,0.9999999494377763,3.709155056368175e-12,-1.0195215963224439e-10,0.9491523437051589,-4.97156672057968e-10,9.161408936625844e-10
group_TotEmiss_ISI,21,,2.312736812401204e7,,,3,3,LOCALLY_SOLVED,Solve_Succeeded,0.436601917,0.6041635108338957,1.3023197739114646e7,280.408704648151,4.383622349968907,443.79999023249684,2.2737367544323206e-16,1.5922526291542861e-16,9.503475621112136e-9,0.0,0.9999999857604236,0.8831362464874277,6.8478413695605295e-6,3.874946310607219e-7,1.9175501890018723e-8,1.1413352120823935e-6,5.174413631426983e-7,9.870474100175017e-9,5.053963118498343e-10,2.804726005162981e-9,2.4975044091841474e-8,1.1761590987153022e-9,3.715472359387427e-9,8.758133329754723e-9,4.181413939857153e-8,2.053551401942211e-9,1.9175498855735974e-8,0.3500708572260558,9.964112402979396e-7,1.096593279485826e-8,3.7095809112780483e-9,8.739640876969496e-9,4.176749732670764e-8,2.050736611387206e-9,1.5296854209458382e-9,4.497437824097845e-9,3.000109150572721e-8,1.4493369840220678e-9,0.7002761201930054,1.2012485906671683e-8,2.034975768321922e-8,-7.598005716179082e-9,5.922719351076982e-9,-1.1155231508582529e-9,1.3362914842408992e-8,-7.420115085161405e-9,1.4909045785270755e-8,-7.705516159927241e-9,-4.724786538624617e-9,-9.482745468005803e-9,0.29972376828065833,1.2886155933891491e-8,2.2124407222619146e-8,-7.52957576016459e-9,1.4889205139016018e-8,-7.797757308512878e-9,-4.9363107236699065e-9,-9.503475621112136e-9,8.442305361107046e-9,-2.544550526978936e-9,8.42273115802509e-9,-8.09247986181329e-9,2.1306113211131908e-9,1.7379422547618266e-6,1.6098175742217276e-6,1.4664704377402882e-7,5.615514576109268e-11,4.2708327805890856e-9,7.77001371746179e-8,1.747436375234163e-8,4.128302621541584e-10,1.3336248479399238e-8,1.3008843368444474e-7,3.050990654314142e-8,2.130610983970663e-9,0.5330624416851305,3.099946080926922e-6,1.6292243009503697e-7,4.121756568086718e-10,1.3308089517203551e-8,1.2994332501642373e-7,3.046808679775277e-8,1.6996504677175975e-10,6.848371232148993e-9,9.333672912892909e-8,2.153300661975643e-8,0.9999999494377749,3.709153623415536e-12,-1.0195212005355646e-10,0.9491523436978936,-4.971564990459624e-10,9.161404913312459e-10
group_TotEmiss_ISI,22,,2.2601863300695322e7,,,3,2,LOCALLY_SOLVED,Solve_Succeeded,0.446010458,0.604163510841492,1.302319773914322e7,280.40870465138005,4.383622350006061,443.79999023653323,1.5922526291542861e-16,2.460754063238442e-16,9.503475620935864e-9,0.0,0.9999999857604236,0.8831362465049112,6.847841321690061e-6,3.8749463101106315e-7,1.9175501888446352e-8,1.1413352040192384e-6,5.1744136120649e-7,9.87047409808382e-9,5.053963122508418e-10,2.8047260055780164e-9,2.4975044088687937e-8,1.1761590988003093e-9,3.7154723640035512e-9,8.758133339931475e-9,4.1814139414786324e-8,2.053551403461663e-9,1.9175498856091264e-8,0.3500708572329942,9.964112306303735e-7,1.0965932793824121e-8,3.7095809305956777e-9,8.739640919860263e-9,4.176749743407945e-8,2.05073661714314e-9,1.5296853940153252e-9,4.4974377770462255e-9,3.000109136682223e-8,1.4493369770511303e-9,0.700276120193031,1.2012485894569097e-8,2.0349757672220417e-8,-7.598005716705418e-9,5.9227193522048625e-9,-1.1155231511165537e-9,1.3362914839719823e-8,-7.420115085338015e-9,1.4909045801297803e-8,-7.705516159650971e-9,-4.724786538300677e-9,-9.482745467973219e-9,0.2997237682806329,1.2886155925571154e-8,2.2124407208763486e-8,-7.52957576063528e-9,1.4889205204522209e-8,-7.797757307136737e-9,-4.936310721361779e-9,-9.503475620935864e-9,8.442305291371003e-9,-2.544550558946468e-9,8.422731092813343e-9,-8.092479867123951e-9,2.130611320938483e-9,1.7379422424838405e-6,1.6098175681979688e-6,1.466470437429596e-7,5.6155145805649074e-11,4.270832781221071e-9,7.77001371648069e-8,1.7474363753604593e-8,4.1283026266706106e-10,1.3336248494895656e-8,1.3008843373489074e-7,3.0509906565716136e-8,2.1306109840101395e-9,0.5330624416956957,3.0999460508500506e-6,1.6292243007967264e-7,4.121756589550751e-10,1.3308089582514493e-8,1.2994332535046936e-7,3.04680868832695e-8,1.6996504377948052e-10,6.848371160502208e-9,9.333672869678022e-8,2.1533006516188218e-8,0.9999999494377749,3.709152032363661e-12,-1.0195207623888447e-10,0.9491523437124392,-4.971563108166354e-10,9.161400447124388e-10
group_TotEmiss_ISI,23,,2.20763584773786e7,,,3,3,LOCALLY_SOLVED,Solve_Succeeded,0.385947875,0.6041635108413038,1.3023197739137981e7,280.4087046513008,4.383622350005091,443.7999902365332,2.2737367544323206e-16,2.460754063238442e-16,9.50347562074689e-9,0.0,0.9999999857622426,0.8831362465031608,6.8478413121309215e-6,3.87494630996813e-7,1.9175501887385897e-8,1.1413352025068613e-6,5.174413611844139e-7,9.870474098104809e-9,5.053963122505354e-10,2.804726005777484e-9,2.497504408925425e-8,1.1761590988553668e-9,3.7154723682041237e-9,8.758133350203258e-9,4.181413944149348e-8,2.0535514050144866e-9,1.9175498855046962e-8,0.35007085723230186,9.964112283437306e-7,1.0965932793300938e-8,3.709580951218463e-9,8.739640966675943e-9,4.176749756259616e-8,2.0507366234285802e-9,1.5296853633762828e-9,4.497437724099155e-9,3.0001091217113084e-8,1.4493369692073914e-9,0.7002761201930355,1.2012485885341092e-8,2.034975766472107e-8,-7.598005717175831e-9,5.922719352539913e-9,-1.1155231517939507e-9,1.3362914837098056e-8,-7.42011508563372e-9,1.4909045816271036e-8,-7.705516159395159e-9,-4.724786537972068e-9,-9.482745467945335e-9,0.2997237682824473,1.2886155916774176e-8,2.2124407195956074e-8,-7.529575761165186e-9,1.4889205274767824e-8,-7.797757305648595e-9,-4.936310718815112e-9,-9.50347562074689e-9,8.44230521218564e-9,-2.544550594965022e-9,8.422731020126604e-9,-8.092479873117753e-9,2.130611320820654e-9,1.7379422401809028e-6,1.6098175681292875e-6,1.466470437432714e-7,5.6155145805615024e-11,4.2708327815248055e-9,7.770013716656876e-8,1.747436375442259e-8,4.1283026313379136e-10,1.3336248510536781e-8,1.300884338179797e-7,3.0509906588786653e-8,2.1306109838941064e-9,0.5330624416946416,3.09994604373605e-6,1.6292243007189963e-7,4.121756612464958e-10,1.3308089653802005e-8,1.2994332575029914e-7,3.0468086976653194e-8,1.6996504037514245e-10,6.848371079878259e-9,9.333672823101846e-8,2.1533006399652674e-8,0.9999999494377748,3.709150256813206e-12,-1.0195202733499532e-10,0.9491523437122792,-4.971561005886811e-10,9.161395463026493e-10
group_TotEmiss_ISI,24,,2.155085365406188e7,,,3,3,LOCALLY_SOLVED,Solve_Succeeded,0.375438875,0.6041634567133787,1.3023218701263366e7,280.40869197662295,4.383621262672827,443.7999893880534,1.5922526291542861e-16,1.5922526291542861e-16,9.793284254322086e-9,0.0,1.0000000012063721,0.8831371645228056,2.716449518670173e-6,9.926950046682717e-8,-7.850355400111172e-10,4.08959817244209e-7,1.810133099497146e-7,2.811839948226502e-9,-5.095656910877821e-9,-8.071898533619065e-10,1.3745963866181207e-8,3.270120596293267e-10,-2.897283432081414e-9,1.2474702455778984e-8,4.6300703113079514e-8,1.3139886982455182e-9,-7.850358608821036e-10,0.35007195896036264,3.477848559829794e-7,3.2134164575513347e-9,-3.066834043609377e-9,1.051257414902914e-8,4.196264011361531e-8,1.2134890994795814e-9,-4.063930988534641e-9,3.259969445783882e-9,2.4684575289654016e-8,7.310041193214853e-10,0.7002787786275376,-2.014183518701852e-9,1.0062241738506451e-9,-9.126916279150144e-9,4.2200296490876923e-10,8.032247598921363e-9,2.3039298241017218e-8,-7.038626273073659e-9,2.0727744590987242e-8,-8.939210804370052e-9,-7.692790984008406e-9,-9.781951432116979e-9,0.29972119564267274,-1.6967003719233289e-9,1.6494797509487196e-9,-9.101824485335019e-9,1.777058827729727e-8,-9.0034766982456e-9,-7.820406358986273e-9,-9.793284254322086e-9,6.5644666887427e-9,3.9853520672650985e-9,1.146707077365263e-8,-8.286938588084368e-9,-8.722617111234633e-11,6.227342671673183e-7,5.631525198435564e-7,4.177590780222231e-8,-5.661841012086465e-10,-1.229130003982903e-9,4.276522091700819e-8,4.858464885921424e-9,-3.219203813423792e-10,1.8995569648572544e-8,1.4404663190735845e-7,1.952211780250484e-8,-8.722620676467815e-11,0.5330641193260068,1.0819973297248246e-6,4.7742187369334114e-8,-3.4075933817881953e-10,1.6007783363294377e-8,1.305504359090254e-7,1.802898090655378e-8,-4.5154788761495996e-10,4.9640443833527295e-9,7.679645645670135e-8,1.0860632629919208e-8,0.9999999880292475,1.3811400179345895e-13,-1.8428544916374893e-10,0.9491522550109934,-7.485502906699353e-9,-6.523113406077518e-12
group_TotEmiss_ISI,25,,2.102534883074516e7,,,3,2,LOCALLY_SOLVED,Solve_Succeeded,0.376875667,0.6041634567133786,1.3023218701262055e7,280.4086919766228,4.383621262672838,443.7999893880533,2.1654635756498291e-16,1.5922526291542861e-16,9.793284254301888e-9,0.0,1.0000000012063721,0.8831371645228054,2.7164495175573954e-6,9.926950049792039e-8,-7.850355401531279e-10,4.0895981704341817e-7,1.8101330995425182e-7,2.811839947755064e-9,-5.095656910782426e-9,-8.071898530084746e-10,1.374596386718318e-8,3.270120596378079e-10,-2.89728343128985e-9,1.2474702466832397e-8,4.630070313566074e-8,1.313988698765331e-9,-7.850358610244022e-10,0.35007195896036275,3.4778485559244395e-7,3.2134164573870392e-9,-3.066834039870348e-9,1.0512574189472629e-8,4.196264020521606e-8,1.2134891015076926e-9,-4.06393098839486e-9,3.259969446562599e-9,2.4684575291495635e-8,7.310041193839051e-10,0.7002787786275382,-2.0141835202094518e-9,1.0062241726466285e-9,-9.126916279230565e-9,4.220029655248133e-10,8.032247599146766e-9,2.3039298239039617e-8,-7.038626273278815e-9,2.072774460749812e-8,-8.939210804346195e-9,-7.692790983998495e-9,-9.781951432115632e-9,0.29972119564267213,-1.696700373393949e-9,1.649479748720601e-9,-9.101824485396032e-9,1.7770588338972032e-8,-9.00347669804474e-9,-7.820406358683388e-9,-9.793284254301888e-9,6.5644666903006364e-9,3.985352066512044e-9,1.14670707717487e-8,-8.286938588112245e-9,-8.722617112812529e-11,6.227342668615686e-7,5.631525198576722e-7,4.17759077952181e-8,-5.661841011980471e-10,-1.229130003444723e-9,4.276522092012544e-8,4.858464886047431e-9,-3.2192038125442767e-10,1.899556966540388e-8,1.4404663197761115e-7,1.952211781022777e-8,-8.72262067804891e-11,0.533064119326007,1.0819973285098256e-6,4.7742187366893143e-8,-3.407593377633719e-10,1.6007783424878778e-8,1.305504361940055e-7,1.802898093668572e-8,-4.515478875994287e-10,4.964044384538504e-9,7.679645646243084e-8,1.0860632630846588e-8,0.9999999880292475,1.3811397139913242e-13,-1.8428540735722783e-10,0.949152255010993,-7.485502758226739e-9,-6.523111990190349e-12
group_TotEmiss_ISI,26,,2.049984400742844e7,,,3,3,LOCALLY_SOLVED,Solve_Succeeded,0.375315708,0.6041635108374765,1.3023197739099845e7,280.40870464968395,4.383622349985619,443.799990234515,2.2737367544323206e-16,2.294607772456094e-21,9.50347561744257e-9,0.0,0.9999999857622424,0.8831362464976553,6.847825497578051e-6,3.874946269717819e-7,1.9175501931822026e-8,1.1413349495758054e-6,5.174408178806801e-7,9.8704739076913e-9,5.053964084269577e-10,2.8047261227711772e-9,2.497504270347919e-8,1.1761591131991154e-9,3.7154726208531262e-9,8.758133842080141e-9,4.1814136669131785e-8,2.0535514632446293e-9,1.91754989234435e-8,0.3500708572303713,9.964079343364458e-7,1.0965932587113728e-8,3.709581262166287e-9,8.739641587644422e-9,4.176749515835812e-8,2.0507366983514986e-9,1.529685378893632e-9,4.4974377085699256e-9,3.0001088846463655e-8,1.4493369621541518e-9,0.7002761201943147,1.2012485741975435e-8,2.034975680272424e-8,-7.598005719456572e-9,5.922719558472967e-9,-1.1155230016980316e-9,1.33629147107239e-8,-7.42011505208911e-9,1.4909046623409658e-8,-7.705516139383407e-9,-4.724786525648263e-9,-9.482745465010167e-9,0.29972376828116487,1.2886155811796896e-8,2.2124406235902898e-8,-7.52957576232244e-9,1.4889206277599112e-8,-7.797757282664568e-9,-4.936310699263635e-9,-9.50347561744257e-9,8.442305228388447e-9,-2.544550601104126e-9,8.42273072042878e-9,-8.092479872574527e-9,2.1306113257580026e-9,1.7379418550358856e-6,1.6098158778510044e-6,1.4664704091427073e-7,5.6155156491884165e-11,4.270832959674293e-9,7.770013285526857e-8,1.7474363967529712e-8,4.1283029120590273e-10,1.3336249259531126e-8,1.3008842519285442e-7,3.0509907453920205e-8,2.130610991493721e-9,0.5330624416917018,3.0999357957133865e-6,1.6292242700854677e-7,4.121756957962539e-10,1.3308090599367645e-8,1.2994331827044746e-7,3.0468088089793685e-8,1.699650420992924e-10,6.848371056231479e-9,9.333672085566468e-8,2.1533006294861682e-8,0.9999999494377746,3.709143389174877e-12,-1.0195184106290033e-10,0.9491523437050015,-4.971553440669054e-10,9.161376177481877e-10
group_TotEmiss_ISI,27,,1.997433918411172e7,,,3,3,LOCALLY_SOLVED,Solve_Succeeded,0.383046375,0.6041634567057826,1.3023218701225864e7,280.40869197339356,4.383621262635721,443.79998938401707,3.1845052583085723e-16,3.1845052583085723e-16,9.79328425425233e-9,0.0,1.0000000012063721,0.8831371645053323,2.716449514825889e-6,9.926950057421035e-8,-7.850355405019961e-10,4.0895981654810517e-7,1.8101330996522146e-7,2.8118399465978745e-9,-5.09565691054829e-9,-8.071898521413177e-10,1.3745963869641571e-8,3.2701205965863943e-10,-2.8972834293475773e-9,1.2474702493952298e-8,4.6300703191064904e-8,1.3139887000408006e-9,-7.850358613732849e-10,0.35007195895343685,3.4778485463410124e-7,3.2134164569841903e-9,-3.06683403069616e-9,1.0512574288704342e-8,4.196264042996645e-8,1.2134891064839276e-9,-4.0639309880517975e-9,3.2599694484730967e-9,2.4684575296013887e-8,7.310041195370965e-10,0.7002787786275396,-2.0141835239100887e-9,1.006224169691411e-9,-9.126916279427941e-9,4.220029670366855e-10,8.032247599699662e-9,2.3039298234187313e-8,-7.038626273782183e-9,2.072774464801189e-8,-8.939210804287667e-9,-7.69279098397419e-9,-9.78195143211233e-9,0.2997211956426704,-1.6967003770023597e-9,1.6494797432535816e-9,-9.101824485545736e-9,1.7770588490299594e-8,-9.003476697551912e-9,-7.820406357940239e-9,-9.79328425425233e-9,6.5644666941240695e-9,3.985352064664269e-9,1.1467070767077039e-8,-8.28693858818065e-9,-8.722617116688843e-11,6.227342661073421e-7,5.631525198918e-7,4.1775907778025567e-8,-5.661841011720321e-10,-1.229130002124279e-9,4.2765220927773766e-8,4.8584648863569285e-9,-3.2192038103861956e-10,1.899556970670009e-8,1.4404663214997966e-7,1.9522117829177607e-8,-8.722620681925384e-11,0.5330641193154606,1.081997325528315e-6,4.774218736090796e-8,-3.407593367440177e-10,1.6007783575981614e-8,1.3055043689322891e-7,1.8028981010618355e-8,-4.5154788756131074e-10,4.964044387447671e-9,7.679645647648763e-8,1.0860632633122574e-8,0.9999999880292474,1.3811389680661435e-13,-1.8428530478079746e-10,0.9491522549964467,-7.48550239393411e-9,-6.5231085161745435e-12
group_TotEmiss_ISI,28,,1.9448834360795002e7,,,3,3,LOCALLY_SOLVED,Solve_Succeeded,0.362315,0.604163510837686,1.3023197739084775e7,280.40870464976075,4.383622349987612,443.7999902345149,2.2737367544323206e-16,1.5922526291542861e-16,9.503475619411489e-9,0.0,0.9999999857604234,0.8831362464960621,6.847841830471998e-6,3.874946238077381e-7,1.9175501679457443e-8,1.1413335454120807e-6,5.174413119811863e-7,9.870473673205384e-9,5.053963474075957e-10,2.8047259806982723e-9,2.4975044171347206e-8,1.1761590979382456e-9,3.715472449380171e-9,8.758133339791041e-9,4.181413976833336e-8,2.053551410872281e-9,1.917549913984728e-8,0.35007085723114595,9.964114034380148e-7,1.0965932784917151e-8,3.7095811548414524e-9,8.739641229012262e-9,4.1767498648626014e-8,2.0507366645972783e-9,1.529685174693612e-9,4.497437289066597e-9,3.0001090194224735e-8,1.4493369083326075e-9,0.7002761201979656,1.2012484866385907e-8,2.0349757098973258e-8,-7.598005748253442e-9,5.922719422111127e-9,-1.115523180254933e-9,1.3362914816607098e-8,-7.4201150904174765e-9,1.490904605968596e-8,-7.705516159294845e-9,-4.72478653570745e-9,-9.482745467824462e-9,0.29972376827569713,1.2886155779257044e-8,2.2124407156322376e-8,-7.529575764619036e-9,1.4889205930238915e-8,-7.797757296187465e-9,-4.936310699929295e-9,-9.503475619411489e-9,8.442304705292616e-9,-2.5445508824151114e-9,8.422730473055995e-9,-8.092479919562623e-9,2.1306112977174927e-9,1.7379397168774867e-6,1.6098174150525791e-6,1.4664703743047996e-7,5.615514971195506e-11,4.270832743336006e-9,7.770013742196907e-8,1.747436374079679e-8,4.1283027215335216e-10,1.3336248494681812e-8,1.3008843483481485e-7,3.050990667581674e-8,2.1306110155385856e-9,0.5330624416928813,3.0999465884738232e-6,1.629224299473405e-7,4.1217568387127227e-10,1.3308090053268674e-8,1.2994332912905867e-7,3.0468087588302415e-8,1.6996501941040122e-10,6.8483704174423185e-9,9.333672504869916e-8,2.1533005495227305e-8,0.999999949437776,3.7091370258506345e-12,-1.0195166275295917e-10,0.9491523437051546,-4.971545322802972e-10,9.161358324867109e-10
group_TotEmiss_ISI,29,,1.8923329537478283e7,,,3,3,LOCALLY_SOLVED,Solve_Succeeded,0.377594,0.604163456713379,1.3023218701254478e7,280.4086919766223,4.383621262672898,443.7999893880533,1.5922526291542861e-16,2.460754063238442e-16,9.793284254185116e-9,0.0,1.0000000012063721,0.8831371645228054,2.716449511121939e-6,9.926950067768225e-8,-7.850355409751569e-10,4.0895981587672325e-7,1.8101330998013458e-7,2.8118399450285643e-9,-5.095656910230779e-9,-8.071898509652442e-10,1.3745963872975839e-8,3.270120596868908e-10,-2.89728342671344e-9,1.2474702530733717e-8,4.63007032662074e-8,1.3139887017706526e-9,-7.850358618465281e-10,0.35007195896036364,3.4778485333447016e-7,3.213416456437909e-9,-3.0668340182537233e-9,1.0512574423287513e-8,4.1962640734785684e-8,1.2134891132329755e-9,-4.06393098758656e-9,3.259969451064221e-9,2.4684575302142065e-8,7.310041197448624e-10,0.7002787786275416,-2.014183528928859e-9,1.0062241656835344e-9,-9.126916279695627e-9,4.220029690870395e-10,8.032247600449573e-9,2.303929822760645e-8,-7.038626274464888e-9,2.0727744702957943e-8,-8.939210804208287e-9,-7.69279098394123e-9,-9.781951432107853e-9,0.29972119564266814,-1.6967003818962036e-9,1.6494797358389873e-9,-9.101824485748773e-9,1.777058869553675e-8,-9.003476696883515e-9,-7.820406356932344e-9,-9.793284254185116e-9,6.564466699309358e-9,3.985352062158204e-9,1.1467070760741137e-8,-8.28693858827343e-9,-8.722617121946186e-11,6.227342650850104e-7,5.631525199381962e-7,4.177590775471009e-8,-5.661841011367529e-10,-1.22913000033344e-9,4.276522093814704e-8,4.858464886776662e-9,-3.2192038074593767e-10,1.8995569762708162e-8,1.4404663238375633e-7,1.952211785487826e-8,-8.722620687183642e-11,0.5330641193260083,1.0819973214850182e-6,4.7742187352791785e-8,-3.407593353615247e-10,1.6007783780915078e-8,1.3055043784155543e-7,1.802898111088992e-8,-4.5154788750961753e-10,4.964044391393246e-9,7.679645649555307e-8,1.0860632636209382e-8,0.9999999880292474,1.3811379564084443e-13,-1.8428516566155534e-10,0.9491522550109905,-7.485501899861558e-9,-6.5231038045651e-12
group_TotEmiss_ISI,30,,1.8397824714161564e7,,,3,3,LOCALLY_SOLVED,Solve_Succeeded,0.387531917,0.6041635108376923,1.3023197739060555e7,280.40870464976337,4.383622349987674,443.7999902345149,1.5922526291542861e-16,2.460754063238442e-16,9.50347561839148e-9,0.0,0.9999999857604236,0.883136246496193,6.847841206681575e-6,3.8749463083746396e-7,1.9175501874418087e-8,1.1413351866650252e-6,5.174413616068529e-7,9.870474099322454e-9,5.053963120858625e-10,2.8047260081921987e-9,2.497504409767517e-8,1.1761590995319054e-9,3.715472420270097e-9,8.758133478018872e-9,4.1814139777526225e-8,2.053551424345018e-9,1.917549884145269e-8,0.3500708572295559,9.964112024666695e-7,1.096593278706843e-8,3.7095812082502096e-9,8.739641550597378e-9,4.176749916969746e-8,2.050736701829827e-9,1.5296849809144946e-9,4.497437063404822e-9,3.000108935116062e-8,1.4493368713317254e-9,0.7002761201930817,1.201248577181543e-8,2.0349757572803737e-8,-7.598005723004096e-9,5.922719356397382e-9,-1.115523160371507e-9,1.3362914804493762e-8,-7.420115089358424e-9,1.490904600205795e-8,-7.70551615622273e-9,-4.724786533888421e-9,-9.482745467600758e-9,0.2997237682805823,1.2886155807151182e-8,2.2124407036966888e-8,-7.529575767783159e-9,1.4889206150411657e-8,-7.797757287093934e-9,-4.936310687046904e-9,-9.50347561839148e-9,8.442304223796456e-9,-2.5445510444466036e-9,8.422730113299155e-9,-8.092479947920814e-9,2.1306113193797866e-9,1.7379422160581066e-6,1.6098175694435417e-6,1.4664704376136216e-7,5.6155145787318034e-11,4.270832785201758e-9,7.770013719276718e-8,1.747436376447402e-8,4.128302689188995e-10,1.33362487051651e-8,1.300884348634149e-7,3.050990687598312e-8,2.1306109823836307e-9,0.5330624416904601,3.099945963229638e-6,1.6292242997930236e-7,4.121756898055787e-10,1.33080905429551e-8,1.2994333075016985e-7,3.0468088141471714e-8,1.6996499787938826e-10,6.8483700738209786e-9,9.333672242583302e-8,2.1533004945499918e-8,0.9999999494377741,3.709128105117515e-12,-1.019514172088916e-10,0.9491523437051624,-4.971534767486154e-10,9.161333281988223e-10
group_TotEmiss_ISI,31,,1.7872319890844844e7,,,3,2,LOCALLY_SOLVED,Solve_Succeeded,0.393499125,0.6041635108414902,1.30231977390607e7,280.4087046513775,4.38362235000629,443.7999902365331,1.5922526291542861e-16,1.5922526291542861e-16,9.503475617758857e-9,0.0,0.9999999857604236,0.8831362465049397,6.847841153109719e-6,3.8749463077752574e-7,1.9175501870876636e-8,1.141335180569897e-6,5.174413605483647e-7,9.870474098838302e-9,5.0539631225494e-10,2.8047260090359656e-9,2.497504409726604e-8,1.176159099734699e-9,3.715472434660992e-9,8.758133512924964e-9,4.181413986166614e-8,2.053551429591593e-9,1.9175498838195837e-8,0.3500708572330292,9.964111905658172e-7,1.0965932784901519e-8,3.7095812771953005e-9,8.739641706900786e-9,4.1767499591760335e-8,2.0507367227953917e-9,1.5296848792145265e-9,4.4974368875219895e-9,3.000108884952568e-8,1.4493368452651194e-9,0.7002761201931006,1.2012485740657278e-8,2.0349757546350348e-8,-7.598005724575355e-9,5.9227193578655465e-9,-1.1155231623743726e-9,1.336291479559937e-8,-7.420115090282404e-9,1.490904605317017e-8,-7.705516155338511e-9,-4.72478653277201e-9,-9.482745467502853e-9,0.2997237682805632,1.2886155777836e-8,2.2124406992951886e-8,-7.529575769538974e-9,1.4889206385137005e-8,-7.797757282118537e-9,-4.936310678563647e-9,-9.503475617758857e-9,8.442303960857333e-9,-2.5445511639084582e-9,8.422729871398427e-9,-8.092479967823628e-9,2.1306113189862923e-9,1.7379422067768886e-6,1.6098175661504676e-6,1.4664704375416905e-7,5.615514580610443e-11,4.270832786486584e-9,7.770013719149432e-8,1.7474363767486953e-8,4.1283027051788783e-10,1.3336248758317563e-8,1.300884351251835e-7,3.0509906953932234e-8,2.130610982021759e-9,0.5330624416957491,3.099945926204764e-6,1.6292242994710828e-7,4.121756974661443e-10,1.3308090780962562e-8,1.2994333206325436e-7,3.04680884529601e-8,1.6996498657939175e-10,6.848369805999394e-9,9.333672086519099e-8,2.1533004558224633e-8,0.999999949437774,3.7091221970056756e-12,-1.0195125448781958e-10,0.9491523437124343,-4.971527782926658e-10,9.161316697189478e-10
group_TotEmiss_ISI,32,,1.7346815067528125e7,,,3,3,LOCALLY_SOLVED,Solve_Succeeded,0.374266208,0.6041635108414899,1.30231977390404e7,280.40870465137687,4.383622350006348,443.7999902365331,2.1654635756498291e-16,1.5922526291542861e-16,9.503475616983788e-9,0.0,0.9999999857604236,0.8831362465049393,6.847841147616039e-6,3.874946307498809e-7,1.9175501866964363e-8,1.1413351795273053e-6,5.174413621149069e-7,9.870474100645799e-9,5.053963119137848e-10,2.804726009634387e-9,2.4975044102973214e-8,1.176159099931645e-9,3.7154724512932606e-9,8.758133554476627e-9,4.181413997917674e-8,2.0535514358986247e-9,1.9175498832894258e-8,0.35007085723303016,9.96411187707189e-7,1.0965932783304258e-8,3.7095813617640753e-9,8.739641899631116e-9,4.1767500130477855e-8,2.0507367486810585e-9,1.5296847520223308e-9,4.497436668148136e-9,3.000108823522458e-8,1.4493368127720993e-9,0.7002761201931021,1.2012485705375395e-8,2.0349757518872897e-8,-7.598005726444562e-9,5.922719358549228e-9,-1.1155231655092335e-9,1.3362914785046315e-8,-7.420115091588955e-9,1.490904611282053e-8,-7.705516154325169e-9,-4.7247865314422186e-9,-9.482745467394682e-9,0.29972376828056185,1.2886155741749937e-8,2.2124406942109825e-8,-7.529575771737367e-9,1.4889206673444311e-8,-7.797757276004028e-9,-4.936310668056521e-9,-9.503475616983788e-9,8.44230363229393e-9,-2.5445513133484798e-9,8.422729570835451e-9,-8.092479992672139e-9,2.130611318551595e-9,1.7379422051893062e-6,1.6098175710241545e-6,1.466470437810233e-7,5.61551457681983e-11,4.270832787397817e-9,7.770013720925e-8,1.747436377041301e-8,4.1283027236591773e-10,1.333624882158941e-8,1.3008843549077204e-7,3.05099070476367e-8,2.1306109814326944e-9,0.5330624416957505,3.099945917311254e-6,1.6292242992337754e-7,4.1217570686267494e-10,1.3308091074438293e-8,1.2994333373926442e-7,3.046808883754715e-8,1.6996497244692558e-10,6.848369471952845e-9,9.333671895403202e-8,2.1533004075471188e-8,0.9999999494377738,3.709114853076935e-12,-1.0195105220650178e-10,0.9491523437124331,-4.971519086033395e-10,9.161296082828824e-10
group_TotEmiss_ISI,33,,1.6821310244211406e7,,,3,3,LOCALLY_SOLVED,Solve_Succeeded,0.594715125,0.6041634567057835,1.3023218701205539e7,280.40869197339225,4.383621262635882,443.79998938401707,2.2737367544323206e-16,1.230377031619221e-16,9.793284253939088e-9,0.0,1.0000000012063721,0.8831371645053326,2.7164494975607695e-6,9.926950105681418e-8,-7.850355427072214e-10,4.0895981341701585e-7,1.8101331003453242e-7,2.8118399392553743e-9,-5.09565690906883e-9,-8.071898466618071e-10,1.374596388517621e-8,3.2701205979653897e-10,-2.8972834170733387e-9,1.2474702665339399e-8,4.6300703541191955e-8,1.3139887081259292e-9,-7.850358635782338e-10,0.35007195895343923,3.477848485768647e-7,3.2134164544286546e-9,-3.066833972711495e-9,1.0512574915888981e-8,4.196264185048158e-8,1.2134891379580648e-9,-4.06393098588445e-9,3.259969460542701e-9,2.4684575324557256e-8,7.310041205173805e-10,0.7002787786275488,-2.0141835473011997e-9,1.0062241510121148e-9,-9.126916280675191e-9,4.2200297659073104e-10,8.032247603179341e-9,2.3039298203502135e-8,-7.038626276961118e-9,2.0727744904044412e-8,-8.93921080391787e-9,-7.692790983820798e-9,-9.781951432091458e-9,0.29972119564266,-1.6967003998097177e-9,1.6494797086986568e-9,-9.10182448649163e-9,1.7770589446752194e-8,-9.003476694437058e-9,-7.82040635324327e-9,-9.793284253939088e-9,6.56446671828243e-9,3.985352052969268e-9,1.1467070737537685e-8,-8.286938588612367e-9,-8.722617141191347e-11,6.22734261339547e-7,5.63152520107434e-7,4.177590766893699e-8,-5.661841010076475e-10,-1.2291299937804789e-9,4.276522097610376e-8,4.858464888405721e-9,-3.219203796748153e-10,1.8995569967675905e-8,1.4404663323926384e-7,1.9522117949299515e-8,-8.722620706424815e-11,0.5330641193154643,1.0819973066835788e-6,4.774218732294e-8,-3.4075933030127715e-10,1.6007784531012767e-8,1.3055044131260934e-7,1.80289814782341e-8,-4.515478873204943e-10,4.964044405826386e-9,7.679645656528923e-8,1.0860632647686793e-8,0.9999999880292473,1.3811342532726498e-13,-1.8428465643430878e-10,0.9491522549964397,-7.485500091366292e-9,-6.523086558177501e-12
group_TotEmiss_ISI,34,,1.6295805420894684e7,,,3,3,LOCALLY_SOLVED,Solve_Succeeded,0.40076575,0.6041635108338904,1.3023197738947107e7,280.40870464814515,4.383622349969359,443.7999902324968,1.230377031619221e-16,2.460754063238442e-16,9.5034756146381e-9,0.0,0.9999999857604236,0.8831362464875108,6.847840901325947e-6,3.8749462914637835e-7,1.9175501816198396e-8,1.1413348393179089e-6,5.174413410110578e-7,9.870474015795263e-9,5.053963203076724e-10,2.8047260090451853e-9,2.4975044100778413e-8,1.1761591005971902e-9,3.7154725164123724e-9,8.758133671632012e-9,4.181414028108831e-8,2.053551454739192e-9,1.917549887756441e-8,0.3500708572264621,9.964111492076777e-7,1.0965932772683593e-8,3.709581628105245e-9,8.739642464601943e-9,4.1767501680027905e-8,2.05073682551332e-9,1.5296843863682992e-9,4.4974360147201775e-9,3.000108638688952e-8,1.4493367165655138e-9,0.7002761201941252,1.201248540781827e-8,2.034975731432453e-8,-7.598005737530557e-9,5.922719379066318e-9,-1.1155231756462256e-9,1.3362914750643684e-8,-7.420115095116519e-9,1.49090463345896e-8,-7.705516151210546e-9,-4.724786527272483e-9,-9.482745467021961e-9,0.29972376827953845,1.288615561916394e-8,2.2124406780038266e-8,-7.529575778127428e-9,1.4889207572446885e-8,-7.797757257780672e-9,-4.936310636703344e-9,-9.5034756146381e-9,8.442302683208734e-9,-2.544551756194786e-9,8.422728678449276e-9,-8.092480066078855e-9,2.130611312910932e-9,1.7379416871431795e-6,1.609817505367735e-6,1.4664704252038673e-7,5.6155146700852464e-11,4.270832786500624e-9,7.770013720242172e-8,1.747436378030111e-8,4.128302796013745e-10,1.333624899998511e-8,1.3008843643005248e-7,3.050990732755371e-8,2.130610986396045e-9,0.5330624416857491,3.0999457975349963e-6,1.629224297655848e-7,4.121757364561382e-10,1.3308091934734778e-8,1.2994333856008677e-7,3.0468089979055033e-8,1.6996493181869985e-10,6.848368476960271e-9,9.333671320365625e-8,2.1533002646116205e-8,0.9999999494377735,3.709093089035094e-12,-1.0195045277841777e-10,0.9491523436978822,-4.971493323233496e-10,9.161234990437736e-10
group_TotEmiss_ISI,35,,1.5770300597577965e7,,,3,3,LOCALLY_SOLVED,Solve_Succeeded,0.425080708,0.6041635108414125,1.3023197738937061e7,280.40870465131695,4.383622350008179,443.7999902365332,1.2390881971262908e-21,1.230377031619221e-16,9.503475612844274e-9,0.0,0.9999999857604236,0.8831362465048336,6.847840962309609e-6,3.874946304320272e-7,1.9175501843052798e-8,1.1413351423249282e-6,5.174413623975433e-7,9.870474100346052e-9,5.053963118450745e-10,2.804726013756231e-9,2.497504411787594e-8,1.1761591011164677e-9,3.715472543035302e-9,8.758133778496295e-9,4.181414056916886e-8,2.053551469817945e-9,1.9175498810697736e-8,0.35007085723302583,9.964111426904946e-7,1.0965932772330998e-8,3.709581813762755e-9,8.739642925310227e-9,4.1767502954735344e-8,2.050736886430636e-9,1.5296840808101885e-9,4.497435508027404e-9,3.0001084959379095e-8,1.4493366409307387e-9,0.7002761201944853,1.2012485500595543e-8,2.0349757354347544e-8,-7.598005736837547e-9,5.9227193657527906e-9,-1.1155231806657811e-9,1.3362914727757622e-8,-7.420115098136733e-9,1.490904643991687e-8,-7.705516148762535e-9,-4.724786524274646e-9,-9.482745466789886e-9,0.2997237682791786,1.2886155548836684e-8,2.2124406663029896e-8,-7.52957578335662e-9,1.4889208213032489e-8,-7.797757243402865e-9,-4.93631061222746e-9,-9.503475612844274e-9,8.442301897586322e-9,-2.5445521025559787e-9,8.422727978722494e-9,-8.092480124005564e-9,2.1306113158947544e-9,1.7379421485402314e-6,1.6098175719034677e-6,1.466470437765699e-7,5.615514576056381e-11,4.2708327936742615e-9,7.770013725561404e-8,1.747436378801609e-8,4.128302825594778e-10,1.3336249162710269e-8,1.300884373263031e-7,3.0509907551580894e-8,2.1306109789664144e-9,0.5330624416957439,3.099945777259316e-6,1.6292242976034622e-7,4.121757570847504e-10,1.3308092636267847e-8,1.2994334252584328e-7,3.04680908841123e-8,1.6996489786779867e-10,6.848367705405366e-9,9.333670876251271e-8,2.1533001522399545e-8,0.9999999494395917,3.709075962419678e-12,-1.0194998103705435e-10,0.9491523437114042,-4.97147297873996e-10,9.161186915171929e-10
group_TotEmiss_ISI,36,,1.5244795774261246e7,,,3,3,LOCALLY_SOLVED,Solve_Succeeded,0.414443584,0.6041635108377378,1.3023197738850169e7,280.40870464977775,4.383622349988531,443.7999902345149,1.5922526291542861e-16,1.5922526291542861e-16,9.503475610571362e-9,0.0,0.999999985760425,0.8831362464959319,6.8478425584003504e-6,3.874946716307348e-7,1.9175502944052395e-8,1.1413450488014015e-6,5.174417846291772e-7,9.870476566566114e-9,5.053960820922583e-10,2.804726131252139e-9,2.497504411911612e-8,1.1761591050416986e-9,3.7154722453061604e-9,8.758134276653449e-9,4.181414112441984e-8,2.0535515079753647e-9,1.9175497114110708e-8,0.3500708572195876,9.964111077743114e-7,1.096593285794659e-8,3.7095817501367988e-9,8.739643943082213e-9,4.176750495850714e-8,2.0507369919442846e-9,1.5296833782944359e-9,4.497434926302368e-9,3.00010828673038e-8,1.449336535956537e-9,0.700276120163614,1.2012490779704359e-8,2.0349760394058335e-8,-7.59800558731378e-9,5.922718925800371e-9,-1.115523105280049e-9,1.3362914731665481e-8,-7.420115098661523e-9,1.490904566925156e-8,-7.70551614089277e-9,-4.7247865221737765e-9,-9.482745466801015e-9,0.2997237683100563,1.2886155857312463e-8,2.2124406450070438e-8,-7.529575794004031e-9,1.488920823087393e-8,-7.797757218503923e-9,-4.936310578770289e-9,-9.503475610571362e-9,8.442300199025308e-9,-2.5445525482086827e-9,8.422726981622203e-9,-8.092480206598393e-9,2.130611438228043e-9,1.737957233402134e-6,1.6098188855129956e-6,1.4664708041755365e-7,5.615512023247311e-11,4.270832972588484e-9,7.770013725947237e-8,1.747436384633381e-8,4.128302494784621e-10,1.3336249921267751e-8,1.3008843905375056e-7,3.050990811849113e-8,2.1306107904567447e-9,0.5330624416752812,3.0999456686311906e-6,1.629224310323493e-7,4.121757500151997e-10,1.330809418605701e-8,1.2994334875979997e-7,3.0468092451743656e-8,1.699648198104928e-10,6.848366819596789e-9,9.333670225383402e-8,2.1532999962782836e-8,0.9999999494377632,3.7090507264131685e-12,-1.0194928596905292e-10,0.949152343705206,-4.971443074569766e-10,9.161116068568431e-10
group_TotEmiss_ISI,37,,1.4719290950944526e7,,,3,3,LOCALLY_SOLVED,Solve_Succeeded,0.4062325,0.604163510833946,1.302319773872345e7,280.4087046481445,4.38362234997177,443.79999023249655,2.460754063238442e-16,2.460754063238442e-16,9.503475609753527e-9,0.0,0.9999999857604243,0.8831362464816961,6.847869280225245e-6,3.874946468825207e-7,1.9175501901981555e-8,1.1413378020879835e-6,5.174416226877683e-7,9.870474921435018e-9,5.053961256764214e-10,2.8047259049401034e-9,2.4975045980730174e-8,1.1761590868216307e-9,3.7154722894153523e-9,8.75813366036159e-9,4.181414539663418e-8,2.053551464263839e-9,1.9175498323675123e-8,0.3500708572211959,9.964177584847577e-7,1.0965933175449313e-8,3.709582178416462e-9,8.739644183513281e-9,4.176751160509344e-8,2.0507370591673174e-9,1.5296826944243325e-9,4.4974333413760495e-9,3.0001081775866206e-8,1.4493363218269802e-9,0.7002761201851204,1.2012486411227557e-8,2.0349758770979506e-8,-7.598005725688138e-9,5.922719000462091e-9,-1.1155233879294128e-9,1.336291477383069e-8,-7.420115157199561e-9,1.4909045751898464e-8,-7.705516165100114e-9,-4.7247865319350156e-9,-9.482745470053669e-9,0.29972376828854935,1.2886155521566819e-8,2.212440740869307e-8,-7.529575805519714e-9,1.4889209606818945e-8,-7.79775721153753e-9,-4.936310535347783e-9,-9.503475609753527e-9,8.442298385531492e-9,-2.544553605354497e-9,8.422725289976067e-9,-8.092480379980988e-9,2.1306113224423943e-9,1.7379461986339751e-6,1.6098183816952788e-6,1.4664705597560597e-7,5.615512507515791e-11,4.270832627976976e-9,7.770014305116053e-8,1.747436357563565e-8,4.1283025437948344e-10,1.3336248982823333e-8,1.3008845234508407e-7,3.0509907469062745e-8,2.130610924852791e-9,0.5330624416777302,3.0999663597303563e-6,1.6292243574953262e-7,4.12175797601829e-10,1.3308094552167953e-8,1.2994336943806845e-7,3.046809345048585e-8,1.6996474382492575e-10,6.848364406186259e-9,9.33366988582504e-8,2.153299678142942e-8,0.9999999494377693,3.70900993077151e-12,-1.0194815814344808e-10,0.9491523436978856,-4.971393990383374e-10,9.161001571608687e-10
group_TotEmiss_ISI,38,,1.4193786127627807e7,,,3,3,LOCALLY_SOLVED,Solve_Succeeded,0.467980625,0.6041635108376809,1.3023197738519136e7,280.40870464974654,4.383622349989188,443.79999023451495,1.230377031619221e-16,1.230377031619221e-16,9.503475597575822e-9,0.0,0.9999999857604236,0.8831362464963453,6.84784027303059e-6,3.874946293173126e-7,1.917550175745902e-8,1.1413350250307919e-6,5.174413641225734e-7,9.870474104131963e-9,5.053963111881992e-10,2.8047260292778027e-9,2.497504417163429e-8,1.1761591054929596e-9,3.7154728813612665e-9,8.758134607002381e-9,4.181414274619426e-8,2.0535515951475843e-9,1.9175498725148302e-8,0.3500708572297797,9.964109745832496e-7,1.0965932731209034e-8,3.7095834802700324e-9,8.739646709399112e-9,4.176751336601009e-8,2.0507373945170894e-9,1.5296816013775636e-9,4.497431223826803e-9,3.000107285915283e-8,1.4493360062805874e-9,0.7002761201935548,1.2012484756718292e-8,2.0349756753587398e-8,-7.598005774833546e-9,5.9227193915286665e-9,-1.1155232363110214e-9,1.3362914516318097e-8,-7.42011512225825e-9,1.4909047646548285e-8,-7.705516128176643e-9,-4.724786497759238e-9,-9.482745464550708e-9,0.2997237682801094,1.2886154837601014e-8,2.2124405631976778e-8,-7.52957582623833e-9,1.4889213889969906e-8,-7.797757123142935e-9,-4.9363104063191355e-9,-9.503475597575822e-9,8.442295489782424e-9,-2.544555017047291e-9,8.422722098773105e-9,-8.09248060901548e-9,2.130611306384335e-9,1.7379419699332514e-6,1.609817577270228e-6,1.4664704383281775e-7,5.615514568757766e-11,4.270832817309381e-9,7.770013742286222e-8,1.7474363853038257e-8,4.128303201512516e-10,1.333625042429908e-8,1.30088444099271e-7,3.050990941362125e-8,2.1306109694609218e-9,0.533062441690801,3.0999452542589983e-6,1.6292242914939134e-7,4.1217594225222563e-10,1.3308098398403193e-8,1.299433749164758e-7,3.046809843282533e-8,1.6996462237528478e-10,6.848361181736269e-9,9.333667111736435e-8,2.153299209331158e-8,0.9999999494377685,3.7089323255647e-12,-1.0194602483962871e-10,0.9491523437051316,-4.971302941828118e-10,9.160783725579648e-10
group_TotEmiss_ISI,39,,1.3668281304311087e7,,,3,3,LOCALLY_SOLVED,Solve_Succeeded,0.426266875,0.6041635108376611,1.302319773795494e7,280.4087046497231,4.383622349990921,443.79999023451506,1.5922526291542861e-16,1.5922526291542861e-16,9.50347557653925e-9,0.0,0.9999999857604233,0.8831362464957948,6.847842725252543e-6,3.874946143970343e-7,1.9175501239008837e-8,1.1413319330036853e-6,5.17441447041593e-7,9.870473306438084e-9,5.053963599660441e-10,2.8047259727938738e-9,2.4975044694094383e-8,1.17615910608491e-9,3.715473411592962e-9,8.758135513099801e-9,4.181414669712389e-8,2.0535517508437457e-9,1.9175499161262703e-8,0.35007085723265713,9.964114873540434e-7,1.0965932698628014e-8,3.7095858970182084e-9,8.739651814193872e-9,4.1767529011136054e-8,2.0507380939396324e-9,1.5296781332419712e-9,4.497425021764183e-9,3.000105624692548e-8,1.4493350958653172e-9,0.7002761202025837,1.2012481828592937e-8,2.0349755074990942e-8,-7.598005882532007e-9,5.922719517594001e-9,-1.1155233939827163e-9,1.3362914241183658e-8,-7.420115168556745e-9,1.490904946325526e-8,-7.705516106361514e-9,-4.724786462284581e-9,-9.482745462087192e-9,0.2997237682710795,1.2886153689797496e-8,2.212440446956862e-8,-7.529575886171602e-9,1.4889222056151887e-8,-7.797756959124018e-9,-4.936310115765583e-9,-9.50347557653925e-9,8.442286492292453e-9,-2.54455921897591e-9,8.422713749082284e-9,-8.09248130561691e-9,2.130611248778759e-9,1.7379372616192483e-6,1.6098178352405114e-6,1.4664703198136582e-7,5.615515110733821e-11,4.270832731299763e-9,7.770013904829364e-8,1.7474363861832947e-8,4.128303790658845e-10,1.3336251804038336e-8,1.3008845639105206e-7,3.050991172682136e-8,2.1306110179180777e-9,0.5330624416951825,3.0999468495459125e-6,1.6292242866533048e-7,4.1217621077980083e-10,1.3308106171613398e-8,1.2994342359020103e-7,3.046810882424596e-8,1.6996423702688565e-10,6.848351737686369e-9,9.333661943487925e-8,2.1532978567141853e-8,0.9999999494377656,3.708728466829713e-12,-1.0194040906443394e-10,0.9491523437050823,-4.971061439917098e-10,9.16021151083461e-10
group_TotEmiss_ISI,40,,1.3142776480994368e7,,,3,3,LOCALLY_SOLVED,Solve_Succeeded,0.413626083,0.6041635108299718,1.3023197732410202e7,280.40870464633537,4.3836223499691,443.7999902304786,2.2737367544323206e-16,2.460754063238442e-16,9.503475363909964e-9,0.0,0.9999999857604249,0.8831362464805432,6.847830001570479e-6,3.874946275386183e-7,1.917550086010516e-8,1.1413368648657707e-6,5.174415160336441e-7,9.870475068556831e-9,5.053962190922373e-10,2.80472631387782e-9,2.4975044947486255e-8,1.1761591741990298e-9,3.715477934330786e-9,8.758147434025016e-9,4.181417603674071e-8,2.0535535212468703e-9,1.917549679405483e-8,0.35007085722169545,9.964083436092045e-7,1.0965932131047255e-8,3.7096088693718565e-9,8.739704789351159e-9,4.1767672737089925e-8,2.0507451810057476e-9,1.5296435628161298e-9,4.4973657314195684e-9,3.000088763959036e-8,1.4493262973296578e-9,0.7002761201879807,1.201247536273089e-8,2.034974868846684e-8,-7.598006299062826e-9,5.922719628393052e-9,-1.1155240516584644e-9,1.3362911289598239e-8,-7.42011548920238e-9,1.4909065774237237e-8,-7.705515811046642e-9,-4.724786092922861e-9,-9.482745430369653e-9,0.29972376828568975,1.2886144104418671e-8,2.212438979889489e-8,-7.52957648419751e-9,1.4889300463695744e-8,-7.797755280105029e-9,-4.936307254814337e-9,-9.503475363909964e-9,8.442197227213096e-9,-2.544599590152926e-9,8.422632125815168e-9,-8.092488029750435e-9,2.13061120667835e-9,1.737944771500151e-6,1.609818049882448e-6,1.4664705816141574e-7,5.6155135454693014e-11,4.2708332506775896e-9,7.770013983662388e-8,1.7474364873814155e-8,4.128308815923094e-10,1.3336269956356276e-8,1.3008854766985996e-7,3.0509938029953494e-8,2.13061075489498e-9,0.5330624416784908,3.099937069006414e-6,1.6292242023270205e-7,4.1217876326353944e-10,1.3308186838330176e-8,1.299438707376131e-7,3.046821411779968e-8,1.699603958684588e-10,6.848261454661617e-9,9.333609487872555e-8,2.1532847846040627e-8,0.9999999494377013,3.706733852766154e-12,-1.0188547249456832e-10,0.9491523436902553,-4.968699667453961e-10,9.154613549683402e-10
group_TotEmiss_ISI,41,,1.2617271657677647e7,,,3,3,LOCALLY_SOLVED,Solve_Succeeded,0.258662917,0.6190080877902184,1.261727192210112e7,277.92806737851436,5.134989910165255,443.79998978295714,2.1654635756498291e-16,1.5922526291542861e-16,9.637029466298374e-9,8.38633193183349e-9,0.9999999901635053,0.8771707003664665,4.663620223881657e-6,5.172449014803988e-7,1.2661851979019249e-8,2.913150685371936e-7,3.7739741753794663e-7,8.847417449200305e-9,9.89601812828911e-10,6.015026285226288e-9,3.291504559698566e-8,1.7114046682060184e-9,2.0896761039903046e-9,9.782533267750939e-9,3.948802374955803e-8,2.781812432094993e-9,1.2661851121312856e-8,0.3477067511775708,1.264539272960571e-7,1.0260747721516533e-8,1.2661836636879401e-8,2.528840415594722e-7,5.265441851683489e-7,1.019882275086858e-8,1.2798945760482997e-9,7.1195203679663815e-9,3.360567476857181e-8,2.27508990988103e-9,0.5905452156234534,-4.508912106460467e-9,5.675456346720933e-10,-9.050105213534971e-9,1.0782400002088942e-8,-3.84918684107126e-9,3.6763456107046397e-9,-8.598447094189626e-9,1.5184827679208163e-8,-8.39736924317014e-9,-6.42172702601538e-9,-9.637029466298374e-9,0.37789316785026184,-4.300104364766018e-9,-4.272358534725574e-10,-9.034272725262489e-9,0.03156152181060495,-8.104416990380622e-9,-5.88315834714816e-9,-9.609776428470587e-9,1.186227712679672e-8,-5.260076969609052e-9,2.242158244376544e-10,-8.876572938443376e-9,1.4068724421132494e-9,4.4359339981799926e-7,1.1741252990069447e-6,1.3144734495954738e-7,1.0995575698099007e-10,9.159244570685483e-9,1.0240236407951093e-7,2.5426583641917983e-8,2.321862337767004e-10,1.4896130203166201e-8,1.228516294430694e-7,4.132978470541132e-8,1.406872346812539e-9,0.529462552929483,3.9341221825439975e-7,1.5244539471967417e-7,1.4068707374310441e-9,3.850734269201054e-7,1.638137464968196e-6,1.515253665843332e-7,1.42210508449811e-10,1.0841087833039717e-8,1.0455098816889005e-7,3.3801335803946734e-8,0.8433003174581185,4.194225958585963e-15,2.4975203313387042e-14,0.9999999944152723,0.016097012437080765,9.601875392306516e-13
group_TotEmiss_ISI,42,,1.2091766834360927e7,,,3,3,LOCALLY_SOLVED,Solve_Succeeded,0.400629417,0.6426498299341292,1.2091767089810185e7,266.64773521646106,6.896963538158398,443.7999898096858,1.5922526291542861e-16,2.460754063238442e-16,9.627814792287119e-9,8.101709900547829e-9,0.9999999898673588,0.8500414379002071,4.853165365058002e-6,5.124583366404718e-7,1.31121559312477e-8,3.2077847912774795e-7,3.9222911426681186e-7,8.910700645565972e-9,9.99555217681236e-10,5.793352364800968e-9,3.2468028623061666e-8,1.6627565605096143e-9,2.238571718495002e-9,9.737418906271203e-9,4.000661500493219e-8,2.6660120536857743e-9,1.3112155879865044e-8,0.33695275940242075,1.392990223936077e-7,1.0234053594115927e-8,1.311215218759394e-8,2.7322356053276425e-7,5.441645208314081e-7,1.0120047536728982e-8,1.3508375459218012e-9,6.960762566447461e-9,3.369846363036752e-8,2.1651765799855353e-9,0.4917010790942853,-4.121046801043286e-9,1.2104677314253233e-9,-8.997277877908741e-9,1.0434694519832382e-8,-3.617223085074765e-9,4.3119325517140704e-9,-8.534165341638085e-9,1.526216953129243e-8,-8.353481907257828e-9,-6.314722894489332e-9,-9.627814792287119e-9,0.4095225393689673,-3.9033415234865196e-9,2.1408640298825272e-10,-8.980823910632215e-9,0.09877628520009583,-8.037718203983694e-9,-5.743960357254053e-9,-9.597178671952265e-9,1.1701114586498077e-8,-5.077330276258263e-9,7.060843172855631e-10,-8.835961870208275e-9,1.456906214583077e-9,4.884581386717981e-7,1.2202683554967478e-6,1.323875524484087e-7,1.1106169085347062e-10,8.821695646401474e-9,1.0101164460508071e-7,2.4703811756142838e-8,2.4873019094388897e-10,1.4827433334549333e-8,1.2446502445978902e-7,3.9609321940474354e-8,1.4569062088738934e-9,0.513087156362777,4.3337473633566835e-7,1.5204879625543662e-7,1.4569057986215484e-9,4.160449671748911e-7,1.6929562870310468e-6,1.5035499197425917e-7,1.5009306065797788e-10,1.0599342998908634e-8,1.0483966462781001e-7,3.21683377597851e-8,0.7021510394777637,4.724016660961193e-15,2.007032214992373e-14,0.9999999936968507,0.05037658121976568,1.0875700549108402e-12
group_TotEmiss_ISI,43,,1.1566262011044208e7,,,3,3,LOCALLY_SOLVED,Solve_Succeeded,0.465725583,0.6633942497721819,1.1566262259028254e7,256.7488467138633,8.443157415220012,443.79998981732575,1.5922526291542861e-16,1.5922526291542861e-16,9.62573422359605e-9,7.864946717688904e-9,0.9999999897956373,0.8262345563186297,5.00915185080863e-6,5.102811631091965e-7,1.3238889154191968e-8,3.4376608618027657e-7,4.0137324147932626e-7,8.942589064307364e-9,9.99410188036578e-10,5.7323168291714744e-9,3.2383997619467795e-8,1.6438762284957639e-9,2.292295374243345e-9,9.723290126867793e-9,4.038014456499134e-8,2.5973888797419323e-9,1.3238889302371194e-8,0.3275157538763811,1.4975812193432139e-7,1.0225038164465151e-8,1.3238886911688824e-8,2.9365410325142134e-7,5.617992073187793e-7,1.0099779982339182e-8,1.3754255677789915e-9,6.918923960115297e-9,3.389646678485016e-8,2.1090135914361018e-9,0.4049618789544255,-3.9964827120828115e-9,1.4102620334602433e-9,-8.981569931910027e-9,1.0331211482166134e-8,-3.55134928768305e-9,4.509637033108104e-9,-8.51809577596401e-9,1.5336131644767774e-8,-8.341038409112267e-9,-6.281095859031932e-9,-9.62573422359605e-9,0.4372784274982349,-3.7846362332409505e-9,4.672483046158906e-10,-8.96516185672577e-9,0.15775959668482117,-8.01729516681449e-9,-5.702376288259276e-9,-9.593581355871071e-9,1.1675483125419979e-8,-5.024483474537167e-9,8.733256998212555e-10,-8.82942747490654e-9,1.470987683799107e-9,5.234619948654212e-7,1.2487167512690148e-6,1.3286132324113797e-7,1.1104557644850864e-10,8.728755171692928e-9,1.0075021481612201e-7,2.4423303966222775e-8,2.5469948602703824e-10,1.4805919056821411e-8,1.2562711642441747e-7,3.858977764188013e-8,1.4709877002634655e-9,0.49871717067539856,4.659141571289998e-7,1.5191485272919652e-7,1.470987434632091e-9,4.471551117692098e-7,1.7478197561028687e-6,1.5005387402332498e-7,1.5282506308655455e-10,1.0535634211993748e-8,1.0545567444175603e-7,3.133391621562208e-8,0.578287572544707,5.250315690750483e-15,1.9744191594054402e-14,0.9999999940920373,0.08045810958951329,1.2108184936676075e-12
group_TotEmiss_ISI,44,,1.1040757187727489e7,,,3,3,LOCALLY_SOLVED,Solve_Succeeded,0.393841458,0.68186062625671,1.1040757475572182e7,247.93611086685385,9.819694142720497,443.79998923750907,2.2737367544323206e-16,1.230377031619221e-16,9.851720412747607e-9,9.12914847198666e-9,1.0000000026575504,0.8050405583063007,2.448086694006772e-6,1.6635310218454982e-7,-2.5099723250190666e-9,1.773714148820789e-7,1.5551768329182727e-7,2.254838710967107e-9,-4.284522670206993e-9,7.749383361540921e-9,3.320299377013791e-8,1.0123159188981653e-9,-3.9494443129810054e-9,1.3518157001530006e-8,4.108983640809917e-8,1.973453161432235e-9,-2.509972257779556e-9,0.3191148190452025,8.265705303611247e-8,4.50895023565279e-9,-2.509972432618128e-9,1.6452136358702175e-7,2.5386148147492745e-7,2.621497808733341e-9,-4.09665768743945e-9,1.0609493383741275e-8,3.636263555696108e-8,1.7278298150777044e-9,0.32774096172414474,-7.77555807680856e-9,-5.7950358104863e-9,-9.626924168288959e-9,1.3986974788830246e-8,-1.6212358416466477e-9,2.1408377406673653e-9,-8.965412098535245e-9,2.129457071310233e-8,-9.290859620074913e-9,-8.460956843726688e-9,-9.848816039937007e-9,0.46198722308241796,-7.720958359068349e-9,-5.966309568927971e-9,-9.603047529159571e-9,0.21027178693267778,-9.273465838261528e-9,-8.426952730760527e-9,-9.851720412747607e-9,1.770403297667597e-8,-6.0676813936018964e-9,-3.1373655475954957e-9,-9.319021457425853e-9,-2.7888581389100725e-10,2.7008829084316566e-7,4.838327924634625e-7,3.350046084865415e-8,-4.760580744674435e-10,1.1800197391437312e-8,1.0329820284042904e-7,1.504012222362988e-8,-4.388271458867783e-10,2.0584466343238874e-8,1.2783504660297516e-7,2.931987554127892e-8,-2.788858064199506e-10,0.4859248380915584,2.571552761123499e-7,6.699011778684146e-8,-2.788858258464586e-10,2.5052116728023767e-7,7.89791275699774e-7,3.89479674440382e-8,-4.5518418749327204e-10,1.6155364925242396e-8,1.1312819951054556e-7,2.5670614395440178e-8,0.4680149291047861,2.0280355079925377e-15,-5.5133710516020426e-14,1.0000000044262147,0.10723893672380032,4.869452138560578e-13
group_TotEmiss_ISI,45,,1.051525236441077e7,,,3,3,LOCALLY_SOLVED,Solve_Succeeded,0.299095583,0.6982301490570724,1.0515252593950475e7,240.12319261475167,11.040063590411783,443.7999898244598,4.776757887462858e-16,4.776757887462858e-16,9.624617793004409e-9,7.279974583666805e-9,0.9999999897383811,0.7862497520863588,5.339768163246474e-6,5.068728174160728e-7,1.335727650792811e-8,3.9301190393030133e-7,4.1646497114480456e-7,8.982784759027085e-9,9.98457944299751e-10,5.67732224489696e-9,3.236595744243554e-8,1.618954961333712e-9,2.3607773555287066e-9,9.700919484536827e-9,4.106429622263805e-8,2.4827489738640705e-9,1.3357277864018754e-8,0.3116658195248751,1.7470028915854944e-7,1.021304374289064e-8,1.335727639578341e-8,3.4641300777228535e-7,6.008258983265947e-7,1.008134016352184e-8,1.407034286778739e-9,6.881111685384265e-9,3.433753531687933e-8,2.021106641956028e-9,0.25927923380462925,-3.86523725471677e-9,1.6120355013288298e-9,-8.966660512099291e-9,1.0233638029776922e-8,-3.4898187335819226e-9,4.716863214977743e-9,-8.50671123341932e-9,1.5484340807591478e-8,-8.329637080031196e-9,-6.2451726325374615e-9,-9.624617793004409e-9,0.4838958577545673,-3.671884720632631e-9,8.194381907098887e-10,-8.950506895453883e-9,0.2568248109570681,-7.996025450202699e-9,-5.660851739885377e-9,-9.590238678908739e-9,1.1684025925648443e-8,-4.975005396862759e-9,1.0723994185067854e-9,-8.830975460736412e-9,1.4841418342142339e-9,5.984499446211407e-7,1.2956687991171694e-6,1.3345851641983098e-7,1.1093977158886118e-10,8.645013418365827e-9,1.0069408982091056e-7,2.4053045139815148e-8,2.62308595058745e-10,1.4771854669635624e-8,1.2775558824820724e-7,3.6886556183123324e-8,1.4841419848909719e-9,0.4745820433674235,5.43512010715487e-7,1.517366498943752e-7,1.4841418217537117e-9,5.274925345623437e-7,1.869236128127183e-6,1.4977991100089587e-7,1.5633714297541538e-10,1.047805643001695e-8,1.0682788765251345e-7,3.0027870109060985e-8,0.37025298485160235,6.6178811094040684e-15,2.195678011379578e-14,0.9999999951991528,0.13098146757271845,1.5291271683143421e-12
group_TotEmiss_ISI,46,,9.98974754109405e6,,,3,2,LOCALLY_SOLVED,Solve_Succeeded,0.418645208,0.7125922931336588,9.989747820688466e6,233.2673546583448,12.110935291887376,443.79998923936677,2.2737367544323206e-16,1.230377031619221e-16,9.850872507581017e-9,8.86748650672463e-9,1.0000000026435036,0.769762147730672,2.5517985792782426e-6,1.554504466586533e-7,-2.4845841658444624e-9,1.9756438629614385e-7,1.5838252389038035e-7,2.3037919024081715e-9,-4.290369252691111e-9,7.624937257667314e-9,3.315953845335057e-8,9.879742876697217e-10,-3.925784412142862e-9,1.3542387406481113e-8,4.233271951372564e-8,1.7786694908768169e-9,-2.4845839546507793e-9,0.3051305400798757,9.300156188961209e-8,4.113901403629274e-9,-2.4845840631171292e-9,1.8842363235581843e-7,2.635326158054769e-7,2.6600875793211126e-9,-4.083540910696965e-9,1.0613107002749151e-8,3.7365266530947406e-8,1.566596179436045e-9,0.19920575604829627,-7.742045611168535e-9,-5.744332369216445e-9,-9.623059585822616e-9,1.3627488004350504e-8,-1.4035871722758151e-9,2.4235884032899767e-9,-8.959353143839768e-9,2.148435971722533e-8,-9.286578046828471e-9,-8.449280162214977e-9,-9.848763444114733e-9,0.5031174486669465,-7.69141314115127e-9,-5.884044688218944e-9,-9.602465765856577e-9,0.297676767119635,-9.268166642670849e-9,-8.416556104426539e-9,-9.850872507581017e-9,1.7645052485775937e-8,-5.994905429060502e-9,-2.9803919219956412e-9,-9.3255122671129e-9,-2.7606490731605123e-10,3.0083667913276454e-7,4.927456298811832e-7,3.4227765407207114e-8,-4.767076947434565e-10,1.161069991508432e-8,1.031630085215351e-7,1.4678475131093008e-8,-4.3619826801587345e-10,2.062136264168715e-8,1.3170179404270197e-7,2.6425946721598416e-8,-2.760648838500864e-10,0.464630595121629,2.8933819254545976e-7,6.112082085392064e-8,-2.7606489590190316e-10,2.8691780381454167e-7,8.198792491725948e-7,3.95213011784851e-8,-4.5372676785521815e-10,1.6160867481458936e-8,1.1624749587405857e-7,2.3275143237335523e-8,0.28446674506048186,2.5865515385991597e-15,-7.397613495908729e-14,1.0000000048362803,0.15181551749196465,6.247046284045343e-13
group_TotEmiss_ISI,47,,9.46424271777733e6,,,3,3,LOCALLY_SOLVED,Solve_Succeeded,0.379678959,0.725002268096301,9.464242991347989e6,227.34233029232195,13.036416598557999,443.7999892339734,2.1654635756498291e-16,2.460754063238442e-16,9.850576369043727e-9,8.676439825120103e-9,1.000000002640342,0.7555124400171811,2.6103110540659054e-6,1.5042606562491772e-7,-2.4754160823823414e-9,2.089571359977886e-7,1.5947733738469806e-7,2.3276368505462187e-9,-4.293292344273884e-9,7.581711359378057e-9,3.316777144659111e-8,9.777118773064278e-10,-3.9168236289447566e-9,1.3534591590729422e-8,4.2960831506976144e-8,1.6907329283638e-9,-2.4754157584514875e-9,0.29948197968705836,9.980270455498715e-8,3.92383316012531e-9,-2.4754158513795433e-9,2.0463792416797913e-7,2.686585527670203e-7,2.6804252867686433e-9,-4.0795034570788865e-9,1.0610309211924513e-8,3.788169728231558e-8,1.4940240470988748e-9,0.14728762773754053,-7.729305637973315e-9,-5.7259369020846e-9,-9.621696105163608e-9,1.3486850348470147e-8,-1.324440950360456e-9,2.5324061453736797e-9,-8.958888052382336e-9,2.1564255467594453e-8,-9.285093239839932e-9,-8.444750837413959e-9,-9.848872714060615e-9,0.5197308565896572,-7.680837441282805e-9,-5.846107647390091e-9,-9.60291864239441e-9,0.3329814875597684,-9.266131415489543e-9,-8.41273249204854e-9,-9.850576369043727e-9,1.760878921257364e-8,-5.969035646018234e-9,-2.9150589645060916e-9,-9.330185445356046e-9,-2.7504623137581555e-10,3.1818472981481447e-7,4.961517163079494e-7,3.458203320811524e-8,-4.77032482697098e-10,1.1544878660871136e-8,1.0318862227828344e-7,1.4526005034266925e-8,-4.352026254383061e-10,2.0609491740428895e-8,1.3365592024392576e-7,2.5119460649976455e-8,-2.7504619538349846e-10,0.4560293781598389,3.1049730305995997e-7,5.829694980757602e-8,-2.75046205708838e-10,3.1160774816487735e-7,8.358266086085076e-7,3.982346140341983e-8,-4.5327816189765384e-10,1.6156607209066873e-8,1.1785416932275954e-7,2.2196928699754704e-8,0.2103277075896982,3.0039416811122826e-15,-8.727811140007242e-14,1.0000000050173716,0.16982095189301474,7.275100529335087e-13
group_TotEmiss_ISI,48,,8.938737894460611e6,,,3,3,LOCALLY_SOLVED,Solve_Succeeded,0.443476667,0.7354982904097493,8.938738071859453e6,222.3298990951857,13.819353611620018,443.79998983007266,1.230377031619221e-16,1.147303886228047e-21,9.624886835235463e-9,5.626299193870268e-9,0.9999999896958348,0.7434567078360703,5.988082557805881e-6,5.020600410141163e-7,1.3452309238736237e-8,4.955342620663198e-7,4.3573027843163296e-7,9.013753338546406e-9,9.996105215045564e-10,5.635586918719853e-9,3.242280281618955e-8,1.590062314508627e-9,2.439660322680171e-9,9.655715253815983e-9,4.205633634570282e-8,2.330076237070468e-9,1.3452312631316225e-8,0.29470256026855446,2.3966871843537444e-7,1.0195314284616228e-8,1.345231420495888e-8,4.946083420751306e-7,6.72271216846268e-7,1.005827562036989e-8,1.443968700232596e-9,6.84504690699648e-9,3.503002165423766e-8,1.907856437633626e-9,0.10336497235675808,-3.74147241717669e-9,1.787243950647761e-9,-8.954972100556513e-9,1.0163175221289914e-8,-3.441529430999595e-9,4.909358730982154e-9,-8.502605478242268e-9,1.5707000322291804e-8,-8.321222885954904e-9,-6.2108637974826385e-9,-9.624886835235463e-9,0.5337877344466236,-3.5821459109394235e-9,1.3071494359098381e-9,-8.939133581584838e-9,0.3628471950219204,-7.975599649143132e-9,-5.6242707946658e-9,-9.587652167264964e-9,1.1733495315342073e-8,-4.937717374656459e-9,1.2876227707128172e-9,-8.84250079938872e-9,1.494701026526248e-9,7.545635354191688e-7,1.3556053106761913e-6,1.3391862102983229e-7,1.1106783572272844e-10,8.581461898959777e-9,1.008709420948119e-7,2.3623782958413882e-8,2.7107336918668557e-10,1.4703020954674338e-8,1.308419352977421e-7,3.461827552218981e-8,1.49470140347958e-9,0.4487516258634807,7.456360129100537e-7,1.5147324080001253e-7,1.4947015783287637e-9,7.531536117962217e-7,2.091510452410611e-6,1.4943723778835263e-7,1.604409666925106e-10,1.0423139608381004e-8,1.0898228959096158e-7,2.8345295644842442e-8,0.14760787844794587,1.0555339799556596e-14,3.162080646350676e-14,0.999999996759018,0.18505314147694016,2.443996671175629e-12
group_TotEmiss_ISI,49,,8.41323307114389e6,,,3,3,LOCALLY_SOLVED,Solve_Succeeded,0.361325625,0.744109069510703,8.413233214896247e6,218.21633237277416,14.461887571124675,443.799989831475,1.230377031619221e-16,2.460754063238442e-16,9.62516501548758e-9,4.5591829231899324e-9,0.9999999896842676,0.7335635095504339,6.286883108245676e-6,5.004398695463911e-7,1.3476577546221312e-8,5.443263404716331e-7,4.4135427007074535e-7,9.018841338699728e-9,1.0006746209918037e-9,5.62546608511174e-9,3.244639272978065e-8,1.581343142741647e-9,2.4637018748264487e-9,9.636284534014865e-9,4.2384650722487274e-8,2.282179273787142e-9,1.3476585305873584e-8,0.29078078975705185,2.7770198812254446e-7,1.0188489891458598e-8,1.3476584047633242e-8,5.881855012270991e-7,7.006217212670051e-7,1.0049610560415353e-8,1.4552225633328094e-9,6.833326580747305e-9,3.526391368215505e-8,1.8726058346462425e-9,0.06731964660584282,-3.706192183994232e-9,1.8334475490342132e-9,-8.95210697550273e-9,1.0147970353118134e-8,-3.429455655932564e-9,4.962570126990221e-9,-8.502414965579551e-9,1.578091363940819e-8,-8.319279890841701e-9,-6.2012154597358095e-9,-9.62516501548758e-9,0.5453223167107621,-3.55960983255485e-9,1.483930831645823e-9,-8.936342054478188e-9,0.3873579382978127,-7.969608879537256e-9,-5.614331300520985e-9,-9.587017099517155e-9,1.1752803875986996e-8,-4.929073237263644e-9,1.352189386645853e-9,-8.847195005058946e-9,1.4973975051357008e-9,8.288605638999868e-7,1.3731021735534295e-6,1.3399421417496737e-7,1.1118606899908927e-10,8.56605062960197e-9,1.0094433293709533e-7,2.3494240977875896e-8,2.737446527584942e-10,1.4673433267704456e-8,1.3186335780329372e-7,3.3906663496266104e-8,1.4973983673192865e-9,0.4427798389482381,8.639617408256938e-7,1.513718498159563e-7,1.497398227514804e-9,8.956461041412647e-7,2.1797120217195714e-6,1.4930849975474237e-7,1.6169139592586765e-10,1.0405292747956125e-8,1.0970995367781569e-7,2.782157240045846e-8,0.09613536641254862,1.3102319056420132e-14,3.827556211361851e-14,0.9999999972105655,0.19755377508284971,3.0356928395198547e-12
group_TotEmiss_ISI,50,,7.887728247827171e6,,,3,3,LOCALLY_SOLVED,Solve_Succeeded,0.611332625,0.7508577723867865,7.887728337034868e6,214.99060399013263,14.965742317611484,443.7999898267084,1.230377031619221e-16,1.147303886228047e-21,9.62549186939627e-9,2.829269836363399e-9,0.9999999896894499,0.7258055482494958,6.665540416558363e-6,4.988058670157939e-7,1.3499068428026586e-8,6.056173291602022e-7,4.463899962283554e-7,9.021740258182284e-9,1.0020527896193725e-9,5.616438692960891e-9,3.246904238268547e-8,1.572915302204567e-9,2.487175153919776e-9,9.614732434071281e-9,4.271158206761874e-8,2.2355293292135975e-9,1.3499081509109337e-8,0.2877053543439852,3.330959238630329e-7,1.0181042338132028e-8,1.3499080979431487e-8,7.344149147699301e-7,7.316259786700655e-7,1.0040469381058568e-8,1.4661789427261632e-9,6.8212430179604296e-9,3.5497811346276076e-8,1.8383019076978565e-9,0.03905397800217535,-3.67194876470526e-9,1.8764832099236803e-9,-8.949507823150665e-9,1.0135262082766435e-8,-3.4182844267385604e-9,5.013125547181735e-9,-8.502495636145988e-9,1.5854693031857515e-8,-8.317567567483313e-9,-6.19199053524392e-9,-9.62549186939627e-9,0.5543676610504777,-3.5388654256841888e-9,1.6721424098963439e-9,-8.933800457921565e-9,0.40657826237128813,-7.96372684107556e-9,-5.604883665262194e-9,-9.586438080616615e-9,1.1772622791025874e-8,-4.921461121989724e-9,1.4152752977278065e-9,-8.852089878441977e-9,1.4998964920029532e-9,9.221900239484898e-7,1.3887688771548834e-6,1.3403728383585107e-7,1.113391988465969e-10,8.552304373372267e-9,1.0101479852391033e-7,2.3369027347039276e-8,2.7635279487997493e-10,1.4640615297335815e-8,1.328804775437027e-7,3.3213578605459164e-8,1.4998979454565923e-9,0.43809678956925024,1.036298429796102e-6,1.5126120045224725e-7,1.499897886603498e-9,1.1183136202178482e-6,2.2761697114179814e-6,1.4917268794715588e-7,1.6290877141401807e-10,1.0386892777348836e-8,1.1043763529952554e-7,2.731191405722529e-8,0.05577225641644826,1.7229392722955226e-14,4.9193937787266385e-14,0.9999999976413376,0.20735637519734285,3.9944340730773426e-12
group_TotEmiss_ISI,51,,7.362223424510451e6,,,3,3,LOCALLY_SOLVED,Solve_Succeeded,0.3729935,0.7557638340914666,7.362223409819119e6,212.6434474547246,15.332365276864948,443.79998983397314,4.547473508864641e-16,0.0,9.625852580967672e-9,0.0,0.9999999896620846,0.7201605271271266,7.177616045393493e-6,4.971569154517653e-7,1.3520350939345909e-8,6.848083101491613e-7,4.505309735141805e-7,9.02239658870135e-9,1.0037626668396357e-9,5.608392224317005e-9,3.2488816188600285e-8,1.5647470795467807e-9,2.5103064952457227e-9,9.591331946209536e-9,4.303565373747899e-8,2.190089296808601e-9,1.3520377192202924e-8,0.2854673560715387,4.1926289897048116e-7,1.017291948591063e-8,1.3520379789575728e-8,9.87478702758013e-7,7.652108068392871e-7,1.0030989567578756e-8,1.4769686127276894e-9,6.808865296968263e-9,3.5730319010376566e-8,1.8048879950697576e-9,0.01848675300229404,-3.6381790593500977e-9,1.9171346810937137e-9,-8.947100497391309e-9,1.0124649399353742e-8,-3.407614641675122e-9,5.0619006174719255e-9,-8.502741855973733e-9,1.5928604406813046e-8,-8.31602020069198e-9,-6.18304165239359e-9,-9.625852580967672e-9,0.5609499247578669,-3.5193243704573238e-9,1.8715074040692814e-9,-8.93143171444382e-9,0.420563223442263,-7.95791174803198e-9,-5.595733586626807e-9,-9.585897223425862e-9,1.1792911620697927e-8,-4.914565634578907e-9,1.4775750815495965e-9,-8.857108034798248e-9,1.5022612154828781e-9,1.0427762904544048e-6,1.4016519175996722e-6,1.3404703503213432e-7,1.1152918520440393e-10,8.540051796119076e-9,1.0107631703120087e-7,2.3247670896123594e-8,2.789229439161913e-10,1.4604982736273612e-8,1.3388870051660125e-7,3.253846955258493e-8,1.502264132466991e-9,0.43468892856347946,1.304373463463719e-6,1.511405180763865e-7,1.5022644210639693e-9,1.5036607519269746e-6,2.380655843500004e-6,1.490318450040272e-7,1.6410762363640988e-10,1.0368044884019855e-8,1.1116099247672708e-7,2.681547878389354e-8,0.026402597779555306,2.5077534822092783e-14,7.009071215978838e-14,0.9999999980367327,0.21448910172004035,5.817419552304829e-12
group_TotEmiss_ISI,52,,6.836718601193732e6,,,3,3,LOCALLY_SOLVED,Solve_Succeeded,0.504461084,0.7588442501700506,6.836718313202619e6,211.16675950828377,15.563022185102355,443.79998982452116,2.2737367544323206e-16,1.230377031619221e-16,9.626235302300338e-9,0.0,0.9999999896530102,0.7166089350628481,7.933866135194589e-6,4.954870323256395e-7,1.3540800633851923e-8,7.893289936038099e-7,4.5318776696978305e-7,9.020198030710828e-9,1.0058682514344549e-9,5.601392885407573e-9,3.2503150180243785e-8,1.556837561922323e-9,2.533356587867116e-9,9.566606408328714e-9,4.335394802796945e-8,2.1458755724541543e-9,1.3540897011496234e-8,0.2840589055545845,5.644533432016502e-7,1.0164112529817959e-8,1.3540893853726275e-8,1.4951928061736124e-6,8.006636427931194e-7,1.0021357852097105e-8,1.4878548286905549e-9,6.796696086749463e-9,3.59597048583398e-8,1.7723876233749187e-9,0.005546944934520235,-3.604666922143652e-9,1.955732665040718e-9,-8.944839471531191e-9,1.011601523401075e-8,-3.3970793064835117e-9,5.1095476262264384e-9,-8.503066155257683e-9,1.6003262318316446e-8,-8.314583387534332e-9,-6.174257450054049e-9,-9.626235302300338e-9,0.56509228423271,-3.5005481961725386e-9,2.0779673435444348e-9,-8.929178543667955e-9,0.42936067183038856,-7.952222359874379e-9,-5.586747104736077e-9,-9.585381179587932e-9,1.1814256935046754e-8,-4.908048182250715e-9,1.5397173200236015e-9,-8.86217815228388e-9,1.504533403761324e-9,1.2019327857148925e-6,1.4099174972393248e-6,1.3401437074198942e-7,1.1176313904827273e-10,8.529393711870624e-9,1.0112091167186953e-7,2.3130158062845937e-8,2.8148406531856835e-10,1.4567332485409633e-8,1.3487894942034936e-7,3.1881579933604574e-8,1.5045441123884701e-9,0.43254424254902646,1.756077067738467e-6,1.5100967187158112e-7,1.5045437615251412e-9,2.276770863946182e-6,2.490953555356371e-6,1.4888874523115694e-7,1.6531720318783938e-10,1.0349514495732138e-8,1.1187463733705714e-7,2.6332616118713075e-8,0.007924994789845615,4.583309977803374e-14,1.2550775801006685e-13,0.9999999984113795,0.2189765796825843,1.0636961720020429e-11
group_TotEmiss_ISI,53,,6.311213777877012e6,,,3,3,LOCALLY_SOLVED,Solve_Succeeded,0.482455084,0.7601142839841034,6.311212801086823e6,210.55323802053633,15.658851684874588,443.79998923678943,1.5922526291542861e-16,1.5922526291542861e-16,9.85017207930412e-9,0.0,1.0000000026175804,0.7151344494305387,3.5588586602976443e-6,1.2502404785377152e-7,-2.4355259807610935e-9,3.331106962984021e-7,1.5952862728885536e-7,2.4647989244554352e-9,-4.308498319501506e-9,7.41415036810243e-9,3.321789938461251e-8,9.275575025852135e-10,-3.879463472724663e-9,1.3187328307416726e-8,4.709169195574142e-8,1.2576273757305028e-9,-2.4351969817600573e-9,0.2834753872342764,2.929503793218712e-7,2.9001249445004827e-9,-2.4351971298275484e-9,9.834078347289113e-7,2.983147243913114e-7,2.8125575009409623e-9,-4.0730074055999385e-9,1.0463570183752608e-8,4.1261073090257424e-8,1.1324800164384346e-9,0.0001726457595905949,-7.667787309948243e-9,-5.6495046724328076e-9,-9.61616227204879e-9,1.2852410255511272e-8,-9.700288448068787e-10,3.0474894237547425e-9,-8.966594295013605e-9,2.1862619718873282e-8,-9.27950245062376e-9,-8.422592421571576e-9,-9.85017207930412e-9,0.5668088892077535,-7.6354403534173e-9,-5.545454044766825e-9,-9.609939169128285e-9,0.4330184374624624,-9.255179111500358e-9,-8.39561177883364e-9,-9.84935562341157e-9,1.721373211314574e-8,-5.8702061615841294e-9,-2.562625209396444e-9,-9.36390518964559e-9,-2.706139978623436e-10,5.072367420907487e-7,4.963112848986611e-7,3.661986973476646e-8,-4.787220355001672e-10,1.1289728969610518e-8,1.0334457586323892e-7,1.378085432412317e-8,-4.3105149696940683e-10,2.0080704468111833e-8,1.4650748608452885e-7,1.8684749582281756e-8,-2.7057744241778403e-10,0.43165570328855724,9.11401180112488e-7,4.308757060400717e-8,-2.705774588697275e-10,1.4974619301553876e-6,9.280902536618574e-7,4.1786568585408574e-8,-4.52556378399993e-10,1.593316368889602e-8,1.283677829474675e-7,1.6825417387085313e-8,0.00024803686248419044,8.722474486177962e-14,-2.6713900600077295e-12,1.0000000059216492,0.22084097990525253,2.147443438412448e-11
group_TotEmiss_ISI,54,,5.785708954560292e6,,,3,2,LOCALLY_SOLVED,Solve_Succeeded,0.884834209,0.8044075021814275,5.785709260795936e6,171.56193952770565,20.337080325876894,443.799989233131,2.1654635756498291e-16,2.460754063238442e-16,9.85344591698474e-9,9.71242731583437e-9,1.0000000026811557,0.6213606304632543,1.5968353949947195e-6,2.5170125198991946e-7,-3.903333703952777e-9,1.2682785651010014e-8,4.2016239077320844e-8,1.0048868936944453e-9,-4.264442371723707e-9,7.854155699145217e-9,3.197412235423105e-8,1.2469150460504034e-9,-4.1463124975972735e-9,1.2218510763754294e-8,3.2600212323922474e-8,4.034996216901593e-9,-2.576875017427698e-9,0.24630499331177094,5.243707275644059e-8,7.2421604574555165e-9,-2.576874926020026e-9,9.626084672605061e-8,2.0817497129549692e-7,2.507182483857691e-9,-4.243741698067229e-9,9.536117848653549e-9,2.9051742363832062e-8,3.438513619092431e-9,2.3914232768320524e-8,-8.230315009019686e-9,-6.440998145063744e-9,-9.672857572811813e-9,1.5086572000909416e-8,-2.1778075618628424e-9,1.2263571879722606e-9,-8.905426824422999e-9,1.7527402003696883e-8,-9.303499865833175e-9,-8.504267698080334e-9,-9.846211217882347e-9,0.3997701275292402,-7.786879663714642e-9,-6.242829512147961e-9,-9.596466794996451e-9,0.6002298272583851,-9.287794291978607e-9,-8.45466942821256e-9,-9.85344591698474e-9,1.5489301668544153e-8,-6.316922867305441e-9,-3.793900335972937e-9,-9.236721624807991e-9,-4.337037448836417e-10,1.931242360494707e-8,1.3071718824055372e-7,1.49297481348889e-8,-4.738269301915229e-10,1.1959737087334763e-8,9.947504732427437e-8,1.8525594969891704e-8,-4.607013886219191e-10,1.8605459572080402e-8,1.0142288278553657e-7,5.994851522253795e-8,-2.863194463808552e-10,0.3750553307247421,1.63137559686704e-7,1.0759781251076766e-7,-2.8631943622444725e-10,1.4657901660557708e-7,6.476554662526569e-7,3.724956833159998e-8,-4.71526855340803e-10,1.4520906724086088e-8,9.038319846525528e-8,5.108648805508755e-8,6.259321977668146e-15,6.82093680753583e-16,-1.690339480648374e-14,0.8026763579701152,0.30611741152224614,1.6386724581023083e-13
group_TotEmiss_ISI,55,,5.260204131243573e6,,,3,3,LOCALLY_SOLVED,Solve_Succeeded,0.579775708,0.8528084746104674,5.260204435752369e6,128.93761830673844,25.450418883678143,443.79998923590745,1.5922526291542861e-16,1.5922526291542861e-16,9.852363327502182e-9,9.657659434698597e-9,1.0000000026100626,0.5188490426074334,1.6101868249826657e-6,2.2837172431190557e-7,-3.85934746607293e-9,1.2519286081852895e-8,4.181488656126691e-8,1.011247677748641e-9,-4.241989773341833e-9,7.6407553602885e-9,3.201059154614383e-8,1.1705589979095113e-9,-4.065094454215777e-9,1.2512886340416464e-8,3.4277132308084106e-8,3.543879597247999e-9,-2.5323104316748513e-9,0.20566976887578858,5.653019460757318e-8,6.818136724413198e-9,-2.532310061389512e-9,9.63871984437939e-8,2.0423455887654174e-7,2.453592112121691e-9,-4.173529551914829e-9,9.72406699264283e-9,3.0447715444618275e-8,3.0050949434226774e-9,2.434650232875532e-8,-8.205631306657288e-9,-6.392833740249318e-9,-9.668736406421875e-9,1.500699668565856e-8,-1.895997337449433e-9,1.6100129813575934e-9,-8.899956921170596e-9,1.874523208090967e-8,-9.29655917929552e-9,-8.486389603356293e-9,-9.845567632290718e-9,0.21701793044992684,-7.744176132319951e-9,-6.153984331925845e-9,-9.591991731518183e-9,0.7829820214860993,-9.281095163748829e-9,-8.440894968215227e-9,-9.852363327502182e-9,1.6358173659073443e-8,-6.202243410636587e-9,-3.577744881215645e-9,-9.238033364601223e-9,-4.288163851192143e-10,1.9063458351912365e-8,1.3009075819060813e-7,1.5024251212265524e-8,-4.713321970379811e-10,1.1634786571348399e-8,9.958850703244744e-8,1.739116225465559e-8,-4.516771615795306e-10,1.9053713291088713e-8,1.066399671807061e-7,5.265192544482741e-8,-2.8136782574165e-10,0.3131789662426781,1.758717165568943e-7,1.0129803133413893e-7,-2.813677845988345e-10,1.4677141581214073e-7,6.353964053936853e-7,3.645336852295083e-8,-4.637255057683142e-10,1.4807102011524313e-8,9.472622582770127e-8,4.4647124873708347e-8,7.388016398745626e-15,7.911725532369741e-16,-2.138393563663989e-14,0.5868573186393233,0.39932102862733454,1.8965050633841507e-13
group_TotEmiss_ISI,56,,4.734699307926853e6,,,3,3,LOCALLY_SOLVED,Solve_Succeeded,0.587163208,0.8931043590171308,4.7346995870248405e6,93.44861430280659,29.707785049327093,443.7999898236149,1.5922526291542861e-16,1.5922526291542861e-16,9.617773036755985e-9,8.851742012482898e-9,0.9999999893071391,0.4334976033668243,2.7579828354505396e-6,4.196222017631744e-7,2.2686828381145774e-9,8.150761659304623e-9,3.930854551586909e-8,1.910106466075391e-9,1.0609415251772122e-9,5.568012925711073e-9,3.179516927548422e-8,1.7252094101338365e-9,2.185998145813221e-9,9.488832699033488e-9,3.7748358887524686e-8,3.09950298982732e-9,1.3382237861222913e-8,0.17183670483657765,1.0687228774003232e-7,1.0628116671396814e-8,1.3382252793389737e-8,1.6706968850560657e-7,4.2562575529226945e-7,1.0085876228054706e-8,1.3320492257899768e-9,6.688881763818157e-9,3.1815035660699846e-8,2.461643899796272e-9,1.505893641758859e-8,-6.667752026150851e-9,-2.5387102630272334e-9,-9.271734338605834e-9,1.0429200612018965e-8,-3.5443148392243984e-9,4.421445366263859e-9,-8.476165146884781e-9,1.4710457361826583e-8,-8.33449329717063e-9,-6.2995838485972165e-9,-9.617773036755985e-9,0.06485891105588652,-3.6814100606374984e-9,3.037210211417214e-11,-8.95365570069147e-9,0.9351409893172755,-8.020444753036549e-9,-5.699395579392671e-9,-9.591552339408423e-9,1.1388535396381451e-8,-5.023529548978809e-9,6.119701443402364e-10,-8.761286081130695e-9,2.5207587090161966e-10,1.2411387072122948e-8,1.2229325271603717e-7,2.837872463883438e-8,1.178823916863569e-10,8.478565136878226e-9,9.891830441261753e-8,2.563168266484557e-8,2.428886828681356e-10,1.4448904337164631e-8,1.1743933876118788e-7,4.6049758706005893e-8,1.4869153179136562e-9,0.26166043691024327,3.324915618578783e-7,1.5790344768932408e-7,1.4869169770433036e-9,2.544015711335373e-7,1.3241690164648381e-6,1.498473039596699e-7,1.480054695322196e-10,1.0185342685814013e-8,9.89801109443995e-8,3.657299508268746e-8,1.793802760806104e-14,2.7954992265013675e-15,9.41601194750127e-15,0.40716642868351616,0.47692236189110054,6.449194483183366e-13
group_TotEmiss_ISI,57,,4.209194484610134e6,,,3,3,LOCALLY_SOLVED,Solve_Succeeded,0.719069083,0.9259530958983353,4.209194755189882e6,64.54894136811319,33.17609960323518,443.7999898228521,1.5922526291542861e-16,1.5922526291542861e-16,9.622762483473709e-9,8.58158148920186e-9,0.9999999879675981,0.36399367272586347,3.4656016490468454e-6,4.2974163417969744e-7,2.674900290969683e-9,7.921633915578758e-9,3.843073879216883e-8,1.872460776930046e-9,1.4084001168229245e-9,5.451793829871472e-9,3.1528346170067454e-8,1.6714209944263492e-9,2.637073607928894e-9,9.318337269431178e-9,3.811455338968587e-8,2.8441824632778787e-9,9.424832284531315e-9,0.12419244792609094,1.2058199631616783e-7,1.0686719698587895e-8,1.629605442371442e-8,0.020093317251680048,5.846389598235781e-7,1.1200319186066771e-8,1.7137909163674236e-9,6.5909308458731905e-9,3.213639117784057e-8,2.2826644549234566e-9,1.6620766190669018e-8,-6.690978552982448e-9,-2.5818388412158675e-9,-9.275264525986738e-9,1.1517967918475004e-8,-3.6058159339016523e-9,4.372138130395409e-9,-8.499333924419324e-9,1.6451369887078804e-8,-8.338953741165223e-9,-6.294253334679877e-9,-9.622762483473709e-9,9.619643458074924e-8,-4.3620616101261195e-9,-5.546484133430035e-10,-9.037568844494031e-9,0.9999997965815159,-7.976794001104258e-9,-5.676143623271616e-9,-9.589903101427173e-9,1.2649486304093478e-8,-5.052074079194714e-9,6.756762654251371e-10,-8.792418760155181e-9,2.9721114344107575e-10,1.2062488007813109e-8,1.1956229846452522e-7,2.781941725724639e-8,1.5648890186921377e-10,8.301595150031562e-9,9.808818808465429e-8,2.4832540488620042e-8,2.930081786587659e-10,1.4189286296633839e-8,1.1857861054568936e-7,4.2256425168699904e-8,1.0472035871701458e-9,0.1891112275238203,3.751439885391887e-7,1.5877412123616298e-7,1.8106727137460462e-9,0.030596642178694615,1.8188767638955761e-6,1.6640474219299201e-7,1.9042121292971368e-10,1.003619015167054e-8,9.997988366439286e-8,3.3913871901719926e-8,2.2200583772198063e-14,3.480551343412127e-15,1.2300155037704026e-14,0.26080430015243444,0.5401401644029624,8.022464222312606e-13
group_TotEmiss_ISI,58,,3.683689661293414e6,,,3,3,LOCALLY_SOLVED,Solve_Succeeded,0.467840459,0.9516334969628044,3.6836899166088807e6,41.98114603402282,35.88573355292734,443.7999898247112,1.6240976817373719e-16,1.3829109342927351e-22,9.62218258760452e-9,8.097466647166662e-9,0.999999988068327,0.3097180144463748,3.754969325232838e-6,4.2260246260507526e-7,2.6480229895207332e-9,7.942628864681935e-9,3.8431805539118515e-8,1.876415500618045e-9,1.3853716146199955e-9,5.437894070868742e-9,3.170514568112622e-8,1.6406250338407139e-9,2.7214551119485387e-9,9.323480484064838e-9,3.9254728588504267e-8,2.6431594963651393e-9,1.0144513702437388e-8,0.06975228491524686,1.4512129072367773e-7,1.0780659016848653e-8,1.603578087247709e-8,0.05301880482848683,6.281276776119032e-7,1.102996693531218e-8,1.752160796144205e-9,6.598966618323968e-9,3.298769942391389e-8,2.137228512770962e-9,1.6428529849367803e-8,-6.672700533004178e-9,-2.5399383934166545e-9,-9.271379852912516e-9,1.1387952837931716e-8,-3.5678295408162714e-9,4.544112488945726e-9,-8.501653712645101e-9,1.6757306706103385e-8,-8.332594263657432e-9,-6.263511061790527e-9,-9.62218258760452e-9,1.2144929654111094e-7,-4.315728389159753e-9,-2.5243411108190885e-10,-9.030626081672037e-9,0.9999997707611566,-7.967248045845019e-9,-5.650813577306523e-9,-9.588422492679273e-9,1.2742634407681033e-8,-5.019890654009413e-9,8.820365513750359e-10,-8.81099395725144e-9,2.9422477661341466e-10,1.2094457589402037e-8,1.1956561723281313e-7,2.787817315203952e-8,1.5393017940222162e-10,8.280429607913766e-9,9.86382310079482e-8,2.437500050277632e-8,3.0238390132761526e-10,1.4197118009826005e-8,1.2212582227534657e-7,3.9269798231710636e-8,1.1271681891597093e-9,0.10621370657548956,4.514884600292194e-7,1.6016979110746568e-7,1.7817534302752315e-9,0.08073318007974131,1.954174997014809e-6,1.6387379446749524e-7,1.9468453290491158e-10,1.0048426441538769e-8,1.0262839820773208e-7,3.1753109332597146e-8,2.970526393540239e-14,4.6449889521636135e-15,1.5352849001572137e-14,0.1464799944253534,0.5895284035629061,1.0719942033555835e-12
group_TotEmiss_ISI,59,,3.158184837976694e6,,,3,3,LOCALLY_SOLVED,Solve_Succeeded,0.496212125,0.9699033064232385,3.1581850630948395e6,25.921514447962785,37.8139557252262,443.7999898279819,8.120488408686859e-17,6.151885158096106e-17,9.623690154924701e-9,7.139742439337033e-9,0.9999999883355366,0.2710944629371016,4.2487491982839835e-6,4.1717609831366685e-7,2.5756666068266503e-9,8.001456940496304e-9,3.849425081937893e-8,1.8845201659168067e-9,1.3237126280093252e-9,5.44758526908209e-9,3.192125388761549e-8,1.613775184752538e-9,2.7544175727931034e-9,9.337980114592956e-9,4.051167784411713e-8,2.4572169014449677e-9,1.1036559131288871e-8,0.031011706815868123,1.90877153185025e-7,1.0878447192290894e-8,1.559953138980109e-8,0.07644914613350098,6.998049634888666e-7,1.093021543926602e-8,1.7443673924512517e-9,6.619272981874925e-9,3.392152957086548e-8,2.002491055151534e-9,1.6078304134853413e-8,-6.653746699368767e-9,-2.499079986229496e-9,-9.267685152557716e-9,1.1148021340412837e-8,-3.526289782046223e-9,4.718427166143497e-9,-8.504364723480496e-9,1.6873922181900495e-8,-8.327058225996122e-9,-6.233523842548313e-9,-9.623690154924701e-9,1.7317942713249663e-7,-4.276943060098829e-9,1.1265546658749674e-10,-9.024604488121646e-9,0.9999997194390166,-7.959215478101907e-9,-5.626289914369863e-9,-9.58710716082949e-9,1.2689895548144118e-8,-4.989616745754276e-9,1.0947132336074519e-9,-8.830724179179885e-9,2.8618517853629435e-10,1.2184036704846647e-8,1.1975989143806777e-7,2.7998585322192554e-8,1.4707918088992497e-10,8.29518665973864e-9,9.931056765035928e-8,2.3976088459180558e-8,3.0604639697701136e-10,1.4219196992675638e-8,1.260363310705866e-7,3.6507222535753794e-8,1.226284347920985e-9,0.04722237174234465,5.938400321311888e-7,1.6162264399975039e-7,1.7332812655334541e-9,0.11641119979419469,2.177170997520918e-6,1.6239177224052372e-7,1.9381859916125013e-10,1.0079347495127728e-8,1.0553364755380371e-7,2.9751295676537074e-8,4.454788579499039e-14,6.94849173099921e-15,2.1640397110230422e-14,0.06512485093634203,0.6246739245928575,1.6063040107517597e-12
group_TotEmiss_ISI,60,,2.6326800146599747e6,,,3,2,LOCALLY_SOLVED,Solve_Succeeded,0.485603167,0.980855106492301,2.6326801497050817e6,16.288738959530995,38.970528450831296,443.7999898168782,3.1845052583085723e-16,3.1845052583085723e-16,9.625305582659801e-9,4.283027830143216e-9,0.9999999888862121,0.2479274209015658,5.2034215750530506e-6,4.124634021964224e-7,2.420526970728389e-9,8.123676957894052e-9,3.8668478892674854e-8,1.9005207061346773e-9,1.1901437301374922e-9,5.493115597119736e-9,3.220286943092495e-8,1.5923777342067482e-9,2.692506385058296e-9,9.390713578041737e-9,4.1986236544645823e-8,2.288894867608463e-9,1.2262519166791189e-8,0.007774519595372196,3.134710177402083e-7,1.0962293266467977e-8,1.4772124898493018e-8,0.09050300104058599,8.061729197319369e-7,1.0846528688183617e-8,1.653139905634955e-9,6.669379244141436e-9,3.4998631201426565e-8,1.8795902181213147e-9,1.5430234832400935e-8,-6.630317220146185e-9,-2.4521359998434773e-9,-9.263537676727203e-9,1.0694620774789337e-8,-3.471093117400172e-9,4.915419266815904e-9,-8.5057247982636e-9,1.661961351357992e-8,-8.321220238919362e-9,-6.201718176042473e-9,-9.625305582659801e-9,3.61943328532615e-7,-4.240743551396537e-9,5.972791176845679e-10,-9.019043329075114e-9,0.9999995329560907,-7.951797481148768e-9,-5.601174359933652e-9,-9.585880232125002e-9,1.2363478037705392e-8,-4.954299714885925e-9,1.3299406435654787e-9,-8.850364521902583e-9,2.689474411920431e-10,1.23701444586114e-8,1.2030193433276617e-7,2.8236307634000916e-8,1.3223819223749908e-10,8.36451693197778e-9,1.0018670489621095e-7,2.365818347964311e-8,2.991673761175883e-10,1.4299495675654465e-8,1.3062384702778696e-7,3.400643803304002e-8,1.3625021296434649e-9,0.011838473020225846,9.752431663028703e-7,1.6286835710180992e-7,1.641347210943668e-9,0.13781138794816505,2.508093528054915e-6,1.6114842622444228e-7,1.8368221173721714e-10,1.0155645667215371e-8,1.0888463040443816e-7,2.7925340383516672e-8,8.873273735367843e-14,1.3796814530969588e-14,4.036424578767573e-14,0.01632698015770286,0.6457546643030394,3.1964133009138532e-12
group_TotEmiss_ISI,61,,2.107175191343255e6,,,3,1,LOCALLY_SOLVED,Solve_Succeeded,0.404097208,0.9845083050799069,2.1071749058935395e6,13.065768845104296,39.357498682089485,443.79998983508483,5.413658939124573e-17,6.151885158096106e-17,9.628380960828122e-9,0.0,0.9999999863334129,0.2401762867784363,4.892409336429176e-6,2.927116952859155e-7,3.0799091206741826e-9,7.553942315035013e-9,3.726513335128738e-8,1.9162438141500315e-9,1.7636709451837031e-9,5.158669625788186e-9,3.1526443457207275e-8,1.5943700993960357e-9,3.43450380242134e-9,8.662917099501451e-9,4.129433238419667e-8,2.178877927102257e-9,2.868497385335219e-9,7.443364822962099e-9,3.799324002146773e-8,1.9964470444650255e-9,1.853412629848043e-8,0.09520499470483208,1.0099031443724836e-6,1.2442359950327674e-8,2.280692075235634e-9,6.222421182318829e-9,3.465438645834837e-8,1.808640447824257e-9,1.7914728016154475e-8,-6.672077203866034e-9,-2.5143944272674967e-9,-9.26757550350698e-9,1.2455846582291795e-8,-3.6016025846202433e-9,4.769074322035267e-9,-8.528181937496179e-9,1.9616746287020318e-8,-8.331931215277337e-9,-6.2032720538007345e-9,-9.628380960828122e-9,1.69513736098299e-8,-6.667056500675093e-9,-2.4377361205398466e-9,-9.25765412020381e-9,0.9999998694273519,-7.946741266922565e-9,-5.581774440040686e-9,-9.584893255080852e-9,1.4454700334369387e-8,-5.043571588407144e-9,1.315532297160132e-9,-8.878799000175213e-9,3.422121245193535e-10,1.1502593979712408e-8,1.1593597042622739e-7,2.8469908095943323e-8,1.9596343835374471e-10,7.855246930177465e-9,9.808226853353373e-8,2.3687784333883954e-8,3.81611533602371e-10,1.3191260128786301e-8,1.2847125630638962e-7,3.237190063123353e-8,3.1872193170391304e-10,1.1334214616783197e-8,1.1820119117789958e-7,2.966149894633752e-8,2.059347366497825e-9,0.14497124193690342,3.1419208936032812e-6,1.8485791926201114e-7,2.53410230581737e-10,9.475050436712764e-9,1.0781364675930602e-7,2.687122951053181e-8,2.948711310356003e-13,4.622658958189453e-14,1.447408802299808e-13,7.728473862935192e-12,0.6528079365880418,1.0709563363126092e-11
