M,block_size,regime,method,grouping_mode,runs,exact_recovery_rate,ari_mean,ari_std,nmi_mean,pairwise_f1_mean,estimated_groups_mean,matrix_mae_mean,within_mean,between_mean,separation_margin_mean,active_fraction_mean,runtime_seconds_mean
3,1,active_fraction_q0,ORCA-current,fixed_K2,30,1.0,1.0,0.0,1.0,1.0,2.0,0.6666666666666666,0.0,0.0,0.0,0.0,0.0021940972333444
3,1,active_fraction_q0,ORCA-current,unknown_K,30,0.0,0.0,0.0,0.7611702597222879,0.0,3.0,0.6666666666666666,0.0,0.0,0.0,0.0,0.0021940972333444
3,1,active_fraction_q0,ORCA-joint,fixed_K2,30,1.0,1.0,0.0,1.0,1.0,2.0,0.6666666666666666,0.0,0.0,0.0,0.0,0.0021940972333444
3,1,active_fraction_q0,ORCA-joint,unknown_K,30,0.0,0.0,0.0,0.7611702597222879,0.0,3.0,0.6666666666666666,0.0,0.0,0.0,0.0,0.0021940972333444
3,1,active_fraction_q0,Pearson,fixed_K2,30,1.0,1.0,0.0,1.0,1.0,2.0,0.0225325821331994,1.0,-0.9493016902003012,1.9493016902003013,0.0,0.0021940972333444
3,1,active_fraction_q0,Pearson,unknown_K,30,1.0,1.0,0.0,1.0,1.0,2.0,0.0225325821331994,1.0,-0.9493016902003012,1.9493016902003013,0.0,0.0021940972333444
3,1,active_fraction_q0,Raw-Cosine,fixed_K2,30,1.0,1.0,0.0,1.0,1.0,2.0,0.6666666666666666,0.0,0.0,0.0,0.0,0.0021940972333444
3,1,active_fraction_q0,Raw-Cosine,unknown_K,30,0.0,0.0,0.0,0.7611702597222879,0.0,3.0,0.6666666666666666,0.0,0.0,0.0,0.0,0.0021940972333444
3,1,active_fraction_q0,Single-Constraint-Mean,fixed_K2,30,1.0,1.0,0.0,1.0,1.0,2.0,0.0,,,,0.0,0.0021940972333444
3,1,active_fraction_q0,Single-Constraint-Mean,unknown_K,30,0.0,0.0,0.0,0.7611702597222879,0.0,3.0,0.0,,,,0.0,0.0021940972333444
3,1,active_fraction_q0,Spearman,fixed_K2,30,1.0,1.0,0.0,1.0,1.0,2.0,0.0045959281672733,1.0,-0.9896591616236348,1.989659161623635,0.0,0.0021940972333444
3,1,active_fraction_q0,Spearman,unknown_K,30,1.0,1.0,0.0,1.0,1.0,2.0,0.0045959281672733,1.0,-0.9896591616236348,1.989659161623635,0.0,0.0021940972333444
3,1,active_fraction_q0.25,ORCA-current,fixed_K2,30,1.0,1.0,0.0,1.0,1.0,2.0,0.6666666666666666,0.0,0.0,0.0,0.0,0.00210451110003
3,1,active_fraction_q0.25,ORCA-current,unknown_K,30,0.0,0.0,0.0,0.7611702597222879,0.0,3.0,0.6666666666666666,0.0,0.0,0.0,0.0,0.00210451110003
3,1,active_fraction_q0.25,ORCA-joint,fixed_K2,30,1.0,1.0,0.0,1.0,1.0,2.0,0.6666666666666666,0.0,0.0,0.0,0.0,0.00210451110003
3,1,active_fraction_q0.25,ORCA-joint,unknown_K,30,0.0,0.0,0.0,0.7611702597222879,0.0,3.0,0.6666666666666666,0.0,0.0,0.0,0.0,0.00210451110003
3,1,active_fraction_q0.25,Pearson,fixed_K2,30,1.0,1.0,0.0,1.0,1.0,2.0,0.0239703096260007,1.0,-0.9460668033414984,1.9460668033414985,0.0,0.00210451110003
3,1,active_fraction_q0.25,Pearson,unknown_K,30,1.0,1.0,0.0,1.0,1.0,2.0,0.0239703096260007,1.0,-0.9460668033414984,1.9460668033414985,0.0,0.00210451110003
3,1,active_fraction_q0.25,Raw-Cosine,fixed_K2,30,1.0,1.0,0.0,1.0,1.0,2.0,0.6666666666666666,0.0,0.0,0.0,0.0,0.00210451110003
3,1,active_fraction_q0.25,Raw-Cosine,unknown_K,30,0.0,0.0,0.0,0.7611702597222879,0.0,3.0,0.6666666666666666,0.0,0.0,0.0,0.0,0.00210451110003
3,1,active_fraction_q0.25,Single-Constraint-Mean,fixed_K2,30,1.0,1.0,0.0,1.0,1.0,2.0,0.0,,,,0.0,0.00210451110003
3,1,active_fraction_q0.25,Single-Constraint-Mean,unknown_K,30,0.0,0.0,0.0,0.7611702597222879,0.0,3.0,0.0,,,,0.0,0.00210451110003
3,1,active_fraction_q0.25,Spearman,fixed_K2,30,1.0,1.0,0.0,1.0,1.0,2.0,0.005764572536485,1.0,-0.9870297117929088,1.9870297117929083,0.0,0.00210451110003
3,1,active_fraction_q0.25,Spearman,unknown_K,30,1.0,1.0,0.0,1.0,1.0,2.0,0.005764572536485,1.0,-0.9870297117929088,1.9870297117929083,0.0,0.00210451110003
3,1,active_fraction_q0.5,ORCA-current,fixed_K2,30,1.0,1.0,0.0,1.0,1.0,2.0,0.3829158191933308,0.0,-0.6384394068150058,0.5563782138980463,0.0,0.0030967055000777
3,1,active_fraction_q0.5,ORCA-current,unknown_K,30,0.0,0.0,0.0,0.7611702597222879,0.0,3.0,0.3829158191933308,0.0,-0.6384394068150058,0.5563782138980463,0.0,0.0030967055000777
3,1,active_fraction_q0.5,ORCA-joint,fixed_K2,30,1.0,1.0,0.0,1.0,1.0,2.0,0.3829158191933308,0.0,-0.6384394068150058,0.5563782138980464,0.0,0.0030967055000777
3,1,active_fraction_q0.5,ORCA-joint,unknown_K,30,0.0,0.0,0.0,0.7611702597222879,0.0,3.0,0.3829158191933308,0.0,-0.6384394068150058,0.5563782138980464,0.0,0.0030967055000777
3,1,active_fraction_q0.5,Pearson,fixed_K2,30,1.0,1.0,0.0,1.0,1.0,2.0,0.0287235611004598,0.9771223715010862,-0.9468108017734224,1.916873781774754,0.0,0.0030967055000777
3,1,active_fraction_q0.5,Pearson,unknown_K,30,1.0,1.0,0.0,1.0,1.0,2.0,0.0287235611004598,0.9771223715010862,-0.9468108017734224,1.916873781774754,0.0,0.0030967055000777
3,1,active_fraction_q0.5,Raw-Cosine,fixed_K2,30,1.0,1.0,0.0,1.0,1.0,2.0,0.6666666666666666,0.0,0.0,0.0,0.0,0.0030967055000777
3,1,active_fraction_q0.5,Raw-Cosine,unknown_K,30,0.0,0.0,0.0,0.7611702597222879,0.0,3.0,0.6666666666666666,0.0,0.0,0.0,0.0,0.0030967055000777
3,1,active_fraction_q0.5,Single-Constraint-Mean,fixed_K2,30,1.0,1.0,0.0,1.0,1.0,2.0,0.4444444444444444,0.0,-0.5,0.4111111111111111,0.0,0.0030967055000777
3,1,active_fraction_q0.5,Single-Constraint-Mean,unknown_K,30,0.0,0.0,0.0,0.7611702597222879,0.0,3.0,0.4444444444444444,0.0,-0.5,0.4111111111111111,0.0,0.0030967055000777
3,1,active_fraction_q0.5,Spearman,fixed_K2,30,1.0,1.0,0.0,1.0,1.0,2.0,0.0288255652535097,0.9282459822534682,-0.9710194870528692,1.886496075345228,0.0,0.0030967055000777
3,1,active_fraction_q0.5,Spearman,unknown_K,30,1.0,1.0,0.0,1.0,1.0,2.0,0.0288255652535097,0.9282459822534682,-0.9710194870528692,1.886496075345228,0.0,0.0030967055000777
3,1,active_fraction_q0.75,ORCA-current,fixed_K2,30,1.0,1.0,0.0,1.0,1.0,2.0,0.3799283154121864,0.0,-0.6451612903225806,0.6451612903225806,1.0,0.0035937027334512
3,1,active_fraction_q0.75,ORCA-current,unknown_K,30,0.0,0.0,0.0,0.7611702597222879,0.0,3.0,0.3799283154121864,0.0,-0.6451612903225806,0.6451612903225806,1.0,0.0035937027334512
3,1,active_fraction_q0.75,ORCA-joint,fixed_K2,30,1.0,1.0,0.0,1.0,1.0,2.0,1.2335811384723961e-17,1.0,-1.0,2.0,1.0,0.0035937027334512
3,1,active_fraction_q0.75,ORCA-joint,unknown_K,30,1.0,1.0,0.0,1.0,1.0,2.0,1.2335811384723961e-17,1.0,-1.0,2.0,1.0,0.0035937027334512
3,1,active_fraction_q0.75,Pearson,fixed_K2,30,1.0,1.0,0.0,1.0,1.0,2.0,0.0210607893434888,1.0,-0.9526132239771502,1.95261322397715,1.0,0.0035937027334512
3,1,active_fraction_q0.75,Pearson,unknown_K,30,1.0,1.0,0.0,1.0,1.0,2.0,0.0210607893434888,1.0,-0.9526132239771502,1.95261322397715,1.0,0.0035937027334512
3,1,active_fraction_q0.75,Raw-Cosine,fixed_K2,30,1.0,1.0,0.0,1.0,1.0,2.0,0.6666666666666666,0.0,0.0,0.0,1.0,0.0035937027334512
3,1,active_fraction_q0.75,Raw-Cosine,unknown_K,30,0.0,0.0,0.0,0.7611702597222879,0.0,3.0,0.6666666666666666,0.0,0.0,0.0,1.0,0.0035937027334512
3,1,active_fraction_q0.75,Single-Constraint-Mean,fixed_K2,30,1.0,1.0,0.0,1.0,1.0,2.0,0.4444444444444444,0.0,-0.5,0.5,1.0,0.0035937027334512
3,1,active_fraction_q0.75,Single-Constraint-Mean,unknown_K,30,0.0,0.0,0.0,0.7611702597222879,0.0,3.0,0.4444444444444444,0.0,-0.5,0.5,1.0,0.0035937027334512
3,1,active_fraction_q0.75,Spearman,fixed_K2,30,1.0,1.0,0.0,1.0,1.0,2.0,0.0,1.0,-1.0,2.0,1.0,0.0035937027334512
3,1,active_fraction_q0.75,Spearman,unknown_K,30,1.0,1.0,0.0,1.0,1.0,2.0,0.0,1.0,-1.0,2.0,1.0,0.0035937027334512
3,1,active_fraction_q1,ORCA-current,fixed_K2,30,1.0,1.0,0.0,1.0,1.0,2.0,0.3799283154121864,0.0,-0.6451612903225806,0.6451612903225806,1.0,0.0035661028664132
3,1,active_fraction_q1,ORCA-current,unknown_K,30,0.0,0.0,0.0,0.7611702597222879,0.0,3.0,0.3799283154121864,0.0,-0.6451612903225806,0.6451612903225806,1.0,0.0035661028664132
3,1,active_fraction_q1,ORCA-joint,fixed_K2,30,1.0,1.0,0.0,1.0,1.0,2.0,6.579099405186112e-18,1.0,-1.0,2.0,1.0,0.0035661028664132
3,1,active_fraction_q1,ORCA-joint,unknown_K,30,1.0,1.0,0.0,1.0,1.0,2.0,6.579099405186112e-18,1.0,-1.0,2.0,1.0,0.0035661028664132
3,1,active_fraction_q1,Pearson,fixed_K2,30,1.0,1.0,0.0,1.0,1.0,2.0,0.0214705568432287,1.0,-0.9516912471027352,1.9516912471027352,1.0,0.0035661028664132
3,1,active_fraction_q1,Pearson,unknown_K,30,1.0,1.0,0.0,1.0,1.0,2.0,0.0214705568432287,1.0,-0.9516912471027352,1.9516912471027352,1.0,0.0035661028664132
3,1,active_fraction_q1,Raw-Cosine,fixed_K2,30,1.0,1.0,0.0,1.0,1.0,2.0,0.6666666666666666,0.0,0.0,0.0,1.0,0.0035661028664132
3,1,active_fraction_q1,Raw-Cosine,unknown_K,30,0.0,0.0,0.0,0.7611702597222879,0.0,3.0,0.6666666666666666,0.0,0.0,0.0,1.0,0.0035661028664132
3,1,active_fraction_q1,Single-Constraint-Mean,fixed_K2,30,1.0,1.0,0.0,1.0,1.0,2.0,0.4444444444444444,0.0,-0.5,0.5,1.0,0.0035661028664132
3,1,active_fraction_q1,Single-Constraint-Mean,unknown_K,30,0.0,0.0,0.0,0.7611702597222879,0.0,3.0,0.4444444444444444,0.0,-0.5,0.5,1.0,0.0035661028664132
3,1,active_fraction_q1,Spearman,fixed_K2,30,1.0,1.0,0.0,1.0,1.0,2.0,0.0,1.0,-1.0,2.0,1.0,0.0035661028664132
3,1,active_fraction_q1,Spearman,unknown_K,30,1.0,1.0,0.0,1.0,1.0,2.0,0.0,1.0,-1.0,2.0,1.0,0.0035661028664132
3,1,exact_pf,ORCA-current,fixed_K2,1,1.0,1.0,0.0,1.0,1.0,2.0,0.3799283154121864,0.0,-0.6451612903225806,0.6451612903225806,1.0,0.0073319580005772
3,1,exact_pf,ORCA-current,unknown_K,1,0.0,0.0,0.0,0.7611702597222879,0.0,3.0,0.3799283154121864,0.0,-0.6451612903225806,0.6451612903225806,1.0,0.0073319580005772
3,1,exact_pf,ORCA-joint,fixed_K2,1,1.0,1.0,0.0,1.0,1.0,2.0,0.0,1.0,-1.0,2.0,1.0,0.0073319580005772
3,1,exact_pf,ORCA-joint,unknown_K,1,1.0,1.0,0.0,1.0,1.0,2.0,0.0,1.0,-1.0,2.0,1.0,0.0073319580005772
3,1,exact_pf,Pearson,fixed_K2,1,1.0,1.0,0.0,1.0,1.0,2.0,0.025687481355147,1.0,-0.9422031669509192,1.942203166950919,1.0,0.0073319580005772
3,1,exact_pf,Pearson,unknown_K,1,1.0,1.0,0.0,1.0,1.0,2.0,0.025687481355147,1.0,-0.9422031669509192,1.942203166950919,1.0,0.0073319580005772
3,1,exact_pf,Raw-Cosine,fixed_K2,1,1.0,1.0,0.0,1.0,1.0,2.0,0.6666666666666666,0.0,0.0,0.0,1.0,0.0073319580005772
3,1,exact_pf,Raw-Cosine,unknown_K,1,0.0,0.0,0.0,0.7611702597222879,0.0,3.0,0.6666666666666666,0.0,0.0,0.0,1.0,0.0073319580005772
3,1,exact_pf,Single-Constraint-Mean,fixed_K2,1,1.0,1.0,0.0,1.0,1.0,2.0,0.4444444444444444,0.0,-0.5,0.5,1.0,0.0073319580005772
3,1,exact_pf,Single-Constraint-Mean,unknown_K,1,0.0,0.0,0.0,0.7611702597222879,0.0,3.0,0.4444444444444444,0.0,-0.5,0.5,1.0,0.0073319580005772
3,1,exact_pf,Spearman,fixed_K2,1,1.0,1.0,0.0,1.0,1.0,2.0,0.0,1.0,-1.0,2.0,1.0,0.0073319580005772
3,1,exact_pf,Spearman,unknown_K,1,1.0,1.0,0.0,1.0,1.0,2.0,0.0,1.0,-1.0,2.0,1.0,0.0073319580005772
3,1,heterogeneous_contamination_q0.25,ORCA-current,fixed_K2,30,1.0,1.0,0.0,1.0,1.0,2.0,0.6666666666666666,0.0,0.0,0.0,0.0,0.002106697166649
3,1,heterogeneous_contamination_q0.25,ORCA-current,unknown_K,30,0.0,0.0,0.0,0.7611702597222879,0.0,3.0,0.6666666666666666,0.0,0.0,0.0,0.0,0.002106697166649
3,1,heterogeneous_contamination_q0.25,ORCA-joint,fixed_K2,30,1.0,1.0,0.0,1.0,1.0,2.0,0.6666666666666666,0.0,0.0,0.0,0.0,0.002106697166649
3,1,heterogeneous_contamination_q0.25,ORCA-joint,unknown_K,30,0.0,0.0,0.0,0.7611702597222879,0.0,3.0,0.6666666666666666,0.0,0.0,0.0,0.0,0.002106697166649
3,1,heterogeneous_contamination_q0.25,Pearson,fixed_K2,30,0.9666666666666668,0.95,0.2738612787525831,0.975800584737376,0.9666666666666668,2.0,0.316728472831062,0.4020263442522737,-0.5863477640039735,0.9003912544084666,0.0,0.002106697166649
3,1,heterogeneous_contamination_q0.25,Pearson,unknown_K,30,0.9666666666666668,0.9666666666666668,0.1825741858350553,0.9920390086574096,0.9666666666666668,2.033333333333333,0.316728472831062,0.4020263442522737,-0.5863477640039735,0.9003912544084666,0.0,0.002106697166649
3,1,heterogeneous_contamination_q0.25,Raw-Cosine,fixed_K2,30,1.0,1.0,0.0,1.0,1.0,2.0,0.6666666666666666,0.0,0.0,0.0,0.0,0.002106697166649
3,1,heterogeneous_contamination_q0.25,Raw-Cosine,unknown_K,30,0.0,0.0,0.0,0.7611702597222879,0.0,3.0,0.6666666666666666,0.0,0.0,0.0,0.0,0.002106697166649
3,1,heterogeneous_contamination_q0.25,Single-Constraint-Mean,fixed_K2,30,1.0,1.0,0.0,1.0,1.0,2.0,0.0,,,,0.0,0.002106697166649
3,1,heterogeneous_contamination_q0.25,Single-Constraint-Mean,unknown_K,30,0.0,0.0,0.0,0.7611702597222879,0.0,3.0,0.0,,,,0.0,0.002106697166649
3,1,heterogeneous_contamination_q0.25,Spearman,fixed_K2,30,0.9666666666666668,0.95,0.2738612787525831,0.975800584737376,0.9666666666666668,2.0,0.3254337402722688,0.3896744425615029,-0.5729368631066437,0.8447929957985647,0.0,0.002106697166649
3,1,heterogeneous_contamination_q0.25,Spearman,unknown_K,30,0.9,0.9,0.3051285766293646,0.9507446839814858,0.9166666666666666,2.033333333333333,0.3254337402722688,0.3896744425615029,-0.5729368631066437,0.8447929957985647,0.0,0.002106697166649
3,1,heterogeneous_contamination_q0.5,ORCA-current,fixed_K2,30,1.0,1.0,0.0,1.0,1.0,2.0,0.3869297650095043,0.0,-0.6294080287286152,0.5171949708458987,0.0,0.0031338777997613
3,1,heterogeneous_contamination_q0.5,ORCA-current,unknown_K,30,0.0,0.0,0.0,0.7611702597222879,0.0,3.0,0.3869297650095043,0.0,-0.6294080287286152,0.5171949708458987,0.0,0.0031338777997613
3,1,heterogeneous_contamination_q0.5,ORCA-joint,fixed_K2,30,1.0,1.0,0.0,1.0,1.0,2.0,0.3869297650095043,0.0,-0.6294080287286152,0.5171949708458988,0.0,0.0031338777997613
3,1,heterogeneous_contamination_q0.5,ORCA-joint,unknown_K,30,0.0,0.0,0.0,0.7611702597222879,0.0,3.0,0.3869297650095043,0.0,-0.6294080287286152,0.5171949708458988,0.0,0.0031338777997613
3,1,heterogeneous_contamination_q0.5,Pearson,fixed_K2,30,0.8666666666666667,0.8,0.5186188554626406,0.903202338949504,0.8666666666666667,2.0,0.3904829318453879,0.0151760671353212,-0.6138253697802166,0.4997537684944498,0.0,0.0031338777997613
3,1,heterogeneous_contamination_q0.5,Pearson,unknown_K,30,0.5,0.4666666666666667,0.5560534167675355,0.8481082820210768,0.5,2.433333333333333,0.3904829318453879,0.0151760671353212,-0.6138253697802166,0.4997537684944498,0.0,0.0031338777997613
3,1,heterogeneous_contamination_q0.5,Raw-Cosine,fixed_K2,30,1.0,1.0,0.0,1.0,1.0,2.0,0.6666666666666666,0.0,0.0,0.0,0.0,0.0031338777997613
3,1,heterogeneous_contamination_q0.5,Raw-Cosine,unknown_K,30,0.0,0.0,0.0,0.7611702597222879,0.0,3.0,0.6666666666666666,0.0,0.0,0.0,0.0,0.0031338777997613
3,1,heterogeneous_contamination_q0.5,Single-Constraint-Mean,fixed_K2,30,1.0,1.0,0.0,1.0,1.0,2.0,0.4444444444444444,0.0,-0.5,0.3805555555555555,0.0,0.0031338777997613
3,1,heterogeneous_contamination_q0.5,Single-Constraint-Mean,unknown_K,30,0.0,0.0,0.0,0.7611702597222879,0.0,3.0,0.4444444444444444,0.0,-0.5,0.3805555555555555,0.0,0.0031338777997613
3,1,heterogeneous_contamination_q0.5,Spearman,fixed_K2,30,0.7666666666666667,0.65,0.6452746007281145,0.8306040931616322,0.7666666666666667,2.0,0.3967775355817777,0.0100120225475202,-0.6022445336672401,0.4551042793069447,0.0,0.0031338777997613
3,1,heterogeneous_contamination_q0.5,Spearman,unknown_K,30,0.5333333333333333,0.5,0.5570860145311556,0.8560692733636672,0.5333333333333333,2.4,0.3967775355817777,0.0100120225475202,-0.6022445336672401,0.4551042793069447,0.0,0.0031338777997613
3,1,heterogeneous_contamination_q0.75,ORCA-current,fixed_K2,30,1.0,1.0,0.0,1.0,1.0,2.0,0.3799283154121864,0.0,-0.6451612903225806,0.6451612903225806,1.0,0.0037149041998418
3,1,heterogeneous_contamination_q0.75,ORCA-current,unknown_K,30,0.0,0.0,0.0,0.7611702597222879,0.0,3.0,0.3799283154121864,0.0,-0.6451612903225806,0.6451612903225806,1.0,0.0037149041998418
3,1,heterogeneous_contamination_q0.75,ORCA-joint,fixed_K2,30,1.0,1.0,0.0,1.0,1.0,2.0,7.401486830834377e-18,1.0,-1.0,2.0,1.0,0.0037149041998418
3,1,heterogeneous_contamination_q0.75,ORCA-joint,unknown_K,30,1.0,1.0,0.0,1.0,1.0,2.0,7.401486830834377e-18,1.0,-1.0,2.0,1.0,0.0037149041998418
3,1,heterogeneous_contamination_q0.75,Pearson,fixed_K2,30,1.0,1.0,0.0,1.0,1.0,2.0,0.0070653037306246,1.0,-0.9841030666060946,1.9841030666060944,1.0,0.0037149041998418
3,1,heterogeneous_contamination_q0.75,Pearson,unknown_K,30,1.0,1.0,0.0,1.0,1.0,2.0,0.0070653037306246,1.0,-0.9841030666060946,1.9841030666060944,1.0,0.0037149041998418
3,1,heterogeneous_contamination_q0.75,Raw-Cosine,fixed_K2,30,1.0,1.0,0.0,1.0,1.0,2.0,0.6666666666666666,0.0,0.0,0.0,1.0,0.0037149041998418
3,1,heterogeneous_contamination_q0.75,Raw-Cosine,unknown_K,30,0.0,0.0,0.0,0.7611702597222879,0.0,3.0,0.6666666666666666,0.0,0.0,0.0,1.0,0.0037149041998418
3,1,heterogeneous_contamination_q0.75,Single-Constraint-Mean,fixed_K2,30,1.0,1.0,0.0,1.0,1.0,2.0,0.4444444444444444,0.0,-0.5,0.5,1.0,0.0037149041998418
3,1,heterogeneous_contamination_q0.75,Single-Constraint-Mean,unknown_K,30,0.0,0.0,0.0,0.7611702597222879,0.0,3.0,0.4444444444444444,0.0,-0.5,0.5,1.0,0.0037149041998418
3,1,heterogeneous_contamination_q0.75,Spearman,fixed_K2,30,1.0,1.0,0.0,1.0,1.0,2.0,0.0,1.0,-1.0,2.0,1.0,0.0037149041998418
3,1,heterogeneous_contamination_q0.75,Spearman,unknown_K,30,1.0,1.0,0.0,1.0,1.0,2.0,0.0,1.0,-1.0,2.0,1.0,0.0037149041998418
3,1,orca_selected_points,ORCA-current,fixed_K2,30,1.0,1.0,0.0,1.0,1.0,2.0,0.4021198389297687,0.0,-0.5952303624080204,0.3629483750626694,0.2375,0.0023070457999589
3,1,orca_selected_points,ORCA-current,unknown_K,30,0.0,0.0,0.0,0.7611702597222879,0.0,3.0,0.4021198389297687,0.0,-0.5952303624080204,0.3629483750626694,0.2375,0.0023070457999589
3,1,orca_selected_points,ORCA-joint,fixed_K2,30,1.0,1.0,0.0,1.0,1.0,2.0,0.3458863679082314,0.0704231584775964,-0.6865440929676809,0.5112351294148777,0.2375,0.0023070457999589
3,1,orca_selected_points,ORCA-joint,unknown_K,30,0.6333333333333333,0.6333333333333333,0.4901325178535609,0.9124290952315056,0.6333333333333333,2.3666666666666667,0.3458863679082314,0.0704231584775964,-0.6865440929676809,0.5112351294148777,0.2375,0.0023070457999589
3,1,orca_selected_points,Pearson,fixed_K2,30,0.9666666666666668,0.95,0.2738612787525831,0.975800584737376,0.9666666666666668,2.0,0.025026465859785,0.9437418317187728,-0.9718195359560972,1.8876432417518456,0.2375,0.0023070457999589
3,1,orca_selected_points,Pearson,unknown_K,30,0.9666666666666668,0.95,0.2738612787525831,0.975800584737376,0.9666666666666668,2.0,0.025026465859785,0.9437418317187728,-0.9718195359560972,1.8876432417518456,0.2375,0.0023070457999589
3,1,orca_selected_points,Raw-Cosine,fixed_K2,30,1.0,1.0,0.0,1.0,1.0,2.0,0.6666666666666666,0.0,0.0,0.0,0.2375,0.0023070457999589
3,1,orca_selected_points,Raw-Cosine,unknown_K,30,0.0,0.0,0.0,0.7611702597222879,0.0,3.0,0.6666666666666666,0.0,0.0,0.0,0.2375,0.0023070457999589
3,1,orca_selected_points,Single-Constraint-Mean,fixed_K2,30,1.0,1.0,0.0,1.0,1.0,2.0,0.4444444444444444,0.0,-0.5,0.2596866096866096,0.2375,0.0023070457999589
3,1,orca_selected_points,Single-Constraint-Mean,unknown_K,30,0.0,0.0,0.0,0.7611702597222879,0.0,3.0,0.4444444444444444,0.0,-0.5,0.2596866096866096,0.2375,0.0023070457999589
3,1,orca_selected_points,Spearman,fixed_K2,30,0.9666666666666668,0.95,0.2738612787525831,0.975800584737376,0.9666666666666668,2.0,0.0975679386420193,0.7804721380554565,-0.8902360690277283,1.5720553872220242,0.2375,0.0023070457999589
3,1,orca_selected_points,Spearman,unknown_K,30,0.9666666666666668,0.95,0.2738612787525831,0.975800584737376,0.9666666666666668,2.0,0.0975679386420193,0.7804721380554565,-0.8902360690277283,1.5720553872220242,0.2375,0.0023070457999589
3,10,active_fraction_q0,ORCA-current,fixed_K2,30,1.0,1.0,0.0,1.0,1.0,2.0,0.6666666666666666,0.0,0.0,0.0,0.0,0.0021610748664291
3,10,active_fraction_q0,ORCA-current,unknown_K,30,0.0,0.0,0.0,0.7611702597222879,0.0,3.0,0.6666666666666666,0.0,0.0,0.0,0.0,0.0021610748664291
3,10,active_fraction_q0,ORCA-joint,fixed_K2,30,1.0,1.0,0.0,1.0,1.0,2.0,0.6666666666666666,0.0,0.0,0.0,0.0,0.0021610748664291
3,10,active_fraction_q0,ORCA-joint,unknown_K,30,0.0,0.0,0.0,0.7611702597222879,0.0,3.0,0.6666666666666666,0.0,0.0,0.0,0.0,0.0021610748664291
3,10,active_fraction_q0,Pearson,fixed_K2,30,1.0,1.0,0.0,1.0,1.0,2.0,0.0202606776690906,1.0,-0.954413475244546,1.954413475244546,0.0,0.0021610748664291
3,10,active_fraction_q0,Pearson,unknown_K,30,1.0,1.0,0.0,1.0,1.0,2.0,0.0202606776690906,1.0,-0.954413475244546,1.954413475244546,0.0,0.0021610748664291
3,10,active_fraction_q0,Raw-Cosine,fixed_K2,30,1.0,1.0,0.0,1.0,1.0,2.0,0.6666666666666666,0.0,0.0,0.0,0.0,0.0021610748664291
3,10,active_fraction_q0,Raw-Cosine,unknown_K,30,0.0,0.0,0.0,0.7611702597222879,0.0,3.0,0.6666666666666666,0.0,0.0,0.0,0.0,0.0021610748664291
3,10,active_fraction_q0,Single-Constraint-Mean,fixed_K2,30,1.0,1.0,0.0,1.0,1.0,2.0,0.0,,,,0.0,0.0021610748664291
3,10,active_fraction_q0,Single-Constraint-Mean,unknown_K,30,0.0,0.0,0.0,0.7611702597222879,0.0,3.0,0.0,,,,0.0,0.0021610748664291
3,10,active_fraction_q0,Spearman,fixed_K2,30,1.0,1.0,0.0,1.0,1.0,2.0,0.0055944055944055,1.0,-0.9874125874125876,1.9874125874125876,0.0,0.0021610748664291
3,10,active_fraction_q0,Spearman,unknown_K,30,1.0,1.0,0.0,1.0,1.0,2.0,0.0055944055944055,1.0,-0.9874125874125876,1.9874125874125876,0.0,0.0021610748664291
3,10,active_fraction_q0.25,ORCA-current,fixed_K2,30,1.0,1.0,0.0,1.0,1.0,2.0,0.6666666666666666,0.0,0.0,0.0,0.0,0.0021699943664619
3,10,active_fraction_q0.25,ORCA-current,unknown_K,30,0.0,0.0,0.0,0.7611702597222879,0.0,3.0,0.6666666666666666,0.0,0.0,0.0,0.0,0.0021699943664619
3,10,active_fraction_q0.25,ORCA-joint,fixed_K2,30,1.0,1.0,0.0,1.0,1.0,2.0,0.6666666666666666,0.0,0.0,0.0,0.0,0.0021699943664619
3,10,active_fraction_q0.25,ORCA-joint,unknown_K,30,0.0,0.0,0.0,0.7611702597222879,0.0,3.0,0.6666666666666666,0.0,0.0,0.0,0.0,0.0021699943664619
3,10,active_fraction_q0.25,Pearson,fixed_K2,30,1.0,1.0,0.0,1.0,1.0,2.0,0.0211717431781425,1.0,-0.9523635778491794,1.9523635778491792,0.0,0.0021699943664619
3,10,active_fraction_q0.25,Pearson,unknown_K,30,1.0,1.0,0.0,1.0,1.0,2.0,0.0211717431781425,1.0,-0.9523635778491794,1.9523635778491792,0.0,0.0021699943664619
3,10,active_fraction_q0.25,Raw-Cosine,fixed_K2,30,1.0,1.0,0.0,1.0,1.0,2.0,0.6666666666666666,0.0,0.0,0.0,0.0,0.0021699943664619
3,10,active_fraction_q0.25,Raw-Cosine,unknown_K,30,0.0,0.0,0.0,0.7611702597222879,0.0,3.0,0.6666666666666666,0.0,0.0,0.0,0.0,0.0021699943664619
3,10,active_fraction_q0.25,Single-Constraint-Mean,fixed_K2,30,1.0,1.0,0.0,1.0,1.0,2.0,0.0,,,,0.0,0.0021699943664619
3,10,active_fraction_q0.25,Single-Constraint-Mean,unknown_K,30,0.0,0.0,0.0,0.7611702597222879,0.0,3.0,0.0,,,,0.0,0.0021699943664619
3,10,active_fraction_q0.25,Spearman,fixed_K2,30,1.0,1.0,0.0,1.0,1.0,2.0,0.0044548044548044,1.0,-0.98997668997669,1.98997668997669,0.0,0.0021699943664619
3,10,active_fraction_q0.25,Spearman,unknown_K,30,1.0,1.0,0.0,1.0,1.0,2.0,0.0044548044548044,1.0,-0.98997668997669,1.98997668997669,0.0,0.0021699943664619
3,10,active_fraction_q0.5,ORCA-current,fixed_K2,30,1.0,1.0,0.0,1.0,1.0,2.0,0.3820212030548762,0.0,-0.6404522931265285,0.5739453426714224,0.0,0.0032814445334831
3,10,active_fraction_q0.5,ORCA-current,unknown_K,30,0.0,0.0,0.0,0.7611702597222879,0.0,3.0,0.3820212030548762,0.0,-0.6404522931265285,0.5739453426714224,0.0,0.0032814445334831
3,10,active_fraction_q0.5,ORCA-joint,fixed_K2,30,1.0,1.0,0.0,1.0,1.0,2.0,0.3820212030548762,0.0,-0.6404522931265285,0.5739453426714224,0.0,0.0032814445334831
3,10,active_fraction_q0.5,ORCA-joint,unknown_K,30,0.0,0.0,0.0,0.7611702597222879,0.0,3.0,0.3820212030548762,0.0,-0.6404522931265285,0.5739453426714224,0.0,0.0032814445334831
3,10,active_fraction_q0.5,Pearson,fixed_K2,30,1.0,1.0,0.0,1.0,1.0,2.0,0.0261888745841366,0.979465562386942,-0.9513422509922216,1.923958397185312,0.0,0.0032814445334831
3,10,active_fraction_q0.5,Pearson,unknown_K,30,1.0,1.0,0.0,1.0,1.0,2.0,0.0261888745841366,0.979465562386942,-0.9513422509922216,1.923958397185312,0.0,0.0032814445334831
3,10,active_fraction_q0.5,Raw-Cosine,fixed_K2,30,1.0,1.0,0.0,1.0,1.0,2.0,0.6666666666666666,0.0,0.0,0.0,0.0,0.0032814445334831
3,10,active_fraction_q0.5,Raw-Cosine,unknown_K,30,0.0,0.0,0.0,0.7611702597222879,0.0,3.0,0.6666666666666666,0.0,0.0,0.0,0.0,0.0032814445334831
3,10,active_fraction_q0.5,Single-Constraint-Mean,fixed_K2,30,1.0,1.0,0.0,1.0,1.0,2.0,0.4444444444444444,0.0,-0.5,0.4277777777777777,0.0,0.0032814445334831
3,10,active_fraction_q0.5,Single-Constraint-Mean,unknown_K,30,0.0,0.0,0.0,0.7611702597222879,0.0,3.0,0.4444444444444444,0.0,-0.5,0.4277777777777777,0.0,0.0032814445334831
3,10,active_fraction_q0.5,Spearman,fixed_K2,30,1.0,1.0,0.0,1.0,1.0,2.0,0.0246050246050245,0.93986013986014,-0.9747086247086248,1.902564102564103,0.0,0.0032814445334831
3,10,active_fraction_q0.5,Spearman,unknown_K,30,1.0,1.0,0.0,1.0,1.0,2.0,0.0246050246050245,0.93986013986014,-0.9747086247086248,1.902564102564103,0.0,0.0032814445334831
3,10,active_fraction_q0.75,ORCA-current,fixed_K2,30,1.0,1.0,0.0,1.0,1.0,2.0,0.3799283154121864,0.0,-0.6451612903225806,0.6451612903225806,1.0,0.0037228277999626
3,10,active_fraction_q0.75,ORCA-current,unknown_K,30,0.0,0.0,0.0,0.7611702597222879,0.0,3.0,0.3799283154121864,0.0,-0.6451612903225806,0.6451612903225806,1.0,0.0037228277999626
3,10,active_fraction_q0.75,ORCA-joint,fixed_K2,30,1.0,1.0,0.0,1.0,1.0,2.0,3.289549702593057e-17,1.0,-1.0,2.0,1.0,0.0037228277999626
3,10,active_fraction_q0.75,ORCA-joint,unknown_K,30,1.0,1.0,0.0,1.0,1.0,2.0,3.289549702593057e-17,1.0,-1.0,2.0,1.0,0.0037228277999626
3,10,active_fraction_q0.75,Pearson,fixed_K2,30,1.0,1.0,0.0,1.0,1.0,2.0,0.0198483419980924,1.0,-0.955341230504292,1.955341230504292,1.0,0.0037228277999626
3,10,active_fraction_q0.75,Pearson,unknown_K,30,1.0,1.0,0.0,1.0,1.0,2.0,0.0198483419980924,1.0,-0.955341230504292,1.955341230504292,1.0,0.0037228277999626
3,10,active_fraction_q0.75,Raw-Cosine,fixed_K2,30,1.0,1.0,0.0,1.0,1.0,2.0,0.6666666666666666,0.0,0.0,0.0,1.0,0.0037228277999626
3,10,active_fraction_q0.75,Raw-Cosine,unknown_K,30,0.0,0.0,0.0,0.7611702597222879,0.0,3.0,0.6666666666666666,0.0,0.0,0.0,1.0,0.0037228277999626
3,10,active_fraction_q0.75,Single-Constraint-Mean,fixed_K2,30,1.0,1.0,0.0,1.0,1.0,2.0,0.4444444444444444,0.0,-0.5,0.5,1.0,0.0037228277999626
3,10,active_fraction_q0.75,Single-Constraint-Mean,unknown_K,30,0.0,0.0,0.0,0.7611702597222879,0.0,3.0,0.4444444444444444,0.0,-0.5,0.5,1.0,0.0037228277999626
3,10,active_fraction_q0.75,Spearman,fixed_K2,30,1.0,1.0,0.0,1.0,1.0,2.0,0.0,1.0,-1.0,2.0,1.0,0.0037228277999626
3,10,active_fraction_q0.75,Spearman,unknown_K,30,1.0,1.0,0.0,1.0,1.0,2.0,0.0,1.0,-1.0,2.0,1.0,0.0037228277999626
3,10,active_fraction_q1,ORCA-current,fixed_K2,30,1.0,1.0,0.0,1.0,1.0,2.0,0.3799283154121864,0.0,-0.6451612903225806,0.6451612903225806,1.0,0.0037725445333611
3,10,active_fraction_q1,ORCA-current,unknown_K,30,0.0,0.0,0.0,0.7611702597222879,0.0,3.0,0.3799283154121864,0.0,-0.6451612903225806,0.6451612903225806,1.0,0.0037725445333611
3,10,active_fraction_q1,ORCA-joint,fixed_K2,30,1.0,1.0,0.0,1.0,1.0,2.0,1.809252336426181e-17,1.0,-1.0,2.0,1.0,0.0037725445333611
3,10,active_fraction_q1,ORCA-joint,unknown_K,30,1.0,1.0,0.0,1.0,1.0,2.0,1.809252336426181e-17,1.0,-1.0,2.0,1.0,0.0037725445333611
3,10,active_fraction_q1,Pearson,fixed_K2,30,1.0,1.0,0.0,1.0,1.0,2.0,0.0196157945256677,1.0,-0.9558644623172476,1.9558644623172476,1.0,0.0037725445333611
3,10,active_fraction_q1,Pearson,unknown_K,30,1.0,1.0,0.0,1.0,1.0,2.0,0.0196157945256677,1.0,-0.9558644623172476,1.9558644623172476,1.0,0.0037725445333611
3,10,active_fraction_q1,Raw-Cosine,fixed_K2,30,1.0,1.0,0.0,1.0,1.0,2.0,0.6666666666666666,0.0,0.0,0.0,1.0,0.0037725445333611
3,10,active_fraction_q1,Raw-Cosine,unknown_K,30,0.0,0.0,0.0,0.7611702597222879,0.0,3.0,0.6666666666666666,0.0,0.0,0.0,1.0,0.0037725445333611
3,10,active_fraction_q1,Single-Constraint-Mean,fixed_K2,30,1.0,1.0,0.0,1.0,1.0,2.0,0.4444444444444444,0.0,-0.5,0.5,1.0,0.0037725445333611
3,10,active_fraction_q1,Single-Constraint-Mean,unknown_K,30,0.0,0.0,0.0,0.7611702597222879,0.0,3.0,0.4444444444444444,0.0,-0.5,0.5,1.0,0.0037725445333611
3,10,active_fraction_q1,Spearman,fixed_K2,30,1.0,1.0,0.0,1.0,1.0,2.0,0.0,1.0,-1.0,2.0,1.0,0.0037725445333611
3,10,active_fraction_q1,Spearman,unknown_K,30,1.0,1.0,0.0,1.0,1.0,2.0,0.0,1.0,-1.0,2.0,1.0,0.0037725445333611
3,10,exact_pf,ORCA-current,fixed_K2,1,1.0,1.0,0.0,1.0,1.0,2.0,0.3799283154121864,0.0,-0.6451612903225806,0.6451612903225806,1.0,0.0071547080005984
3,10,exact_pf,ORCA-current,unknown_K,1,0.0,0.0,0.0,0.7611702597222879,0.0,3.0,0.3799283154121864,0.0,-0.6451612903225806,0.6451612903225806,1.0,0.0071547080005984
3,10,exact_pf,ORCA-joint,fixed_K2,1,1.0,1.0,0.0,1.0,1.0,2.0,7.401486830834377e-17,0.9999999999999996,-1.0,1.9999999999999996,1.0,0.0071547080005984
3,10,exact_pf,ORCA-joint,unknown_K,1,1.0,1.0,0.0,1.0,1.0,2.0,7.401486830834377e-17,0.9999999999999996,-1.0,1.9999999999999996,1.0,0.0071547080005984
3,10,exact_pf,Pearson,fixed_K2,1,1.0,1.0,0.0,1.0,1.0,2.0,0.0256874813551469,1.0,-0.9422031669509192,1.9422031669509192,1.0,0.0071547080005984
3,10,exact_pf,Pearson,unknown_K,1,1.0,1.0,0.0,1.0,1.0,2.0,0.0256874813551469,1.0,-0.9422031669509192,1.9422031669509192,1.0,0.0071547080005984
3,10,exact_pf,Raw-Cosine,fixed_K2,1,1.0,1.0,0.0,1.0,1.0,2.0,0.6666666666666666,0.0,0.0,0.0,1.0,0.0071547080005984
3,10,exact_pf,Raw-Cosine,unknown_K,1,0.0,0.0,0.0,0.7611702597222879,0.0,3.0,0.6666666666666666,0.0,0.0,0.0,1.0,0.0071547080005984
3,10,exact_pf,Single-Constraint-Mean,fixed_K2,1,1.0,1.0,0.0,1.0,1.0,2.0,0.4444444444444444,0.0,-0.5,0.5,1.0,0.0071547080005984
3,10,exact_pf,Single-Constraint-Mean,unknown_K,1,0.0,0.0,0.0,0.7611702597222879,0.0,3.0,0.4444444444444444,0.0,-0.5,0.5,1.0,0.0071547080005984
3,10,exact_pf,Spearman,fixed_K2,1,1.0,1.0,0.0,1.0,1.0,2.0,0.0,1.0,-1.0,2.0,1.0,0.0071547080005984
3,10,exact_pf,Spearman,unknown_K,1,1.0,1.0,0.0,1.0,1.0,2.0,0.0,1.0,-1.0,2.0,1.0,0.0071547080005984
3,10,heterogeneous_contamination_q0.25,ORCA-current,fixed_K2,30,1.0,1.0,0.0,1.0,1.0,2.0,0.6666666666666666,0.0,0.0,0.0,0.0,0.0021511708331066
3,10,heterogeneous_contamination_q0.25,ORCA-current,unknown_K,30,0.0,0.0,0.0,0.7611702597222879,0.0,3.0,0.6666666666666666,0.0,0.0,0.0,0.0,0.0021511708331066
3,10,heterogeneous_contamination_q0.25,ORCA-joint,fixed_K2,30,1.0,1.0,0.0,1.0,1.0,2.0,0.6666666666666666,0.0,0.0,0.0,0.0,0.0021511708331066
3,10,heterogeneous_contamination_q0.25,ORCA-joint,unknown_K,30,0.0,0.0,0.0,0.7611702597222879,0.0,3.0,0.6666666666666666,0.0,0.0,0.0,0.0,0.0021511708331066
3,10,heterogeneous_contamination_q0.25,Pearson,fixed_K2,30,1.0,1.0,0.0,1.0,1.0,2.0,0.2617393871514754,0.4852650897457122,-0.6684538340363242,1.068402323160597,0.0,0.0021511708331066
3,10,heterogeneous_contamination_q0.25,Pearson,unknown_K,30,0.9666666666666668,0.9666666666666668,0.1825741858350553,0.9666666666666668,0.9833333333333332,1.9666666666666663,0.2617393871514754,0.4852650897457122,-0.6684538340363242,1.068402323160597,0.0,0.0021511708331066
3,10,heterogeneous_contamination_q0.25,Raw-Cosine,fixed_K2,30,1.0,1.0,0.0,1.0,1.0,2.0,0.6666666666666666,0.0,0.0,0.0,0.0,0.0021511708331066
3,10,heterogeneous_contamination_q0.25,Raw-Cosine,unknown_K,30,0.0,0.0,0.0,0.7611702597222879,0.0,3.0,0.6666666666666666,0.0,0.0,0.0,0.0,0.0021511708331066
3,10,heterogeneous_contamination_q0.25,Single-Constraint-Mean,fixed_K2,30,1.0,1.0,0.0,1.0,1.0,2.0,0.0,,,,0.0,0.0021511708331066
3,10,heterogeneous_contamination_q0.25,Single-Constraint-Mean,unknown_K,30,0.0,0.0,0.0,0.7611702597222879,0.0,3.0,0.0,,,,0.0,0.0021511708331066
3,10,heterogeneous_contamination_q0.25,Spearman,fixed_K2,30,1.0,1.0,0.0,1.0,1.0,2.0,0.2823102823102822,0.4578088578088578,-0.635897435897436,0.9930069930069932,0.0,0.0021511708331066
3,10,heterogeneous_contamination_q0.25,Spearman,unknown_K,30,0.9666666666666668,0.9666666666666668,0.1825741858350553,0.9666666666666668,0.9833333333333332,1.9666666666666663,0.2823102823102822,0.4578088578088578,-0.635897435897436,0.9930069930069932,0.0,0.0021511708331066
3,10,heterogeneous_contamination_q0.5,ORCA-current,fixed_K2,30,1.0,1.0,0.0,1.0,1.0,2.0,0.3847243969211401,0.0,-0.6343701069274348,0.5413733318203231,0.0,0.0032874651666134
3,10,heterogeneous_contamination_q0.5,ORCA-current,unknown_K,30,0.0,0.0,0.0,0.7611702597222879,0.0,3.0,0.3847243969211401,0.0,-0.6343701069274348,0.5413733318203231,0.0,0.0032874651666134
3,10,heterogeneous_contamination_q0.5,ORCA-joint,fixed_K2,30,1.0,1.0,0.0,1.0,1.0,2.0,0.3847243969211401,0.0,-0.6343701069274348,0.5413733318203231,0.0,0.0032874651666134
3,10,heterogeneous_contamination_q0.5,ORCA-joint,unknown_K,30,0.0,0.0,0.0,0.7611702597222879,0.0,3.0,0.3847243969211401,0.0,-0.6343701069274348,0.5413733318203231,0.0,0.0032874651666134
3,10,heterogeneous_contamination_q0.5,Pearson,fixed_K2,30,0.8333333333333334,0.75,0.5685735326841775,0.8790029236868802,0.8333333333333334,2.0,0.4106862724284872,-0.021935925721603,-0.5869238498967052,0.4483379509668193,0.0,0.0032874651666134
3,10,heterogeneous_contamination_q0.5,Pearson,unknown_K,30,0.5333333333333333,0.5166666666666667,0.5330998051949096,0.8723076972837007,0.5333333333333333,2.433333333333333,0.4106862724284872,-0.021935925721603,-0.5869238498967052,0.4483379509668193,0.0,0.0032874651666134
3,10,heterogeneous_contamination_q0.5,Raw-Cosine,fixed_K2,30,1.0,1.0,0.0,1.0,1.0,2.0,0.6666666666666666,0.0,0.0,0.0,0.0,0.0032874651666134
3,10,heterogeneous_contamination_q0.5,Raw-Cosine,unknown_K,30,0.0,0.0,0.0,0.7611702597222879,0.0,3.0,0.6666666666666666,0.0,0.0,0.0,0.0,0.0032874651666134
3,10,heterogeneous_contamination_q0.5,Single-Constraint-Mean,fixed_K2,30,1.0,1.0,0.0,1.0,1.0,2.0,0.4444444444444444,0.0,-0.5,0.4,0.0,0.0032874651666134
3,10,heterogeneous_contamination_q0.5,Single-Constraint-Mean,unknown_K,30,0.0,0.0,0.0,0.7611702597222879,0.0,3.0,0.4444444444444444,0.0,-0.5,0.4,0.0,0.0032874651666134
3,10,heterogeneous_contamination_q0.5,Spearman,fixed_K2,30,0.8333333333333334,0.75,0.5685735326841775,0.8790029236868802,0.8333333333333334,2.0,0.4026936026936026,-0.0039627039627039,-0.595920745920746,0.4424242424242425,0.0,0.0032874651666134
3,10,heterogeneous_contamination_q0.5,Spearman,unknown_K,30,0.5333333333333333,0.5166666666666667,0.5330998051949096,0.8723076972837007,0.5333333333333333,2.433333333333333,0.4026936026936026,-0.0039627039627039,-0.595920745920746,0.4424242424242425,0.0,0.0032874651666134
3,10,heterogeneous_contamination_q0.75,ORCA-current,fixed_K2,30,1.0,1.0,0.0,1.0,1.0,2.0,0.3799283154121864,0.0,-0.6451612903225806,0.6451612903225806,1.0,0.0037507193667503
3,10,heterogeneous_contamination_q0.75,ORCA-current,unknown_K,30,0.0,0.0,0.0,0.7611702597222879,0.0,3.0,0.3799283154121864,0.0,-0.6451612903225806,0.6451612903225806,1.0,0.0037507193667503
3,10,heterogeneous_contamination_q0.75,ORCA-joint,fixed_K2,30,1.0,1.0,0.0,1.0,1.0,2.0,2.2204460492503132e-17,1.0,-1.0,2.0,1.0,0.0037507193667503
3,10,heterogeneous_contamination_q0.75,ORCA-joint,unknown_K,30,1.0,1.0,0.0,1.0,1.0,2.0,2.2204460492503132e-17,1.0,-1.0,2.0,1.0,0.0037507193667503
3,10,heterogeneous_contamination_q0.75,Pearson,fixed_K2,30,1.0,1.0,0.0,1.0,1.0,2.0,0.0072205123597863,1.0,-0.9837538471904808,1.9837538471904808,1.0,0.0037507193667503
3,10,heterogeneous_contamination_q0.75,Pearson,unknown_K,30,1.0,1.0,0.0,1.0,1.0,2.0,0.0072205123597863,1.0,-0.9837538471904808,1.9837538471904808,1.0,0.0037507193667503
3,10,heterogeneous_contamination_q0.75,Raw-Cosine,fixed_K2,30,1.0,1.0,0.0,1.0,1.0,2.0,0.6666666666666666,0.0,0.0,0.0,1.0,0.0037507193667503
3,10,heterogeneous_contamination_q0.75,Raw-Cosine,unknown_K,30,0.0,0.0,0.0,0.7611702597222879,0.0,3.0,0.6666666666666666,0.0,0.0,0.0,1.0,0.0037507193667503
3,10,heterogeneous_contamination_q0.75,Single-Constraint-Mean,fixed_K2,30,1.0,1.0,0.0,1.0,1.0,2.0,0.4444444444444444,0.0,-0.5,0.5,1.0,0.0037507193667503
3,10,heterogeneous_contamination_q0.75,Single-Constraint-Mean,unknown_K,30,0.0,0.0,0.0,0.7611702597222879,0.0,3.0,0.4444444444444444,0.0,-0.5,0.5,1.0,0.0037507193667503
3,10,heterogeneous_contamination_q0.75,Spearman,fixed_K2,30,1.0,1.0,0.0,1.0,1.0,2.0,0.0,1.0,-1.0,2.0,1.0,0.0037507193667503
3,10,heterogeneous_contamination_q0.75,Spearman,unknown_K,30,1.0,1.0,0.0,1.0,1.0,2.0,0.0,1.0,-1.0,2.0,1.0,0.0037507193667503
3,10,orca_selected_points,ORCA-current,fixed_K2,30,1.0,1.0,0.0,1.0,1.0,2.0,0.5038391320776187,0.0,-0.3663619528253581,0.0,0.0,0.0011535402334629
3,10,orca_selected_points,ORCA-current,unknown_K,30,0.0,0.0,0.0,0.7611702597222879,0.0,3.0,0.5038391320776187,0.0,-0.3663619528253581,0.0,0.0,0.0011535402334629
3,10,orca_selected_points,ORCA-joint,fixed_K2,30,1.0,1.0,0.0,1.0,1.0,2.0,0.4964904124835326,0.0,-0.3828965719120517,0.2473061274208744,0.0,0.0011535402334629
3,10,orca_selected_points,ORCA-joint,unknown_K,30,0.0,0.0,0.0,0.7611702597222879,0.0,3.0,0.4964904124835326,0.0,-0.3828965719120517,0.2473061274208744,0.0,0.0011535402334629
3,10,orca_selected_points,Pearson,fixed_K2,30,1.0,1.0,0.0,1.0,1.0,2.0,0.0890166472298848,0.8422945835324305,-0.8785652519665439,1.660410084527322,0.0,0.0011535402334629
3,10,orca_selected_points,Pearson,unknown_K,30,0.9666666666666668,0.9666666666666668,0.1825741858350553,0.9920390086574096,0.9666666666666668,2.033333333333333,0.0890166472298848,0.8422945835324305,-0.8785652519665439,1.660410084527322,0.0,0.0011535402334629
3,10,orca_selected_points,Raw-Cosine,fixed_K2,30,1.0,1.0,0.0,1.0,1.0,2.0,0.6666666666666666,0.0,0.0,0.0,0.0,0.0011535402334629
3,10,orca_selected_points,Raw-Cosine,unknown_K,30,0.0,0.0,0.0,0.7611702597222879,0.0,3.0,0.6666666666666666,0.0,0.0,0.0,0.0,0.0011535402334629
3,10,orca_selected_points,Single-Constraint-Mean,fixed_K2,30,1.0,1.0,0.0,1.0,1.0,2.0,0.5238271604938272,0.0,-0.3213888888888888,0.0,0.0,0.0011535402334629
3,10,orca_selected_points,Single-Constraint-Mean,unknown_K,30,0.0,0.0,0.0,0.7611702597222879,0.0,3.0,0.5238271604938272,0.0,-0.3213888888888888,0.0,0.0,0.0011535402334629
3,10,orca_selected_points,Spearman,fixed_K2,30,1.0,1.0,0.0,1.0,1.0,2.0,0.0484715141633481,0.9550917316957764,-0.9133932272845784,1.856728696866525,0.0,0.0011535402334629
3,10,orca_selected_points,Spearman,unknown_K,30,1.0,1.0,0.0,1.0,1.0,2.0,0.0484715141633481,0.9550917316957764,-0.9133932272845784,1.856728696866525,0.0,0.0011535402334629
5,1,active_fraction_q0,ORCA-current,fixed_K2,30,1.0,1.0,0.0,1.0,1.0,2.0,0.8,0.0,0.0,0.0,0.0,0.0037367098333561
5,1,active_fraction_q0,ORCA-current,unknown_K,30,0.0,0.0,0.0,0.5575997732088591,0.0,5.0,0.8,0.0,0.0,0.0,0.0,0.0037367098333561
5,1,active_fraction_q0,ORCA-joint,fixed_K2,30,1.0,1.0,0.0,1.0,1.0,2.0,0.8,0.0,0.0,0.0,0.0,0.0037367098333561
5,1,active_fraction_q0,ORCA-joint,unknown_K,30,0.0,0.0,0.0,0.5575997732088591,0.0,5.0,0.8,0.0,0.0,0.0,0.0,0.0037367098333561
5,1,active_fraction_q0,Pearson,fixed_K2,30,1.0,1.0,0.0,1.0,1.0,2.0,0.0186470939526996,1.0,-0.9417278313978138,1.9417278313978137,0.0,0.0037367098333561
5,1,active_fraction_q0,Pearson,unknown_K,30,1.0,1.0,0.0,1.0,1.0,2.0,0.0186470939526996,1.0,-0.9417278313978138,1.9417278313978137,0.0,0.0037367098333561
5,1,active_fraction_q0,Raw-Cosine,fixed_K2,30,1.0,1.0,0.0,1.0,1.0,2.0,0.8,0.0,0.0,0.0,0.0,0.0037367098333561
5,1,active_fraction_q0,Raw-Cosine,unknown_K,30,0.0,0.0,0.0,0.5575997732088591,0.0,5.0,0.8,0.0,0.0,0.0,0.0,0.0037367098333561
5,1,active_fraction_q0,Single-Constraint-Mean,fixed_K2,30,1.0,1.0,0.0,1.0,1.0,2.0,0.0,,,,0.0,0.0037367098333561
5,1,active_fraction_q0,Single-Constraint-Mean,unknown_K,30,0.0,0.0,0.0,0.5575997732088591,0.0,5.0,0.0,,,,0.0,0.0037367098333561
5,1,active_fraction_q0,Spearman,fixed_K2,30,1.0,1.0,0.0,1.0,1.0,2.0,0.0028412715164189,1.0,-0.9911210265111908,1.991121026511191,0.0,0.0037367098333561
5,1,active_fraction_q0,Spearman,unknown_K,30,1.0,1.0,0.0,1.0,1.0,2.0,0.0028412715164189,1.0,-0.9911210265111908,1.991121026511191,0.0,0.0037367098333561
5,1,active_fraction_q0.25,ORCA-current,fixed_K2,30,1.0,1.0,0.0,1.0,1.0,2.0,0.6836442358750447,0.0,-0.3636117628904854,0.2015147865649671,0.0,0.0050011400998603
5,1,active_fraction_q0.25,ORCA-current,unknown_K,30,0.0,0.0,0.0,0.5575997732088591,0.0,5.0,0.6836442358750447,0.0,-0.3636117628904854,0.2015147865649671,0.0,0.0050011400998603
5,1,active_fraction_q0.25,ORCA-joint,fixed_K2,30,1.0,1.0,0.0,1.0,1.0,2.0,0.6836442358750447,0.0,-0.3636117628904854,0.2015147865649672,0.0,0.0050011400998603
5,1,active_fraction_q0.25,ORCA-joint,unknown_K,30,0.0,0.0,0.0,0.5575997732088591,0.0,5.0,0.6836442358750447,0.0,-0.3636117628904854,0.2015147865649672,0.0,0.0050011400998603
5,1,active_fraction_q0.25,Pearson,fixed_K2,30,1.0,1.0,0.0,1.0,1.0,2.0,0.0207021361616241,0.9912978239796804,-0.948359088525404,1.925296100769164,0.0,0.0050011400998603
5,1,active_fraction_q0.25,Pearson,unknown_K,30,1.0,1.0,0.0,1.0,1.0,2.0,0.0207021361616241,0.9912978239796804,-0.948359088525404,1.925296100769164,0.0,0.0050011400998603
5,1,active_fraction_q0.25,Raw-Cosine,fixed_K2,30,1.0,1.0,0.0,1.0,1.0,2.0,0.8,0.0,0.0,0.0,0.0,0.0050011400998603
5,1,active_fraction_q0.25,Raw-Cosine,unknown_K,30,0.0,0.0,0.0,0.5575997732088591,0.0,5.0,0.8,0.0,0.0,0.0,0.0,0.0050011400998603
5,1,active_fraction_q0.25,Single-Constraint-Mean,fixed_K2,30,1.0,1.0,0.0,1.0,1.0,2.0,0.72,0.0,-0.25,0.125,0.0,0.0050011400998603
5,1,active_fraction_q0.25,Single-Constraint-Mean,unknown_K,30,0.0,0.0,0.0,0.5575997732088591,0.0,5.0,0.72,0.0,-0.25,0.125,0.0,0.0050011400998603
5,1,active_fraction_q0.25,Spearman,fixed_K2,30,1.0,1.0,0.0,1.0,1.0,2.0,0.0195899522275655,0.9716420042925727,-0.9813183928499984,1.9134396377832197,0.0,0.0050011400998603
5,1,active_fraction_q0.25,Spearman,unknown_K,30,1.0,1.0,0.0,1.0,1.0,2.0,0.0195899522275655,0.9716420042925727,-0.9813183928499984,1.9134396377832197,0.0,0.0050011400998603
5,1,active_fraction_q0.5,ORCA-current,fixed_K2,30,1.0,1.0,0.0,1.0,1.0,2.0,0.6806109344546302,0.0,-0.3730908298292809,0.2724856817364273,0.0,0.0058900236334617
5,1,active_fraction_q0.5,ORCA-current,unknown_K,30,0.0,0.0,0.0,0.5575997732088591,0.0,5.0,0.6806109344546302,0.0,-0.3730908298292809,0.2724856817364273,0.0,0.0058900236334617
5,1,active_fraction_q0.5,ORCA-joint,fixed_K2,30,1.0,1.0,0.0,1.0,1.0,2.0,0.5788320439687095,0.037837927396823,-0.6343929715025485,0.4911346376103037,0.0,0.0058900236334617
5,1,active_fraction_q0.5,ORCA-joint,unknown_K,30,1.0,1.0,0.0,1.0,1.0,2.0,0.5788320439687095,0.037837927396823,-0.6343929715025485,0.4911346376103037,0.0,0.0058900236334617
5,1,active_fraction_q0.5,Pearson,fixed_K2,30,1.0,1.0,0.0,1.0,1.0,2.0,0.024241417406945,0.9874336435377186,-0.9430951052967188,1.9158885225457103,0.0,0.0058900236334617
5,1,active_fraction_q0.5,Pearson,unknown_K,30,1.0,1.0,0.0,1.0,1.0,2.0,0.024241417406945,0.9874336435377186,-0.9430951052967188,1.9158885225457103,0.0,0.0058900236334617
5,1,active_fraction_q0.5,Raw-Cosine,fixed_K2,30,1.0,1.0,0.0,1.0,1.0,2.0,0.8,0.0,0.0,0.0,0.0,0.0058900236334617
5,1,active_fraction_q0.5,Raw-Cosine,unknown_K,30,0.0,0.0,0.0,0.5575997732088591,0.0,5.0,0.8,0.0,0.0,0.0,0.0,0.0058900236334617
5,1,active_fraction_q0.5,Single-Constraint-Mean,fixed_K2,30,1.0,1.0,0.0,1.0,1.0,2.0,0.72,0.0,-0.25,0.1722222222222222,0.0,0.0058900236334617
5,1,active_fraction_q0.5,Single-Constraint-Mean,unknown_K,30,0.0,0.0,0.0,0.5575997732088591,0.0,5.0,0.72,0.0,-0.25,0.1722222222222222,0.0,0.0058900236334617
5,1,active_fraction_q0.5,Spearman,fixed_K2,30,1.0,1.0,0.0,1.0,1.0,2.0,0.0315847983259199,0.9521922154311184,-0.9730091820848225,1.876644501488463,0.0,0.0058900236334617
5,1,active_fraction_q0.5,Spearman,unknown_K,30,1.0,1.0,0.0,1.0,1.0,2.0,0.0315847983259199,0.9521922154311184,-0.9730091820848225,1.876644501488463,0.0,0.0058900236334617
5,1,active_fraction_q0.75,ORCA-current,fixed_K2,30,1.0,1.0,0.0,1.0,1.0,2.0,0.6797765540886987,0.0,-0.3756982684728163,0.3052411628522826,0.0,0.0063731735665593
5,1,active_fraction_q0.75,ORCA-current,unknown_K,30,0.0,0.0,0.0,0.5575997732088591,0.0,5.0,0.6797765540886987,0.0,-0.3756982684728163,0.3052411628522826,0.0,0.0063731735665593
5,1,active_fraction_q0.75,ORCA-joint,fixed_K2,30,1.0,1.0,0.0,1.0,1.0,2.0,0.4487436970566885,0.1726773737380215,-0.8386598860908159,0.7942494173334343,0.0,0.0063731735665593
5,1,active_fraction_q0.75,ORCA-joint,unknown_K,30,1.0,1.0,0.0,1.0,1.0,2.0,0.4487436970566885,0.1726773737380215,-0.8386598860908159,0.7942494173334343,0.0,0.0063731735665593
5,1,active_fraction_q0.75,Pearson,fixed_K2,30,1.0,1.0,0.0,1.0,1.0,2.0,0.021938778026838,0.990183563948936,-0.9461659727427272,1.9205728674974023,0.0,0.0063731735665593
5,1,active_fraction_q0.75,Pearson,unknown_K,30,1.0,1.0,0.0,1.0,1.0,2.0,0.021938778026838,0.990183563948936,-0.9461659727427272,1.9205728674974023,0.0,0.0063731735665593
5,1,active_fraction_q0.75,Raw-Cosine,fixed_K2,30,1.0,1.0,0.0,1.0,1.0,2.0,0.8,0.0,0.0,0.0,0.0,0.0063731735665593
5,1,active_fraction_q0.75,Raw-Cosine,unknown_K,30,0.0,0.0,0.0,0.5575997732088591,0.0,5.0,0.8,0.0,0.0,0.0,0.0,0.0063731735665593
5,1,active_fraction_q0.75,Single-Constraint-Mean,fixed_K2,30,1.0,1.0,0.0,1.0,1.0,2.0,0.72,0.0,-0.25,0.1953703703703703,0.0,0.0063731735665593
5,1,active_fraction_q0.75,Single-Constraint-Mean,unknown_K,30,0.0,0.0,0.0,0.5575997732088591,0.0,5.0,0.72,0.0,-0.25,0.1953703703703703,0.0,0.0063731735665593
5,1,active_fraction_q0.75,Spearman,fixed_K2,30,1.0,1.0,0.0,1.0,1.0,2.0,0.0222296652226495,0.9647733218784574,-0.983372313361534,1.9036918670848544,0.0,0.0063731735665593
5,1,active_fraction_q0.75,Spearman,unknown_K,30,1.0,1.0,0.0,1.0,1.0,2.0,0.0222296652226495,0.9647733218784574,-0.983372313361534,1.9036918670848544,0.0,0.0063731735665593
5,1,active_fraction_q1,ORCA-current,fixed_K2,30,1.0,1.0,0.0,1.0,1.0,2.0,0.679245283018868,0.0,-0.3773584905660376,0.3773584905660376,1.0,0.0070938403333154
5,1,active_fraction_q1,ORCA-current,unknown_K,30,0.0,0.0,0.0,0.5575997732088591,0.0,5.0,0.679245283018868,0.0,-0.3773584905660376,0.3773584905660376,1.0,0.0070938403333154
5,1,active_fraction_q1,ORCA-joint,fixed_K2,30,1.0,1.0,0.0,1.0,1.0,2.0,3.0642155479654317e-17,1.0,-1.0,2.0,1.0,0.0070938403333154
5,1,active_fraction_q1,ORCA-joint,unknown_K,30,1.0,1.0,0.0,1.0,1.0,2.0,3.0642155479654317e-17,1.0,-1.0,2.0,1.0,0.0070938403333154
5,1,active_fraction_q1,Pearson,fixed_K2,30,1.0,1.0,0.0,1.0,1.0,2.0,0.0143182103883113,1.0,-0.9552555925365273,1.9552555925365271,1.0,0.0070938403333154
5,1,active_fraction_q1,Pearson,unknown_K,30,1.0,1.0,0.0,1.0,1.0,2.0,0.0143182103883113,1.0,-0.9552555925365273,1.9552555925365271,1.0,0.0070938403333154
5,1,active_fraction_q1,Raw-Cosine,fixed_K2,30,1.0,1.0,0.0,1.0,1.0,2.0,0.8,0.0,0.0,0.0,1.0,0.0070938403333154
5,1,active_fraction_q1,Raw-Cosine,unknown_K,30,0.0,0.0,0.0,0.5575997732088591,0.0,5.0,0.8,0.0,0.0,0.0,1.0,0.0070938403333154
5,1,active_fraction_q1,Single-Constraint-Mean,fixed_K2,30,1.0,1.0,0.0,1.0,1.0,2.0,0.72,0.0,-0.25,0.25,1.0,0.0070938403333154
5,1,active_fraction_q1,Single-Constraint-Mean,unknown_K,30,0.0,0.0,0.0,0.5575997732088591,0.0,5.0,0.72,0.0,-0.25,0.25,1.0,0.0070938403333154
5,1,active_fraction_q1,Spearman,fixed_K2,30,1.0,1.0,0.0,1.0,1.0,2.0,0.0,1.0,-1.0,2.0,1.0,0.0070938403333154
5,1,active_fraction_q1,Spearman,unknown_K,30,1.0,1.0,0.0,1.0,1.0,2.0,0.0,1.0,-1.0,2.0,1.0,0.0070938403333154
5,1,exact_pf,ORCA-current,fixed_K2,1,1.0,1.0,0.0,1.0,1.0,2.0,0.679245283018868,0.0,-0.3773584905660379,0.3773584905660379,1.0,0.0138497919997462
5,1,exact_pf,ORCA-current,unknown_K,1,0.0,0.0,0.0,0.5575997732088591,0.0,5.0,0.679245283018868,0.0,-0.3773584905660379,0.3773584905660379,1.0,0.0138497919997462
5,1,exact_pf,ORCA-joint,fixed_K2,1,1.0,1.0,0.0,1.0,1.0,2.0,1.509903313490213e-16,0.9999999999999996,-1.0,1.9999999999999996,1.0,0.0138497919997462
5,1,exact_pf,ORCA-joint,unknown_K,1,1.0,1.0,0.0,1.0,1.0,2.0,1.509903313490213e-16,0.9999999999999996,-1.0,1.9999999999999996,1.0,0.0138497919997462
5,1,exact_pf,Pearson,fixed_K2,1,1.0,1.0,0.0,1.0,1.0,2.0,0.0184949865757058,1.0,-0.9422031669509192,1.942203166950919,1.0,0.0138497919997462
5,1,exact_pf,Pearson,unknown_K,1,1.0,1.0,0.0,1.0,1.0,2.0,0.0184949865757058,1.0,-0.9422031669509192,1.942203166950919,1.0,0.0138497919997462
5,1,exact_pf,Raw-Cosine,fixed_K2,1,1.0,1.0,0.0,1.0,1.0,2.0,0.8,0.0,0.0,0.0,1.0,0.0138497919997462
5,1,exact_pf,Raw-Cosine,unknown_K,1,0.0,0.0,0.0,0.5575997732088591,0.0,5.0,0.8,0.0,0.0,0.0,1.0,0.0138497919997462
5,1,exact_pf,Single-Constraint-Mean,fixed_K2,1,1.0,1.0,0.0,1.0,1.0,2.0,0.72,0.0,-0.25,0.25,1.0,0.0138497919997462
5,1,exact_pf,Single-Constraint-Mean,unknown_K,1,0.0,0.0,0.0,0.5575997732088591,0.0,5.0,0.72,0.0,-0.25,0.25,1.0,0.0138497919997462
5,1,exact_pf,Spearman,fixed_K2,1,1.0,1.0,0.0,1.0,1.0,2.0,0.0,1.0,-1.0,2.0,1.0,0.0138497919997462
5,1,exact_pf,Spearman,unknown_K,1,1.0,1.0,0.0,1.0,1.0,2.0,0.0,1.0,-1.0,2.0,1.0,0.0138497919997462
5,1,heterogeneous_contamination_q0.25,ORCA-current,fixed_K2,30,1.0,1.0,0.0,1.0,1.0,2.0,0.6827356239995691,0.0,-0.3664511750013466,0.1979214059503099,0.0,0.0049653013334439
5,1,heterogeneous_contamination_q0.25,ORCA-current,unknown_K,30,0.0,0.0,0.0,0.5575997732088591,0.0,5.0,0.6827356239995691,0.0,-0.3664511750013466,0.1979214059503099,0.0,0.0049653013334439
5,1,heterogeneous_contamination_q0.25,ORCA-joint,fixed_K2,30,1.0,1.0,0.0,1.0,1.0,2.0,0.6827356239995691,0.0,-0.3664511750013467,0.19792140595031,0.0,0.0049653013334439
5,1,heterogeneous_contamination_q0.25,ORCA-joint,unknown_K,30,0.0,0.0,0.0,0.5575997732088591,0.0,5.0,0.6827356239995691,0.0,-0.3664511750013467,0.19792140595031,0.0,0.0049653013334439
5,1,heterogeneous_contamination_q0.25,Pearson,fixed_K2,30,0.9666666666666668,0.9743589743589745,0.140441681411581,0.9794838349709322,0.9866666666666668,2.0,0.5252793075151844,0.2009480310449419,-0.5570801174476361,0.2034868593538971,0.0,0.0049653013334439
5,1,heterogeneous_contamination_q0.25,Pearson,unknown_K,30,0.9,0.9444444444444444,0.1695158759052026,0.9725664820725768,0.9666666666666668,2.1,0.5252793075151844,0.2009480310449419,-0.5570801174476361,0.2034868593538971,0.0,0.0049653013334439
5,1,heterogeneous_contamination_q0.25,Raw-Cosine,fixed_K2,30,1.0,1.0,0.0,1.0,1.0,2.0,0.8,0.0,0.0,0.0,0.0,0.0049653013334439
5,1,heterogeneous_contamination_q0.25,Raw-Cosine,unknown_K,30,0.0,0.0,0.0,0.5575997732088591,0.0,5.0,0.8,0.0,0.0,0.0,0.0,0.0049653013334439
5,1,heterogeneous_contamination_q0.25,Single-Constraint-Mean,fixed_K2,30,1.0,1.0,0.0,1.0,1.0,2.0,0.72,0.0,-0.25,0.1222222222222222,0.0,0.0049653013334439
5,1,heterogeneous_contamination_q0.25,Single-Constraint-Mean,unknown_K,30,0.0,0.0,0.0,0.5575997732088591,0.0,5.0,0.72,0.0,-0.25,0.1222222222222222,0.0,0.0049653013334439
5,1,heterogeneous_contamination_q0.25,Spearman,fixed_K2,30,0.8666666666666667,0.8974358974358975,0.2659583874167388,0.9179353398837288,0.9466666666666668,2.0,0.5429195351976284,0.1796818145459922,-0.5338537306884228,0.139994699133627,0.0,0.0049653013334439
5,1,heterogeneous_contamination_q0.25,Spearman,unknown_K,30,0.9333333333333332,0.9558404558404558,0.1703805063550851,0.9703393289951244,0.9755555555555556,2.033333333333333,0.5429195351976284,0.1796818145459922,-0.5338537306884228,0.139994699133627,0.0,0.0049653013334439
5,1,heterogeneous_contamination_q0.5,ORCA-current,fixed_K2,30,1.0,1.0,0.0,1.0,1.0,2.0,0.6807623006178218,0.0,-0.3726178105693067,0.2596790444733593,0.0,0.0056986944999759
5,1,heterogeneous_contamination_q0.5,ORCA-current,unknown_K,30,0.0,0.0,0.0,0.5575997732088591,0.0,5.0,0.6807623006178218,0.0,-0.3726178105693067,0.2596790444733593,0.0,0.0056986944999759
5,1,heterogeneous_contamination_q0.5,ORCA-joint,fixed_K2,30,1.0,1.0,0.0,1.0,1.0,2.0,0.5791030565954924,0.0380091667243626,-0.6332891980525422,0.4712151640681323,0.0,0.0056986944999759
5,1,heterogeneous_contamination_q0.5,ORCA-joint,unknown_K,30,1.0,1.0,0.0,1.0,1.0,2.0,0.5791030565954924,0.0380091667243626,-0.6332891980525422,0.4712151640681323,0.0,0.0056986944999759
5,1,heterogeneous_contamination_q0.5,Pearson,fixed_K2,30,0.9333333333333332,0.9487179487179488,0.1951601013095864,0.9589676699418644,0.9733333333333332,2.0,0.4621988140775179,0.2847315534067666,-0.6285313758976065,0.3246988198779202,0.0,0.0056986944999759
5,1,heterogeneous_contamination_q0.5,Pearson,unknown_K,30,0.9333333333333332,0.962962962962963,0.1409489620569236,0.9817109880483844,0.9777777777777776,2.066666666666667,0.4621988140775179,0.2847315534067666,-0.6285313758976065,0.3246988198779202,0.0,0.0056986944999759
5,1,heterogeneous_contamination_q0.5,Raw-Cosine,fixed_K2,30,1.0,1.0,0.0,1.0,1.0,2.0,0.8,0.0,0.0,0.0,0.0,0.0056986944999759
5,1,heterogeneous_contamination_q0.5,Raw-Cosine,unknown_K,30,0.0,0.0,0.0,0.5575997732088591,0.0,5.0,0.8,0.0,0.0,0.0,0.0,0.0056986944999759
5,1,heterogeneous_contamination_q0.5,Single-Constraint-Mean,fixed_K2,30,1.0,1.0,0.0,1.0,1.0,2.0,0.72,0.0,-0.25,0.1625,0.0,0.0056986944999759
5,1,heterogeneous_contamination_q0.5,Single-Constraint-Mean,unknown_K,30,0.0,0.0,0.0,0.5575997732088591,0.0,5.0,0.72,0.0,-0.25,0.1625,0.0,0.0056986944999759
5,1,heterogeneous_contamination_q0.5,Spearman,fixed_K2,30,0.9,0.9230769230769232,0.2347142897148958,0.9384515049127966,0.96,2.0,0.5135360007889918,0.2115368417384808,-0.5778947349266795,0.1728218681482477,0.0,0.0056986944999759
5,1,heterogeneous_contamination_q0.5,Spearman,unknown_K,30,0.8666666666666667,0.9082214082214082,0.2398323277538782,0.949588091234414,0.9422222222222222,2.1,0.5135360007889918,0.2115368417384808,-0.5778947349266795,0.1728218681482477,0.0,0.0056986944999759
5,1,heterogeneous_contamination_q0.75,ORCA-current,fixed_K2,30,1.0,1.0,0.0,1.0,1.0,2.0,0.6797461205528996,0.0,-0.3757933732721886,0.3068207567927455,0.0,0.0063225694667077
5,1,heterogeneous_contamination_q0.75,ORCA-current,unknown_K,30,0.0,0.0,0.0,0.5575997732088591,0.0,5.0,0.6797461205528996,0.0,-0.3757933732721886,0.3068207567927455,0.0,0.0063225694667077
5,1,heterogeneous_contamination_q0.75,ORCA-joint,fixed_K2,30,1.0,1.0,0.0,1.0,1.0,2.0,0.4492589165915803,0.1713321328142822,-0.8390676864298882,0.7950506143204774,0.0,0.0063225694667077
5,1,heterogeneous_contamination_q0.75,ORCA-joint,unknown_K,30,1.0,1.0,0.0,1.0,1.0,2.0,0.4492589165915803,0.1713321328142822,-0.8390676864298882,0.7950506143204774,0.0,0.0063225694667077
5,1,heterogeneous_contamination_q0.75,Pearson,fixed_K2,30,0.9666666666666668,0.9743589743589745,0.140441681411581,0.9794838349709322,0.9866666666666668,2.0,0.3290514545082922,0.481359868396486,-0.7496744020668575,0.6401139549510916,0.0,0.0063225694667077
5,1,heterogeneous_contamination_q0.75,Pearson,unknown_K,30,1.0,1.0,0.0,1.0,1.0,2.0,0.3290514545082922,0.481359868396486,-0.7496744020668575,0.6401139549510916,0.0,0.0063225694667077
5,1,heterogeneous_contamination_q0.75,Raw-Cosine,fixed_K2,30,1.0,1.0,0.0,1.0,1.0,2.0,0.8,0.0,0.0,0.0,0.0,0.0063225694667077
5,1,heterogeneous_contamination_q0.75,Raw-Cosine,unknown_K,30,0.0,0.0,0.0,0.5575997732088591,0.0,5.0,0.8,0.0,0.0,0.0,0.0,0.0063225694667077
5,1,heterogeneous_contamination_q0.75,Single-Constraint-Mean,fixed_K2,30,1.0,1.0,0.0,1.0,1.0,2.0,0.72,0.0,-0.25,0.1962962962962962,0.0,0.0063225694667077
5,1,heterogeneous_contamination_q0.75,Single-Constraint-Mean,unknown_K,30,0.0,0.0,0.0,0.5575997732088591,0.0,5.0,0.72,0.0,-0.25,0.1962962962962962,0.0,0.0063225694667077
5,1,heterogeneous_contamination_q0.75,Spearman,fixed_K2,30,0.9666666666666668,0.9743589743589745,0.1404416814115811,0.9794838349709322,0.9866666666666668,2.0,0.3396348438540287,0.4593827526473934,-0.7495669839850702,0.5450426310092479,0.0,0.0063225694667077
5,1,heterogeneous_contamination_q0.75,Spearman,unknown_K,30,0.9666666666666668,0.9743589743589745,0.1404416814115811,0.9794838349709322,0.9866666666666668,2.0,0.3396348438540287,0.4593827526473934,-0.7495669839850702,0.5450426310092479,0.0,0.0063225694667077
5,1,orca_selected_points,ORCA-current,fixed_K2,30,1.0,1.0,0.0,1.0,1.0,2.0,0.683162784115775,0.0,-0.3651162996382028,0.2043769985010614,0.2541666666666666,0.0042285055331982
5,1,orca_selected_points,ORCA-current,unknown_K,30,0.0,0.0,0.0,0.5575997732088591,0.0,5.0,0.683162784115775,0.0,-0.3651162996382028,0.2043769985010614,0.2541666666666666,0.0042285055331982
5,1,orca_selected_points,ORCA-joint,fixed_K2,30,0.9666666666666668,0.9615384615384616,0.2106625221173715,0.973472852817044,0.98,2.0,0.4961971520390935,0.161854667632345,-0.7066018984293154,0.5244324902341121,0.2541666666666666,0.0042285055331982
5,1,orca_selected_points,ORCA-joint,unknown_K,30,0.7666666666666667,0.8495712461229703,0.282798494485699,0.9297668773243376,0.8984126984126984,2.2666666666666666,0.4961971520390935,0.161854667632345,-0.7066018984293154,0.5244324902341121,0.2541666666666666,0.0042285055331982
5,1,orca_selected_points,Pearson,fixed_K2,30,0.9,0.8974358974358975,0.3183392256902566,0.9264295406050204,0.9466666666666668,2.0,0.1120250965788831,0.8428077636375743,-0.885709927734629,1.505318717055805,0.2541666666666666,0.0042285055331982
5,1,orca_selected_points,Pearson,unknown_K,30,0.9,0.9025641025641026,0.3016200109868067,0.9196233544546428,0.9583333333333334,1.9666666666666663,0.1120250965788831,0.8428077636375743,-0.885709927734629,1.505318717055805,0.2541666666666666,0.0042285055331982
5,1,orca_selected_points,Raw-Cosine,fixed_K2,30,1.0,1.0,0.0,1.0,1.0,2.0,0.8,0.0,0.0,0.0,0.2541666666666666,0.0042285055331982
5,1,orca_selected_points,Raw-Cosine,unknown_K,30,0.0,0.0,0.0,0.5575997732088591,0.0,5.0,0.8,0.0,0.0,0.0,0.2541666666666666,0.0042285055331982
5,1,orca_selected_points,Single-Constraint-Mean,fixed_K2,30,1.0,1.0,0.0,1.0,1.0,2.0,0.72,0.0,-0.25,0.1278682283999284,0.2541666666666666,0.0042285055331982
5,1,orca_selected_points,Single-Constraint-Mean,unknown_K,30,0.0,0.0,0.0,0.5575997732088591,0.0,5.0,0.72,0.0,-0.25,0.1278682283999284,0.2541666666666666,0.0042285055331982
5,1,orca_selected_points,Spearman,fixed_K2,30,0.9,0.8974358974358975,0.3183392256902566,0.9264295406050204,0.9466666666666668,2.0,0.1704180394230384,0.7601772358898377,-0.8271777729682483,1.278538061571389,0.2541666666666666,0.0042285055331982
5,1,orca_selected_points,Spearman,unknown_K,30,0.9,0.8974358974358975,0.3183392256902566,0.9264295406050204,0.9466666666666668,2.0,0.1704180394230384,0.7601772358898377,-0.8271777729682483,1.278538061571389,0.2541666666666666,0.0042285055331982
5,10,active_fraction_q0,ORCA-current,fixed_K2,30,1.0,1.0,0.0,1.0,1.0,2.0,0.8,0.0,0.0,0.0,0.0,0.0038599596665638
5,10,active_fraction_q0,ORCA-current,unknown_K,30,0.0,0.0,0.0,0.5575997732088591,0.0,5.0,0.8,0.0,0.0,0.0,0.0,0.0038599596665638
5,10,active_fraction_q0,ORCA-joint,fixed_K2,30,1.0,1.0,0.0,1.0,1.0,2.0,0.8,0.0,0.0,0.0,0.0,0.0038599596665638
5,10,active_fraction_q0,ORCA-joint,unknown_K,30,0.0,0.0,0.0,0.5575997732088591,0.0,5.0,0.8,0.0,0.0,0.0,0.0,0.0038599596665638
5,10,active_fraction_q0,Pearson,fixed_K2,30,1.0,1.0,0.0,1.0,1.0,2.0,0.0158886792384517,1.0,-0.9503478773798384,1.9503478773798384,0.0,0.0038599596665638
5,10,active_fraction_q0,Pearson,unknown_K,30,1.0,1.0,0.0,1.0,1.0,2.0,0.0158886792384517,1.0,-0.9503478773798384,1.9503478773798384,0.0,0.0038599596665638
5,10,active_fraction_q0,Raw-Cosine,fixed_K2,30,1.0,1.0,0.0,1.0,1.0,2.0,0.8,0.0,0.0,0.0,0.0,0.0038599596665638
5,10,active_fraction_q0,Raw-Cosine,unknown_K,30,0.0,0.0,0.0,0.5575997732088591,0.0,5.0,0.8,0.0,0.0,0.0,0.0,0.0038599596665638
5,10,active_fraction_q0,Single-Constraint-Mean,fixed_K2,30,1.0,1.0,0.0,1.0,1.0,2.0,0.0,,,,0.0,0.0038599596665638
5,10,active_fraction_q0,Single-Constraint-Mean,unknown_K,30,0.0,0.0,0.0,0.5575997732088591,0.0,5.0,0.0,,,,0.0,0.0038599596665638
5,10,active_fraction_q0,Spearman,fixed_K2,30,1.0,1.0,0.0,1.0,1.0,2.0,0.0047738927738927,1.0,-0.9850815850815852,1.985081585081585,0.0,0.0038599596665638
5,10,active_fraction_q0,Spearman,unknown_K,30,1.0,1.0,0.0,1.0,1.0,2.0,0.0047738927738927,1.0,-0.9850815850815852,1.985081585081585,0.0,0.0038599596665638
5,10,active_fraction_q0.25,ORCA-current,fixed_K2,30,1.0,1.0,0.0,1.0,1.0,2.0,0.6840158011888919,0.0,-0.3624506212847128,0.1682287345555109,0.0,0.0052827013333323
5,10,active_fraction_q0.25,ORCA-current,unknown_K,30,0.0,0.0,0.0,0.5575997732088591,0.0,5.0,0.6840158011888919,0.0,-0.3624506212847128,0.1682287345555109,0.0,0.0052827013333323
5,10,active_fraction_q0.25,ORCA-joint,fixed_K2,30,1.0,1.0,0.0,1.0,1.0,2.0,0.6840158011888919,0.0,-0.3624506212847128,0.1682287345555109,0.0,0.0052827013333323
5,10,active_fraction_q0.25,ORCA-joint,unknown_K,30,0.0,0.0,0.0,0.5575997732088591,0.0,5.0,0.6840158011888919,0.0,-0.3624506212847128,0.1682287345555109,0.0,0.0052827013333323
5,10,active_fraction_q0.25,Pearson,fixed_K2,30,1.0,1.0,0.0,1.0,1.0,2.0,0.0192405217256825,0.9899082882803976,-0.955010937186646,1.928973757115775,0.0,0.0052827013333323
5,10,active_fraction_q0.25,Pearson,unknown_K,30,1.0,1.0,0.0,1.0,1.0,2.0,0.0192405217256825,0.9899082882803976,-0.955010937186646,1.928973757115775,0.0,0.0052827013333323
5,10,active_fraction_q0.25,Raw-Cosine,fixed_K2,30,1.0,1.0,0.0,1.0,1.0,2.0,0.8,0.0,0.0,0.0,0.0,0.0052827013333323
5,10,active_fraction_q0.25,Raw-Cosine,unknown_K,30,0.0,0.0,0.0,0.5575997732088591,0.0,5.0,0.8,0.0,0.0,0.0,0.0,0.0052827013333323
5,10,active_fraction_q0.25,Single-Constraint-Mean,fixed_K2,30,1.0,1.0,0.0,1.0,1.0,2.0,0.72,0.0,-0.25,0.1027777777777777,0.0,0.0052827013333323
5,10,active_fraction_q0.25,Single-Constraint-Mean,unknown_K,30,0.0,0.0,0.0,0.5575997732088591,0.0,5.0,0.72,0.0,-0.25,0.1027777777777777,0.0,0.0052827013333323
5,10,active_fraction_q0.25,Spearman,fixed_K2,30,1.0,1.0,0.0,1.0,1.0,2.0,0.0227505827505826,0.967793317793318,-0.9772144522144524,1.9046620046620049,0.0,0.0052827013333323
5,10,active_fraction_q0.25,Spearman,unknown_K,30,1.0,1.0,0.0,1.0,1.0,2.0,0.0227505827505826,0.967793317793318,-0.9772144522144524,1.9046620046620049,0.0,0.0052827013333323
5,10,active_fraction_q0.5,ORCA-current,fixed_K2,30,1.0,1.0,0.0,1.0,1.0,2.0,0.6808917734482599,0.0,-0.3722132079741876,0.2604404989612101,0.0,0.0060196987333862
5,10,active_fraction_q0.5,ORCA-current,unknown_K,30,0.0,0.0,0.0,0.5575997732088591,0.0,5.0,0.6808917734482599,0.0,-0.3722132079741876,0.2604404989612101,0.0,0.0060196987333862
5,10,active_fraction_q0.5,ORCA-joint,fixed_K2,30,1.0,1.0,0.0,1.0,1.0,2.0,0.5793293242912857,0.0382906724776965,-0.6321598528731872,0.4701797946982393,0.0,0.0060196987333862
5,10,active_fraction_q0.5,ORCA-joint,unknown_K,30,1.0,1.0,0.0,1.0,1.0,2.0,0.5793293242912857,0.0382906724776965,-0.6321598528731872,0.4701797946982393,0.0,0.0060196987333862
5,10,active_fraction_q0.5,Pearson,fixed_K2,30,1.0,1.0,0.0,1.0,1.0,2.0,0.0224920161233608,0.9856725823195648,-0.9512035761351502,1.9200962716858945,0.0,0.0060196987333862
5,10,active_fraction_q0.5,Pearson,unknown_K,30,1.0,1.0,0.0,1.0,1.0,2.0,0.0224920161233608,0.9856725823195648,-0.9512035761351502,1.9200962716858945,0.0,0.0060196987333862
5,10,active_fraction_q0.5,Raw-Cosine,fixed_K2,30,1.0,1.0,0.0,1.0,1.0,2.0,0.8,0.0,0.0,0.0,0.0,0.0060196987333862
5,10,active_fraction_q0.5,Raw-Cosine,unknown_K,30,0.0,0.0,0.0,0.5575997732088591,0.0,5.0,0.8,0.0,0.0,0.0,0.0,0.0060196987333862
5,10,active_fraction_q0.5,Single-Constraint-Mean,fixed_K2,30,1.0,1.0,0.0,1.0,1.0,2.0,0.72,0.0,-0.25,0.1638888888888889,0.0,0.0060196987333862
5,10,active_fraction_q0.5,Single-Constraint-Mean,unknown_K,30,0.0,0.0,0.0,0.5575997732088591,0.0,5.0,0.72,0.0,-0.25,0.1638888888888889,0.0,0.0060196987333862
5,10,active_fraction_q0.5,Spearman,fixed_K2,30,1.0,1.0,0.0,1.0,1.0,2.0,0.0287738927738926,0.955827505827506,-0.9763403263403264,1.8846153846153848,0.0,0.0060196987333862
5,10,active_fraction_q0.5,Spearman,unknown_K,30,1.0,1.0,0.0,1.0,1.0,2.0,0.0287738927738926,0.955827505827506,-0.9763403263403264,1.8846153846153848,0.0,0.0060196987333862
5,10,active_fraction_q0.75,ORCA-current,fixed_K2,30,1.0,1.0,0.0,1.0,1.0,2.0,0.6796574495014488,0.0,-0.3760704703079723,0.3170519033824355,0.0,0.0067870790669379
5,10,active_fraction_q0.75,ORCA-current,unknown_K,30,0.0,0.0,0.0,0.5575997732088591,0.0,5.0,0.6796574495014488,0.0,-0.3760704703079723,0.3170519033824355,0.0,0.0067870790669379
5,10,active_fraction_q0.75,ORCA-joint,fixed_K2,30,1.0,1.0,0.0,1.0,1.0,2.0,0.4501043429531852,0.1688234755720077,-0.8401887149132844,0.8189431184404923,0.0,0.0067870790669379
5,10,active_fraction_q0.75,ORCA-joint,unknown_K,30,1.0,1.0,0.0,1.0,1.0,2.0,0.4501043429531852,0.1688234755720077,-0.8401887149132844,0.8189431184404923,0.0,0.0067870790669379
5,10,active_fraction_q0.75,Pearson,fixed_K2,30,1.0,1.0,0.0,1.0,1.0,2.0,0.0218480406418809,0.9893287818148084,-0.9477317002719096,1.9191171589162292,0.0,0.0067870790669379
5,10,active_fraction_q0.75,Pearson,unknown_K,30,1.0,1.0,0.0,1.0,1.0,2.0,0.0218480406418809,0.9893287818148084,-0.9477317002719096,1.9191171589162292,0.0,0.0067870790669379
5,10,active_fraction_q0.75,Raw-Cosine,fixed_K2,30,1.0,1.0,0.0,1.0,1.0,2.0,0.8,0.0,0.0,0.0,0.0,0.0067870790669379
5,10,active_fraction_q0.75,Raw-Cosine,unknown_K,30,0.0,0.0,0.0,0.5575997732088591,0.0,5.0,0.8,0.0,0.0,0.0,0.0,0.0067870790669379
5,10,active_fraction_q0.75,Single-Constraint-Mean,fixed_K2,30,1.0,1.0,0.0,1.0,1.0,2.0,0.72,0.0,-0.25,0.2037037037037037,0.0,0.0067870790669379
5,10,active_fraction_q0.75,Single-Constraint-Mean,unknown_K,30,0.0,0.0,0.0,0.5575997732088591,0.0,5.0,0.72,0.0,-0.25,0.2037037037037037,0.0,0.0067870790669379
5,10,active_fraction_q0.75,Spearman,fixed_K2,30,1.0,1.0,0.0,1.0,1.0,2.0,0.023123543123543,0.9631701631701632,-0.9829836829836832,1.893006993006993,0.0,0.0067870790669379
5,10,active_fraction_q0.75,Spearman,unknown_K,30,1.0,1.0,0.0,1.0,1.0,2.0,0.023123543123543,0.9631701631701632,-0.9829836829836832,1.893006993006993,0.0,0.0067870790669379
5,10,active_fraction_q1,ORCA-current,fixed_K2,30,1.0,1.0,0.0,1.0,1.0,2.0,0.679245283018868,0.0,-0.3773584905660376,0.3773584905660376,1.0,0.0074435958998947
5,10,active_fraction_q1,ORCA-current,unknown_K,30,0.0,0.0,0.0,0.5575997732088591,0.0,5.0,0.679245283018868,0.0,-0.3773584905660376,0.3773584905660376,1.0,0.0074435958998947
5,10,active_fraction_q1,ORCA-joint,fixed_K2,30,1.0,1.0,0.0,1.0,1.0,2.0,3.5823196261238383e-17,1.0,-1.0,2.0,1.0,0.0074435958998947
5,10,active_fraction_q1,ORCA-joint,unknown_K,30,1.0,1.0,0.0,1.0,1.0,2.0,3.5823196261238383e-17,1.0,-1.0,2.0,1.0,0.0074435958998947
5,10,active_fraction_q1,Pearson,fixed_K2,30,1.0,1.0,0.0,1.0,1.0,2.0,0.0138473952212596,1.0,-0.9567268899335636,1.9567268899335637,1.0,0.0074435958998947
5,10,active_fraction_q1,Pearson,unknown_K,30,1.0,1.0,0.0,1.0,1.0,2.0,0.0138473952212596,1.0,-0.9567268899335636,1.9567268899335637,1.0,0.0074435958998947
5,10,active_fraction_q1,Raw-Cosine,fixed_K2,30,1.0,1.0,0.0,1.0,1.0,2.0,0.8,0.0,0.0,0.0,1.0,0.0074435958998947
5,10,active_fraction_q1,Raw-Cosine,unknown_K,30,0.0,0.0,0.0,0.5575997732088591,0.0,5.0,0.8,0.0,0.0,0.0,1.0,0.0074435958998947
5,10,active_fraction_q1,Single-Constraint-Mean,fixed_K2,30,1.0,1.0,0.0,1.0,1.0,2.0,0.72,0.0,-0.25,0.25,1.0,0.0074435958998947
5,10,active_fraction_q1,Single-Constraint-Mean,unknown_K,30,0.0,0.0,0.0,0.5575997732088591,0.0,5.0,0.72,0.0,-0.25,0.25,1.0,0.0074435958998947
5,10,active_fraction_q1,Spearman,fixed_K2,30,1.0,1.0,0.0,1.0,1.0,2.0,0.0,1.0,-1.0,2.0,1.0,0.0074435958998947
5,10,active_fraction_q1,Spearman,unknown_K,30,1.0,1.0,0.0,1.0,1.0,2.0,0.0,1.0,-1.0,2.0,1.0,0.0074435958998947
5,10,exact_pf,ORCA-current,fixed_K2,1,1.0,1.0,0.0,1.0,1.0,2.0,0.679245283018868,0.0,-0.3773584905660379,0.3773584905660379,1.0,0.0154709999987971
5,10,exact_pf,ORCA-current,unknown_K,1,0.0,0.0,0.0,0.5575997732088591,0.0,5.0,0.679245283018868,0.0,-0.3773584905660379,0.3773584905660379,1.0,0.0154709999987971
5,10,exact_pf,ORCA-joint,fixed_K2,1,1.0,1.0,0.0,1.0,1.0,2.0,1.687538997430238e-16,0.9999999999999996,-1.0,1.9999999999999996,1.0,0.0154709999987971
5,10,exact_pf,ORCA-joint,unknown_K,1,1.0,1.0,0.0,1.0,1.0,2.0,1.687538997430238e-16,0.9999999999999996,-1.0,1.9999999999999996,1.0,0.0154709999987971
5,10,exact_pf,Pearson,fixed_K2,1,1.0,1.0,0.0,1.0,1.0,2.0,0.0184949865757058,1.0,-0.9422031669509192,1.9422031669509192,1.0,0.0154709999987971
5,10,exact_pf,Pearson,unknown_K,1,1.0,1.0,0.0,1.0,1.0,2.0,0.0184949865757058,1.0,-0.9422031669509192,1.9422031669509192,1.0,0.0154709999987971
5,10,exact_pf,Raw-Cosine,fixed_K2,1,1.0,1.0,0.0,1.0,1.0,2.0,0.8,0.0,0.0,0.0,1.0,0.0154709999987971
5,10,exact_pf,Raw-Cosine,unknown_K,1,0.0,0.0,0.0,0.5575997732088591,0.0,5.0,0.8,0.0,0.0,0.0,1.0,0.0154709999987971
5,10,exact_pf,Single-Constraint-Mean,fixed_K2,1,1.0,1.0,0.0,1.0,1.0,2.0,0.72,0.0,-0.25,0.25,1.0,0.0154709999987971
5,10,exact_pf,Single-Constraint-Mean,unknown_K,1,0.0,0.0,0.0,0.5575997732088591,0.0,5.0,0.72,0.0,-0.25,0.25,1.0,0.0154709999987971
5,10,exact_pf,Spearman,fixed_K2,1,1.0,1.0,0.0,1.0,1.0,2.0,0.0,1.0,-1.0,2.0,1.0,0.0154709999987971
5,10,exact_pf,Spearman,unknown_K,1,1.0,1.0,0.0,1.0,1.0,2.0,0.0,1.0,-1.0,2.0,1.0,0.0154709999987971
5,10,heterogeneous_contamination_q0.25,ORCA-current,fixed_K2,30,1.0,1.0,0.0,1.0,1.0,2.0,0.6825274899994324,0.0,-0.3671015937517738,0.2026495383380168,0.0,0.005341518099946
5,10,heterogeneous_contamination_q0.25,ORCA-current,unknown_K,30,0.0,0.0,0.0,0.5575997732088591,0.0,5.0,0.6825274899994324,0.0,-0.3671015937517738,0.2026495383380168,0.0,0.005341518099946
5,10,heterogeneous_contamination_q0.25,ORCA-joint,fixed_K2,30,1.0,1.0,0.0,1.0,1.0,2.0,0.6825274899994324,0.0,-0.3671015937517738,0.2026495383380168,0.0,0.005341518099946
5,10,heterogeneous_contamination_q0.25,ORCA-joint,unknown_K,30,0.0,0.0,0.0,0.5575997732088591,0.0,5.0,0.6825274899994324,0.0,-0.3671015937517738,0.2026495383380168,0.0,0.005341518099946
5,10,heterogeneous_contamination_q0.25,Pearson,fixed_K2,30,0.9333333333333332,0.9487179487179488,0.1951601013095865,0.9589676699418644,0.9733333333333332,2.0,0.4750408738987121,0.275090894605289,-0.6028609271585914,0.3448743266428781,0.0,0.005341518099946
5,10,heterogeneous_contamination_q0.25,Pearson,unknown_K,30,0.9333333333333332,0.948148148148148,0.2057772095465896,0.9575221606908588,0.9805555555555556,2.0,0.4750408738987121,0.275090894605289,-0.6028609271585914,0.3448743266428781,0.0,0.005341518099946
5,10,heterogeneous_contamination_q0.25,Raw-Cosine,fixed_K2,30,1.0,1.0,0.0,1.0,1.0,2.0,0.8,0.0,0.0,0.0,0.0,0.005341518099946
5,10,heterogeneous_contamination_q0.25,Raw-Cosine,unknown_K,30,0.0,0.0,0.0,0.5575997732088591,0.0,5.0,0.8,0.0,0.0,0.0,0.0,0.005341518099946
5,10,heterogeneous_contamination_q0.25,Single-Constraint-Mean,fixed_K2,30,1.0,1.0,0.0,1.0,1.0,2.0,0.72,0.0,-0.25,0.1249999999999999,0.0,0.005341518099946
5,10,heterogeneous_contamination_q0.25,Single-Constraint-Mean,unknown_K,30,0.0,0.0,0.0,0.5575997732088591,0.0,5.0,0.72,0.0,-0.25,0.1249999999999999,0.0,0.005341518099946
5,10,heterogeneous_contamination_q0.25,Spearman,fixed_K2,30,0.9666666666666668,0.9743589743589745,0.140441681411581,0.9794838349709322,0.9866666666666668,2.0,0.4915804195804195,0.2576534576534576,-0.5773310023310024,0.2699300699300699,0.0,0.005341518099946
5,10,heterogeneous_contamination_q0.25,Spearman,unknown_K,30,0.9333333333333332,0.9527458492975734,0.1842801684334891,0.9779516330124712,0.9650793650793652,2.1,0.4915804195804195,0.2576534576534576,-0.5773310023310024,0.2699300699300699,0.0,0.005341518099946
5,10,heterogeneous_contamination_q0.5,ORCA-current,fixed_K2,30,1.0,1.0,0.0,1.0,1.0,2.0,0.6807566451602831,0.0,-0.3726354838741153,0.2592929949010847,0.0,0.0060366708332973
5,10,heterogeneous_contamination_q0.5,ORCA-current,unknown_K,30,0.0,0.0,0.0,0.5575997732088591,0.0,5.0,0.6807566451602831,0.0,-0.3726354838741153,0.2592929949010847,0.0,0.0060366708332973
5,10,heterogeneous_contamination_q0.5,ORCA-joint,fixed_K2,30,1.0,1.0,0.0,1.0,1.0,2.0,0.5792129540750977,0.0378176025991527,-0.6332331146165907,0.4678611585604196,0.0,0.0060366708332973
5,10,heterogeneous_contamination_q0.5,ORCA-joint,unknown_K,30,1.0,1.0,0.0,1.0,1.0,2.0,0.5792129540750977,0.0378176025991527,-0.6332331146165907,0.4678611585604196,0.0,0.0060366708332973
5,10,heterogeneous_contamination_q0.5,Pearson,fixed_K2,30,1.0,1.0,0.0,1.0,1.0,2.0,0.4549754504278194,0.2937553994400072,-0.6375686182530537,0.461461100840551,0.0,0.0060366708332973
5,10,heterogeneous_contamination_q0.5,Pearson,unknown_K,30,0.9666666666666668,0.9814814814814814,0.1014301032416974,0.9908554940241924,0.9888888888888888,2.033333333333333,0.4549754504278194,0.2937553994400072,-0.6375686182530537,0.461461100840551,0.0,0.0060366708332973
5,10,heterogeneous_contamination_q0.5,Raw-Cosine,fixed_K2,30,1.0,1.0,0.0,1.0,1.0,2.0,0.8,0.0,0.0,0.0,0.0,0.0060366708332973
5,10,heterogeneous_contamination_q0.5,Raw-Cosine,unknown_K,30,0.0,0.0,0.0,0.5575997732088591,0.0,5.0,0.8,0.0,0.0,0.0,0.0,0.0060366708332973
5,10,heterogeneous_contamination_q0.5,Single-Constraint-Mean,fixed_K2,30,1.0,1.0,0.0,1.0,1.0,2.0,0.72,0.0,-0.25,0.1625,0.0,0.0060366708332973
5,10,heterogeneous_contamination_q0.5,Single-Constraint-Mean,unknown_K,30,0.0,0.0,0.0,0.5575997732088591,0.0,5.0,0.72,0.0,-0.25,0.1625,0.0,0.0060366708332973
5,10,heterogeneous_contamination_q0.5,Spearman,fixed_K2,30,0.9666666666666668,0.9743589743589745,0.140441681411581,0.9794838349709322,0.9866666666666668,2.0,0.4629370629370629,0.281973581973582,-0.6303613053613054,0.3620046620046621,0.0,0.0060366708332973
5,10,heterogeneous_contamination_q0.5,Spearman,unknown_K,30,0.9666666666666668,0.9814814814814814,0.1014301032416974,0.9908554940241924,0.9888888888888888,2.033333333333333,0.4629370629370629,0.281973581973582,-0.6303613053613054,0.3620046620046621,0.0,0.0060366708332973
5,10,heterogeneous_contamination_q0.75,ORCA-current,fixed_K2,30,1.0,1.0,0.0,1.0,1.0,2.0,0.6797274662464029,0.0,-0.3758516679799909,0.3069250948242544,0.0,0.0067157403000843
5,10,heterogeneous_contamination_q0.75,ORCA-current,unknown_K,30,0.0,0.0,0.0,0.5575997732088591,0.0,5.0,0.6797274662464029,0.0,-0.3758516679799909,0.3069250948242544,0.0,0.0067157403000843
5,10,heterogeneous_contamination_q0.75,ORCA-joint,fixed_K2,30,1.0,1.0,0.0,1.0,1.0,2.0,0.4494594900889535,0.1707536007056293,-0.8393086924135763,0.7969589762002717,0.0,0.0067157403000843
5,10,heterogeneous_contamination_q0.75,ORCA-joint,unknown_K,30,1.0,1.0,0.0,1.0,1.0,2.0,0.4494594900889535,0.1707536007056293,-0.8393086924135763,0.7969589762002717,0.0,0.0067157403000843
5,10,heterogeneous_contamination_q0.75,Pearson,fixed_K2,30,1.0,1.0,0.0,1.0,1.0,2.0,0.3729882355862329,0.4151345249246768,-0.7117099764060071,0.6355201167353416,0.0,0.0067157403000843
5,10,heterogeneous_contamination_q0.75,Pearson,unknown_K,30,1.0,1.0,0.0,1.0,1.0,2.0,0.3729882355862329,0.4151345249246768,-0.7117099764060071,0.6355201167353416,0.0,0.0067157403000843
5,10,heterogeneous_contamination_q0.75,Raw-Cosine,fixed_K2,30,1.0,1.0,0.0,1.0,1.0,2.0,0.8,0.0,0.0,0.0,0.0,0.0067157403000843
5,10,heterogeneous_contamination_q0.75,Raw-Cosine,unknown_K,30,0.0,0.0,0.0,0.5575997732088591,0.0,5.0,0.8,0.0,0.0,0.0,0.0,0.0067157403000843
5,10,heterogeneous_contamination_q0.75,Single-Constraint-Mean,fixed_K2,30,1.0,1.0,0.0,1.0,1.0,2.0,0.72,0.0,-0.25,0.1962962962962962,0.0,0.0067157403000843
5,10,heterogeneous_contamination_q0.75,Single-Constraint-Mean,unknown_K,30,0.0,0.0,0.0,0.5575997732088591,0.0,5.0,0.72,0.0,-0.25,0.1962962962962962,0.0,0.0067157403000843
5,10,heterogeneous_contamination_q0.75,Spearman,fixed_K2,30,0.9333333333333332,0.9487179487179488,0.1951601013095864,0.9589676699418644,0.9733333333333332,2.0,0.3230023310023309,0.4861305361305362,-0.7614219114219115,0.7254079254079254,0.0,0.0067157403000843
5,10,heterogeneous_contamination_q0.75,Spearman,unknown_K,30,0.9333333333333332,0.9558404558404558,0.1703805063550851,0.9703393289951244,0.9755555555555556,2.033333333333333,0.3230023310023309,0.4861305361305362,-0.7614219114219115,0.7254079254079254,0.0,0.0067157403000843
5,10,orca_selected_points,ORCA-current,fixed_K2,30,1.0,1.0,0.0,1.0,1.0,2.0,0.7392080094454735,0.0,-0.1899749704828953,0.0,0.0,0.0020720875997843
5,10,orca_selected_points,ORCA-current,unknown_K,30,0.0,0.0,0.0,0.5575997732088591,0.0,5.0,0.7392080094454735,0.0,-0.1899749704828953,0.0,0.0,0.0020720875997843
5,10,orca_selected_points,ORCA-joint,fixed_K2,30,0.8333333333333334,0.8461538461538463,0.3585319997687685,0.8853972105468847,0.92,2.0,0.7161383097236734,0.0130884834717786,-0.2424350569058525,0.0276588103702587,0.0,0.0020720875997843
5,10,orca_selected_points,ORCA-joint,unknown_K,30,0.0,0.1169950738916256,0.0638815985554088,0.5823082294349767,0.2821428571428571,3.9,0.7161383097236734,0.0130884834717786,-0.2424350569058525,0.0276588103702587,0.0,0.0020720875997843
5,10,orca_selected_points,Pearson,fixed_K2,30,1.0,1.0,0.0,1.0,1.0,2.0,0.1051554225196756,0.8562685684083152,-0.886986452013541,1.4137289166080989,0.0,0.0020720875997843
5,10,orca_selected_points,Pearson,unknown_K,30,1.0,1.0,0.0,1.0,1.0,2.0,0.1051554225196756,0.8562685684083152,-0.886986452013541,1.4137289166080989,0.0,0.0020720875997843
5,10,orca_selected_points,Raw-Cosine,fixed_K2,30,1.0,1.0,0.0,1.0,1.0,2.0,0.8,0.0,0.0,0.0,0.0,0.0020720875997843
5,10,orca_selected_points,Raw-Cosine,unknown_K,30,0.0,0.0,0.0,0.5575997732088591,0.0,5.0,0.8,0.0,0.0,0.0,0.0,0.0020720875997843
5,10,orca_selected_points,Single-Constraint-Mean,fixed_K2,30,1.0,1.0,0.0,1.0,1.0,2.0,0.7568204736440031,0.0,-0.1349360198624904,0.0,0.0,0.0020720875997843
5,10,orca_selected_points,Single-Constraint-Mean,unknown_K,30,0.0,0.0,0.0,0.5575997732088591,0.0,5.0,0.7568204736440031,0.0,-0.1349360198624904,0.0,0.0,0.0020720875997843
5,10,orca_selected_points,Spearman,fixed_K2,30,1.0,1.0,0.0,1.0,1.0,2.0,0.0541483800105282,0.9395768345427216,-0.921421060653017,1.726709200162177,0.0,0.0020720875997843
5,10,orca_selected_points,Spearman,unknown_K,30,1.0,1.0,0.0,1.0,1.0,2.0,0.0541483800105282,0.9395768345427216,-0.921421060653017,1.726709200162177,0.0,0.0020720875997843
10,1,active_fraction_q0,ORCA-current,fixed_K2,30,1.0,1.0,0.0,1.0000000000000004,1.0,2.0,0.9,0.0,0.0,0.0,0.0,0.011028266733471
10,1,active_fraction_q0,ORCA-current,unknown_K,30,0.0,0.0,0.0,0.3757415887343424,0.0,10.0,0.9,0.0,0.0,0.0,0.0,0.011028266733471
10,1,active_fraction_q0,ORCA-joint,fixed_K2,30,1.0,1.0,0.0,1.0000000000000004,1.0,2.0,0.9,0.0,0.0,0.0,0.0,0.011028266733471
10,1,active_fraction_q0,ORCA-joint,unknown_K,30,0.0,0.0,0.0,0.3757415887343424,0.0,10.0,0.9,0.0,0.0,0.0,0.0,0.011028266733471
10,1,active_fraction_q0,Pearson,fixed_K2,30,1.0,1.0,0.0,1.0000000000000004,1.0,2.0,0.0089231035366114,1.0,-0.950427202574381,1.950427202574381,0.0,0.011028266733471
10,1,active_fraction_q0,Pearson,unknown_K,30,1.0,1.0,0.0,1.0000000000000004,1.0,2.0,0.0089231035366114,1.0,-0.950427202574381,1.950427202574381,0.0,0.011028266733471
10,1,active_fraction_q0,Raw-Cosine,fixed_K2,30,1.0,1.0,0.0,1.0000000000000004,1.0,2.0,0.9,0.0,0.0,0.0,0.0,0.011028266733471
10,1,active_fraction_q0,Raw-Cosine,unknown_K,30,0.0,0.0,0.0,0.3757415887343424,0.0,10.0,0.9,0.0,0.0,0.0,0.0,0.011028266733471
10,1,active_fraction_q0,Single-Constraint-Mean,fixed_K2,30,1.0,1.0,0.0,1.0000000000000004,1.0,2.0,0.0,,,,0.0,0.011028266733471
10,1,active_fraction_q0,Single-Constraint-Mean,unknown_K,30,0.0,0.0,0.0,0.3757415887343424,0.0,10.0,0.0,,,,0.0,0.011028266733471
10,1,active_fraction_q0,Spearman,fixed_K2,30,1.0,1.0,0.0,1.0000000000000004,1.0,2.0,0.0024752329281371,1.0,-0.9862487059547936,1.9862487059547935,0.0,0.011028266733471
10,1,active_fraction_q0,Spearman,unknown_K,30,1.0,1.0,0.0,1.0000000000000004,1.0,2.0,0.0024752329281371,1.0,-0.9862487059547936,1.9862487059547935,0.0,0.011028266733471
10,1,active_fraction_q0.25,ORCA-current,fixed_K2,30,1.0,1.0,0.0,1.0000000000000004,1.0,2.0,0.8673359441669596,0.0,-0.1814669768502254,0.0535681812277556,0.0,0.0144689333665761
10,1,active_fraction_q0.25,ORCA-current,unknown_K,30,0.0,0.0,0.0,0.3757415887343424,0.0,10.0,0.8673359441669596,0.0,-0.1814669768502254,0.0535681812277556,0.0,0.0144689333665761
10,1,active_fraction_q0.25,ORCA-joint,fixed_K2,30,0.9666666666666668,0.9838709677419356,0.0883423479847042,0.98207630898976,0.9953846153846154,2.0,0.8365776463005085,0.0055377603901677,-0.3301953678809484,0.1034515366385692,0.0,0.0144689333665761
10,1,active_fraction_q0.25,ORCA-joint,unknown_K,30,0.6666666666666666,0.8437118437118437,0.2332105167894849,0.8965182237013699,0.9467836257309942,2.3666666666666667,0.8365776463005085,0.0055377603901677,-0.3301953678809484,0.1034515366385692,0.0,0.0144689333665761
10,1,active_fraction_q0.25,Pearson,fixed_K2,30,1.0,1.0,0.0,1.0000000000000004,1.0,2.0,0.0168657976032618,0.992079823117604,-0.9379818319559076,1.9110629477265824,0.0,0.0144689333665761
10,1,active_fraction_q0.25,Pearson,unknown_K,30,1.0,1.0,0.0,1.0000000000000004,1.0,2.0,0.0168657976032618,0.992079823117604,-0.9379818319559076,1.9110629477265824,0.0,0.0144689333665761
10,1,active_fraction_q0.25,Raw-Cosine,fixed_K2,30,1.0,1.0,0.0,1.0000000000000004,1.0,2.0,0.9,0.0,0.0,0.0,0.0,0.0144689333665761
10,1,active_fraction_q0.25,Raw-Cosine,unknown_K,30,0.0,0.0,0.0,0.3757415887343424,0.0,10.0,0.9,0.0,0.0,0.0,0.0,0.0144689333665761
10,1,active_fraction_q0.25,Single-Constraint-Mean,fixed_K2,30,1.0,1.0,0.0,1.0000000000000004,1.0,2.0,0.8800000000000001,0.0,-0.1111111111111111,0.0305555555555555,0.0,0.0144689333665761
10,1,active_fraction_q0.25,Single-Constraint-Mean,unknown_K,30,0.0,0.0,0.0,0.3757415887343424,0.0,10.0,0.8800000000000001,0.0,-0.1111111111111111,0.0305555555555555,0.0,0.0144689333665761
10,1,active_fraction_q0.25,Spearman,fixed_K2,30,1.0,1.0,0.0,1.0000000000000004,1.0,2.0,0.0265433126406887,0.9693269737014192,-0.9752292571904966,1.877518043961335,0.0,0.0144689333665761
10,1,active_fraction_q0.25,Spearman,unknown_K,30,1.0,1.0,0.0,1.0000000000000004,1.0,2.0,0.0265433126406887,0.9693269737014192,-0.9752292571904966,1.877518043961335,0.0,0.0144689333665761
10,1,active_fraction_q0.5,ORCA-current,fixed_K2,30,1.0,1.0,0.0,1.0000000000000004,1.0,2.0,0.8669568411484213,0.0,-0.1835731047309935,0.0844884582433613,0.0,0.0168758014335859
10,1,active_fraction_q0.5,ORCA-current,unknown_K,30,0.0,0.0,0.0,0.3757415887343424,0.0,10.0,0.8669568411484213,0.0,-0.1835731047309935,0.0844884582433613,0.0,0.0168758014335859
10,1,active_fraction_q0.5,ORCA-joint,fixed_K2,30,1.0,1.0,0.0,1.0000000000000004,1.0,2.0,0.7683866270973703,0.0380521165205415,-0.578976938932444,0.2989087062641745,0.0,0.0168758014335859
10,1,active_fraction_q0.5,ORCA-joint,unknown_K,30,0.9666666666666668,0.986111111111111,0.076072577431273,0.990441342360326,0.9958333333333332,2.033333333333333,0.7683866270973703,0.0380521165205415,-0.578976938932444,0.2989087062641745,0.0,0.0168758014335859
10,1,active_fraction_q0.5,Pearson,fixed_K2,30,1.0,1.0,0.0,1.0000000000000004,1.0,2.0,0.0176421187177422,0.9898676314520432,-0.9425177035377033,1.9128548120175008,0.0,0.0168758014335859
10,1,active_fraction_q0.5,Pearson,unknown_K,30,1.0,1.0,0.0,1.0000000000000004,1.0,2.0,0.0176421187177422,0.9898676314520432,-0.9425177035377033,1.9128548120175008,0.0,0.0168758014335859
10,1,active_fraction_q0.5,Raw-Cosine,fixed_K2,30,1.0,1.0,0.0,1.0000000000000004,1.0,2.0,0.9,0.0,0.0,0.0,0.0,0.0168758014335859
10,1,active_fraction_q0.5,Raw-Cosine,unknown_K,30,0.0,0.0,0.0,0.3757415887343424,0.0,10.0,0.9,0.0,0.0,0.0,0.0,0.0168758014335859
10,1,active_fraction_q0.5,Single-Constraint-Mean,fixed_K2,30,1.0,1.0,0.0,1.0000000000000004,1.0,2.0,0.88,0.0,-0.1111111111111111,0.0486111111111111,0.0,0.0168758014335859
10,1,active_fraction_q0.5,Single-Constraint-Mean,unknown_K,30,0.0,0.0,0.0,0.3757415887343424,0.0,10.0,0.88,0.0,-0.1111111111111111,0.0486111111111111,0.0,0.0168758014335859
10,1,active_fraction_q0.5,Spearman,fixed_K2,30,1.0,1.0,0.0,1.0000000000000004,1.0,2.0,0.0254057853494565,0.9695605174251922,-0.980614678357806,1.894321425289461,0.0,0.0168758014335859
10,1,active_fraction_q0.5,Spearman,unknown_K,30,1.0,1.0,0.0,1.0000000000000004,1.0,2.0,0.0254057853494565,0.9695605174251922,-0.980614678357806,1.894321425289461,0.0,0.0168758014335859
10,1,active_fraction_q0.75,ORCA-current,fixed_K2,30,1.0,1.0,0.0,1.0000000000000004,1.0,2.0,0.8667286337567954,0.0,-0.1848409235733583,0.1398369287078632,0.0,0.0201443941999968
10,1,active_fraction_q0.75,ORCA-current,unknown_K,30,0.0,0.0,0.0,0.3757415887343424,0.0,10.0,0.8667286337567954,0.0,-0.1848409235733583,0.1398369287078632,0.0,0.0201443941999968
10,1,active_fraction_q0.75,ORCA-joint,fixed_K2,30,1.0,1.0,0.0,1.0000000000000004,1.0,2.0,0.581059942204551,0.2282020006094773,-0.8590812075368072,0.7807551116213536,0.0,0.0201443941999968
10,1,active_fraction_q0.75,ORCA-joint,unknown_K,30,1.0,1.0,0.0,1.0000000000000004,1.0,2.0,0.581059942204551,0.2282020006094773,-0.8590812075368072,0.7807551116213536,0.0,0.0201443941999968
10,1,active_fraction_q0.75,Pearson,fixed_K2,30,1.0,1.0,0.0,1.0000000000000004,1.0,2.0,0.0141761668927581,0.9931011557776528,-0.948838894151844,1.922384028968053,0.0,0.0201443941999968
10,1,active_fraction_q0.75,Pearson,unknown_K,30,1.0,1.0,0.0,1.0000000000000004,1.0,2.0,0.0141761668927581,0.9931011557776528,-0.948838894151844,1.922384028968053,0.0,0.0201443941999968
10,1,active_fraction_q0.75,Raw-Cosine,fixed_K2,30,1.0,1.0,0.0,1.0000000000000004,1.0,2.0,0.9,0.0,0.0,0.0,0.0,0.0201443941999968
10,1,active_fraction_q0.75,Raw-Cosine,unknown_K,30,0.0,0.0,0.0,0.3757415887343424,0.0,10.0,0.9,0.0,0.0,0.0,0.0,0.0201443941999968
10,1,active_fraction_q0.75,Single-Constraint-Mean,fixed_K2,30,1.0,1.0,0.0,1.0000000000000004,1.0,2.0,0.88,0.0,-0.1111111111111111,0.0821428571428571,0.0,0.0201443941999968
10,1,active_fraction_q0.75,Single-Constraint-Mean,unknown_K,30,0.0,0.0,0.0,0.3757415887343424,0.0,10.0,0.88,0.0,-0.1111111111111111,0.0821428571428571,0.0,0.0201443941999968
10,1,active_fraction_q0.75,Spearman,fixed_K2,30,1.0,1.0,0.0,1.0000000000000004,1.0,2.0,0.0236756771613473,0.9709869001478112,-0.9845208596234928,1.8831137170963244,0.0,0.0201443941999968
10,1,active_fraction_q0.75,Spearman,unknown_K,30,1.0,1.0,0.0,1.0000000000000004,1.0,2.0,0.0236756771613473,0.9709869001478112,-0.9845208596234928,1.8831137170963244,0.0,0.0201443941999968
10,1,active_fraction_q1,ORCA-current,fixed_K2,30,1.0,1.0,0.0,1.0000000000000004,1.0,2.0,0.8666666666666666,0.0,-0.1851851851851852,0.1851851851851852,1.0,0.0227991166335414
10,1,active_fraction_q1,ORCA-current,unknown_K,30,0.0,0.0,0.0,0.3757415887343424,0.0,10.0,0.8666666666666666,0.0,-0.1851851851851852,0.1851851851851852,1.0,0.0227991166335414
10,1,active_fraction_q1,ORCA-joint,fixed_K2,30,1.0,1.0,0.0,1.0000000000000004,1.0,2.0,4.796163466380677e-17,1.0,-1.0,2.0,1.0,0.0227991166335414
10,1,active_fraction_q1,ORCA-joint,unknown_K,30,1.0,1.0,0.0,1.0000000000000004,1.0,2.0,4.796163466380677e-17,1.0,-1.0,2.0,1.0,0.0227991166335414
10,1,active_fraction_q1,Pearson,fixed_K2,30,1.0,1.0,0.0,1.0000000000000004,1.0,2.0,0.0081727083397722,1.0,-0.9545960647790436,1.9545960647790437,1.0,0.0227991166335414
10,1,active_fraction_q1,Pearson,unknown_K,30,1.0,1.0,0.0,1.0000000000000004,1.0,2.0,0.0081727083397722,1.0,-0.9545960647790436,1.9545960647790437,1.0,0.0227991166335414
10,1,active_fraction_q1,Raw-Cosine,fixed_K2,30,1.0,1.0,0.0,1.0000000000000004,1.0,2.0,0.9,0.0,0.0,0.0,1.0,0.0227991166335414
10,1,active_fraction_q1,Raw-Cosine,unknown_K,30,0.0,0.0,0.0,0.3757415887343424,0.0,10.0,0.9,0.0,0.0,0.0,1.0,0.0227991166335414
10,1,active_fraction_q1,Single-Constraint-Mean,fixed_K2,30,1.0,1.0,0.0,1.0000000000000004,1.0,2.0,0.88,0.0,-0.1111111111111111,0.1111111111111111,1.0,0.0227991166335414
10,1,active_fraction_q1,Single-Constraint-Mean,unknown_K,30,0.0,0.0,0.0,0.3757415887343424,0.0,10.0,0.88,0.0,-0.1111111111111111,0.1111111111111111,1.0,0.0227991166335414
10,1,active_fraction_q1,Spearman,fixed_K2,30,1.0,1.0,0.0,1.0000000000000004,1.0,2.0,0.0,1.0,-1.0,2.0,1.0,0.0227991166335414
10,1,active_fraction_q1,Spearman,unknown_K,30,1.0,1.0,0.0,1.0000000000000004,1.0,2.0,0.0,1.0,-1.0,2.0,1.0,0.0227991166335414
10,1,exact_pf,ORCA-current,fixed_K2,1,1.0,1.0,0.0,1.0000000000000004,1.0,2.0,0.8666666666666666,0.0,-0.1851851851851851,0.1851851851851851,1.0,0.0444732079995446
10,1,exact_pf,ORCA-current,unknown_K,1,0.0,0.0,0.0,0.3757415887343424,0.0,10.0,0.8666666666666666,0.0,-0.1851851851851851,0.1851851851851851,1.0,0.0444732079995446
10,1,exact_pf,ORCA-joint,fixed_K2,1,1.0,1.0,0.0,1.0000000000000004,1.0,2.0,2.065014825802791e-16,0.9999999999999998,-1.0,1.9999999999999996,1.0,0.0444732079995446
10,1,exact_pf,ORCA-joint,unknown_K,1,1.0,1.0,0.0,1.0000000000000004,1.0,2.0,2.065014825802791e-16,0.9999999999999998,-1.0,1.9999999999999996,1.0,0.0444732079995446
10,1,exact_pf,Pearson,fixed_K2,1,1.0,1.0,0.0,1.0000000000000004,1.0,2.0,0.0104034299488345,1.0,-0.9422031669509192,1.942203166950919,1.0,0.0444732079995446
10,1,exact_pf,Pearson,unknown_K,1,1.0,1.0,0.0,1.0000000000000004,1.0,2.0,0.0104034299488345,1.0,-0.9422031669509192,1.942203166950919,1.0,0.0444732079995446
10,1,exact_pf,Raw-Cosine,fixed_K2,1,1.0,1.0,0.0,1.0000000000000004,1.0,2.0,0.9,0.0,0.0,0.0,1.0,0.0444732079995446
10,1,exact_pf,Raw-Cosine,unknown_K,1,0.0,0.0,0.0,0.3757415887343424,0.0,10.0,0.9,0.0,0.0,0.0,1.0,0.0444732079995446
10,1,exact_pf,Single-Constraint-Mean,fixed_K2,1,1.0,1.0,0.0,1.0000000000000004,1.0,2.0,0.88,0.0,-0.1111111111111111,0.1111111111111111,1.0,0.0444732079995446
10,1,exact_pf,Single-Constraint-Mean,unknown_K,1,0.0,0.0,0.0,0.3757415887343424,0.0,10.0,0.88,0.0,-0.1111111111111111,0.1111111111111111,1.0,0.0444732079995446
10,1,exact_pf,Spearman,fixed_K2,1,1.0,1.0,0.0,1.0000000000000004,1.0,2.0,0.0,1.0,-1.0,2.0,1.0,0.0444732079995446
10,1,exact_pf,Spearman,unknown_K,1,1.0,1.0,0.0,1.0000000000000004,1.0,2.0,0.0,1.0,-1.0,2.0,1.0,0.0444732079995446
10,1,heterogeneous_contamination_q0.25,ORCA-current,fixed_K2,30,1.0,1.0,0.0,1.0000000000000004,1.0,2.0,0.8673976340880661,0.0,-0.1811242550662996,0.0460863014054503,0.0,0.0143336319333684
10,1,heterogeneous_contamination_q0.25,ORCA-current,unknown_K,30,0.0,0.0,0.0,0.3757415887343424,0.0,10.0,0.8673976340880661,0.0,-0.1811242550662996,0.0460863014054503,0.0,0.0143336319333684
10,1,heterogeneous_contamination_q0.25,ORCA-joint,fixed_K2,30,1.0,1.0,0.0,1.0000000000000004,1.0,2.0,0.8367785803627653,0.0055425148236445,-0.3290600498011695,0.088699763593379,0.0,0.0143336319333684
10,1,heterogeneous_contamination_q0.25,ORCA-joint,unknown_K,30,0.5666666666666667,0.7817599067599068,0.2693099517294022,0.8562604827086874,0.9193151147098516,2.566666666666667,0.8367785803627653,0.0055425148236445,-0.3290600498011695,0.088699763593379,0.0,0.0143336319333684
10,1,heterogeneous_contamination_q0.25,Pearson,fixed_K2,30,0.9666666666666668,0.9838709677419356,0.0883423479847042,0.98207630898976,0.9953846153846154,2.0,0.5768952669727336,0.3086938874906531,-0.5602507446333124,-0.0066996082978386,0.0,0.0143336319333684
10,1,heterogeneous_contamination_q0.25,Pearson,unknown_K,30,0.9333333333333332,0.9333333333333332,0.2537081317024624,0.9333333333333338,0.9925925925925926,1.9333333333333331,0.5768952669727336,0.3086938874906531,-0.5602507446333124,-0.0066996082978386,0.0,0.0143336319333684
10,1,heterogeneous_contamination_q0.25,Raw-Cosine,fixed_K2,30,1.0,1.0,0.0,1.0000000000000004,1.0,2.0,0.9,0.0,0.0,0.0,0.0,0.0143336319333684
10,1,heterogeneous_contamination_q0.25,Raw-Cosine,unknown_K,30,0.0,0.0,0.0,0.3757415887343424,0.0,10.0,0.9,0.0,0.0,0.0,0.0,0.0143336319333684
10,1,heterogeneous_contamination_q0.25,Single-Constraint-Mean,fixed_K2,30,1.0,1.0,0.0,1.0000000000000004,1.0,2.0,0.88,0.0,-0.1111111111111111,0.0263888888888888,0.0,0.0143336319333684
10,1,heterogeneous_contamination_q0.25,Single-Constraint-Mean,unknown_K,30,0.0,0.0,0.0,0.3757415887343424,0.0,10.0,0.88,0.0,-0.1111111111111111,0.0263888888888888,0.0,0.0143336319333684
10,1,heterogeneous_contamination_q0.25,Spearman,fixed_K2,30,0.9,0.9430505774591796,0.1780799868722488,0.9408522901361676,0.981880341880342,2.0,0.5933842576104956,0.2908985394661513,-0.5398266331881966,-0.0600189523031712,0.0,0.0143336319333684
10,1,heterogeneous_contamination_q0.25,Spearman,unknown_K,30,0.8666666666666667,0.8666666666666667,0.3457459036417604,0.866666666666667,0.9851851851851852,1.8666666666666667,0.5933842576104956,0.2908985394661513,-0.5398266331881966,-0.0600189523031712,0.0,0.0143336319333684
10,1,heterogeneous_contamination_q0.5,ORCA-current,fixed_K2,30,1.0,1.0,0.0,1.0000000000000004,1.0,2.0,0.8669415110875003,0.0,-0.1836582717361097,0.0973885990883494,0.0,0.0168508318666378
10,1,heterogeneous_contamination_q0.5,ORCA-current,unknown_K,30,0.0,0.0,0.0,0.3757415887343424,0.0,10.0,0.8669415110875003,0.0,-0.1836582717361097,0.0973885990883494,0.0,0.0168508318666378
10,1,heterogeneous_contamination_q0.5,ORCA-joint,fixed_K2,30,1.0,1.0,0.0,1.0000000000000004,1.0,2.0,0.7680892048869389,0.0382110237992223,-0.5799936554312279,0.3411565445126286,0.0,0.0168508318666378
10,1,heterogeneous_contamination_q0.5,ORCA-joint,unknown_K,30,1.0,1.0,0.0,1.0000000000000004,1.0,2.0,0.7680892048869389,0.0382110237992223,-0.5799936554312279,0.3411565445126286,0.0,0.0168508318666378
10,1,heterogeneous_contamination_q0.5,Pearson,fixed_K2,30,0.9,0.9344882516925528,0.2036537907755971,0.9354756533030564,0.9776068376068376,2.0,0.5592386525579822,0.3248455696647446,-0.59373631824112,-0.0111919255934254,0.0,0.0168508318666378
10,1,heterogeneous_contamination_q0.5,Pearson,unknown_K,30,0.9,0.9,0.3051285766293646,0.9000000000000004,0.9888888888888888,1.9,0.5592386525579822,0.3248455696647446,-0.59373631824112,-0.0111919255934254,0.0,0.0168508318666378
10,1,heterogeneous_contamination_q0.5,Raw-Cosine,fixed_K2,30,1.0,1.0,0.0,1.0000000000000004,1.0,2.0,0.9,0.0,0.0,0.0,0.0,0.0168508318666378
10,1,heterogeneous_contamination_q0.5,Raw-Cosine,unknown_K,30,0.0,0.0,0.0,0.3757415887343424,0.0,10.0,0.9,0.0,0.0,0.0,0.0,0.0168508318666378
10,1,heterogeneous_contamination_q0.5,Single-Constraint-Mean,fixed_K2,30,1.0,1.0,0.0,1.0000000000000004,1.0,2.0,0.88,0.0,-0.1111111111111111,0.05625,0.0,0.0168508318666378
10,1,heterogeneous_contamination_q0.5,Single-Constraint-Mean,unknown_K,30,0.0,0.0,0.0,0.3757415887343424,0.0,10.0,0.88,0.0,-0.1111111111111111,0.05625,0.0,0.0168508318666378
10,1,heterogeneous_contamination_q0.5,Spearman,fixed_K2,30,0.9,0.9430505774591796,0.1780799868722487,0.9408522901361676,0.981880341880342,2.0,0.5884892121528424,0.2900229516791136,-0.5705236813233092,-0.083464393996059,0.0,0.0168508318666378
10,1,heterogeneous_contamination_q0.5,Spearman,unknown_K,30,0.8333333333333334,0.8333333333333334,0.3790490217894517,0.8333333333333337,0.9814814814814816,1.8333333333333333,0.5884892121528424,0.2900229516791136,-0.5705236813233092,-0.083464393996059,0.0,0.0168508318666378
10,1,heterogeneous_contamination_q0.75,ORCA-current,fixed_K2,30,1.0,1.0,0.0,1.0000000000000004,1.0,2.0,0.8667229927604826,0.0,-0.1848722624417634,0.1435735711615993,0.0,0.0204156970664068
10,1,heterogeneous_contamination_q0.75,ORCA-current,unknown_K,30,0.0,0.0,0.0,0.3757415887343424,0.0,10.0,0.8667229927604826,0.0,-0.1848722624417634,0.1435735711615993,0.0,0.0204156970664068
10,1,heterogeneous_contamination_q0.75,ORCA-joint,fixed_K2,30,1.0,1.0,0.0,1.0000000000000004,1.0,2.0,0.5829202483742851,0.2255031440493855,-0.8595415995008739,0.7991612340229636,0.0,0.0204156970664068
10,1,heterogeneous_contamination_q0.75,ORCA-joint,unknown_K,30,1.0,1.0,0.0,1.0000000000000004,1.0,2.0,0.5829202483742851,0.2255031440493855,-0.8595415995008739,0.7991612340229636,0.0,0.0204156970664068
10,1,heterogeneous_contamination_q0.75,Pearson,fixed_K2,30,1.0,1.0,0.0,1.0000000000000004,1.0,2.0,0.3521086083626661,0.5703958430463564,-0.7622576924664294,0.4767306486335005,0.0,0.0204156970664068
10,1,heterogeneous_contamination_q0.75,Pearson,unknown_K,30,1.0,1.0,0.0,1.0000000000000004,1.0,2.0,0.3521086083626661,0.5703958430463564,-0.7622576924664294,0.4767306486335005,0.0,0.0204156970664068
10,1,heterogeneous_contamination_q0.75,Raw-Cosine,fixed_K2,30,1.0,1.0,0.0,1.0000000000000004,1.0,2.0,0.9,0.0,0.0,0.0,0.0,0.0204156970664068
10,1,heterogeneous_contamination_q0.75,Raw-Cosine,unknown_K,30,0.0,0.0,0.0,0.3757415887343424,0.0,10.0,0.9,0.0,0.0,0.0,0.0,0.0204156970664068
10,1,heterogeneous_contamination_q0.75,Single-Constraint-Mean,fixed_K2,30,1.0,1.0,0.0,1.0000000000000004,1.0,2.0,0.88,0.0,-0.1111111111111111,0.0845238095238095,0.0,0.0204156970664068
10,1,heterogeneous_contamination_q0.75,Single-Constraint-Mean,unknown_K,30,0.0,0.0,0.0,0.3757415887343424,0.0,10.0,0.88,0.0,-0.1111111111111111,0.0845238095238095,0.0,0.0204156970664068
10,1,heterogeneous_contamination_q0.75,Spearman,fixed_K2,30,0.9333333333333332,0.9677419354838708,0.1227619992108689,0.9641526179795196,0.9907692307692308,2.0,0.3686447699800843,0.5473501973730811,-0.7625727106183187,0.3523174079686791,0.0,0.0204156970664068
10,1,heterogeneous_contamination_q0.75,Spearman,unknown_K,30,0.9333333333333332,0.9333333333333332,0.2537081317024624,0.9333333333333338,0.9925925925925926,1.9333333333333331,0.3686447699800843,0.5473501973730811,-0.7625727106183187,0.3523174079686791,0.0,0.0204156970664068
10,1,orca_selected_points,ORCA-current,fixed_K2,30,1.0,1.0,0.0,1.0000000000000004,1.0,2.0,0.8675532151856333,0.0,-0.1802599156353706,0.0652926853961197,0.225,0.0140929708001446
10,1,orca_selected_points,ORCA-current,unknown_K,30,0.0,0.0,0.0,0.3757415887343424,0.0,10.0,0.8675532151856333,0.0,-0.1802599156353706,0.0652926853961197,0.225,0.0140929708001446
10,1,orca_selected_points,ORCA-joint,fixed_K2,30,0.9666666666666668,0.9838709677419356,0.0883423479847042,0.98207630898976,0.9953846153846154,2.0,0.6770173808542533,0.1477206649755627,-0.6479096686852308,0.3750266181632363,0.225,0.0140929708001446
10,1,orca_selected_points,ORCA-joint,unknown_K,30,0.6,0.7070797720797721,0.3719468047904647,0.8157294926095882,0.8496449724054381,3.1,0.6770173808542533,0.1477206649755627,-0.6479096686852308,0.3750266181632363,0.225,0.0140929708001446
10,1,orca_selected_points,Pearson,fixed_K2,30,0.8333333333333334,0.8547008547008548,0.3371068659576035,0.871235225594701,0.944093567251462,2.0,0.156170307835505,0.821137217579769,-0.8478383083725628,1.268398903976198,0.225,0.0140929708001446
10,1,orca_selected_points,Pearson,unknown_K,30,0.8333333333333334,0.8374169040835707,0.3731761994673251,0.8511692146147382,0.9544639376218323,1.9333333333333331,0.156170307835505,0.821137217579769,-0.8478383083725628,1.268398903976198,0.225,0.0140929708001446
10,1,orca_selected_points,Raw-Cosine,fixed_K2,30,1.0,1.0,0.0,1.0000000000000004,1.0,2.0,0.9,0.0,0.0,0.0,0.225,0.0140929708001446
10,1,orca_selected_points,Raw-Cosine,unknown_K,30,0.0,0.0,0.0,0.3757415887343424,0.0,10.0,0.9,0.0,0.0,0.0,0.225,0.0140929708001446
10,1,orca_selected_points,Single-Constraint-Mean,fixed_K2,30,1.0,1.0,0.0,1.0000000000000004,1.0,2.0,0.88,0.0,-0.1111111111111111,0.0378914049885109,0.225,0.0140929708001446
10,1,orca_selected_points,Single-Constraint-Mean,unknown_K,30,0.0,0.0,0.0,0.3757415887343424,0.0,10.0,0.88,0.0,-0.1111111111111111,0.0378914049885109,0.225,0.0140929708001446
10,1,orca_selected_points,Spearman,fixed_K2,30,0.8333333333333334,0.8437796771130105,0.3614879347409452,0.865103658000431,0.9383625730994152,2.0,0.2089050824062002,0.7634096249386932,-0.7857777090996704,1.0603174603174603,0.225,0.0140929708001446
10,1,orca_selected_points,Spearman,unknown_K,30,0.8333333333333334,0.8374169040835707,0.3731761994673251,0.8511692146147382,0.9544639376218323,1.9333333333333331,0.2089050824062002,0.7634096249386932,-0.7857777090996704,1.0603174603174603,0.225,0.0140929708001446
10,10,active_fraction_q0,ORCA-current,fixed_K2,30,1.0,1.0,0.0,1.0000000000000004,1.0,2.0,0.9,0.0,0.0,0.0,0.0,0.0111028083999675
10,10,active_fraction_q0,ORCA-current,unknown_K,30,0.0,0.0,0.0,0.3757415887343424,0.0,10.0,0.9,0.0,0.0,0.0,0.0,0.0111028083999675
10,10,active_fraction_q0,ORCA-joint,fixed_K2,30,1.0,1.0,0.0,1.0000000000000004,1.0,2.0,0.9,0.0,0.0,0.0,0.0,0.0111028083999675
10,10,active_fraction_q0,ORCA-joint,unknown_K,30,0.0,0.0,0.0,0.3757415887343424,0.0,10.0,0.9,0.0,0.0,0.0,0.0,0.0111028083999675
10,10,active_fraction_q0,Pearson,fixed_K2,30,1.0,1.0,0.0,1.0000000000000004,1.0,2.0,0.0082828188517447,1.0,-0.9539843397125296,1.9539843397125296,0.0,0.0111028083999675
10,10,active_fraction_q0,Pearson,unknown_K,30,1.0,1.0,0.0,1.0000000000000004,1.0,2.0,0.0082828188517447,1.0,-0.9539843397125296,1.9539843397125296,0.0,0.0111028083999675
10,10,active_fraction_q0,Raw-Cosine,fixed_K2,30,1.0,1.0,0.0,1.0000000000000004,1.0,2.0,0.9,0.0,0.0,0.0,0.0,0.0111028083999675
10,10,active_fraction_q0,Raw-Cosine,unknown_K,30,0.0,0.0,0.0,0.3757415887343424,0.0,10.0,0.9,0.0,0.0,0.0,0.0,0.0111028083999675
10,10,active_fraction_q0,Single-Constraint-Mean,fixed_K2,30,1.0,1.0,0.0,1.0000000000000004,1.0,2.0,0.0,,,,0.0,0.0111028083999675
10,10,active_fraction_q0,Single-Constraint-Mean,unknown_K,30,0.0,0.0,0.0,0.3757415887343424,0.0,10.0,0.0,,,,0.0,0.0111028083999675
10,10,active_fraction_q0,Spearman,fixed_K2,30,1.0,1.0,0.0,1.0000000000000004,1.0,2.0,0.0025174825174824,1.0,-0.9860139860139862,1.9860139860139865,0.0,0.0111028083999675
10,10,active_fraction_q0,Spearman,unknown_K,30,1.0,1.0,0.0,1.0000000000000004,1.0,2.0,0.0025174825174824,1.0,-0.9860139860139862,1.9860139860139865,0.0,0.0111028083999675
10,10,active_fraction_q0.25,ORCA-current,fixed_K2,30,1.0,1.0,0.0,1.0000000000000004,1.0,2.0,0.867264034459891,0.0,-0.1818664752228283,0.0561660561660561,0.0,0.0154404611000548
10,10,active_fraction_q0.25,ORCA-current,unknown_K,30,0.0,0.0,0.0,0.3757415887343424,0.0,10.0,0.867264034459891,0.0,-0.1818664752228283,0.0561660561660561,0.0,0.0154404611000548
10,10,active_fraction_q0.25,ORCA-joint,fixed_K2,30,1.0,1.0,0.0,1.0000000000000004,1.0,2.0,0.8363488039248087,0.005553246259296,-0.3314047709361006,0.1087470449153898,0.0,0.0154404611000548
10,10,active_fraction_q0.25,ORCA-joint,unknown_K,30,0.7333333333333333,0.8748313090418354,0.2165245540097116,0.9168037556959596,0.9581820931639444,2.3,0.8363488039248087,0.005553246259296,-0.3314047709361006,0.1087470449153898,0.0,0.0154404611000548
10,10,active_fraction_q0.25,Pearson,fixed_K2,30,1.0,1.0,0.0,1.0000000000000004,1.0,2.0,0.0151991627606796,0.990733880125027,-0.9526246863850047,1.9214605213539169,0.0,0.0154404611000548
10,10,active_fraction_q0.25,Pearson,unknown_K,30,1.0,1.0,0.0,1.0000000000000004,1.0,2.0,0.0151991627606796,0.990733880125027,-0.9526246863850047,1.9214605213539169,0.0,0.0154404611000548
10,10,active_fraction_q0.25,Raw-Cosine,fixed_K2,30,1.0,1.0,0.0,1.0000000000000004,1.0,2.0,0.9,0.0,0.0,0.0,0.0,0.0154404611000548
10,10,active_fraction_q0.25,Raw-Cosine,unknown_K,30,0.0,0.0,0.0,0.3757415887343424,0.0,10.0,0.9,0.0,0.0,0.0,0.0,0.0154404611000548
10,10,active_fraction_q0.25,Single-Constraint-Mean,fixed_K2,30,1.0,1.0,0.0,1.0000000000000004,1.0,2.0,0.88,0.0,-0.1111111111111111,0.0319444444444444,0.0,0.0154404611000548
10,10,active_fraction_q0.25,Single-Constraint-Mean,unknown_K,30,0.0,0.0,0.0,0.3757415887343424,0.0,10.0,0.88,0.0,-0.1111111111111111,0.0319444444444444,0.0,0.0154404611000548
10,10,active_fraction_q0.25,Spearman,fixed_K2,30,1.0,1.0,0.0,1.0000000000000004,1.0,2.0,0.0228438228438227,0.973005698005698,-0.9810670810670812,1.8941724941724944,0.0,0.0154404611000548
10,10,active_fraction_q0.25,Spearman,unknown_K,30,1.0,1.0,0.0,1.0000000000000004,1.0,2.0,0.0228438228438227,0.973005698005698,-0.9810670810670812,1.8941724941724944,0.0,0.0154404611000548
10,10,active_fraction_q0.5,ORCA-current,fixed_K2,30,1.0,1.0,0.0,1.0000000000000004,1.0,2.0,0.8669281242045612,0.0,-0.1837326433079931,0.097468335766208,0.0,0.0182061778999923
10,10,active_fraction_q0.5,ORCA-current,unknown_K,30,0.0,0.0,0.0,0.3757415887343424,0.0,10.0,0.8669281242045612,0.0,-0.1837326433079931,0.097468335766208,0.0,0.0182061778999923
10,10,active_fraction_q0.5,ORCA-joint,fixed_K2,30,1.0,1.0,0.0,1.0000000000000004,1.0,2.0,0.7681419387638986,0.0379945369559987,-0.5805666368210127,0.3427163091043864,0.0,0.0182061778999923
10,10,active_fraction_q0.5,ORCA-joint,unknown_K,30,1.0,1.0,0.0,1.0000000000000004,1.0,2.0,0.7681419387638986,0.0379945369559987,-0.5805666368210127,0.3427163091043864,0.0,0.0182061778999923
10,10,active_fraction_q0.5,Pearson,fixed_K2,30,1.0,1.0,0.0,1.0000000000000004,1.0,2.0,0.016531022229878,0.990066035792478,-0.9478968444418764,1.9167726212939131,0.0,0.0182061778999923
10,10,active_fraction_q0.5,Pearson,unknown_K,30,1.0,1.0,0.0,1.0000000000000004,1.0,2.0,0.016531022229878,0.990066035792478,-0.9478968444418764,1.9167726212939131,0.0,0.0182061778999923
10,10,active_fraction_q0.5,Raw-Cosine,fixed_K2,30,1.0,1.0,0.0,1.0000000000000004,1.0,2.0,0.9,0.0,0.0,0.0,0.0,0.0182061778999923
10,10,active_fraction_q0.5,Raw-Cosine,unknown_K,30,0.0,0.0,0.0,0.3757415887343424,0.0,10.0,0.9,0.0,0.0,0.0,0.0,0.0182061778999923
10,10,active_fraction_q0.5,Single-Constraint-Mean,fixed_K2,30,1.0,1.0,0.0,1.0000000000000004,1.0,2.0,0.88,0.0,-0.1111111111111111,0.05625,0.0,0.0182061778999923
10,10,active_fraction_q0.5,Single-Constraint-Mean,unknown_K,30,0.0,0.0,0.0,0.3757415887343424,0.0,10.0,0.88,0.0,-0.1111111111111111,0.05625,0.0,0.0182061778999923
10,10,active_fraction_q0.5,Spearman,fixed_K2,30,1.0,1.0,0.0,1.0000000000000004,1.0,2.0,0.030130536130536,0.9639406889406892,-0.976845376845377,1.8773892773892775,0.0,0.0182061778999923
10,10,active_fraction_q0.5,Spearman,unknown_K,30,1.0,1.0,0.0,1.0000000000000004,1.0,2.0,0.030130536130536,0.9639406889406892,-0.976845376845377,1.8773892773892775,0.0,0.0182061778999923
10,10,active_fraction_q0.75,ORCA-current,fixed_K2,30,1.0,1.0,0.0,1.0000000000000004,1.0,2.0,0.8667230724998499,0.0,-0.184871819445278,0.1410427396381352,0.0,0.0225695361664596
10,10,active_fraction_q0.75,ORCA-current,unknown_K,30,0.0,0.0,0.0,0.3757415887343424,0.0,10.0,0.8667230724998499,0.0,-0.184871819445278,0.1410427396381352,0.0,0.0225695361664596
10,10,active_fraction_q0.75,ORCA-joint,fixed_K2,30,1.0,1.0,0.0,1.0000000000000004,1.0,2.0,0.5831034186622844,0.2252582405738943,-0.8595036006917315,0.787827928385142,0.0,0.0225695361664596
10,10,active_fraction_q0.75,ORCA-joint,unknown_K,30,1.0,1.0,0.0,1.0000000000000004,1.0,2.0,0.5831034186622844,0.2252582405738943,-0.8595036006917315,0.787827928385142,0.0,0.0225695361664596
10,10,active_fraction_q0.75,Pearson,fixed_K2,30,1.0,1.0,0.0,1.0000000000000004,1.0,2.0,0.0145992354441946,0.9922898182840492,-0.9497338632849444,1.921559883912553,0.0,0.0225695361664596
10,10,active_fraction_q0.75,Pearson,unknown_K,30,1.0,1.0,0.0,1.0000000000000004,1.0,2.0,0.0145992354441946,0.9922898182840492,-0.9497338632849444,1.921559883912553,0.0,0.0225695361664596
10,10,active_fraction_q0.75,Raw-Cosine,fixed_K2,30,1.0,1.0,0.0,1.0000000000000004,1.0,2.0,0.9,0.0,0.0,0.0,0.0,0.0225695361664596
10,10,active_fraction_q0.75,Raw-Cosine,unknown_K,30,0.0,0.0,0.0,0.3757415887343424,0.0,10.0,0.9,0.0,0.0,0.0,0.0,0.0225695361664596
10,10,active_fraction_q0.75,Single-Constraint-Mean,fixed_K2,30,1.0,1.0,0.0,1.0000000000000004,1.0,2.0,0.88,0.0,-0.1111111111111111,0.0829365079365079,0.0,0.0225695361664596
10,10,active_fraction_q0.75,Single-Constraint-Mean,unknown_K,30,0.0,0.0,0.0,0.3757415887343424,0.0,10.0,0.88,0.0,-0.1111111111111111,0.0829365079365079,0.0,0.0225695361664596
10,10,active_fraction_q0.75,Spearman,fixed_K2,30,1.0,1.0,0.0,1.0000000000000004,1.0,2.0,0.0256550116550115,0.9685444185444186,-0.9832944832944832,1.8762237762237768,0.0,0.0225695361664596
10,10,active_fraction_q0.75,Spearman,unknown_K,30,1.0,1.0,0.0,1.0000000000000004,1.0,2.0,0.0256550116550115,0.9685444185444186,-0.9832944832944832,1.8762237762237768,0.0,0.0225695361664596
10,10,active_fraction_q1,ORCA-current,fixed_K2,30,1.0,1.0,0.0,1.0000000000000004,1.0,2.0,0.8666666666666666,0.0,-0.1851851851851852,0.1851851851851852,1.0,0.025621905533444
10,10,active_fraction_q1,ORCA-current,unknown_K,30,0.0,0.0,0.0,0.3757415887343424,0.0,10.0,0.8666666666666666,0.0,-0.1851851851851852,0.1851851851851852,1.0,0.025621905533444
10,10,active_fraction_q1,ORCA-joint,fixed_K2,30,1.0,1.0,0.0,1.0000000000000004,1.0,2.0,6.010007306637514e-17,1.0,-1.0,2.0,1.0,0.025621905533444
10,10,active_fraction_q1,ORCA-joint,unknown_K,30,1.0,1.0,0.0,1.0000000000000004,1.0,2.0,6.010007306637514e-17,1.0,-1.0,2.0,1.0,0.025621905533444
10,10,active_fraction_q1,Pearson,fixed_K2,30,1.0,1.0,0.0,1.0000000000000004,1.0,2.0,0.0081052192059245,1.0,-0.9549710044115304,1.9549710044115305,1.0,0.025621905533444
10,10,active_fraction_q1,Pearson,unknown_K,30,1.0,1.0,0.0,1.0000000000000004,1.0,2.0,0.0081052192059245,1.0,-0.9549710044115304,1.9549710044115305,1.0,0.025621905533444
10,10,active_fraction_q1,Raw-Cosine,fixed_K2,30,1.0,1.0,0.0,1.0000000000000004,1.0,2.0,0.9,0.0,0.0,0.0,1.0,0.025621905533444
10,10,active_fraction_q1,Raw-Cosine,unknown_K,30,0.0,0.0,0.0,0.3757415887343424,0.0,10.0,0.9,0.0,0.0,0.0,1.0,0.025621905533444
10,10,active_fraction_q1,Single-Constraint-Mean,fixed_K2,30,1.0,1.0,0.0,1.0000000000000004,1.0,2.0,0.88,0.0,-0.1111111111111111,0.1111111111111111,1.0,0.025621905533444
10,10,active_fraction_q1,Single-Constraint-Mean,unknown_K,30,0.0,0.0,0.0,0.3757415887343424,0.0,10.0,0.88,0.0,-0.1111111111111111,0.1111111111111111,1.0,0.025621905533444
10,10,active_fraction_q1,Spearman,fixed_K2,30,1.0,1.0,0.0,1.0000000000000004,1.0,2.0,0.0,1.0,-1.0,2.0,1.0,0.025621905533444
10,10,active_fraction_q1,Spearman,unknown_K,30,1.0,1.0,0.0,1.0000000000000004,1.0,2.0,0.0,1.0,-1.0,2.0,1.0,0.025621905533444
10,10,exact_pf,ORCA-current,fixed_K2,1,1.0,1.0,0.0,1.0000000000000004,1.0,2.0,0.8666666666666666,0.0,-0.1851851851851851,0.1851851851851851,1.0,0.0498210419991664
10,10,exact_pf,ORCA-current,unknown_K,1,0.0,0.0,0.0,0.3757415887343424,0.0,10.0,0.8666666666666666,0.0,-0.1851851851851851,0.1851851851851851,1.0,0.0498210419991664
10,10,exact_pf,ORCA-joint,fixed_K2,1,1.0,1.0,0.0,1.0000000000000004,1.0,2.0,2.19824158875781e-16,0.9999999999999998,-1.0,1.9999999999999991,1.0,0.0498210419991664
10,10,exact_pf,ORCA-joint,unknown_K,1,1.0,1.0,0.0,1.0000000000000004,1.0,2.0,2.19824158875781e-16,0.9999999999999998,-1.0,1.9999999999999991,1.0,0.0498210419991664
10,10,exact_pf,Pearson,fixed_K2,1,1.0,1.0,0.0,1.0000000000000004,1.0,2.0,0.0104034299488345,1.0,-0.9422031669509192,1.9422031669509192,1.0,0.0498210419991664
10,10,exact_pf,Pearson,unknown_K,1,1.0,1.0,0.0,1.0000000000000004,1.0,2.0,0.0104034299488345,1.0,-0.9422031669509192,1.9422031669509192,1.0,0.0498210419991664
10,10,exact_pf,Raw-Cosine,fixed_K2,1,1.0,1.0,0.0,1.0000000000000004,1.0,2.0,0.9,0.0,0.0,0.0,1.0,0.0498210419991664
10,10,exact_pf,Raw-Cosine,unknown_K,1,0.0,0.0,0.0,0.3757415887343424,0.0,10.0,0.9,0.0,0.0,0.0,1.0,0.0498210419991664
10,10,exact_pf,Single-Constraint-Mean,fixed_K2,1,1.0,1.0,0.0,1.0000000000000004,1.0,2.0,0.88,0.0,-0.1111111111111111,0.1111111111111111,1.0,0.0498210419991664
10,10,exact_pf,Single-Constraint-Mean,unknown_K,1,0.0,0.0,0.0,0.3757415887343424,0.0,10.0,0.88,0.0,-0.1111111111111111,0.1111111111111111,1.0,0.0498210419991664
10,10,exact_pf,Spearman,fixed_K2,1,1.0,1.0,0.0,1.0000000000000004,1.0,2.0,0.0,1.0,-1.0,2.0,1.0,0.0498210419991664
10,10,exact_pf,Spearman,unknown_K,1,1.0,1.0,0.0,1.0000000000000004,1.0,2.0,0.0,1.0,-1.0,2.0,1.0,0.0498210419991664
10,10,heterogeneous_contamination_q0.25,ORCA-current,fixed_K2,30,1.0,1.0,0.0,1.0000000000000004,1.0,2.0,0.8673507751208228,0.0,-0.1813845826620957,0.0535681812277556,0.0,0.0152354041666815
10,10,heterogeneous_contamination_q0.25,ORCA-current,unknown_K,30,0.0,0.0,0.0,0.3757415887343424,0.0,10.0,0.8673507751208228,0.0,-0.1813845826620957,0.0535681812277556,0.0,0.0152354041666815
10,10,heterogeneous_contamination_q0.25,ORCA-joint,fixed_K2,30,1.0,1.0,0.0,1.0000000000000004,1.0,2.0,0.836606529992241,0.0055591553409268,-0.3299493231238423,0.1034515366430258,0.0,0.0152354041666815
10,10,heterogeneous_contamination_q0.25,ORCA-joint,unknown_K,30,0.6333333333333333,0.8307226399331662,0.2341601597232709,0.8885862309496614,0.9433429118773946,2.3666666666666667,0.836606529992241,0.0055591553409268,-0.3299493231238423,0.1034515366430258,0.0,0.0152354041666815
10,10,heterogeneous_contamination_q0.25,Pearson,fixed_K2,30,0.9666666666666668,0.9753086419753086,0.1352401376555966,0.9766996721566484,0.9911111111111112,2.0,0.520259770596858,0.3719419273430027,-0.6219002317565552,0.2322983493345264,0.0,0.0152354041666815
10,10,heterogeneous_contamination_q0.25,Pearson,unknown_K,30,0.9666666666666668,0.9666666666666668,0.1825741858350553,0.9666666666666672,0.9962962962962963,1.9666666666666663,0.520259770596858,0.3719419273430027,-0.6219002317565552,0.2322983493345264,0.0,0.0152354041666815
10,10,heterogeneous_contamination_q0.25,Raw-Cosine,fixed_K2,30,1.0,1.0,0.0,1.0000000000000004,1.0,2.0,0.9,0.0,0.0,0.0,0.0,0.0152354041666815
10,10,heterogeneous_contamination_q0.25,Raw-Cosine,unknown_K,30,0.0,0.0,0.0,0.3757415887343424,0.0,10.0,0.9,0.0,0.0,0.0,0.0,0.0152354041666815
10,10,heterogeneous_contamination_q0.25,Single-Constraint-Mean,fixed_K2,30,1.0,1.0,0.0,1.0000000000000004,1.0,2.0,0.88,0.0,-0.1111111111111111,0.0305555555555555,0.0,0.0152354041666815
10,10,heterogeneous_contamination_q0.25,Single-Constraint-Mean,unknown_K,30,0.0,0.0,0.0,0.3757415887343424,0.0,10.0,0.88,0.0,-0.1111111111111111,0.0305555555555555,0.0,0.0152354041666815
10,10,heterogeneous_contamination_q0.25,Spearman,fixed_K2,30,0.9666666666666668,0.9753086419753086,0.1352401376555966,0.9766996721566484,0.9911111111111112,2.0,0.5448158508158508,0.3458236208236209,-0.58995078995079,0.0969696969696969,0.0,0.0152354041666815
10,10,heterogeneous_contamination_q0.25,Spearman,unknown_K,30,0.9666666666666668,0.9666666666666668,0.1825741858350553,0.9666666666666672,0.9962962962962963,1.9666666666666663,0.5448158508158508,0.3458236208236209,-0.58995078995079,0.0969696969696969,0.0,0.0152354041666815
10,10,heterogeneous_contamination_q0.5,ORCA-current,fixed_K2,30,1.0,1.0,0.0,1.0000000000000004,1.0,2.0,0.8669506863341764,0.0,-0.1836072981434649,0.0927421944419448,0.0,0.017998162433408
10,10,heterogeneous_contamination_q0.5,ORCA-current,unknown_K,30,0.0,0.0,0.0,0.3757415887343424,0.0,10.0,0.8669506863341764,0.0,-0.1836072981434649,0.0927421944419448,0.0,0.017998162433408
10,10,heterogeneous_contamination_q0.5,ORCA-joint,fixed_K2,30,1.0,1.0,0.0,1.0000000000000004,1.0,2.0,0.7681989823371052,0.0382097794752555,-0.5793887580039494,0.3263976346593779,0.0,0.017998162433408
10,10,heterogeneous_contamination_q0.5,ORCA-joint,unknown_K,30,1.0,1.0,0.0,1.0000000000000004,1.0,2.0,0.7681989823371052,0.0382097794752555,-0.5793887580039494,0.3263976346593779,0.0,0.017998162433408
10,10,heterogeneous_contamination_q0.5,Pearson,fixed_K2,30,0.9666666666666668,0.9838709677419356,0.0883423479847042,0.98207630898976,0.9953846153846154,2.0,0.5513600064842937,0.3336915213104661,-0.60212276762317,0.1151552688557506,0.0,0.017998162433408
10,10,heterogeneous_contamination_q0.5,Pearson,unknown_K,30,1.0,1.0,0.0,1.0000000000000004,1.0,2.0,0.5513600064842937,0.3336915213104661,-0.60212276762317,0.1151552688557506,0.0,0.017998162433408
10,10,heterogeneous_contamination_q0.5,Raw-Cosine,fixed_K2,30,1.0,1.0,0.0,1.0000000000000004,1.0,2.0,0.9,0.0,0.0,0.0,0.0,0.017998162433408
10,10,heterogeneous_contamination_q0.5,Raw-Cosine,unknown_K,30,0.0,0.0,0.0,0.3757415887343424,0.0,10.0,0.9,0.0,0.0,0.0,0.0,0.017998162433408
10,10,heterogeneous_contamination_q0.5,Single-Constraint-Mean,fixed_K2,30,1.0,1.0,0.0,1.0000000000000004,1.0,2.0,0.88,0.0,-0.1111111111111111,0.0534722222222222,0.0,0.017998162433408
10,10,heterogeneous_contamination_q0.5,Single-Constraint-Mean,unknown_K,30,0.0,0.0,0.0,0.3757415887343424,0.0,10.0,0.88,0.0,-0.1111111111111111,0.0534722222222222,0.0,0.017998162433408
10,10,heterogeneous_contamination_q0.5,Spearman,fixed_K2,30,0.9666666666666668,0.9838709677419356,0.0883423479847042,0.98207630898976,0.9953846153846154,2.0,0.5628857808857808,0.3204804454804455,-0.590934990934991,0.006060606060606,0.0,0.017998162433408
10,10,heterogeneous_contamination_q0.5,Spearman,unknown_K,30,0.9333333333333332,0.9333333333333332,0.2537081317024624,0.9333333333333338,0.9925925925925926,1.9333333333333331,0.5628857808857808,0.3204804454804455,-0.590934990934991,0.006060606060606,0.0,0.017998162433408
10,10,heterogeneous_contamination_q0.75,ORCA-current,fixed_K2,30,1.0,1.0,0.0,1.0000000000000004,1.0,2.0,0.8667221760764812,0.0,-0.1848767995751038,0.1417280001057922,0.0,0.0225462958000207
10,10,heterogeneous_contamination_q0.75,ORCA-current,unknown_K,30,0.0,0.0,0.0,0.3757415887343424,0.0,10.0,0.8667221760764812,0.0,-0.1848767995751038,0.1417280001057922,0.0,0.0225462958000207
10,10,heterogeneous_contamination_q0.75,ORCA-joint,fixed_K2,30,1.0,1.0,0.0,1.0000000000000004,1.0,2.0,0.583378231635351,0.2248539585830305,-0.8595939899159284,0.7952400490300686,0.0,0.0225462958000207
10,10,heterogeneous_contamination_q0.75,ORCA-joint,unknown_K,30,1.0,1.0,0.0,1.0000000000000004,1.0,2.0,0.583378231635351,0.2248539585830305,-0.8595939899159284,0.7952400490300686,0.0,0.0225462958000207
10,10,heterogeneous_contamination_q0.75,Pearson,fixed_K2,30,0.9666666666666668,0.9838709677419356,0.0883423479847042,0.98207630898976,0.9953846153846154,2.0,0.4254953783481917,0.4812984316854759,-0.7109430602125866,0.3875073250998537,0.0,0.0225462958000207
10,10,heterogeneous_contamination_q0.75,Pearson,unknown_K,30,0.9666666666666668,0.9838709677419356,0.0883423479847042,0.98207630898976,0.9953846153846154,2.0,0.4254953783481917,0.4812984316854759,-0.7109430602125866,0.3875073250998537,0.0,0.0225462958000207
10,10,heterogeneous_contamination_q0.75,Raw-Cosine,fixed_K2,30,1.0,1.0,0.0,1.0000000000000004,1.0,2.0,0.9,0.0,0.0,0.0,0.0,0.0225462958000207
10,10,heterogeneous_contamination_q0.75,Raw-Cosine,unknown_K,30,0.0,0.0,0.0,0.3757415887343424,0.0,10.0,0.9,0.0,0.0,0.0,0.0,0.0225462958000207
10,10,heterogeneous_contamination_q0.75,Single-Constraint-Mean,fixed_K2,30,1.0,1.0,0.0,1.0000000000000004,1.0,2.0,0.88,0.0,-0.1111111111111111,0.0833333333333333,0.0,0.0225462958000207
10,10,heterogeneous_contamination_q0.75,Single-Constraint-Mean,unknown_K,30,0.0,0.0,0.0,0.3757415887343424,0.0,10.0,0.88,0.0,-0.1111111111111111,0.0833333333333333,0.0,0.0225462958000207
10,10,heterogeneous_contamination_q0.75,Spearman,fixed_K2,30,0.9666666666666668,0.9838709677419356,0.0883423479847042,0.98207630898976,0.9953846153846154,2.0,0.3564289044289043,0.561991711991712,-0.771872571872572,0.4321678321678322,0.0,0.0225462958000207
10,10,heterogeneous_contamination_q0.75,Spearman,unknown_K,30,0.9666666666666668,0.9666666666666668,0.1825741858350553,0.9666666666666672,0.9962962962962963,1.9666666666666663,0.3564289044289043,0.561991711991712,-0.771872571872572,0.4321678321678322,0.0,0.0225462958000207
10,10,orca_selected_points,ORCA-current,fixed_K2,30,1.0,1.0,0.0,1.0000000000000004,1.0,2.0,0.8847283325397881,0.0,-0.0848425970011769,0.0,0.0,0.0073888250999516
10,10,orca_selected_points,ORCA-current,unknown_K,30,0.0,0.0,0.0,0.3757415887343424,0.0,10.0,0.8847283325397881,0.0,-0.0848425970011769,0.0,0.0,0.0073888250999516
10,10,orca_selected_points,ORCA-joint,fixed_K2,30,0.8666666666666667,0.8965168642587997,0.2894617056632877,0.9052888271042758,0.9615294646873594,2.0,0.8530192402162756,0.0147020491585708,-0.2021960243864074,0.0095612116409848,0.0,0.0073888250999516
10,10,orca_selected_points,ORCA-joint,unknown_K,30,0.0,0.0708129513160959,0.012410600432685,0.4196745603711642,0.2852713178294573,6.933333333333334,0.8530192402162756,0.0147020491585708,-0.2021960243864074,0.0095612116409848,0.0,0.0073888250999516
10,10,orca_selected_points,Pearson,fixed_K2,30,0.9333333333333332,0.9333333333333332,0.2537081317024624,0.9438499235435702,0.9714285714285714,2.0,0.0963963042999661,0.8910592220902738,-0.9002280877502039,1.4137852581521837,0.0,0.0073888250999516
10,10,orca_selected_points,Pearson,unknown_K,30,0.9333333333333332,0.9333333333333332,0.2537081317024624,0.9438499235435702,0.9714285714285714,2.0,0.0963963042999661,0.8910592220902738,-0.9002280877502039,1.4137852581521837,0.0,0.0073888250999516
10,10,orca_selected_points,Raw-Cosine,fixed_K2,30,1.0,1.0,0.0,1.0000000000000004,1.0,2.0,0.9,0.0,0.0,0.0,0.0,0.0073888250999516
10,10,orca_selected_points,Raw-Cosine,unknown_K,30,0.0,0.0,0.0,0.3757415887343424,0.0,10.0,0.9,0.0,0.0,0.0,0.0,0.0073888250999516
10,10,orca_selected_points,Single-Constraint-Mean,fixed_K2,30,1.0,1.0,0.0,1.0000000000000004,1.0,2.0,0.8903873015873016,0.0,-0.0534038800705467,0.0,0.0,0.0073888250999516
10,10,orca_selected_points,Single-Constraint-Mean,unknown_K,30,0.0,0.0,0.0,0.3757415887343424,0.0,10.0,0.8903873015873016,0.0,-0.0534038800705467,0.0,0.0,0.0073888250999516
10,10,orca_selected_points,Spearman,fixed_K2,30,0.9333333333333332,0.9287749287749288,0.2710556962633146,0.9411362091247568,0.9707602339181286,2.0,0.0997429898976938,0.895132519620364,-0.8653421998646894,1.51419700383441,0.0,0.0073888250999516
10,10,orca_selected_points,Spearman,unknown_K,30,0.9333333333333332,0.929033929033929,0.2700719662980125,0.9417421248282368,0.9674313990103464,2.033333333333333,0.0997429898976938,0.895132519620364,-0.8653421998646894,1.51419700383441,0.0,0.0073888250999516
20,1,active_fraction_q0,ORCA-current,fixed_K2,30,1.0,1.0,0.0,0.9999999999999996,1.0,2.0,0.95,0.0,0.0,0.0,0.0,0.0366144736998952
20,1,active_fraction_q0,ORCA-current,unknown_K,30,0.0,0.0,0.0,0.2574218642459922,0.0,20.0,0.95,0.0,0.0,0.0,0.0,0.0366144736998952
20,1,active_fraction_q0,ORCA-joint,fixed_K2,30,1.0,1.0,0.0,0.9999999999999996,1.0,2.0,0.95,0.0,0.0,0.0,0.0,0.0366144736998952
20,1,active_fraction_q0,ORCA-joint,unknown_K,30,0.0,0.0,0.0,0.2574218642459922,0.0,20.0,0.95,0.0,0.0,0.0,0.0,0.0366144736998952
20,1,active_fraction_q0,Pearson,fixed_K2,30,1.0,1.0,0.0,0.9999999999999996,1.0,2.0,0.0053708797978028,1.0,-0.9434644231810232,1.9434644231810232,0.0,0.0366144736998952
20,1,active_fraction_q0,Pearson,unknown_K,30,1.0,1.0,0.0,0.9999999999999996,1.0,2.0,0.0053708797978028,1.0,-0.9434644231810232,1.9434644231810232,0.0,0.0366144736998952
20,1,active_fraction_q0,Raw-Cosine,fixed_K2,30,1.0,1.0,0.0,0.9999999999999996,1.0,2.0,0.95,0.0,0.0,0.0,0.0,0.0366144736998952
20,1,active_fraction_q0,Raw-Cosine,unknown_K,30,0.0,0.0,0.0,0.2574218642459922,0.0,20.0,0.95,0.0,0.0,0.0,0.0,0.0366144736998952
20,1,active_fraction_q0,Single-Constraint-Mean,fixed_K2,30,1.0,1.0,0.0,0.9999999999999996,1.0,2.0,0.0,,,,0.0,0.0366144736998952
20,1,active_fraction_q0,Single-Constraint-Mean,unknown_K,30,0.0,0.0,0.0,0.2574218642459922,0.0,20.0,0.0,,,,0.0,0.0366144736998952
20,1,active_fraction_q0,Spearman,fixed_K2,30,1.0,1.0,0.0,0.9999999999999996,1.0,2.0,0.0015143786957566,1.0,-0.984059171623614,1.984059171623614,0.0,0.0366144736998952
20,1,active_fraction_q0,Spearman,unknown_K,30,1.0,1.0,0.0,0.9999999999999996,1.0,2.0,0.0015143786957566,1.0,-0.984059171623614,1.984059171623614,0.0,0.0366144736998952
20,1,active_fraction_q0.25,ORCA-current,fixed_K2,30,1.0,1.0,0.0,0.9999999999999996,1.0,2.0,0.9413653817409654,0.0,-0.0908907185161537,0.0169407075236671,0.0,0.050363015300051
20,1,active_fraction_q0.25,ORCA-current,unknown_K,30,0.0,0.0,0.0,0.2574218642459922,0.0,20.0,0.9413653817409654,0.0,-0.0908907185161537,0.0169407075236671,0.0,0.050363015300051
20,1,active_fraction_q0.25,ORCA-joint,fixed_K2,30,0.9333333333333332,0.9735006973500698,0.1008463285009787,0.9672395223219934,0.996102564102564,2.0,0.9036140127445624,0.0120080242683514,-0.3802013316420743,0.0803782505869672,0.0,0.050363015300051
20,1,active_fraction_q0.25,ORCA-joint,unknown_K,30,0.5666666666666667,0.8202731134135207,0.2159650854930135,0.8612833048379276,0.9700808300156836,2.533333333333333,0.9036140127445624,0.0120080242683514,-0.3802013316420743,0.0803782505869672,0.0,0.050363015300051
20,1,active_fraction_q0.25,Pearson,fixed_K2,30,1.0,1.0,0.0,0.9999999999999996,1.0,2.0,0.0117170812380195,0.9923295309101788,-0.9456965245660798,1.9144211048133053,0.0,0.050363015300051
20,1,active_fraction_q0.25,Pearson,unknown_K,30,1.0,1.0,0.0,0.9999999999999996,1.0,2.0,0.0117170812380195,0.9923295309101788,-0.9456965245660798,1.9144211048133053,0.0,0.050363015300051
20,1,active_fraction_q0.25,Raw-Cosine,fixed_K2,30,1.0,1.0,0.0,0.9999999999999996,1.0,2.0,0.95,0.0,0.0,0.0,0.0,0.050363015300051
20,1,active_fraction_q0.25,Raw-Cosine,unknown_K,30,0.0,0.0,0.0,0.2574218642459922,0.0,20.0,0.95,0.0,0.0,0.0,0.0,0.050363015300051
20,1,active_fraction_q0.25,Single-Constraint-Mean,fixed_K2,30,1.0,1.0,0.0,0.9999999999999996,1.0,2.0,0.945,0.0,-0.0526315789473684,0.0094444444444444,0.0,0.050363015300051
20,1,active_fraction_q0.25,Single-Constraint-Mean,unknown_K,30,0.0,0.0,0.0,0.2574218642459922,0.0,20.0,0.945,0.0,-0.0526315789473684,0.0094444444444444,0.0,0.050363015300051
20,1,active_fraction_q0.25,Spearman,fixed_K2,30,1.0,1.0,0.0,0.9999999999999996,1.0,2.0,0.0247681936816847,0.9734151365521124,-0.978545942802728,1.880861322738992,0.0,0.050363015300051
20,1,active_fraction_q0.25,Spearman,unknown_K,30,1.0,1.0,0.0,0.9999999999999996,1.0,2.0,0.0247681936816847,0.9734151365521124,-0.978545942802728,1.880861322738992,0.0,0.050363015300051
20,1,active_fraction_q0.5,ORCA-current,fixed_K2,30,1.0,1.0,0.0,0.9999999999999996,1.0,2.0,0.941310413071137,0.0,-0.0914693360932952,0.0454226106079232,0.0,0.0628305513332331
20,1,active_fraction_q0.5,ORCA-current,unknown_K,30,0.0,0.0,0.0,0.2574218642459922,0.0,20.0,0.941310413071137,0.0,-0.0914693360932952,0.0454226106079232,0.0,0.0628305513332331
20,1,active_fraction_q0.5,ORCA-joint,fixed_K2,30,1.0,1.0,0.0,0.9999999999999996,1.0,2.0,0.8306142693793231,0.0665153071971094,-0.6580541364962982,0.3792589338469085,0.0,0.0628305513332331
20,1,active_fraction_q0.5,ORCA-joint,unknown_K,30,1.0,1.0,0.0,0.9999999999999996,1.0,2.0,0.8306142693793231,0.0665153071971094,-0.6580541364962982,0.3792589338469085,0.0,0.0628305513332331
20,1,active_fraction_q0.5,Pearson,fixed_K2,30,1.0,1.0,0.0,0.9999999999999996,1.0,2.0,0.0132092796373584,0.9906877488845984,-0.9447652112243156,1.9109882752629737,0.0,0.0628305513332331
20,1,active_fraction_q0.5,Pearson,unknown_K,30,1.0,1.0,0.0,0.9999999999999996,1.0,2.0,0.0132092796373584,0.9906877488845984,-0.9447652112243156,1.9109882752629737,0.0,0.0628305513332331
20,1,active_fraction_q0.5,Raw-Cosine,fixed_K2,30,1.0,1.0,0.0,0.9999999999999996,1.0,2.0,0.95,0.0,0.0,0.0,0.0,0.0628305513332331
20,1,active_fraction_q0.5,Raw-Cosine,unknown_K,30,0.0,0.0,0.0,0.2574218642459922,0.0,20.0,0.95,0.0,0.0,0.0,0.0,0.0628305513332331
20,1,active_fraction_q0.5,Single-Constraint-Mean,fixed_K2,30,1.0,1.0,0.0,0.9999999999999996,1.0,2.0,0.945,0.0,-0.0526315789473684,0.0255555555555555,0.0,0.0628305513332331
20,1,active_fraction_q0.5,Single-Constraint-Mean,unknown_K,30,0.0,0.0,0.0,0.2574218642459922,0.0,20.0,0.945,0.0,-0.0526315789473684,0.0255555555555555,0.0,0.0628305513332331
20,1,active_fraction_q0.5,Spearman,fixed_K2,30,1.0,1.0,0.0,0.9999999999999996,1.0,2.0,0.0305097107134127,0.9668315981077203,-0.9773607674156464,1.873768962804195,0.0,0.0628305513332331
20,1,active_fraction_q0.5,Spearman,unknown_K,30,1.0,1.0,0.0,0.9999999999999996,1.0,2.0,0.0305097107134127,0.9668315981077203,-0.9773607674156464,1.873768962804195,0.0,0.0628305513332331
20,1,active_fraction_q0.75,ORCA-current,fixed_K2,30,1.0,1.0,0.0,0.9999999999999996,1.0,2.0,0.9412950294729256,0.0,-0.091631268706045,0.0613482800471633,0.0,0.0721300209332184
20,1,active_fraction_q0.75,ORCA-current,unknown_K,30,0.0,0.0,0.0,0.2574218642459922,0.0,20.0,0.9412950294729256,0.0,-0.091631268706045,0.0613482800471633,0.0,0.0721300209332184
20,1,active_fraction_q0.75,ORCA-joint,fixed_K2,30,1.0,1.0,0.0,0.9999999999999996,1.0,2.0,0.7070686630997116,0.1919520387047897,-0.8296036190283499,0.669617375954554,0.0,0.0721300209332184
20,1,active_fraction_q0.75,ORCA-joint,unknown_K,30,1.0,1.0,0.0,0.9999999999999996,1.0,2.0,0.7070686630997116,0.1919520387047897,-0.8296036190283499,0.669617375954554,0.0,0.0721300209332184
20,1,active_fraction_q0.75,Pearson,fixed_K2,30,1.0,1.0,0.0,0.9999999999999996,1.0,2.0,0.0108637484432554,0.9927328920418662,-0.951048724852094,1.9196085852721656,0.0,0.0721300209332184
20,1,active_fraction_q0.75,Pearson,unknown_K,30,1.0,1.0,0.0,0.9999999999999996,1.0,2.0,0.0108637484432554,0.9927328920418662,-0.951048724852094,1.9196085852721656,0.0,0.0721300209332184
20,1,active_fraction_q0.75,Raw-Cosine,fixed_K2,30,1.0,1.0,0.0,0.9999999999999996,1.0,2.0,0.95,0.0,0.0,0.0,0.0,0.0721300209332184
20,1,active_fraction_q0.75,Raw-Cosine,unknown_K,30,0.0,0.0,0.0,0.2574218642459922,0.0,20.0,0.95,0.0,0.0,0.0,0.0,0.0721300209332184
20,1,active_fraction_q0.75,Single-Constraint-Mean,fixed_K2,30,1.0,1.0,0.0,0.9999999999999996,1.0,2.0,0.945,0.0,-0.0526315789473684,0.0347222222222222,0.0,0.0721300209332184
20,1,active_fraction_q0.75,Single-Constraint-Mean,unknown_K,30,0.0,0.0,0.0,0.2574218642459922,0.0,20.0,0.945,0.0,-0.0526315789473684,0.0347222222222222,0.0,0.0721300209332184
20,1,active_fraction_q0.75,Spearman,fixed_K2,30,1.0,1.0,0.0,0.9999999999999996,1.0,2.0,0.0272895828861342,0.9699955928792716,-0.9827808968640904,1.8641091018952165,0.0,0.0721300209332184
20,1,active_fraction_q0.75,Spearman,unknown_K,30,1.0,1.0,0.0,0.9999999999999996,1.0,2.0,0.0272895828861342,0.9699955928792716,-0.9827808968640904,1.8641091018952165,0.0,0.0721300209332184
20,1,active_fraction_q1,ORCA-current,fixed_K2,30,1.0,1.0,0.0,0.9999999999999996,1.0,2.0,0.9412844036697248,0.0,-0.091743119266055,0.091743119266055,1.0,0.0864715694664482
20,1,active_fraction_q1,ORCA-current,unknown_K,30,0.0,0.0,0.0,0.2574218642459922,0.0,20.0,0.9412844036697248,0.0,-0.091743119266055,0.091743119266055,1.0,0.0864715694664482
20,1,active_fraction_q1,ORCA-joint,fixed_K2,30,1.0,1.0,0.0,0.9999999999999996,1.0,2.0,5.995204332975843e-17,1.0,-1.0,2.0,1.0,0.0864715694664482
20,1,active_fraction_q1,ORCA-joint,unknown_K,30,1.0,1.0,0.0,0.9999999999999996,1.0,2.0,5.995204332975843e-17,1.0,-1.0,2.0,1.0,0.0864715694664482
20,1,active_fraction_q1,Pearson,fixed_K2,30,1.0,1.0,0.0,0.9999999999999996,1.0,2.0,0.0049854784105763,1.0,-0.94752127988867,1.94752127988867,1.0,0.0864715694664482
20,1,active_fraction_q1,Pearson,unknown_K,30,1.0,1.0,0.0,0.9999999999999996,1.0,2.0,0.0049854784105763,1.0,-0.94752127988867,1.94752127988867,1.0,0.0864715694664482
20,1,active_fraction_q1,Raw-Cosine,fixed_K2,30,1.0,1.0,0.0,0.9999999999999996,1.0,2.0,0.95,0.0,0.0,0.0,1.0,0.0864715694664482
20,1,active_fraction_q1,Raw-Cosine,unknown_K,30,0.0,0.0,0.0,0.2574218642459922,0.0,20.0,0.95,0.0,0.0,0.0,1.0,0.0864715694664482
20,1,active_fraction_q1,Single-Constraint-Mean,fixed_K2,30,1.0,1.0,0.0,0.9999999999999996,1.0,2.0,0.945,0.0,-0.0526315789473684,0.0526315789473684,1.0,0.0864715694664482
20,1,active_fraction_q1,Single-Constraint-Mean,unknown_K,30,0.0,0.0,0.0,0.2574218642459922,0.0,20.0,0.945,0.0,-0.0526315789473684,0.0526315789473684,1.0,0.0864715694664482
20,1,active_fraction_q1,Spearman,fixed_K2,30,1.0,1.0,0.0,0.9999999999999996,1.0,2.0,0.0,1.0,-1.0,2.0,1.0,0.0864715694664482
20,1,active_fraction_q1,Spearman,unknown_K,30,1.0,1.0,0.0,0.9999999999999996,1.0,2.0,0.0,1.0,-1.0,2.0,1.0,0.0864715694664482
20,1,exact_pf,ORCA-current,fixed_K2,1,1.0,1.0,0.0,0.9999999999999996,1.0,2.0,0.9412844036697248,0.0,-0.091743119266055,0.091743119266055,1.0,0.1750771250008256
20,1,exact_pf,ORCA-current,unknown_K,1,0.0,0.0,0.0,0.2574218642459922,0.0,20.0,0.9412844036697248,0.0,-0.091743119266055,0.091743119266055,1.0,0.1750771250008256
20,1,exact_pf,ORCA-joint,fixed_K2,1,1.0,1.0,0.0,0.9999999999999996,1.0,2.0,2.559064071760986e-16,0.9999999999999996,-1.0,1.9999999999999991,1.0,0.1750771250008256
20,1,exact_pf,ORCA-joint,unknown_K,1,1.0,1.0,0.0,0.9999999999999996,1.0,2.0,2.559064071760986e-16,0.9999999999999996,-1.0,1.9999999999999991,1.0,0.1750771250008256
20,1,exact_pf,Pearson,fixed_K2,1,1.0,1.0,0.0,0.9999999999999996,1.0,2.0,0.0054906991396626,1.0,-0.942203166950919,1.942203166950919,1.0,0.1750771250008256
20,1,exact_pf,Pearson,unknown_K,1,1.0,1.0,0.0,0.9999999999999996,1.0,2.0,0.0054906991396626,1.0,-0.942203166950919,1.942203166950919,1.0,0.1750771250008256
20,1,exact_pf,Raw-Cosine,fixed_K2,1,1.0,1.0,0.0,0.9999999999999996,1.0,2.0,0.95,0.0,0.0,0.0,1.0,0.1750771250008256
20,1,exact_pf,Raw-Cosine,unknown_K,1,0.0,0.0,0.0,0.2574218642459922,0.0,20.0,0.95,0.0,0.0,0.0,1.0,0.1750771250008256
20,1,exact_pf,Single-Constraint-Mean,fixed_K2,1,1.0,1.0,0.0,0.9999999999999996,1.0,2.0,0.945,0.0,-0.0526315789473684,0.0526315789473684,1.0,0.1750771250008256
20,1,exact_pf,Single-Constraint-Mean,unknown_K,1,0.0,0.0,0.0,0.2574218642459922,0.0,20.0,0.945,0.0,-0.0526315789473684,0.0526315789473684,1.0,0.1750771250008256
20,1,exact_pf,Spearman,fixed_K2,1,1.0,1.0,0.0,0.9999999999999996,1.0,2.0,0.0,1.0,-1.0,2.0,1.0,0.1750771250008256
20,1,exact_pf,Spearman,unknown_K,1,1.0,1.0,0.0,0.9999999999999996,1.0,2.0,0.0,1.0,-1.0,2.0,1.0,0.1750771250008256
20,1,heterogeneous_contamination_q0.25,ORCA-current,fixed_K2,30,1.0,1.0,0.0,0.9999999999999996,1.0,2.0,0.9413636206162538,0.0,-0.0909092566710132,0.0198773319928921,0.0,0.0504459388669298
20,1,heterogeneous_contamination_q0.25,ORCA-current,unknown_K,30,0.0,0.0,0.0,0.2574218642459922,0.0,20.0,0.9413636206162538,0.0,-0.0909092566710132,0.0198773319928921,0.0,0.0504459388669298
20,1,heterogeneous_contamination_q0.25,ORCA-joint,fixed_K2,30,0.9666666666666668,0.9867503486750347,0.0725713290976161,0.9836197611609964,0.998051282051282,2.0,0.9035785026288796,0.0120061278570839,-0.3805921900348826,0.0934278959810836,0.0,0.0504459388669298
20,1,heterogeneous_contamination_q0.25,ORCA-joint,unknown_K,30,0.6,0.8326187924258664,0.2152761633386664,0.870967871661201,0.9719326818675352,2.5,0.9035785026288796,0.0120061278570839,-0.3805921900348826,0.0934278959810836,0.0,0.0504459388669298
20,1,heterogeneous_contamination_q0.25,Pearson,fixed_K2,30,0.8666666666666667,0.9401841563929976,0.1585568321686572,0.9293825166296108,0.9902828784119106,2.0,0.6062632246854057,0.3387311382103996,-0.5697016015231855,-0.2635427429105864,0.0,0.0504459388669298
20,1,heterogeneous_contamination_q0.25,Pearson,unknown_K,30,0.8666666666666667,0.8666666666666667,0.3457459036417604,0.8666666666666664,0.992982456140351,1.8666666666666667,0.6062632246854057,0.3387311382103996,-0.5697016015231855,-0.2635427429105864,0.0,0.0504459388669298
20,1,heterogeneous_contamination_q0.25,Raw-Cosine,fixed_K2,30,1.0,1.0,0.0,0.9999999999999996,1.0,2.0,0.95,0.0,0.0,0.0,0.0,0.0504459388669298
20,1,heterogeneous_contamination_q0.25,Raw-Cosine,unknown_K,30,0.0,0.0,0.0,0.2574218642459922,0.0,20.0,0.95,0.0,0.0,0.0,0.0,0.0504459388669298
20,1,heterogeneous_contamination_q0.25,Single-Constraint-Mean,fixed_K2,30,1.0,1.0,0.0,0.9999999999999996,1.0,2.0,0.945,0.0,-0.0526315789473684,0.0111111111111111,0.0,0.0504459388669298
20,1,heterogeneous_contamination_q0.25,Single-Constraint-Mean,unknown_K,30,0.0,0.0,0.0,0.2574218642459922,0.0,20.0,0.945,0.0,-0.0526315789473684,0.0111111111111111,0.0,0.0504459388669298
20,1,heterogeneous_contamination_q0.25,Spearman,fixed_K2,30,0.8666666666666667,0.9189870436261048,0.2311468073371871,0.9148382124434982,0.9797787661719494,2.0,0.6367392394858123,0.3057572989128619,-0.5456659994072713,-0.424412331101592,0.0,0.0504459388669298
20,1,heterogeneous_contamination_q0.25,Spearman,unknown_K,30,0.6666666666666666,0.6666666666666666,0.4794633014853841,0.6666666666666664,0.9824561403508772,1.6666666666666667,0.6367392394858123,0.3057572989128619,-0.5456659994072713,-0.424412331101592,0.0,0.0504459388669298
20,1,heterogeneous_contamination_q0.5,ORCA-current,fixed_K2,30,1.0,1.0,0.0,0.9999999999999996,1.0,2.0,0.9413093503780776,0.0,-0.091480522336024,0.0454357051732812,0.0,0.0633353055335343
20,1,heterogeneous_contamination_q0.5,ORCA-current,unknown_K,30,0.0,0.0,0.0,0.2574218642459922,0.0,20.0,0.9413093503780776,0.0,-0.091480522336024,0.0454357051732812,0.0,0.0633353055335343
20,1,heterogeneous_contamination_q0.5,ORCA-joint,fixed_K2,30,1.0,1.0,0.0,0.9999999999999996,1.0,2.0,0.8308136590209521,0.0662425657135775,-0.6584099715151491,0.3801252908272879,0.0,0.0633353055335343
20,1,heterogeneous_contamination_q0.5,ORCA-joint,unknown_K,30,1.0,1.0,0.0,0.9999999999999996,1.0,2.0,0.8308136590209521,0.0662425657135775,-0.6584099715151491,0.3801252908272879,0.0,0.0633353055335343
20,1,heterogeneous_contamination_q0.5,Pearson,fixed_K2,30,0.9333333333333332,0.9735006973500698,0.1008463285009787,0.9672395223219934,0.996102564102564,2.0,0.5250189685132665,0.4249679908599129,-0.6487726242264003,-0.0900440225987681,0.0,0.0633353055335343
20,1,heterogeneous_contamination_q0.5,Pearson,unknown_K,30,0.9666666666666668,0.9666666666666668,0.1825741858350553,0.9666666666666662,0.9982456140350876,1.9666666666666663,0.5250189685132665,0.4249679908599129,-0.6487726242264003,-0.0900440225987681,0.0,0.0633353055335343
20,1,heterogeneous_contamination_q0.5,Raw-Cosine,fixed_K2,30,1.0,1.0,0.0,0.9999999999999996,1.0,2.0,0.95,0.0,0.0,0.0,0.0,0.0633353055335343
20,1,heterogeneous_contamination_q0.5,Raw-Cosine,unknown_K,30,0.0,0.0,0.0,0.2574218642459922,0.0,20.0,0.95,0.0,0.0,0.0,0.0,0.0633353055335343
20,1,heterogeneous_contamination_q0.5,Single-Constraint-Mean,fixed_K2,30,1.0,1.0,0.0,0.9999999999999996,1.0,2.0,0.945,0.0,-0.0526315789473684,0.0255555555555555,0.0,0.0633353055335343
20,1,heterogeneous_contamination_q0.5,Single-Constraint-Mean,unknown_K,30,0.0,0.0,0.0,0.2574218642459922,0.0,20.0,0.945,0.0,-0.0526315789473684,0.0255555555555555,0.0,0.0633353055335343
20,1,heterogeneous_contamination_q0.5,Spearman,fixed_K2,30,0.9333333333333332,0.966683459042928,0.1296028722976136,0.9621429943076169,0.9941803143093466,2.0,0.5738562184302175,0.3713078509202461,-0.6176375687681268,-0.1905408234072992,0.0,0.0633353055335343
20,1,heterogeneous_contamination_q0.5,Spearman,unknown_K,30,0.8666666666666667,0.8666666666666667,0.3457459036417604,0.8666666666666664,0.992982456140351,1.8666666666666667,0.5738562184302175,0.3713078509202461,-0.6176375687681268,-0.1905408234072992,0.0,0.0633353055335343
20,1,heterogeneous_contamination_q0.75,ORCA-current,fixed_K2,30,1.0,1.0,0.0,0.9999999999999996,1.0,2.0,0.9412947002759614,0.0,-0.0916347339372477,0.0613514097892267,0.0,0.0724104526999629
20,1,heterogeneous_contamination_q0.75,ORCA-current,unknown_K,30,0.0,0.0,0.0,0.2574218642459922,0.0,20.0,0.9412947002759614,0.0,-0.0916347339372477,0.0613514097892267,0.0,0.0724104526999629
20,1,heterogeneous_contamination_q0.75,ORCA-joint,fixed_K2,30,1.0,1.0,0.0,0.9999999999999996,1.0,2.0,0.707437196943071,0.1914979743518182,-0.8298108945907834,0.6694228096366166,0.0,0.0724104526999629
20,1,heterogeneous_contamination_q0.75,ORCA-joint,unknown_K,30,1.0,1.0,0.0,0.9999999999999996,1.0,2.0,0.707437196943071,0.1914979743518182,-0.8298108945907834,0.6694228096366166,0.0,0.0724104526999629
20,1,heterogeneous_contamination_q0.75,Pearson,fixed_K2,30,1.0,1.0,0.0,0.9999999999999996,1.0,2.0,0.422634748923618,0.5357144378103669,-0.729783228931771,0.0688023637240341,0.0,0.0724104526999629
20,1,heterogeneous_contamination_q0.75,Pearson,unknown_K,30,0.9666666666666668,0.9666666666666668,0.1825741858350553,0.9666666666666662,0.9982456140350876,1.9666666666666663,0.422634748923618,0.5357144378103669,-0.729783228931771,0.0688023637240341,0.0,0.0724104526999629
20,1,heterogeneous_contamination_q0.75,Raw-Cosine,fixed_K2,30,1.0,1.0,0.0,0.9999999999999996,1.0,2.0,0.95,0.0,0.0,0.0,0.0,0.0724104526999629
20,1,heterogeneous_contamination_q0.75,Raw-Cosine,unknown_K,30,0.0,0.0,0.0,0.2574218642459922,0.0,20.0,0.95,0.0,0.0,0.0,0.0,0.0724104526999629
20,1,heterogeneous_contamination_q0.75,Single-Constraint-Mean,fixed_K2,30,1.0,1.0,0.0,0.9999999999999996,1.0,2.0,0.945,0.0,-0.0526315789473684,0.0347222222222222,0.0,0.0724104526999629
20,1,heterogeneous_contamination_q0.75,Single-Constraint-Mean,unknown_K,30,0.0,0.0,0.0,0.2574218642459922,0.0,20.0,0.945,0.0,-0.0526315789473684,0.0347222222222222,0.0,0.0724104526999629
20,1,heterogeneous_contamination_q0.75,Spearman,fixed_K2,30,0.9666666666666668,0.9867503486750347,0.0725713290976161,0.9836197611609964,0.998051282051282,2.0,0.4431412494444574,0.5120635667547088,-0.7267831682133331,0.0078775537611154,0.0,0.0724104526999629
20,1,heterogeneous_contamination_q0.75,Spearman,unknown_K,30,0.9333333333333332,0.9333333333333332,0.2537081317024624,0.9333333333333328,0.9964912280701754,1.9333333333333331,0.4431412494444574,0.5120635667547088,-0.7267831682133331,0.0078775537611154,0.0,0.0724104526999629
20,10,active_fraction_q0,ORCA-current,fixed_K2,30,1.0,1.0,0.0,0.9999999999999996,1.0,2.0,0.95,0.0,0.0,0.0,0.0,0.0378637514334817
20,10,active_fraction_q0,ORCA-current,unknown_K,30,0.0,0.0,0.0,0.2574218642459922,0.0,20.0,0.95,0.0,0.0,0.0,0.0,0.0378637514334817
20,10,active_fraction_q0,ORCA-joint,fixed_K2,30,1.0,1.0,0.0,0.9999999999999996,1.0,2.0,0.95,0.0,0.0,0.0,0.0,0.0378637514334817
20,10,active_fraction_q0,ORCA-joint,unknown_K,30,0.0,0.0,0.0,0.2574218642459922,0.0,20.0,0.95,0.0,0.0,0.0,0.0,0.0378637514334817
20,10,active_fraction_q0,Pearson,fixed_K2,30,1.0,1.0,0.0,0.9999999999999996,1.0,2.0,0.0042744188776483,1.0,-0.9550061170773866,1.9550061170773865,0.0,0.0378637514334817
20,10,active_fraction_q0,Pearson,unknown_K,30,1.0,1.0,0.0,0.9999999999999996,1.0,2.0,0.0042744188776483,1.0,-0.9550061170773866,1.9550061170773865,0.0,0.0378637514334817
20,10,active_fraction_q0,Raw-Cosine,fixed_K2,30,1.0,1.0,0.0,0.9999999999999996,1.0,2.0,0.95,0.0,0.0,0.0,0.0,0.0378637514334817
20,10,active_fraction_q0,Raw-Cosine,unknown_K,30,0.0,0.0,0.0,0.2574218642459922,0.0,20.0,0.95,0.0,0.0,0.0,0.0,0.0378637514334817
20,10,active_fraction_q0,Single-Constraint-Mean,fixed_K2,30,1.0,1.0,0.0,0.9999999999999996,1.0,2.0,0.0,,,,0.0,0.0378637514334817
20,10,active_fraction_q0,Single-Constraint-Mean,unknown_K,30,0.0,0.0,0.0,0.2574218642459922,0.0,20.0,0.0,,,,0.0,0.0378637514334817
20,10,active_fraction_q0,Spearman,fixed_K2,30,1.0,1.0,0.0,0.9999999999999996,1.0,2.0,0.0014836829836829,1.0,-0.9843822843822846,1.9843822843822845,0.0,0.0378637514334817
20,10,active_fraction_q0,Spearman,unknown_K,30,1.0,1.0,0.0,0.9999999999999996,1.0,2.0,0.0014836829836829,1.0,-0.9843822843822846,1.9843822843822845,0.0,0.0378637514334817
20,10,active_fraction_q0.25,ORCA-current,fixed_K2,30,1.0,1.0,0.0,0.9999999999999996,1.0,2.0,0.9413665497987532,0.0,-0.090878423171018,0.0218968124837405,0.0,0.0607144138999501
20,10,active_fraction_q0.25,ORCA-current,unknown_K,30,0.0,0.0,0.0,0.2574218642459922,0.0,20.0,0.9413665497987532,0.0,-0.090878423171018,0.0218968124837405,0.0,0.0607144138999501
20,10,active_fraction_q0.25,ORCA-joint,fixed_K2,30,0.9666666666666668,0.9757834757834758,0.1326393657776043,0.9757671398785328,0.9942760942760942,2.0,0.9036009384731924,0.0120418429964346,-0.3800345869984845,0.1034515366407956,0.0,0.0607144138999501
20,10,active_fraction_q0.25,ORCA-joint,unknown_K,30,0.7,0.8593348418085824,0.2277754173074788,0.8932142925741591,0.9734981648763174,2.466666666666667,0.9036009384731924,0.0120418429964346,-0.3800345869984845,0.1034515366407956,0.0,0.0607144138999501
20,10,active_fraction_q0.25,Pearson,fixed_K2,30,1.0,1.0,0.0,0.9999999999999996,1.0,2.0,0.0137759729363149,0.990058040691719,-0.9444673923396356,1.9041730135642323,0.0,0.0607144138999501
20,10,active_fraction_q0.25,Pearson,unknown_K,30,1.0,1.0,0.0,0.9999999999999996,1.0,2.0,0.0137759729363149,0.990058040691719,-0.9444673923396356,1.9041730135642323,0.0,0.0607144138999501
20,10,active_fraction_q0.25,Raw-Cosine,fixed_K2,30,1.0,1.0,0.0,0.9999999999999996,1.0,2.0,0.95,0.0,0.0,0.0,0.0,0.0607144138999501
20,10,active_fraction_q0.25,Raw-Cosine,unknown_K,30,0.0,0.0,0.0,0.2574218642459922,0.0,20.0,0.95,0.0,0.0,0.0,0.0,0.0607144138999501
20,10,active_fraction_q0.25,Single-Constraint-Mean,fixed_K2,30,1.0,1.0,0.0,0.9999999999999996,1.0,2.0,0.945,0.0,-0.0526315789473684,0.0122222222222222,0.0,0.0607144138999501
20,10,active_fraction_q0.25,Single-Constraint-Mean,unknown_K,30,0.0,0.0,0.0,0.2574218642459922,0.0,20.0,0.945,0.0,-0.0526315789473684,0.0122222222222222,0.0,0.0607144138999501
20,10,active_fraction_q0.25,Spearman,fixed_K2,30,1.0,1.0,0.0,0.9999999999999996,1.0,2.0,0.0292505827505826,0.9684415000204474,-0.976125628757208,1.8592074592074592,0.0,0.0607144138999501
20,10,active_fraction_q0.25,Spearman,unknown_K,30,1.0,1.0,0.0,0.9999999999999996,1.0,2.0,0.0292505827505826,0.9684415000204474,-0.976125628757208,1.8592074592074592,0.0,0.0607144138999501
20,10,active_fraction_q0.5,ORCA-current,fixed_K2,30,1.0,1.0,0.0,0.9999999999999996,1.0,2.0,0.9413058732971344,0.0,-0.0915171231880592,0.0488535901587874,0.0,0.0780187818664975
20,10,active_fraction_q0.5,ORCA-current,unknown_K,30,0.0,0.0,0.0,0.2574218642459922,0.0,20.0,0.9413058732971344,0.0,-0.0915171231880592,0.0488535901587874,0.0,0.0780187818664975
20,10,active_fraction_q0.5,ORCA-joint,fixed_K2,30,1.0,1.0,0.0,0.9999999999999996,1.0,2.0,0.8310652046867294,0.0657708005815648,-0.6600080085898168,0.4059687798954172,0.0,0.0780187818664975
20,10,active_fraction_q0.5,ORCA-joint,unknown_K,30,1.0,1.0,0.0,0.9999999999999996,1.0,2.0,0.8310652046867294,0.0657708005815648,-0.6600080085898168,0.4059687798954172,0.0,0.0780187818664975
20,10,active_fraction_q0.5,Pearson,fixed_K2,30,1.0,1.0,0.0,0.9999999999999996,1.0,2.0,0.0158481704640348,0.9872064886611596,-0.9483187550597248,1.9056867885278792,0.0,0.0780187818664975
20,10,active_fraction_q0.5,Pearson,unknown_K,30,1.0,1.0,0.0,0.9999999999999996,1.0,2.0,0.0158481704640348,0.9872064886611596,-0.9483187550597248,1.9056867885278792,0.0,0.0780187818664975
20,10,active_fraction_q0.5,Raw-Cosine,fixed_K2,30,1.0,1.0,0.0,0.9999999999999996,1.0,2.0,0.95,0.0,0.0,0.0,0.0,0.0780187818664975
20,10,active_fraction_q0.5,Raw-Cosine,unknown_K,30,0.0,0.0,0.0,0.2574218642459922,0.0,20.0,0.95,0.0,0.0,0.0,0.0,0.0780187818664975
20,10,active_fraction_q0.5,Single-Constraint-Mean,fixed_K2,30,1.0,1.0,0.0,0.9999999999999996,1.0,2.0,0.945,0.0,-0.0526315789473684,0.0275,0.0,0.0780187818664975
20,10,active_fraction_q0.5,Single-Constraint-Mean,unknown_K,30,0.0,0.0,0.0,0.2574218642459922,0.0,20.0,0.945,0.0,-0.0526315789473684,0.0275,0.0,0.0780187818664975
20,10,active_fraction_q0.5,Spearman,fixed_K2,30,1.0,1.0,0.0,0.9999999999999996,1.0,2.0,0.0379079254079253,0.9586703744598482,-0.9729358360937308,1.8466200466200469,0.0,0.0780187818664975
20,10,active_fraction_q0.5,Spearman,unknown_K,30,1.0,1.0,0.0,0.9999999999999996,1.0,2.0,0.0379079254079253,0.9586703744598482,-0.9729358360937308,1.8466200466200469,0.0,0.0780187818664975
20,10,active_fraction_q0.75,ORCA-current,fixed_K2,30,1.0,1.0,0.0,0.9999999999999996,1.0,2.0,0.9412942018179906,0.0,-0.0916399808632573,0.064411749262702,0.0,0.0980997722330963
20,10,active_fraction_q0.75,ORCA-current,unknown_K,30,0.0,0.0,0.0,0.2574218642459922,0.0,20.0,0.9412942018179906,0.0,-0.0916399808632573,0.064411749262702,0.0,0.0980997722330963
20,10,active_fraction_q0.75,ORCA-joint,fixed_K2,30,1.0,1.0,0.0,0.9999999999999996,1.0,2.0,0.7086036876655422,0.1900993449118458,-0.830119709840312,0.6930378790280697,0.0,0.0980997722330963
20,10,active_fraction_q0.75,ORCA-joint,unknown_K,30,1.0,1.0,0.0,0.9999999999999996,1.0,2.0,0.7086036876655422,0.1900993449118458,-0.830119709840312,0.6930378790280697,0.0,0.0980997722330963
20,10,active_fraction_q0.75,Pearson,fixed_K2,30,1.0,1.0,0.0,0.9999999999999996,1.0,2.0,0.0112602798315506,0.9923301763302737,-0.950499151642794,1.9174101538569952,0.0,0.0980997722330963
20,10,active_fraction_q0.75,Pearson,unknown_K,30,1.0,1.0,0.0,0.9999999999999996,1.0,2.0,0.0112602798315506,0.9923301763302737,-0.950499151642794,1.9174101538569952,0.0,0.0980997722330963
20,10,active_fraction_q0.75,Raw-Cosine,fixed_K2,30,1.0,1.0,0.0,0.9999999999999996,1.0,2.0,0.95,0.0,0.0,0.0,0.0,0.0980997722330963
20,10,active_fraction_q0.75,Raw-Cosine,unknown_K,30,0.0,0.0,0.0,0.2574218642459922,0.0,20.0,0.95,0.0,0.0,0.0,0.0,0.0980997722330963
20,10,active_fraction_q0.75,Single-Constraint-Mean,fixed_K2,30,1.0,1.0,0.0,0.9999999999999996,1.0,2.0,0.945,0.0,-0.0526315789473684,0.0365079365079365,0.0,0.0980997722330963
20,10,active_fraction_q0.75,Single-Constraint-Mean,unknown_K,30,0.0,0.0,0.0,0.2574218642459922,0.0,20.0,0.945,0.0,-0.0526315789473684,0.0365079365079365,0.0,0.0980997722330963
20,10,active_fraction_q0.75,Spearman,fixed_K2,30,1.0,1.0,0.0,0.9999999999999996,1.0,2.0,0.0272039627039626,0.970100464837307,-0.9827383143172618,1.8659673659673663,0.0,0.0980997722330963
20,10,active_fraction_q0.75,Spearman,unknown_K,30,1.0,1.0,0.0,0.9999999999999996,1.0,2.0,0.0272039627039626,0.970100464837307,-0.9827383143172618,1.8659673659673663,0.0,0.0980997722330963
20,10,active_fraction_q1,ORCA-current,fixed_K2,30,1.0,1.0,0.0,0.9999999999999996,1.0,2.0,0.9412844036697248,0.0,-0.091743119266055,0.091743119266055,1.0,0.1224260555666357
20,10,active_fraction_q1,ORCA-current,unknown_K,30,0.0,0.0,0.0,0.2574218642459922,0.0,20.0,0.9412844036697248,0.0,-0.091743119266055,0.091743119266055,1.0,0.1224260555666357
20,10,active_fraction_q1,ORCA-joint,fixed_K2,30,1.0,1.0,0.0,0.9999999999999996,1.0,2.0,6.076620688115024e-17,1.0,-1.0,1.9999999999999996,1.0,0.1224260555666357
20,10,active_fraction_q1,ORCA-joint,unknown_K,30,1.0,1.0,0.0,0.9999999999999996,1.0,2.0,6.076620688115024e-17,1.0,-1.0,1.9999999999999996,1.0,0.1224260555666357
20,10,active_fraction_q1,Pearson,fixed_K2,30,1.0,1.0,0.0,0.9999999999999996,1.0,2.0,0.0044002769686381,1.0,-0.9536812950669672,1.9536812950669673,1.0,0.1224260555666357
20,10,active_fraction_q1,Pearson,unknown_K,30,1.0,1.0,0.0,0.9999999999999996,1.0,2.0,0.0044002769686381,1.0,-0.9536812950669672,1.9536812950669673,1.0,0.1224260555666357
20,10,active_fraction_q1,Raw-Cosine,fixed_K2,30,1.0,1.0,0.0,0.9999999999999996,1.0,2.0,0.95,0.0,0.0,0.0,1.0,0.1224260555666357
20,10,active_fraction_q1,Raw-Cosine,unknown_K,30,0.0,0.0,0.0,0.2574218642459922,0.0,20.0,0.95,0.0,0.0,0.0,1.0,0.1224260555666357
20,10,active_fraction_q1,Single-Constraint-Mean,fixed_K2,30,1.0,1.0,0.0,0.9999999999999996,1.0,2.0,0.945,0.0,-0.0526315789473684,0.0526315789473684,1.0,0.1224260555666357
20,10,active_fraction_q1,Single-Constraint-Mean,unknown_K,30,0.0,0.0,0.0,0.2574218642459922,0.0,20.0,0.945,0.0,-0.0526315789473684,0.0526315789473684,1.0,0.1224260555666357
20,10,active_fraction_q1,Spearman,fixed_K2,30,1.0,1.0,0.0,0.9999999999999996,1.0,2.0,0.0,1.0,-1.0,2.0,1.0,0.1224260555666357
20,10,active_fraction_q1,Spearman,unknown_K,30,1.0,1.0,0.0,0.9999999999999996,1.0,2.0,0.0,1.0,-1.0,2.0,1.0,0.1224260555666357
20,10,exact_pf,ORCA-current,fixed_K2,1,1.0,1.0,0.0,0.9999999999999996,1.0,2.0,0.9412844036697248,0.0,-0.091743119266055,0.091743119266055,1.0,0.2549032500010071
20,10,exact_pf,ORCA-current,unknown_K,1,0.0,0.0,0.0,0.2574218642459922,0.0,20.0,0.9412844036697248,0.0,-0.091743119266055,0.091743119266055,1.0,0.2549032500010071
20,10,exact_pf,ORCA-joint,fixed_K2,1,1.0,1.0,0.0,0.9999999999999996,1.0,2.0,3.236300116782331e-16,0.9999999999999996,-1.0,1.9999999999999991,1.0,0.2549032500010071
20,10,exact_pf,ORCA-joint,unknown_K,1,1.0,1.0,0.0,0.9999999999999996,1.0,2.0,3.236300116782331e-16,0.9999999999999996,-1.0,1.9999999999999991,1.0,0.2549032500010071
20,10,exact_pf,Pearson,fixed_K2,1,1.0,1.0,0.0,0.9999999999999996,1.0,2.0,0.0054906991396626,1.0,-0.9422031669509192,1.9422031669509192,1.0,0.2549032500010071
20,10,exact_pf,Pearson,unknown_K,1,1.0,1.0,0.0,0.9999999999999996,1.0,2.0,0.0054906991396626,1.0,-0.9422031669509192,1.9422031669509192,1.0,0.2549032500010071
20,10,exact_pf,Raw-Cosine,fixed_K2,1,1.0,1.0,0.0,0.9999999999999996,1.0,2.0,0.95,0.0,0.0,0.0,1.0,0.2549032500010071
20,10,exact_pf,Raw-Cosine,unknown_K,1,0.0,0.0,0.0,0.2574218642459922,0.0,20.0,0.95,0.0,0.0,0.0,1.0,0.2549032500010071
20,10,exact_pf,Single-Constraint-Mean,fixed_K2,1,1.0,1.0,0.0,0.9999999999999996,1.0,2.0,0.945,0.0,-0.0526315789473684,0.0526315789473684,1.0,0.2549032500010071
20,10,exact_pf,Single-Constraint-Mean,unknown_K,1,0.0,0.0,0.0,0.2574218642459922,0.0,20.0,0.945,0.0,-0.0526315789473684,0.0526315789473684,1.0,0.2549032500010071
20,10,exact_pf,Spearman,fixed_K2,1,1.0,1.0,0.0,0.9999999999999996,1.0,2.0,0.0,1.0,-1.0,2.0,1.0,0.2549032500010071
20,10,exact_pf,Spearman,unknown_K,1,1.0,1.0,0.0,0.9999999999999996,1.0,2.0,0.0,1.0,-1.0,2.0,1.0,0.2549032500010071
20,10,heterogeneous_contamination_q0.25,ORCA-current,fixed_K2,30,1.0,1.0,0.0,0.9999999999999996,1.0,2.0,0.9413608900206432,0.0,-0.0909379997827025,0.0169407075236671,0.0,0.0627135513332784
20,10,heterogeneous_contamination_q0.25,ORCA-current,unknown_K,30,0.0,0.0,0.0,0.2574218642459922,0.0,20.0,0.9413608900206432,0.0,-0.0909379997827025,0.0169407075236671,0.0,0.0627135513332784
20,10,heterogeneous_contamination_q0.25,ORCA-joint,fixed_K2,30,0.9666666666666668,0.9867503486750347,0.0725713290976161,0.9836197611609964,0.998051282051282,2.0,0.9035516655120668,0.0120013626376546,-0.3809175729761961,0.0803782505910156,0.0,0.0627135513332784
20,10,heterogeneous_contamination_q0.25,ORCA-joint,unknown_K,30,0.5666666666666667,0.8395061728395062,0.1866692344421224,0.8741006312974442,0.975925925925926,2.433333333333333,0.9035516655120668,0.0120013626376546,-0.3809175729761961,0.0803782505910156,0.0,0.0627135513332784
20,10,heterogeneous_contamination_q0.25,Pearson,fixed_K2,30,0.9666666666666668,0.9867503486750347,0.0725713290976161,0.9836197611609964,0.998051282051282,2.0,0.5932347576164432,0.3516722765680136,-0.5903731149253175,-0.1121565828124821,0.0,0.0627135513332784
20,10,heterogeneous_contamination_q0.25,Pearson,unknown_K,30,0.8666666666666667,0.8666666666666667,0.3457459036417604,0.8666666666666664,0.992982456140351,1.8666666666666667,0.5932347576164432,0.3516722765680136,-0.5903731149253175,-0.1121565828124821,0.0,0.0627135513332784
20,10,heterogeneous_contamination_q0.25,Raw-Cosine,fixed_K2,30,1.0,1.0,0.0,0.9999999999999996,1.0,2.0,0.95,0.0,0.0,0.0,0.0,0.0627135513332784
20,10,heterogeneous_contamination_q0.25,Raw-Cosine,unknown_K,30,0.0,0.0,0.0,0.2574218642459922,0.0,20.0,0.95,0.0,0.0,0.0,0.0,0.0627135513332784
20,10,heterogeneous_contamination_q0.25,Single-Constraint-Mean,fixed_K2,30,1.0,1.0,0.0,0.9999999999999996,1.0,2.0,0.945,0.0,-0.0526315789473684,0.0094444444444444,0.0,0.0627135513332784
20,10,heterogeneous_contamination_q0.25,Single-Constraint-Mean,unknown_K,30,0.0,0.0,0.0,0.2574218642459922,0.0,20.0,0.945,0.0,-0.0526315789473684,0.0094444444444444,0.0,0.0627135513332784
20,10,heterogeneous_contamination_q0.25,Spearman,fixed_K2,30,0.8666666666666667,0.933246826615822,0.1853811820638179,0.9248502625566246,0.9866946386946388,2.0,0.6189230769230769,0.3245314140050983,-0.5642375168690958,-0.2426573426573427,0.0,0.0627135513332784
20,10,heterogeneous_contamination_q0.25,Spearman,unknown_K,30,0.8,0.8,0.4068381021724862,0.7999999999999996,0.9894736842105264,1.8,0.6189230769230769,0.3245314140050983,-0.5642375168690958,-0.2426573426573427,0.0,0.0627135513332784
20,10,heterogeneous_contamination_q0.5,ORCA-current,fixed_K2,30,1.0,1.0,0.0,0.9999999999999996,1.0,2.0,0.9413085081989426,0.0,-0.0914893873795507,0.0478706993440361,0.0,0.083037236100184
20,10,heterogeneous_contamination_q0.5,ORCA-current,unknown_K,30,0.0,0.0,0.0,0.2574218642459922,0.0,20.0,0.9413085081989426,0.0,-0.0914893873795507,0.0478706993440361,0.0,0.083037236100184
20,10,heterogeneous_contamination_q0.5,ORCA-joint,fixed_K2,30,1.0,1.0,0.0,0.9999999999999996,1.0,2.0,0.8308030142285278,0.0661981238443639,-0.6589219987846434,0.3982543012967258,0.0,0.083037236100184
20,10,heterogeneous_contamination_q0.5,ORCA-joint,unknown_K,30,1.0,1.0,0.0,0.9999999999999996,1.0,2.0,0.8308030142285278,0.0661981238443639,-0.6589219987846434,0.3982543012967258,0.0,0.083037236100184
20,10,heterogeneous_contamination_q0.5,Pearson,fixed_K2,30,0.9,0.9534338077179628,0.1454310612919623,0.9457627554686138,0.9922315963606286,2.0,0.583835629852261,0.3613733355878616,-0.6020017707380776,-0.1322961590103463,0.0,0.083037236100184
20,10,heterogeneous_contamination_q0.5,Pearson,unknown_K,30,0.8666666666666667,0.8666666666666667,0.3457459036417604,0.8666666666666664,0.992982456140351,1.8666666666666667,0.583835629852261,0.3613733355878616,-0.6020017707380776,-0.1322961590103463,0.0,0.083037236100184
20,10,heterogeneous_contamination_q0.5,Raw-Cosine,fixed_K2,30,1.0,1.0,0.0,0.9999999999999996,1.0,2.0,0.95,0.0,0.0,0.0,0.0,0.083037236100184
20,10,heterogeneous_contamination_q0.5,Raw-Cosine,unknown_K,30,0.0,0.0,0.0,0.2574218642459922,0.0,20.0,0.95,0.0,0.0,0.0,0.0,0.083037236100184
20,10,heterogeneous_contamination_q0.5,Single-Constraint-Mean,fixed_K2,30,1.0,1.0,0.0,0.9999999999999996,1.0,2.0,0.945,0.0,-0.0526315789473684,0.0269444444444444,0.0,0.083037236100184
20,10,heterogeneous_contamination_q0.5,Single-Constraint-Mean,unknown_K,30,0.0,0.0,0.0,0.2574218642459922,0.0,20.0,0.945,0.0,-0.0526315789473684,0.0269444444444444,0.0,0.083037236100184
20,10,heterogeneous_contamination_q0.5,Spearman,fixed_K2,30,0.9,0.9534338077179628,0.1454310612919622,0.9457627554686138,0.9922315963606286,2.0,0.5797715617715617,0.3648223121907332,-0.6137406453195928,-0.2608391608391608,0.0,0.083037236100184
20,10,heterogeneous_contamination_q0.5,Spearman,unknown_K,30,0.8333333333333334,0.8333333333333334,0.3790490217894517,0.8333333333333329,0.9912280701754386,1.8333333333333333,0.5797715617715617,0.3648223121907332,-0.6137406453195928,-0.2608391608391608,0.0,0.083037236100184
20,10,heterogeneous_contamination_q0.75,ORCA-current,fixed_K2,30,1.0,1.0,0.0,0.9999999999999996,1.0,2.0,0.9412940479660604,0.0,-0.0916416003572599,0.0620391243099215,0.0,0.1054240639333632
20,10,heterogeneous_contamination_q0.75,ORCA-current,unknown_K,30,0.0,0.0,0.0,0.2574218642459922,0.0,20.0,0.9412940479660604,0.0,-0.0916416003572599,0.0620391243099215,0.0,0.1054240639333632
20,10,heterogeneous_contamination_q0.75,ORCA-joint,fixed_K2,30,1.0,1.0,0.0,0.9999999999999996,1.0,2.0,0.7087124120514087,0.1899627885163337,-0.8302042501802732,0.6745681363301106,0.0,0.1054240639333632
20,10,heterogeneous_contamination_q0.75,ORCA-joint,unknown_K,30,1.0,1.0,0.0,0.9999999999999996,1.0,2.0,0.7087124120514087,0.1899627885163337,-0.8302042501802732,0.6745681363301106,0.0,0.1054240639333632
20,10,heterogeneous_contamination_q0.75,Pearson,fixed_K2,30,0.9333333333333332,0.9735006973500698,0.1008463285009787,0.9672395223219934,0.996102564102564,2.0,0.4902699914032272,0.4619064105018678,-0.6821055538702708,0.0830727514073971,0.0,0.1054240639333632
20,10,heterogeneous_contamination_q0.75,Pearson,unknown_K,30,0.9333333333333332,0.9333333333333332,0.2537081317024624,0.9333333333333328,0.9964912280701754,1.9333333333333331,0.4902699914032272,0.4619064105018678,-0.6821055538702708,0.0830727514073971,0.0,0.1054240639333632
20,10,heterogeneous_contamination_q0.75,Raw-Cosine,fixed_K2,30,1.0,1.0,0.0,0.9999999999999996,1.0,2.0,0.95,0.0,0.0,0.0,0.0,0.1054240639333632
20,10,heterogeneous_contamination_q0.75,Raw-Cosine,unknown_K,30,0.0,0.0,0.0,0.2574218642459922,0.0,20.0,0.95,0.0,0.0,0.0,0.0,0.1054240639333632
20,10,heterogeneous_contamination_q0.75,Single-Constraint-Mean,fixed_K2,30,1.0,1.0,0.0,0.9999999999999996,1.0,2.0,0.945,0.0,-0.0526315789473684,0.0351190476190476,0.0,0.1054240639333632
20,10,heterogeneous_contamination_q0.75,Single-Constraint-Mean,unknown_K,30,0.0,0.0,0.0,0.2574218642459922,0.0,20.0,0.945,0.0,-0.0526315789473684,0.0351190476190476,0.0,0.1054240639333632
20,10,heterogeneous_contamination_q0.75,Spearman,fixed_K2,30,0.9666666666666668,0.9867503486750347,0.0725713290976161,0.9836197611609964,0.998051282051282,2.0,0.4327039627039626,0.5234095339358498,-0.7345356397987978,0.0468531468531468,0.0,0.1054240639333632
20,10,heterogeneous_contamination_q0.75,Spearman,unknown_K,30,0.9666666666666668,0.9666666666666668,0.1825741858350553,0.9666666666666662,0.9982456140350876,1.9666666666666663,0.4327039627039626,0.5234095339358498,-0.7345356397987978,0.0468531468531468,0.0,0.1054240639333632
